[
    {
        "type": "message",
        "user": "U0F4B2B4H",
        "text": "Quick question for anyone in here. Out of the box Solarwinds creates alerts and events in Event Mgmt, but the alerts aren't listed in alert rules and the event rules don't seem to have threshholds that would turn them to alerts. I need to turn off the generating of alerts, but not events. Anyone done that?",
        "ts": "1486479341.141353"
    },
    {
        "type": "message",
        "user": "U235A44S0",
        "text": "I need to do something similar with Solarwinds. I have not enabled it yet though. Would be interested in hearing the solution to this",
        "ts": "1486480320.270468"
    },
    {
        "type": "message",
        "user": "U0F4B2B4H",
        "text": "I disabled all the event rules built in about SolarWinds and alerts are still generating, so not sure where the hell the logic is to create them",
        "ts": "1486481265.397739"
    }
]