[
    {
        "user": "U2GNPH4F3",
        "text": "<@U2GNPH4F3|ramiro.rincon> has joined the channel",
        "type": "message",
        "subtype": "channel_join",
        "ts": "1490975917.142430"
    },
    {
        "type": "message",
        "user": "U4R7B2ATX",
        "text": "anyone here discvoered a device that only accepts MML commands via SSH session",
        "ts": "1490981152.619820"
    },
    {
        "type": "message",
        "user": "U1V1NGP0S",
        "text": "not familiar with MML commands...",
        "ts": "1490981339.708126"
    },
    {
        "type": "message",
        "user": "U4R7B2ATX",
        "text": "best example is Cisco IOS ex \"show running config\"",
        "ts": "1490981710.884266"
    },
    {
        "type": "message",
        "user": "U1V1NGP0S",
        "text": "aha",
        "ts": "1490981726.891888"
    }
]