[
    {
        "type": "message",
        "user": "U0F4B2B4H",
        "text": "Finally got the alerts to stop, on the downside you have to disable all the existing SolarWinds event rules and event mappings",
        "ts": "1486571101.059918"
    },
    {
        "type": "message",
        "user": "U0F4B2B4H",
        "text": "The events still come in but they'll get set to a state of 'error' because they're unable to process",
        "ts": "1486571115.061794"
    },
    {
        "type": "message",
        "user": "U0F4B2B4H",
        "text": "Which isn't an issue in my usecase but might be for other folks",
        "ts": "1486571125.063421"
    },
    {
        "type": "message",
        "user": "U0F4B2B4H",
        "text": "Also the default behavior seems to be to create an alert for anything that comes from SolarWinds, including low severity info type messages",
        "ts": "1486571145.066022"
    },
    {
        "type": "message",
        "user": "U235A44S0",
        "text": "You would need some type of threshold for what creates an event",
        "ts": "1486576165.796042"
    },
    {
        "type": "message",
        "user": "U235A44S0",
        "text": "That is my fear with enabling solarwinds in SN, getting spammed with too many alerts",
        "ts": "1486576185.799065"
    },
    {
        "type": "message",
        "user": "U0F4B2B4H",
        "text": "Yeah I was under the impression that you had to define a threshold for an alert to get created though, not that it default creates alerts for everything",
        "ts": "1486581811.566816"
    },
    {
        "type": "message",
        "user": "U235A44S0",
        "text": "I am fairly certain there is a threshold you can set within ServiceNow",
        "ts": "1486584618.937632"
    },
    {
        "user": "U43260FU6",
        "text": "<@U43260FU6|ashbot> has joined the channel",
        "type": "message",
        "subtype": "channel_join",
        "ts": "1486585584.049999"
    },
    {
        "user": "U32NBSYSU",
        "text": "<@U32NBSYSU|thijsdaemen> has joined the channel",
        "type": "message",
        "subtype": "channel_join",
        "ts": "1486585702.063319"
    },
    {
        "user": "U104Y4770",
        "text": "<@U104Y4770|robm> has joined the channel",
        "type": "message",
        "subtype": "channel_join",
        "ts": "1486586068.107290"
    },
    {
        "type": "message",
        "user": "U104Y4770",
        "text": "what? THere’s an itom channel?",
        "ts": "1486586074.107947"
    },
    {
        "user": "U0E36J5EU",
        "text": "<@U0E36J5EU|ajb> has joined the channel",
        "type": "message",
        "subtype": "channel_join",
        "ts": "1486586201.122325"
    },
    {
        "user": "U0EKK4BTP",
        "text": "<@U0EKK4BTP|josh> has joined the channel",
        "type": "message",
        "subtype": "channel_join",
        "ts": "1486586290.132932"
    },
    {
        "user": "U0EDHLAV8",
        "text": "<@U0EDHLAV8|huntj06> has joined the channel",
        "type": "message",
        "subtype": "channel_join",
        "ts": "1486586670.178491"
    },
    {
        "user": "U3QRR58B0",
        "text": "<@U3QRR58B0|rexked> has joined the channel",
        "type": "message",
        "subtype": "channel_join",
        "ts": "1486587291.250625"
    },
    {
        "user": "U422R95G8",
        "text": "<@U422R95G8|michaeltlombardi> has joined the channel",
        "type": "message",
        "subtype": "channel_join",
        "ts": "1486589113.463008"
    },
    {
        "type": "message",
        "user": "U0F4B2B4H",
        "text": "Yeah I created it a week or so ago",
        "ts": "1486589150.466773"
    }
]