[
    {
        "user": "U1Z9UMJTZ",
        "text": "<@U1Z9UMJTZ|seion> has joined the channel",
        "type": "message",
        "subtype": "channel_join",
        "ts": "1488551222.018096"
    },
    {
        "type": "message",
        "user": "U1Z9UMJTZ",
        "text": "Merge CI, does it merge the item you select into the item your are on or the other way around?",
        "ts": "1488551412.038894"
    },
    {
        "type": "message",
        "user": "U1Z9UMJTZ",
        "text": "I would like it to do the other way around",
        "ts": "1488551434.041639"
    },
    {
        "type": "message",
        "user": "U1Z9UMJTZ",
        "text": "The record I am on is accurate, while the record I am selecting to merge into is less accurate",
        "ts": "1488551455.043942"
    },
    {
        "type": "message",
        "user": "U0F4B2B4H",
        "text": "Not sure off-hand actually. Merging was deprecated in favor of discovery identifiers",
        "ts": "1488553551.248037"
    },
    {
        "type": "message",
        "user": "U0F4B2B4H",
        "text": "But I believe it takes the item you're on and merges the selected into the one you're on",
        "ts": "1488553652.259030"
    },
    {
        "user": "U0WHCTB6V",
        "inviter": "U0F4B2B4H",
        "text": "<@U0WHCTB6V|brandon.wilson.cwt> has joined the channel",
        "type": "message",
        "subtype": "channel_join",
        "ts": "1488556510.575579"
    },
    {
        "type": "message",
        "user": "U0WHCTB6V",
        "text": "Who wants to handle an Event Management question?",
        "ts": "1488568868.029673"
    },
    {
        "type": "message",
        "user": "U235A44S0",
        "text": "I would ask and see what sticks",
        "ts": "1488575513.732596"
    },
    {
        "type": "message",
        "user": "U0WHCTB6V",
        "text": "Alert rule setup correctly in personal dev instance and triggers correctly. However on client dev instance it doesn't trigger. Everything is setup the same way in the alert. ",
        "ts": "1488594133.846682"
    }
]