[
    {
        "type": "message",
        "user": "U0F4B2B4H",
        "text": "Welcome Saif, sorry for the delay. Been sick all week and today is the first day I've been able to even look at a monitor really",
        "ts": "1486133731.000002"
    },
    {
        "type": "message",
        "user": "U235A44S0",
        "text": "Hope you are getting to feel better",
        "ts": "1486133975.000003"
    },
    {
        "type": "message",
        "user": "U0F4B2B4H",
        "text": "Mostly. Still under the weather and probably going to catch hell for missing two full days of work, but considering I got this by being around someone for a grand total of 25 minutes, didn't think our clients would appreciate virulent death plague being introduced to them. :wink:",
        "ts": "1486134219.000004"
    },
    {
        "type": "message",
        "user": "U235A44S0",
        "text": "That is true",
        "ts": "1486134629.000005"
    }
]