[
    {
        "user": "U0F4B2B4H",
        "text": "<@U0F4B2B4H|j.childers> has joined the channel",
        "type": "message",
        "subtype": "channel_join",
        "ts": "1485456176.000002"
    },
    {
        "user": "U0F4B2B4H",
        "purpose": "Dedicated chat for the ServiceNow ITOM pieces",
        "text": "<@U0F4B2B4H|j.childers> set the channel purpose: Dedicated chat for the ServiceNow ITOM pieces",
        "type": "message",
        "subtype": "channel_purpose",
        "ts": "1485456177.000003"
    },
    {
        "user": "U0F4B2B4H",
        "purpose": "Dedicated chat for ITOM related discussion. Pull up a chair and join the wondering of what the hell Service Mapping was thinking.",
        "text": "<@U0F4B2B4H|j.childers> set the channel purpose: Dedicated chat for ITOM related discussion. Pull up a chair and join the wondering of what the hell Service Mapping was thinking.",
        "type": "message",
        "subtype": "channel_purpose",
        "ts": "1485456233.000004"
    },
    {
        "user": "U1R5SC6GZ",
        "text": "<@U1R5SC6GZ|l2larry> has joined the channel",
        "type": "message",
        "subtype": "channel_join",
        "ts": "1485456283.000005"
    },
    {
        "user": "U2LQMU1D1",
        "text": "<@U2LQMU1D1|roshann> has joined the channel",
        "type": "message",
        "subtype": "channel_join",
        "ts": "1485456493.000006"
    },
    {
        "user": "U235A44S0",
        "text": "<@U235A44S0|kmeldridge> has joined the channel",
        "type": "message",
        "subtype": "channel_join",
        "ts": "1485457232.000007"
    },
    {
        "type": "message",
        "user": "U235A44S0",
        "text": "I need to join in here as they are starting to ask me about implementing ITOM where I work and what it will take to integrate SN with Microsoft System Center Operations Management",
        "ts": "1485457282.000008"
    },
    {
        "type": "message",
        "user": "U1R5SC6GZ",
        "text": "SCOM? :see_no_evil:",
        "ts": "1485457397.000009"
    },
    {
        "type": "message",
        "user": "U235A44S0",
        "text": "yes, SCOM",
        "ts": "1485457616.000010"
    },
    {
        "type": "message",
        "user": "U235A44S0",
        "text": "Sorry, SCOM sounds too much like SCUM to me",
        "ts": "1485457632.000011"
    },
    {
        "type": "message",
        "user": "U1R5SC6GZ",
        "text": "Microsoft makes some good products. They also make SCOM.",
        "ts": "1485457646.000012"
    },
    {
        "type": "message",
        "user": "U235A44S0",
        "text": "lol",
        "ts": "1485457660.000013"
    },
    {
        "type": "message",
        "user": "U235A44S0",
        "text": "Yeah, and there is that",
        "ts": "1485457666.000014"
    },
    {
        "type": "message",
        "user": "U0F4B2B4H",
        "text": "SCOM is an out of box Event Management item",
        "ts": "1485458119.000015"
    },
    {
        "type": "message",
        "user": "U0F4B2B4H",
        "text": "So if they're wanting it for EM, shouldn't be too bad.",
        "ts": "1485458132.000016"
    },
    {
        "type": "message",
        "user": "U0F4B2B4H",
        "text": "Do you have any specific questions Kevin?",
        "ts": "1485458226.000017"
    },
    {
        "type": "message",
        "user": "U235A44S0",
        "text": "I did not realize that SCOM is an OOB EM item. I agree that it should not be that difficult",
        "ts": "1485458351.000020"
    },
    {
        "type": "message",
        "user": "U235A44S0",
        "text": "How do you prevent alerts from generating duplicate notifications?",
        "edited": {
            "user": "U235A44S0",
            "ts": "1485458383.000000"
        },
        "ts": "1485458381.000021"
    },
    {
        "type": "message",
        "user": "U0F4B2B4H",
        "text": "You need to set the thresholds",
        "ts": "1485459908.000023"
    },
    {
        "type": "message",
        "user": "U0F4B2B4H",
        "text": "First you set up the connector",
        "ts": "1485459916.000024"
    },
    {
        "type": "message",
        "user": "U0F4B2B4H",
        "text": "Then you define events, alerts, etc.",
        "ts": "1485459921.000025"
    },
    {
        "type": "message",
        "user": "U0F4B2B4H",
        "text": "You can say that if \"X thing happens 3 times in 5 minutes, ignore X 4-10. Rearm the alert after Y minutes\"",
        "ts": "1485459946.000026"
    },
    {
        "type": "message",
        "user": "U235A44S0",
        "text": "Sounds good. Will note for later when I need this",
        "ts": "1485467490.000027"
    },
    {
        "type": "message",
        "user": "U0F4B2B4H",
        "text": "No problem, let me know if you have other questions, I'm the technical lead of an ITOM team.",
        "ts": "1485470118.000028"
    },
    {
        "type": "message",
        "user": "U235A44S0",
        "text": "Nice. I think I knew that from our past conversations, but it has been a while",
        "ts": "1485470227.000029"
    },
    {
        "type": "message",
        "user": "U0F4B2B4H",
        "text": "Prolly :)",
        "ts": "1485470269.000030"
    },
    {
        "type": "message",
        "user": "U0F4B2B4H",
        "text": "I've been silent as of late due to way the hell too many random projects",
        "ts": "1485470282.000031"
    }
]