[
    {
        "user": "U1RPNDE30",
        "text": "<@U1RPNDE30|rplank> has joined the channel",
        "type": "message",
        "subtype": "channel_join",
        "ts": "1468520418.000003"
    },
    {
        "user": "U1RS04QHG",
        "text": "<@U1RS04QHG|roshan.buildonme> has joined the channel",
        "type": "message",
        "subtype": "channel_join",
        "ts": "1468524070.000004"
    },
    {
        "type": "message",
        "user": "U1RS04QHG",
        "text": "Has anyone done work with ServiceNow and PowerBi? I recently looked at PowerBi and it seems really powerful with connectors to other databases and platforms like SalesForce.",
        "ts": "1468524142.000005"
    },
    {
        "type": "message",
        "user": "U1RS04QHG",
        "text": "MS does not offer a connector to ServiceNow just yet. There is a youtube video from NorthCraft analytics showing their connectors. So the second question is - has anyone used NorthCraft before?",
        "ts": "1468524225.000006"
    },
    {
        "type": "message",
        "user": "U0Y6D2Z8U",
        "text": "I haven't, but it doesn't look like it would be too hard to integrate. I had looked in to Pentaho before.",
        "ts": "1468545984.000007"
    }
]