[
    {
        "user": "U24FJ9P5W",
        "text": "<@U24FJ9P5W|icenine> has joined the channel",
        "type": "message",
        "subtype": "channel_join",
        "ts": "1477592071.000014"
    },
    {
        "type": "message",
        "user": "U24FJ9P5W",
        "text": "a couple of months in here and i just found this channel",
        "ts": "1477592164.000015"
    },
    {
        "type": "message",
        "user": "U24FJ9P5W",
        "text": "hello",
        "ts": "1477592167.000016"
    }
]