[
    {
        "user": "U1STFH09H",
        "text": "<@U1STFH09H|daniellennon> has joined the channel",
        "type": "message",
        "subtype": "channel_join",
        "ts": "1468912752.000002"
    },
    {
        "type": "message",
        "user": "U1STFH09H",
        "text": "I was interested in this earlier this year, however management has changed in my work place and this is no longer a priority. At least for now. I was chatting with a guy who planned on developing a product which integrated ServiceNow with PowerBi, it was called SnowTrak.  Looks like his website has gone offline... his name is Mac McEldon <mailto:mac.mceldon@azutrak.com|mac.mceldon@azutrak.com>. I also had a demo with the guys from NorthCraft analytics which looked great but the pricing was too prohibited for us.",
        "ts": "1468913209.000003"
    }
]