[
    {
        "user": "U23RULHKJ",
        "text": "<@U23RULHKJ|jdelreal> has joined the channel",
        "type": "message",
        "subtype": "channel_join",
        "ts": "1471908487.000009"
    },
    {
        "user": "U23QYJDSN",
        "text": "<@U23QYJDSN|gardnerjeremy> has joined the channel",
        "type": "message",
        "subtype": "channel_join",
        "ts": "1471925023.000010"
    },
    {
        "user": "U23QYJDSN",
        "text": "<@U23QYJDSN|gardnerjeremy> has left the channel",
        "type": "message",
        "subtype": "channel_leave",
        "ts": "1471925194.000011"
    }
]