[
    {
        "user": "U0NQH3Y9X",
        "type": "message",
        "subtype": "channel_join",
        "text": "<@U0NQH3Y9X|rninne> has joined the channel",
        "ts": "1456306119.000002"
    },
    {
        "user": "U0NQH3Y9X",
        "purpose": "For all things Performance Analytics and Reporting",
        "type": "message",
        "subtype": "channel_purpose",
        "text": "<@U0NQH3Y9X|rninne> set the channel purpose: For all things Performance Analytics and Reporting",
        "ts": "1456306120.000003"
    },
    {
        "user": "U0NQH3Y9X",
        "old_name": "performance-analytics",
        "name": "analyticsandreporting",
        "type": "message",
        "subtype": "channel_name",
        "text": "<@U0NQH3Y9X|rninne> has renamed the channel from \"performance-analytics\" to \"analyticsandreporting\"",
        "ts": "1456306244.000004"
    },
    {
        "type": "message",
        "user": "U0NQH3Y9X",
        "text": "Checkout the latest techbytes podcast on reporting!\n\n<https:\/\/community.servicenow.com\/community\/service-automation-platform\/performance-analytics\/blog\/2016\/02\/23\/techbytes-episode-15-reporting-in-servicenow>",
        "attachments": [
            {
                "text": "In this episode of ServiceNow Techbytes, heathramsey discusses the Reporting application and the best ways to create and manage reports on the ServiceNow",
                "fallback": "In this episode of ServiceNow Techbytes, heathramsey discusses the Reporting application and the best ways to create and manage reports on the ServiceNow",
                "from_url": "https:\/\/community.servicenow.com\/community\/service-automation-platform\/performance-analytics\/blog\/2016\/02\/23\/techbytes-episode-15-reporting-in-servicenow",
                "id": 1
            }
        ],
        "ts": "1456306490.000005"
    },
    {
        "user": "U0N4RBF7W",
        "type": "message",
        "subtype": "channel_join",
        "text": "<@U0N4RBF7W|dstur> has joined the channel",
        "ts": "1456318078.000007"
    },
    {
        "user": "U0NSTT17Y",
        "type": "message",
        "subtype": "channel_join",
        "text": "<@U0NSTT17Y|sean.dille> has joined the channel",
        "ts": "1456336934.000008"
    }
]