[
    {
        "user": "U1Z9UMJTZ",
        "text": "<@U1Z9UMJTZ|seion> has joined the channel",
        "type": "message",
        "subtype": "channel_join",
        "ts": "1488551160.719708"
    },
    {
        "type": "message",
        "user": "U1Z9UMJTZ",
        "text": "... can I not sort by group by count in a list or a report list?",
        "ts": "1488551170.720182"
    },
    {
        "type": "message",
        "user": "U2JKXDQB0",
        "text": "not that i'm aware of sadly",
        "ts": "1488551279.727680"
    },
    {
        "type": "message",
        "user": "U2JKXDQB0",
        "text": "would be a very nice feature",
        "ts": "1488551286.728181"
    },
    {
        "type": "message",
        "user": "U1Z9UMJTZ",
        "text": ":confused:",
        "ts": "1488551327.731574"
    }
]