[
    {
        "text": "<https:\/\/community.servicenow.com\/thread\/217005|How to find connectivity between \"Application Server &amp; End-user\" at the previous point of time>\nI wanted to find the connectivity between \"Servicenow Application Server and End-user System\" at previous point-of-time.  As third party show down time Need to find out in Servicenow application I try with Wrapper &amp; localhost file but unable to get",
        "username": "ServiceNow Community : All Content - All Communities",
        "icons": {
            "image_36": "https:\/\/slack.global.ssl.fastly.net\/66f9\/img\/services\/rss_36.png",
            "image_48": "https:\/\/slack.global.ssl.fastly.net\/66f9\/img\/services\/rss_48.png",
            "image_72": "https:\/\/slack.global.ssl.fastly.net\/205a\/img\/services\/rss_72.png"
        },
        "bot_id": "B0K75EKEC",
        "attachments": [
            {
                "title": "How to find connectivity between \"Application S... | ServiceNow Community",
                "title_link": "https:\/\/community.servicenow.com\/thread\/217005",
                "text": "I wanted to find the connectivity between \"Servicenow Application Server and End-user System\" at previous point-of-time. As third party show down time",
                "fallback": "How to find connectivity between \"Application S... | ServiceNow Community",
                "from_url": "https:\/\/community.servicenow.com\/thread\/217005",
                "id": 1
            }
        ],
        "type": "message",
        "subtype": "bot_message",
        "ts": "1457259072.003601"
    },
    {
        "text": "<https:\/\/community.servicenow.com\/thread\/217011|Calling a UI Script from a UI Marco>\nHi all   Is it possible from a UI Macro to call a Ui Scrpit?    There is some code on the instance here which does a few bits and loads from a UI Page and works well  However, I may want to call this routine from elsewhere (on the CMS) and that it",
        "username": "ServiceNow Community : All Content - All Communities",
        "icons": {
            "image_36": "https:\/\/slack.global.ssl.fastly.net\/66f9\/img\/services\/rss_36.png",
            "image_48": "https:\/\/slack.global.ssl.fastly.net\/66f9\/img\/services\/rss_48.png",
            "image_72": "https:\/\/slack.global.ssl.fastly.net\/205a\/img\/services\/rss_72.png"
        },
        "bot_id": "B0K75EKEC",
        "attachments": [
            {
                "title": "Calling a UI Script from a UI Marco | ServiceNow Community",
                "title_link": "https:\/\/community.servicenow.com\/thread\/217011",
                "text": "Hi all Is it possible from a UI Macro to call a Ui Scrpit? There is some code on the instance here which does a few bits and loads from a UI Page and",
                "fallback": "Calling a UI Script from a UI Marco | ServiceNow Community",
                "from_url": "https:\/\/community.servicenow.com\/thread\/217011",
                "id": 1
            }
        ],
        "type": "message",
        "subtype": "bot_message",
        "ts": "1457260875.003603"
    },
    {
        "text": "<https:\/\/community.servicenow.com\/thread\/217021|To Trigger event when Difference of dates is n*180 Days.>\nWe have a field 'Assigned' on CMDB Table which captures the date when the Asset was assigned to a user.  Whenever the difference between 'Assigned' and 'today' becomes 180 days, an email will be triggered, so it will send out email every 180th Day.",
        "username": "ServiceNow Community : All Content - All Communities",
        "icons": {
            "image_36": "https:\/\/slack.global.ssl.fastly.net\/66f9\/img\/services\/rss_36.png",
            "image_48": "https:\/\/slack.global.ssl.fastly.net\/66f9\/img\/services\/rss_48.png",
            "image_72": "https:\/\/slack.global.ssl.fastly.net\/205a\/img\/services\/rss_72.png"
        },
        "bot_id": "B0K75EKEC",
        "attachments": [
            {
                "title": "To Trigger event when Difference of dates is n*... | ServiceNow Community",
                "title_link": "https:\/\/community.servicenow.com\/thread\/217021",
                "text": "We have a field 'Assigned' on CMDB Table which captures the date when the Asset was assigned to a user. Whenever the difference between 'Assigned' and",
                "fallback": "To Trigger event when Difference of dates is n*... | ServiceNow Community",
                "from_url": "https:\/\/community.servicenow.com\/thread\/217021",
                "id": 1
            }
        ],
        "type": "message",
        "subtype": "bot_message",
        "ts": "1457273772.003605"
    },
    {
        "text": "<https:\/\/community.servicenow.com\/thread\/217022|Backup of application>\nHow to back up the application which was created by me  from another stance to another?",
        "username": "ServiceNow Community : All Content - All Communities",
        "icons": {
            "image_36": "https:\/\/slack.global.ssl.fastly.net\/66f9\/img\/services\/rss_36.png",
            "image_48": "https:\/\/slack.global.ssl.fastly.net\/66f9\/img\/services\/rss_48.png",
            "image_72": "https:\/\/slack.global.ssl.fastly.net\/205a\/img\/services\/rss_72.png"
        },
        "bot_id": "B0K75EKEC",
        "attachments": [
            {
                "title": "Backup of application | ServiceNow Community",
                "title_link": "https:\/\/community.servicenow.com\/thread\/217022",
                "text": "How to back up the application which was created by me  from another stance to another?",
                "fallback": "Backup of application | ServiceNow Community",
                "from_url": "https:\/\/community.servicenow.com\/thread\/217022",
                "id": 1
            }
        ],
        "type": "message",
        "subtype": "bot_message",
        "ts": "1457279470.003607"
    },
    {
        "text": "<https:\/\/community.servicenow.com\/thread\/217023|when state is moved to pending the substate should not be null?>\non moving the tickets to “Pending” state  “Sub-State” field should not be null     how to do this using business rule ?    Thanks.",
        "username": "ServiceNow Community : All Content - All Communities",
        "icons": {
            "image_36": "https:\/\/slack.global.ssl.fastly.net\/66f9\/img\/services\/rss_36.png",
            "image_48": "https:\/\/slack.global.ssl.fastly.net\/66f9\/img\/services\/rss_48.png",
            "image_72": "https:\/\/slack.global.ssl.fastly.net\/205a\/img\/services\/rss_72.png"
        },
        "bot_id": "B0K75EKEC",
        "attachments": [
            {
                "title": "when state is moved to pending the substate sho... | ServiceNow Community",
                "title_link": "https:\/\/community.servicenow.com\/thread\/217023",
                "text": "on moving the tickets to “Pending” state “Sub-State” field should not be null how to do this using business rule ? Thanks.",
                "fallback": "when state is moved to pending the substate sho... | ServiceNow Community",
                "from_url": "https:\/\/community.servicenow.com\/thread\/217023",
                "id": 1
            }
        ],
        "type": "message",
        "subtype": "bot_message",
        "ts": "1457279470.003608"
    },
    {
        "text": "<https:\/\/community.servicenow.com\/thread\/217024|Choice list>\nHello. Maybe somebody knows how Modify inherited choice list?",
        "username": "ServiceNow Community : All Content - All Communities",
        "icons": {
            "image_36": "https:\/\/slack.global.ssl.fastly.net\/66f9\/img\/services\/rss_36.png",
            "image_48": "https:\/\/slack.global.ssl.fastly.net\/66f9\/img\/services\/rss_48.png",
            "image_72": "https:\/\/slack.global.ssl.fastly.net\/205a\/img\/services\/rss_72.png"
        },
        "bot_id": "B0K75EKEC",
        "attachments": [
            {
                "title": "Choice list | ServiceNow Community",
                "title_link": "https:\/\/community.servicenow.com\/thread\/217024",
                "text": "Hello. Maybe somebody knows how Modify inherited choice list?",
                "fallback": "Choice list | ServiceNow Community",
                "from_url": "https:\/\/community.servicenow.com\/thread\/217024",
                "id": 1
            }
        ],
        "type": "message",
        "subtype": "bot_message",
        "ts": "1457280372.003611"
    },
    {
        "text": "<https:\/\/community.servicenow.com\/thread\/217007|How to change request redirection behavior?>\nWhen i open a request in the list view with the ESS view, it redirects to the order status page of the request.  I have enabled cart layout which uses the second generation of these UI pages.  So the problem is that when i click on the request record in",
        "username": "ServiceNow Community : All Content - All Communities",
        "icons": {
            "image_36": "https:\/\/slack.global.ssl.fastly.net\/66f9\/img\/services\/rss_36.png",
            "image_48": "https:\/\/slack.global.ssl.fastly.net\/66f9\/img\/services\/rss_48.png",
            "image_72": "https:\/\/slack.global.ssl.fastly.net\/205a\/img\/services\/rss_72.png"
        },
        "bot_id": "B0K75EKEC",
        "attachments": [
            {
                "title": "How to change request redirection behavior? | ServiceNow Community",
                "title_link": "https:\/\/community.servicenow.com\/thread\/217007",
                "text": "When i open a request in the list view with the ESS view, it redirects to the order status page of the request. I have enabled cart layout which uses the",
                "fallback": "How to change request redirection behavior? | ServiceNow Community",
                "from_url": "https:\/\/community.servicenow.com\/thread\/217007",
                "id": 1
            }
        ],
        "type": "message",
        "subtype": "bot_message",
        "ts": "1457282473.003613"
    },
    {
        "text": "<https:\/\/community.servicenow.com\/thread\/216974|Hide catalog item browser capability>\nHi,  I have implemented Change template by utlising service catalog record producer. Is there anyway to remove the following link so that users wont be able to go to service catalog from change template?    .  Thanks in advance.    Ak",
        "username": "ServiceNow Community : All Content - All Communities",
        "icons": {
            "image_36": "https:\/\/slack.global.ssl.fastly.net\/66f9\/img\/services\/rss_36.png",
            "image_48": "https:\/\/slack.global.ssl.fastly.net\/66f9\/img\/services\/rss_48.png",
            "image_72": "https:\/\/slack.global.ssl.fastly.net\/205a\/img\/services\/rss_72.png"
        },
        "bot_id": "B0K75EKEC",
        "attachments": [
            {
                "title": "Hide catalog item browser capability | ServiceNow Community",
                "title_link": "https:\/\/community.servicenow.com\/thread\/216974",
                "text": "Hi, I have implemented Change template by utlising service catalog record producer. Is there anyway to remove the following link so that users wont be",
                "fallback": "Hide catalog item browser capability | ServiceNow Community",
                "from_url": "https:\/\/community.servicenow.com\/thread\/216974",
                "id": 1
            }
        ],
        "type": "message",
        "subtype": "bot_message",
        "ts": "1457303771.003615"
    },
    {
        "text": "<https:\/\/community.servicenow.com\/thread\/217025|Remove Approve Button in List Context Menu>\nHi All,    I want to hide\/remove the Approve button in List Context Menu when the State is No Longer required and also for particular approval_admin user.  I have given the condition:  cuurent.state == 'requested' &amp;&amp;",
        "username": "ServiceNow Community : All Content - All Communities",
        "icons": {
            "image_36": "https:\/\/slack.global.ssl.fastly.net\/66f9\/img\/services\/rss_36.png",
            "image_48": "https:\/\/slack.global.ssl.fastly.net\/66f9\/img\/services\/rss_48.png",
            "image_72": "https:\/\/slack.global.ssl.fastly.net\/205a\/img\/services\/rss_72.png"
        },
        "bot_id": "B0K75EKEC",
        "attachments": [
            {
                "title": "Remove Approve Button in List Context Menu | ServiceNow Community",
                "title_link": "https:\/\/community.servicenow.com\/thread\/217025",
                "text": "Hi All, I want to hide\/remove the Approve button in List Context Menu when the State is No Longer required and also for particular approval_admin user.",
                "fallback": "Remove Approve Button in List Context Menu | ServiceNow Community",
                "from_url": "https:\/\/community.servicenow.com\/thread\/217025",
                "id": 1
            }
        ],
        "type": "message",
        "subtype": "bot_message",
        "ts": "1457304971.003617"
    },
    {
        "text": "<https:\/\/community.servicenow.com\/thread\/216975|Unable to configure Incoming mail server in mail properties>\nHi, this is what the error i am getting. Please help me out on this.  ",
        "username": "ServiceNow Community : All Content - All Communities",
        "icons": {
            "image_36": "https:\/\/slack.global.ssl.fastly.net\/66f9\/img\/services\/rss_36.png",
            "image_48": "https:\/\/slack.global.ssl.fastly.net\/66f9\/img\/services\/rss_48.png",
            "image_72": "https:\/\/slack.global.ssl.fastly.net\/205a\/img\/services\/rss_72.png"
        },
        "bot_id": "B0K75EKEC",
        "attachments": [
            {
                "title": "Unable to configure Incoming mail server in mai... | ServiceNow Community",
                "title_link": "https:\/\/community.servicenow.com\/thread\/216975",
                "text": "Hi, this is what the error i am getting. Please help me out on this.",
                "fallback": "Unable to configure Incoming mail server in mai... | ServiceNow Community",
                "from_url": "https:\/\/community.servicenow.com\/thread\/216975",
                "id": 1
            }
        ],
        "type": "message",
        "subtype": "bot_message",
        "ts": "1457305872.003619"
    },
    {
        "text": "<https:\/\/community.servicenow.com\/thread\/217028|gs.now returning yesterday's date!?>\nHi folks,    Just wondering if you could assist with the gs.now this time.    the published date is a date type in KB_knowlege table (knowledge base), a client has raised the published date set to yesterday's date when she created a",
        "username": "ServiceNow Community : All Content - All Communities",
        "icons": {
            "image_36": "https:\/\/slack.global.ssl.fastly.net\/66f9\/img\/services\/rss_36.png",
            "image_48": "https:\/\/slack.global.ssl.fastly.net\/66f9\/img\/services\/rss_48.png",
            "image_72": "https:\/\/slack.global.ssl.fastly.net\/205a\/img\/services\/rss_72.png"
        },
        "bot_id": "B0K75EKEC",
        "attachments": [
            {
                "title": "gs.now returning yesterday's date!? | ServiceNow Community",
                "title_link": "https:\/\/community.servicenow.com\/thread\/217028",
                "text": "Hi folks, Just wondering if you could assist with the gs.now this time.    the published date is a date type in KB_knowlege table (knowledge base), a",
                "fallback": "gs.now returning yesterday's date!? | ServiceNow Community",
                "from_url": "https:\/\/community.servicenow.com\/thread\/217028",
                "id": 1
            }
        ],
        "type": "message",
        "subtype": "bot_message",
        "ts": "1457308871.003621"
    },
    {
        "text": "<https:\/\/community.servicenow.com\/thread\/217026|Behavior of updateMultiple with reference fields in the query>\nHi All,    I am using the updateMultiple() function to perform a mass update of records in a table and am having a bit of trouble. I am hoping someone with more in-depth knowledge of how this function works can help me. The code is as follows:",
        "username": "ServiceNow Community : All Content - All Communities",
        "icons": {
            "image_36": "https:\/\/slack.global.ssl.fastly.net\/66f9\/img\/services\/rss_36.png",
            "image_48": "https:\/\/slack.global.ssl.fastly.net\/66f9\/img\/services\/rss_48.png",
            "image_72": "https:\/\/slack.global.ssl.fastly.net\/205a\/img\/services\/rss_72.png"
        },
        "bot_id": "B0K75EKEC",
        "attachments": [
            {
                "title": "Behavior of updateMultiple with reference field... | ServiceNow Community",
                "title_link": "https:\/\/community.servicenow.com\/thread\/217026",
                "text": "Hi All, I am using the updateMultiple() function to perform a mass update of records in a table and am having a bit of trouble. I am hoping someone",
                "fallback": "Behavior of updateMultiple with reference field... | ServiceNow Community",
                "from_url": "https:\/\/community.servicenow.com\/thread\/217026",
                "id": 1
            }
        ],
        "type": "message",
        "subtype": "bot_message",
        "ts": "1457308871.003622"
    },
    {
        "text": "<https:\/\/community.servicenow.com\/thread\/217027|Incident Templates in Geneva>\nHi Guys,  Does anybody know how to use an already created incident template in Geneva? I know how to use this in Fuji (Creating an Incident Template - ServiceNow Wiki ) but couldn't find this option in Geneva.  Mussie",
        "username": "ServiceNow Community : All Content - All Communities",
        "icons": {
            "image_36": "https:\/\/slack.global.ssl.fastly.net\/66f9\/img\/services\/rss_36.png",
            "image_48": "https:\/\/slack.global.ssl.fastly.net\/66f9\/img\/services\/rss_48.png",
            "image_72": "https:\/\/slack.global.ssl.fastly.net\/205a\/img\/services\/rss_72.png"
        },
        "bot_id": "B0K75EKEC",
        "attachments": [
            {
                "title": "Incident Templates in Geneva | ServiceNow Community",
                "title_link": "https:\/\/community.servicenow.com\/thread\/217027",
                "text": "Hi Guys, Does anybody know how to use an already created incident template in Geneva? I know how to use this in Fuji (Creating an Incident Template -",
                "fallback": "Incident Templates in Geneva | ServiceNow Community",
                "from_url": "https:\/\/community.servicenow.com\/thread\/217027",
                "id": 1
            }
        ],
        "type": "message",
        "subtype": "bot_message",
        "ts": "1457313672.003625"
    },
    {
        "text": "<https:\/\/community.servicenow.com\/thread\/216976|how do i remove the grouped journaled fields for work notes and additional comments in UI16?>\nI'd like the Work Notes and Additional Comments to return to being separate fields - is there any way to remove the grouped journaled fields?  Also, is there any way to remove the Post on-form action?    Thanks,  Adam",
        "username": "ServiceNow Community : All Content - All Communities",
        "icons": {
            "image_36": "https:\/\/slack.global.ssl.fastly.net\/66f9\/img\/services\/rss_36.png",
            "image_48": "https:\/\/slack.global.ssl.fastly.net\/66f9\/img\/services\/rss_48.png",
            "image_72": "https:\/\/slack.global.ssl.fastly.net\/205a\/img\/services\/rss_72.png"
        },
        "bot_id": "B0K75EKEC",
        "attachments": [
            {
                "title": "how do i remove the grouped journaled fields fo... | ServiceNow Community",
                "title_link": "https:\/\/community.servicenow.com\/thread\/216976",
                "text": "I'd like the Work Notes and Additional Comments to return to being separate fields - is there any way to remove the grouped journaled fields?  Also, is",
                "fallback": "how do i remove the grouped journaled fields fo... | ServiceNow Community",
                "from_url": "https:\/\/community.servicenow.com\/thread\/216976",
                "id": 1
            }
        ],
        "type": "message",
        "subtype": "bot_message",
        "ts": "1457315769.003627"
    },
    {
        "text": "<https:\/\/community.servicenow.com\/thread\/216977|How to report on multiple 'group by' elements>\nUsing the OoB reporting in Fugi, and not the Performance Analytics plug-in, is there a way to produce a report which groups multiple 'group by' elements from the Incident form?    We have two objects in Incidents we can report on for Knowledge:",
        "username": "ServiceNow Community : All Content - All Communities",
        "icons": {
            "image_36": "https:\/\/slack.global.ssl.fastly.net\/66f9\/img\/services\/rss_36.png",
            "image_48": "https:\/\/slack.global.ssl.fastly.net\/66f9\/img\/services\/rss_48.png",
            "image_72": "https:\/\/slack.global.ssl.fastly.net\/205a\/img\/services\/rss_72.png"
        },
        "bot_id": "B0K75EKEC",
        "attachments": [
            {
                "title": "How to report on multiple 'group by' elements | ServiceNow Community",
                "title_link": "https:\/\/community.servicenow.com\/thread\/216977",
                "text": "Using the OoB reporting in Fugi, and not the Performance Analytics plug-in, is there a way to produce a report which groups multiple 'group by' elements",
                "fallback": "How to report on multiple 'group by' elements | ServiceNow Community",
                "from_url": "https:\/\/community.servicenow.com\/thread\/216977",
                "id": 1
            }
        ],
        "type": "message",
        "subtype": "bot_message",
        "ts": "1457319672.003629"
    },
    {
        "text": "<https:\/\/community.servicenow.com\/thread\/217038|how to automatically login into servicenow passing username and password in url itself>\nI want to login to SN by clicking the url passing the credentials in url itself. Is there a way to do that?",
        "username": "ServiceNow Community : All Content - All Communities",
        "icons": {
            "image_36": "https:\/\/slack.global.ssl.fastly.net\/66f9\/img\/services\/rss_36.png",
            "image_48": "https:\/\/slack.global.ssl.fastly.net\/66f9\/img\/services\/rss_48.png",
            "image_72": "https:\/\/slack.global.ssl.fastly.net\/205a\/img\/services\/rss_72.png"
        },
        "bot_id": "B0K75EKEC",
        "attachments": [
            {
                "title": "how to automatically login into servicenow pass... | ServiceNow Community",
                "title_link": "https:\/\/community.servicenow.com\/thread\/217038",
                "text": "I want to login to SN by clicking the url passing the credentials in url itself. Is there a way to do that?",
                "fallback": "how to automatically login into servicenow pass... | ServiceNow Community",
                "from_url": "https:\/\/community.servicenow.com\/thread\/217038",
                "id": 1
            }
        ],
        "type": "message",
        "subtype": "bot_message",
        "ts": "1457319672.003630"
    },
    {
        "text": "<https:\/\/community.servicenow.com\/thread\/217048|Changed FONT in sent\/recieved email>\nI have sent a mail from email client. While entering a text in email body the font is \"Arial\".    When email is sent and it is logged in Activity the FONT type of sent email body changed to \"Times New Roman\".    Is there any way to standardize",
        "username": "ServiceNow Community : All Content - All Communities",
        "icons": {
            "image_36": "https:\/\/slack.global.ssl.fastly.net\/66f9\/img\/services\/rss_36.png",
            "image_48": "https:\/\/slack.global.ssl.fastly.net\/66f9\/img\/services\/rss_48.png",
            "image_72": "https:\/\/slack.global.ssl.fastly.net\/205a\/img\/services\/rss_72.png"
        },
        "bot_id": "B0K75EKEC",
        "attachments": [
            {
                "title": "Changed FONT in sent\/recieved email | ServiceNow Community",
                "title_link": "https:\/\/community.servicenow.com\/thread\/217048",
                "text": "I have sent a mail from email client. While entering a text in email body the font is \"Arial\". When email is sent and it is logged in Activity the FONT",
                "fallback": "Changed FONT in sent\/recieved email | ServiceNow Community",
                "from_url": "https:\/\/community.servicenow.com\/thread\/217048",
                "id": 1
            }
        ],
        "type": "message",
        "subtype": "bot_message",
        "ts": "1457323570.003633"
    },
    {
        "text": "<https:\/\/community.servicenow.com\/thread\/217029|spell check is not working in geneva>\nI am trying to enable spell check feature for a journal field, referring to the link in wiki Adding Spell Check to a Field - ServiceNow Wiki but not able to get it.",
        "username": "ServiceNow Community : All Content - All Communities",
        "icons": {
            "image_36": "https:\/\/slack.global.ssl.fastly.net\/66f9\/img\/services\/rss_36.png",
            "image_48": "https:\/\/slack.global.ssl.fastly.net\/66f9\/img\/services\/rss_48.png",
            "image_72": "https:\/\/slack.global.ssl.fastly.net\/205a\/img\/services\/rss_72.png"
        },
        "bot_id": "B0K75EKEC",
        "attachments": [
            {
                "title": "spell check is not working in geneva | ServiceNow Community",
                "title_link": "https:\/\/community.servicenow.com\/thread\/217029",
                "text": "I am trying to enable spell check feature for a journal field, referring to the link in wiki Adding Spell Check to a Field - ServiceNow Wiki but not able",
                "fallback": "spell check is not working in geneva | ServiceNow Community",
                "from_url": "https:\/\/community.servicenow.com\/thread\/217029",
                "id": 1
            }
        ],
        "type": "message",
        "subtype": "bot_message",
        "ts": "1457327172.003635"
    },
    {
        "text": "<https:\/\/community.servicenow.com\/thread\/217030|Inbound action script vs Java regular expression optimization>\nHi folks,    Just wondering this time if any guru could help optimise an Java Regular Expression in an Inbound Action Script,      Based on ServiceNow KB: Use of Native Regular Expressions is inefficient, leading to resource",
        "username": "ServiceNow Community : All Content - All Communities",
        "icons": {
            "image_36": "https:\/\/slack.global.ssl.fastly.net\/66f9\/img\/services\/rss_36.png",
            "image_48": "https:\/\/slack.global.ssl.fastly.net\/66f9\/img\/services\/rss_48.png",
            "image_72": "https:\/\/slack.global.ssl.fastly.net\/205a\/img\/services\/rss_72.png"
        },
        "bot_id": "B0K75EKEC",
        "attachments": [
            {
                "title": "Inbound action script vs Java regular expressio... | ServiceNow Community",
                "title_link": "https:\/\/community.servicenow.com\/thread\/217030",
                "text": "Hi folks, Just wondering this time if any guru could help optimise an Java Regular Expression in an Inbound Action Script, Based on ServiceNow KB:",
                "fallback": "Inbound action script vs Java regular expressio... | ServiceNow Community",
                "from_url": "https:\/\/community.servicenow.com\/thread\/217030",
                "id": 1
            }
        ],
        "type": "message",
        "subtype": "bot_message",
        "ts": "1457328371.003637"
    },
    {
        "text": "<https:\/\/community.servicenow.com\/thread\/217031|Using SNC Regex API to enhance performance>\nHi folks,    Anyone can assist me with a SNC Regex expression enhancement, currently I have the regular Java Script email regular checking which has overwhelmed our Non-Production instances, I have been advised to use SNC Regex API to reduce the",
        "username": "ServiceNow Community : All Content - All Communities",
        "icons": {
            "image_36": "https:\/\/slack.global.ssl.fastly.net\/66f9\/img\/services\/rss_36.png",
            "image_48": "https:\/\/slack.global.ssl.fastly.net\/66f9\/img\/services\/rss_48.png",
            "image_72": "https:\/\/slack.global.ssl.fastly.net\/205a\/img\/services\/rss_72.png"
        },
        "bot_id": "B0K75EKEC",
        "attachments": [
            {
                "title": "Using SNC Regex API to enhance performance | ServiceNow Community",
                "title_link": "https:\/\/community.servicenow.com\/thread\/217031",
                "text": "Hi folks, Anyone can assist me with a SNC Regex expression enhancement, currently I have the regular Java Script email regular checking which has",
                "fallback": "Using SNC Regex API to enhance performance | ServiceNow Community",
                "from_url": "https:\/\/community.servicenow.com\/thread\/217031",
                "id": 1
            }
        ],
        "type": "message",
        "subtype": "bot_message",
        "ts": "1457330471.003639"
    },
    {
        "text": "<https:\/\/community.servicenow.com\/thread\/217039|List Filter showing None twice>\nHi,  After the patch 11 update, my instance is showing --None-- twice in the list filter.  Anyone has faced similar issue? How to fix this?",
        "username": "ServiceNow Community : All Content - All Communities",
        "icons": {
            "image_36": "https:\/\/slack.global.ssl.fastly.net\/66f9\/img\/services\/rss_36.png",
            "image_48": "https:\/\/slack.global.ssl.fastly.net\/66f9\/img\/services\/rss_48.png",
            "image_72": "https:\/\/slack.global.ssl.fastly.net\/205a\/img\/services\/rss_72.png"
        },
        "bot_id": "B0K75EKEC",
        "attachments": [
            {
                "title": "List Filter showing None twice | ServiceNow Community",
                "title_link": "https:\/\/community.servicenow.com\/thread\/217039",
                "text": "Hi, After the patch 11 update, my instance is showing --None-- twice in the list filter.  Anyone has faced similar issue? How to fix this?",
                "fallback": "List Filter showing None twice | ServiceNow Community",
                "from_url": "https:\/\/community.servicenow.com\/thread\/217039",
                "id": 1
            }
        ],
        "type": "message",
        "subtype": "bot_message",
        "ts": "1457330471.003640"
    },
    {
        "text": "<https:\/\/community.servicenow.com\/thread\/217040|Hide field until Category is chosen?>\nHello, I need to add a mandatory text field to the Change form that only appears when a particular Category is chosen.     I read a lot of posts and wiki about UI Policy, ACL and client scripts and now I'm confused.    Any ideas?",
        "username": "ServiceNow Community : All Content - All Communities",
        "icons": {
            "image_36": "https:\/\/slack.global.ssl.fastly.net\/66f9\/img\/services\/rss_36.png",
            "image_48": "https:\/\/slack.global.ssl.fastly.net\/66f9\/img\/services\/rss_48.png",
            "image_72": "https:\/\/slack.global.ssl.fastly.net\/205a\/img\/services\/rss_72.png"
        },
        "bot_id": "B0K75EKEC",
        "attachments": [
            {
                "title": "Hide field until Category is chosen? | ServiceNow Community",
                "title_link": "https:\/\/community.servicenow.com\/thread\/217040",
                "text": "Hello, I need to add a mandatory text field to the Change form that only appears when a particular Category is chosen. I read a lot of posts and wiki",
                "fallback": "Hide field until Category is chosen? | ServiceNow Community",
                "from_url": "https:\/\/community.servicenow.com\/thread\/217040",
                "id": 1
            }
        ],
        "type": "message",
        "subtype": "bot_message",
        "ts": "1457331371.003643"
    },
    {
        "text": "<https:\/\/community.servicenow.com\/thread\/217049|Urgent ,Sys_popup view is not appearing in Change and release management after customization>\nWe have requirement in Change and release management to hide the \"Apply Template\",\" Save All as Template\" context menus and Instead of this to add a new Ui Action as \"Save as template\". So we edited the OOB Ui Macro \" template_context\", Where we have",
        "username": "ServiceNow Community : All Content - All Communities",
        "icons": {
            "image_36": "https:\/\/slack.global.ssl.fastly.net\/66f9\/img\/services\/rss_36.png",
            "image_48": "https:\/\/slack.global.ssl.fastly.net\/66f9\/img\/services\/rss_48.png",
            "image_72": "https:\/\/slack.global.ssl.fastly.net\/205a\/img\/services\/rss_72.png"
        },
        "bot_id": "B0K75EKEC",
        "attachments": [
            {
                "title": "Urgent ,Sys_popup view is not appearing in Chan... | ServiceNow Community",
                "title_link": "https:\/\/community.servicenow.com\/thread\/217049",
                "text": "We have requirement in Change and release management to hide the \"Apply Template\",\" Save All as Template\" context menus and Instead of this to add a new",
                "fallback": "Urgent ,Sys_popup view is not appearing in Chan... | ServiceNow Community",
                "from_url": "https:\/\/community.servicenow.com\/thread\/217049",
                "id": 1
            }
        ],
        "type": "message",
        "subtype": "bot_message",
        "ts": "1457335271.003645"
    },
    {
        "text": "<https:\/\/community.servicenow.com\/thread\/217032|Is it possible to remove options from choice list in a list layout view ?>\nI have a requirement where I want to remove one option from a choice list drop down in List layout view for non admin users.  So, that they are not able to select that option in the list layout at all. Is it possible ?",
        "username": "ServiceNow Community : All Content - All Communities",
        "icons": {
            "image_36": "https:\/\/slack.global.ssl.fastly.net\/66f9\/img\/services\/rss_36.png",
            "image_48": "https:\/\/slack.global.ssl.fastly.net\/66f9\/img\/services\/rss_48.png",
            "image_72": "https:\/\/slack.global.ssl.fastly.net\/205a\/img\/services\/rss_72.png"
        },
        "bot_id": "B0K75EKEC",
        "attachments": [
            {
                "title": "Is it possible to remove options from choice li... | ServiceNow Community",
                "title_link": "https:\/\/community.servicenow.com\/thread\/217032",
                "text": "I have a requirement where I want to remove one option from a choice list drop down in List layout view for non admin users. So, that they are not able",
                "fallback": "Is it possible to remove options from choice li... | ServiceNow Community",
                "from_url": "https:\/\/community.servicenow.com\/thread\/217032",
                "id": 1
            }
        ],
        "type": "message",
        "subtype": "bot_message",
        "ts": "1457335271.003646"
    },
    {
        "text": "<https:\/\/community.servicenow.com\/thread\/217033|I am unable to create a business rule>\nHello,          I am unable to create a business rule.i am getting the following message when i click on New:  The entity name must immediately follow the '&amp;' in the entity reference.    What must I do in order",
        "username": "ServiceNow Community : All Content - All Communities",
        "icons": {
            "image_36": "https:\/\/slack.global.ssl.fastly.net\/66f9\/img\/services\/rss_36.png",
            "image_48": "https:\/\/slack.global.ssl.fastly.net\/66f9\/img\/services\/rss_48.png",
            "image_72": "https:\/\/slack.global.ssl.fastly.net\/205a\/img\/services\/rss_72.png"
        },
        "bot_id": "B0K75EKEC",
        "attachments": [
            {
                "title": "I am unable to create a business rule | ServiceNow Community",
                "title_link": "https:\/\/community.servicenow.com\/thread\/217033",
                "text": "Hello,         I am unable to create a business rule.i am getting the following message when i click on New: The entity name must immediately follow the",
                "fallback": "I am unable to create a business rule | ServiceNow Community",
                "from_url": "https:\/\/community.servicenow.com\/thread\/217033",
                "id": 1
            }
        ],
        "type": "message",
        "subtype": "bot_message",
        "ts": "1457335272.003648"
    },
    {
        "text": "<https:\/\/community.servicenow.com\/thread\/217041|Approval Buttons in Email Notification>\nHi,    I was wondering if anybody is able to provide step by step instructions for adding an the Approve \/ Reject buttons into an email notification when a user has requested something which requires approval?    I've looked through the WIKI",
        "username": "ServiceNow Community : All Content - All Communities",
        "icons": {
            "image_36": "https:\/\/slack.global.ssl.fastly.net\/66f9\/img\/services\/rss_36.png",
            "image_48": "https:\/\/slack.global.ssl.fastly.net\/66f9\/img\/services\/rss_48.png",
            "image_72": "https:\/\/slack.global.ssl.fastly.net\/205a\/img\/services\/rss_72.png"
        },
        "bot_id": "B0K75EKEC",
        "attachments": [
            {
                "title": "Approval Buttons in Email Notification | ServiceNow Community",
                "title_link": "https:\/\/community.servicenow.com\/thread\/217041",
                "text": "Hi, I was wondering if anybody is able to provide step by step instructions for adding an the Approve \/ Reject buttons into an email notification when",
                "fallback": "Approval Buttons in Email Notification | ServiceNow Community",
                "from_url": "https:\/\/community.servicenow.com\/thread\/217041",
                "id": 1
            }
        ],
        "type": "message",
        "subtype": "bot_message",
        "ts": "1457337372.003651"
    },
    {
        "text": "<https:\/\/community.servicenow.com\/thread\/217034|Dot Walk current.sysapproval.sys_class_name == 'sc_req_item'>\nHi, can anyone explain sys_class_name? Because I am try to dotwalk from the sysapproval_approval table to the specific catalog item. Is there a way to dotwalk to the catalog item level in the sysapproval_approval table?   Thank!   Tadz",
        "username": "ServiceNow Community : All Content - All Communities",
        "icons": {
            "image_36": "https:\/\/slack.global.ssl.fastly.net\/66f9\/img\/services\/rss_36.png",
            "image_48": "https:\/\/slack.global.ssl.fastly.net\/66f9\/img\/services\/rss_48.png",
            "image_72": "https:\/\/slack.global.ssl.fastly.net\/205a\/img\/services\/rss_72.png"
        },
        "bot_id": "B0K75EKEC",
        "attachments": [
            {
                "title": "Dot Walk current.sysapproval.sys_class_name == ... | ServiceNow Community",
                "title_link": "https:\/\/community.servicenow.com\/thread\/217034",
                "text": "Hi, can anyone explain sys_class_name? Because I am try to dotwalk from the sysapproval_approval table to the specific catalog item. Is there a way to",
                "fallback": "Dot Walk current.sysapproval.sys_class_name == ... | ServiceNow Community",
                "from_url": "https:\/\/community.servicenow.com\/thread\/217034",
                "id": 1
            }
        ],
        "type": "message",
        "subtype": "bot_message",
        "ts": "1457337372.003652"
    }
]