[
    {
        "text": "<https:\/\/community.servicenow.com\/thread\/218275|g:evaluate inside &lt;script tag&gt; jelly script>\nHello community,    I have a task that will need to get the all images in subcategory of service catalog.    right now even I put the desktop image it is not showing and I am having some bugs I have 30 subcategories attached to the category but",
        "username": "ServiceNow Community : All Content - All Communities",
        "icons": {
            "image_36": "https:\/\/a.slack-edge.com\/66f9\/img\/services\/rss_36.png",
            "image_48": "https:\/\/a.slack-edge.com\/66f9\/img\/services\/rss_48.png",
            "image_72": "https:\/\/a.slack-edge.com\/205a\/img\/services\/rss_72.png"
        },
        "bot_id": "B0K75EKEC",
        "attachments": [
            {
                "title": "g:evaluate inside  jelly script | ServiceNow Community",
                "title_link": "https:\/\/community.servicenow.com\/thread\/218275",
                "text": "Hello community, I have a task that will need to get the all images in subcategory of service catalog. right now even I put the desktop image it is",
                "fallback": "g:evaluate inside  jelly script | ServiceNow Community",
                "from_url": "https:\/\/community.servicenow.com\/thread\/218275",
                "id": 1
            }
        ],
        "type": "message",
        "subtype": "bot_message",
        "ts": "1458370871.001245"
    },
    {
        "text": "<https:\/\/community.servicenow.com\/thread\/218276|jquery inside gevaluate>\nHello community,    I have a task that will need to get the all images in subcategory of service catalog.    right now even I put the desktop image it is not showing and I am having some bugs I have 30 subcategories attached to the category but",
        "username": "ServiceNow Community : All Content - All Communities",
        "icons": {
            "image_36": "https:\/\/a.slack-edge.com\/66f9\/img\/services\/rss_36.png",
            "image_48": "https:\/\/a.slack-edge.com\/66f9\/img\/services\/rss_48.png",
            "image_72": "https:\/\/a.slack-edge.com\/205a\/img\/services\/rss_72.png"
        },
        "bot_id": "B0K75EKEC",
        "attachments": [
            {
                "title": "jquery inside gevaluate | ServiceNow Community",
                "title_link": "https:\/\/community.servicenow.com\/thread\/218276",
                "text": "Hello community, I have a task that will need to get the all images in subcategory of service catalog. right now even I put the desktop image it is",
                "fallback": "jquery inside gevaluate | ServiceNow Community",
                "from_url": "https:\/\/community.servicenow.com\/thread\/218276",
                "id": 1
            }
        ],
        "type": "message",
        "subtype": "bot_message",
        "ts": "1458370871.001246"
    },
    {
        "text": "<https:\/\/community.servicenow.com\/thread\/218277|In my 10-day developer instance, I need to remove an admin role in a specific user but after navigating to sys_user table, go to the user and under the role, click the admin_role then delete however the role has been deleted and not in the specific user..>\nIn my 10-day developer instance, I need to remove an admin role in a specific user but after navigating to sys_user table, go to the user and under the role, click the admin_role then delete however the role has been deleted and not in the specific",
        "username": "ServiceNow Community : All Content - All Communities",
        "icons": {
            "image_36": "https:\/\/a.slack-edge.com\/66f9\/img\/services\/rss_36.png",
            "image_48": "https:\/\/a.slack-edge.com\/66f9\/img\/services\/rss_48.png",
            "image_72": "https:\/\/a.slack-edge.com\/205a\/img\/services\/rss_72.png"
        },
        "bot_id": "B0K75EKEC",
        "attachments": [
            {
                "title": "In my 10-day developer instance, I need to remo... | ServiceNow Community",
                "title_link": "https:\/\/community.servicenow.com\/thread\/218277",
                "text": "In my 10-day developer instance, I need to remove an admin role in a specific user but after navigating to sys_user table, go to the user and under the",
                "fallback": "In my 10-day developer instance, I need to remo... | ServiceNow Community",
                "from_url": "https:\/\/community.servicenow.com\/thread\/218277",
                "id": 1
            }
        ],
        "type": "message",
        "subtype": "bot_message",
        "ts": "1458394273.001249"
    },
    {
        "text": "<https:\/\/community.servicenow.com\/thread\/218308|scripted web service response encoding>\nI'm having an issue with the response for a scripted web service.  My response contains several multi-layered objects, so I'm encapsulating it in XML.  I originally did this using the XMLDocument class, but I found that .NET applications were",
        "username": "ServiceNow Community : All Content - All Communities",
        "icons": {
            "image_36": "https:\/\/a.slack-edge.com\/66f9\/img\/services\/rss_36.png",
            "image_48": "https:\/\/a.slack-edge.com\/66f9\/img\/services\/rss_48.png",
            "image_72": "https:\/\/a.slack-edge.com\/205a\/img\/services\/rss_72.png"
        },
        "bot_id": "B0K75EKEC",
        "attachments": [
            {
                "title": "scripted web service response encoding | ServiceNow Community",
                "title_link": "https:\/\/community.servicenow.com\/thread\/218308",
                "text": "I'm having an issue with the response for a scripted web service.  My response contains several multi-layered objects, so I'm encapsulating it in XML.  I",
                "fallback": "scripted web service response encoding | ServiceNow Community",
                "from_url": "https:\/\/community.servicenow.com\/thread\/218308",
                "id": 1
            }
        ],
        "type": "message",
        "subtype": "bot_message",
        "ts": "1458394273.001250"
    },
    {
        "text": "<https:\/\/community.servicenow.com\/thread\/218282|Job Posting - Full-time ServiceNow Developer at NBCUniversal, Englewood Cliffs, NJ.>\nAll,    We are looking to hire a full-time ServiceNow Developer at our offices at Englewood Cliffs, NJ. Please find below a link to the job posting.     ServiceNow Developer Job at NBCUniversal, Inc. in US New Jersey Englewood Cliffs | LinkedIn",
        "username": "ServiceNow Community : All Content - All Communities",
        "icons": {
            "image_36": "https:\/\/a.slack-edge.com\/66f9\/img\/services\/rss_36.png",
            "image_48": "https:\/\/a.slack-edge.com\/66f9\/img\/services\/rss_48.png",
            "image_72": "https:\/\/a.slack-edge.com\/205a\/img\/services\/rss_72.png"
        },
        "bot_id": "B0K75EKEC",
        "attachments": [
            {
                "title": "Job Posting - Full-time ServiceNow Developer at... | ServiceNow Community",
                "title_link": "https:\/\/community.servicenow.com\/thread\/218282",
                "text": "All, We are looking to hire a full-time ServiceNow Developer at our offices at Englewood Cliffs, NJ. Please find below a link to the job posting.",
                "fallback": "Job Posting - Full-time ServiceNow Developer at... | ServiceNow Community",
                "from_url": "https:\/\/community.servicenow.com\/thread\/218282",
                "id": 1
            }
        ],
        "type": "message",
        "subtype": "bot_message",
        "ts": "1458403269.001253"
    },
    {
        "text": "<https:\/\/community.servicenow.com\/thread\/218283|Job Posting - Full-time ServiceNow Developer at NBCUniversal, Englewood Cliffs, NJ.>\nAll,   We are looking to hire a full-time ServiceNow Developer at our offices at Englewood Cliffs, NJ. Please find below a link to the job posting.   ServiceNow Developer Job at NBCUniversal, Inc. in US New Jersey Englewood Cliffs | LinkedIn",
        "username": "ServiceNow Community : All Content - All Communities",
        "icons": {
            "image_36": "https:\/\/a.slack-edge.com\/66f9\/img\/services\/rss_36.png",
            "image_48": "https:\/\/a.slack-edge.com\/66f9\/img\/services\/rss_48.png",
            "image_72": "https:\/\/a.slack-edge.com\/205a\/img\/services\/rss_72.png"
        },
        "bot_id": "B0K75EKEC",
        "attachments": [
            {
                "title": "Job Posting - Full-time ServiceNow Developer at... | ServiceNow Community",
                "title_link": "https:\/\/community.servicenow.com\/thread\/218283",
                "text": "All, We are looking to hire a full-time ServiceNow Developer at our offices at Englewood Cliffs, NJ. Please find below a link to the job posting.",
                "fallback": "Job Posting - Full-time ServiceNow Developer at... | ServiceNow Community",
                "from_url": "https:\/\/community.servicenow.com\/thread\/218283",
                "id": 1
            }
        ],
        "type": "message",
        "subtype": "bot_message",
        "ts": "1458403269.001254"
    },
    {
        "text": "<https:\/\/community.servicenow.com\/thread\/218302|populate due date on change form considering only working days>\nHi All,    Currently my due date is being populated on change form after 15 days from the Start Date which includes weekends and holidays as well. I want the due date to be populated counting only working days from the start date.     I really",
        "username": "ServiceNow Community : All Content - All Communities",
        "icons": {
            "image_36": "https:\/\/a.slack-edge.com\/66f9\/img\/services\/rss_36.png",
            "image_48": "https:\/\/a.slack-edge.com\/66f9\/img\/services\/rss_48.png",
            "image_72": "https:\/\/a.slack-edge.com\/205a\/img\/services\/rss_72.png"
        },
        "bot_id": "B0K75EKEC",
        "attachments": [
            {
                "title": "populate due date on change form considering on... | ServiceNow Community",
                "title_link": "https:\/\/community.servicenow.com\/thread\/218302",
                "text": "Hi All, Currently my due date is being populated on change form after 15 days from the Start Date which includes weekends and holidays as well. I want",
                "fallback": "populate due date on change form considering on... | ServiceNow Community",
                "from_url": "https:\/\/community.servicenow.com\/thread\/218302",
                "id": 1
            }
        ],
        "type": "message",
        "subtype": "bot_message",
        "ts": "1458418271.001257"
    },
    {
        "text": "<https:\/\/community.servicenow.com\/thread\/218303|notification restriction>\nWhen I add additional comments in an incident, how do I only email the caller with the emails sent and received to\/from that caller only?",
        "username": "ServiceNow Community : All Content - All Communities",
        "icons": {
            "image_36": "https:\/\/a.slack-edge.com\/66f9\/img\/services\/rss_36.png",
            "image_48": "https:\/\/a.slack-edge.com\/66f9\/img\/services\/rss_48.png",
            "image_72": "https:\/\/a.slack-edge.com\/205a\/img\/services\/rss_72.png"
        },
        "bot_id": "B0K75EKEC",
        "attachments": [
            {
                "title": "notification restriction | ServiceNow Community",
                "title_link": "https:\/\/community.servicenow.com\/thread\/218303",
                "text": "When I add additional comments in an incident, how do I only email the caller with the emails sent and received to\/from that caller only?",
                "fallback": "notification restriction | ServiceNow Community",
                "from_url": "https:\/\/community.servicenow.com\/thread\/218303",
                "id": 1
            }
        ],
        "type": "message",
        "subtype": "bot_message",
        "ts": "1458425773.001259"
    },
    {
        "text": "<https:\/\/community.servicenow.com\/docs\/DOC-4823|Something cool coming to your Knowledge16 backpacks soon.....>",
        "username": "ServiceNow Community : All Content - All Communities",
        "icons": {
            "image_36": "https:\/\/a.slack-edge.com\/66f9\/img\/services\/rss_36.png",
            "image_48": "https:\/\/a.slack-edge.com\/66f9\/img\/services\/rss_48.png",
            "image_72": "https:\/\/a.slack-edge.com\/205a\/img\/services\/rss_72.png"
        },
        "bot_id": "B0K75EKEC",
        "attachments": [
            {
                "title": "Something cool coming to your Knowledge16 backp... | ServiceNow Community",
                "title_link": "https:\/\/community.servicenow.com\/docs\/DOC-4823",
                "text": "Something cool coming to your Knowledge16 backpacks soon.....",
                "fallback": "Something cool coming to your Knowledge16 backp... | ServiceNow Community",
                "from_url": "https:\/\/community.servicenow.com\/docs\/DOC-4823",
                "id": 1
            }
        ],
        "type": "message",
        "subtype": "bot_message",
        "ts": "1458435373.001261"
    },
    {
        "text": "<https:\/\/community.servicenow.com\/thread\/218284|ServiceNow TEDx?>\nHere's a crazy idea...  why don't you guys set up quick TEDx-like sessions where people can share their experiences?  Not like a full breakout session, but maybe just short 15 minute, back-to-back sessions where people share success stories.",
        "username": "ServiceNow Community : All Content - All Communities",
        "icons": {
            "image_36": "https:\/\/a.slack-edge.com\/66f9\/img\/services\/rss_36.png",
            "image_48": "https:\/\/a.slack-edge.com\/66f9\/img\/services\/rss_48.png",
            "image_72": "https:\/\/a.slack-edge.com\/205a\/img\/services\/rss_72.png"
        },
        "bot_id": "B0K75EKEC",
        "attachments": [
            {
                "title": "ServiceNow TEDx? | ServiceNow Community",
                "title_link": "https:\/\/community.servicenow.com\/thread\/218284",
                "text": "Here's a crazy idea... why don't you guys set up quick TEDx-like sessions where people can share their experiences? Not like a full breakout session,",
                "fallback": "ServiceNow TEDx? | ServiceNow Community",
                "from_url": "https:\/\/community.servicenow.com\/thread\/218284",
                "id": 1
            }
        ],
        "type": "message",
        "subtype": "bot_message",
        "ts": "1458442271.001263"
    },
    {
        "text": "<https:\/\/community.servicenow.com\/thread\/218319|I built a pseudo-application that helps to prevent developers from making conflicting update sets, or accidentally saving work into the Default update set. Would you like to help me test it?>\n(Geneva+ only)  I've built an application (not using the ServiceNow application builder, because I loathe the scoping limitations which would not have allowed me to do what I wanted to do here).  It comes in the form of an update set which loads the",
        "username": "ServiceNow Community : All Content - All Communities",
        "icons": {
            "image_36": "https:\/\/a.slack-edge.com\/66f9\/img\/services\/rss_36.png",
            "image_48": "https:\/\/a.slack-edge.com\/66f9\/img\/services\/rss_48.png",
            "image_72": "https:\/\/a.slack-edge.com\/205a\/img\/services\/rss_72.png"
        },
        "bot_id": "B0K75EKEC",
        "attachments": [
            {
                "title": "I built a pseudo-application that helps to prev... | ServiceNow Community",
                "title_link": "https:\/\/community.servicenow.com\/thread\/218319",
                "text": "(Geneva+ only) I've built an application (not using the ServiceNow application builder, because I loathe the scoping limitations which would not have",
                "fallback": "I built a pseudo-application that helps to prev... | ServiceNow Community",
                "from_url": "https:\/\/community.servicenow.com\/thread\/218319",
                "id": 1
            }
        ],
        "type": "message",
        "subtype": "bot_message",
        "ts": "1458448271.001265"
    },
    {
        "text": "<https:\/\/community.servicenow.com\/thread\/218309|how create a incident number  by defult onload of the form>",
        "username": "ServiceNow Community : All Content - All Communities",
        "icons": {
            "image_36": "https:\/\/a.slack-edge.com\/66f9\/img\/services\/rss_36.png",
            "image_48": "https:\/\/a.slack-edge.com\/66f9\/img\/services\/rss_48.png",
            "image_72": "https:\/\/a.slack-edge.com\/205a\/img\/services\/rss_72.png"
        },
        "bot_id": "B0K75EKEC",
        "attachments": [
            {
                "title": "how create a incident number  by defult onload ... | ServiceNow Community",
                "title_link": "https:\/\/community.servicenow.com\/thread\/218309",
                "text": "how create a incident number by defult onload of the form",
                "fallback": "how create a incident number  by defult onload ... | ServiceNow Community",
                "from_url": "https:\/\/community.servicenow.com\/thread\/218309",
                "id": 1
            }
        ],
        "type": "message",
        "subtype": "bot_message",
        "ts": "1458453069.001267"
    },
    {
        "text": "<https:\/\/community.servicenow.com\/thread\/218310|1.why using servicenow? 2.what is ITSM,ITIL? 3.why using jelly script?>\n1.why using servicenow?  2.what is ITSM,ITIL?  3.why using jelly script?",
        "username": "ServiceNow Community : All Content - All Communities",
        "icons": {
            "image_36": "https:\/\/a.slack-edge.com\/66f9\/img\/services\/rss_36.png",
            "image_48": "https:\/\/a.slack-edge.com\/66f9\/img\/services\/rss_48.png",
            "image_72": "https:\/\/a.slack-edge.com\/205a\/img\/services\/rss_72.png"
        },
        "bot_id": "B0K75EKEC",
        "attachments": [
            {
                "title": "1.why using servicenow? 2.what is ITSM,ITIL? 3.... | ServiceNow Community",
                "title_link": "https:\/\/community.servicenow.com\/thread\/218310",
                "text": "1.why using servicenow? 2.what is ITSM,ITIL? 3.why using jelly script?",
                "fallback": "1.why using servicenow? 2.what is ITSM,ITIL? 3.... | ServiceNow Community",
                "from_url": "https:\/\/community.servicenow.com\/thread\/218310",
                "id": 1
            }
        ],
        "type": "message",
        "subtype": "bot_message",
        "ts": "1458453069.001268"
    },
    {
        "text": "<https:\/\/community.servicenow.com\/thread\/218304|Can we add font awesome CSS to a ui page in service now>\nCan we add font awesome CSS to a ui page in service now?",
        "username": "ServiceNow Community : All Content - All Communities",
        "icons": {
            "image_36": "https:\/\/a.slack-edge.com\/66f9\/img\/services\/rss_36.png",
            "image_48": "https:\/\/a.slack-edge.com\/66f9\/img\/services\/rss_48.png",
            "image_72": "https:\/\/a.slack-edge.com\/205a\/img\/services\/rss_72.png"
        },
        "bot_id": "B0K75EKEC",
        "attachments": [
            {
                "title": "Can we add font awesome CSS to a ui page in ser... | ServiceNow Community",
                "title_link": "https:\/\/community.servicenow.com\/thread\/218304",
                "text": "Can we add font awesome CSS to a ui page in service now?",
                "fallback": "Can we add font awesome CSS to a ui page in ser... | ServiceNow Community",
                "from_url": "https:\/\/community.servicenow.com\/thread\/218304",
                "id": 1
            }
        ],
        "type": "message",
        "subtype": "bot_message",
        "ts": "1458456071.001271"
    }
]