[
    {
        "text": "<https:\/\/community.servicenow.com\/thread\/218858|Diff between Created and Opened>\nHi Friends,    What is the difference between Created(sys_created_on) and Opened(opened_at) fields in task table. Both captures the date\/time when the record is inserted into the task table.     On which field SLA gets triggered and do they",
        "username": "ServiceNow Community : All Content - All Communities",
        "icons": {
            "image_36": "https:\/\/a.slack-edge.com\/66f9\/img\/services\/rss_36.png",
            "image_48": "https:\/\/a.slack-edge.com\/66f9\/img\/services\/rss_48.png",
            "image_72": "https:\/\/a.slack-edge.com\/205a\/img\/services\/rss_72.png"
        },
        "bot_id": "B0K75EKEC",
        "attachments": [
            {
                "title": "Diff between Created and Opened | ServiceNow Community",
                "title_link": "https:\/\/community.servicenow.com\/thread\/218858",
                "text": "Hi Friends, What is the difference between Created(sys_created_on) and Opened(opened_at) fields in task table. Both captures the date\/time when the",
                "fallback": "Diff between Created and Opened | ServiceNow Community",
                "from_url": "https:\/\/community.servicenow.com\/thread\/218858",
                "id": 1
            }
        ],
        "type": "message",
        "subtype": "bot_message",
        "ts": "1458977772.002278"
    },
    {
        "text": "<https:\/\/community.servicenow.com\/thread\/218855|UI Action Visibility condition>\nHello Everyone    Hope you are doing miracles in ServiceNow world !!    I am trying to make a UI action visible based upon a variable value present on record producer.    I have one record producer created on change request table. on",
        "username": "ServiceNow Community : All Content - All Communities",
        "icons": {
            "image_36": "https:\/\/a.slack-edge.com\/66f9\/img\/services\/rss_36.png",
            "image_48": "https:\/\/a.slack-edge.com\/66f9\/img\/services\/rss_48.png",
            "image_72": "https:\/\/a.slack-edge.com\/205a\/img\/services\/rss_72.png"
        },
        "bot_id": "B0K75EKEC",
        "attachments": [
            {
                "title": "UI Action Visibility condition | ServiceNow Community",
                "title_link": "https:\/\/community.servicenow.com\/thread\/218855",
                "text": "Hello Everyone Hope you are doing miracles in ServiceNow world !! I am trying to make a UI action visible based upon a variable value present on",
                "fallback": "UI Action Visibility condition | ServiceNow Community",
                "from_url": "https:\/\/community.servicenow.com\/thread\/218855",
                "id": 1
            }
        ],
        "type": "message",
        "subtype": "bot_message",
        "ts": "1458992473.002280"
    },
    {
        "text": "<https:\/\/community.servicenow.com\/thread\/218834|Reference Field by Group: Display only groups with Parent.>\nHi Guys. I have a reference field called Assignment Group. This field is reference to the Groups [sys_group]. Each group has a Parent. How do you display the groups under the Parent group so that the user won't select the Parent Group? For example, I",
        "username": "ServiceNow Community : All Content - All Communities",
        "icons": {
            "image_36": "https:\/\/a.slack-edge.com\/66f9\/img\/services\/rss_36.png",
            "image_48": "https:\/\/a.slack-edge.com\/66f9\/img\/services\/rss_48.png",
            "image_72": "https:\/\/a.slack-edge.com\/205a\/img\/services\/rss_72.png"
        },
        "bot_id": "B0K75EKEC",
        "attachments": [
            {
                "title": "Reference Field by Group: Display only groups w... | ServiceNow Community",
                "title_link": "https:\/\/community.servicenow.com\/thread\/218834",
                "text": "Hi Guys. I have a reference field called Assignment Group. This field is reference to the Groups [sys_group]. Each group has a Parent. How do you display",
                "fallback": "Reference Field by Group: Display only groups w... | ServiceNow Community",
                "from_url": "https:\/\/community.servicenow.com\/thread\/218834",
                "id": 1
            }
        ],
        "type": "message",
        "subtype": "bot_message",
        "ts": "1459002371.002282"
    },
    {
        "text": "<https:\/\/community.servicenow.com\/thread\/218856|is their a way to have a bi-directional relationship between tasks.>\nI was trying to have a relationship between catalog task with the existing catalog tasks. I tried creating a relationship but it doesnot have a edit button and second their is OOB relation ship catalog task--&gt;parent but it is not bi-directional. any",
        "username": "ServiceNow Community : All Content - All Communities",
        "icons": {
            "image_36": "https:\/\/a.slack-edge.com\/66f9\/img\/services\/rss_36.png",
            "image_48": "https:\/\/a.slack-edge.com\/66f9\/img\/services\/rss_48.png",
            "image_72": "https:\/\/a.slack-edge.com\/205a\/img\/services\/rss_72.png"
        },
        "bot_id": "B0K75EKEC",
        "attachments": [
            {
                "title": "is their a way to have a bi-directional relatio... | ServiceNow Community",
                "title_link": "https:\/\/community.servicenow.com\/thread\/218856",
                "text": "​I was trying to have a relationship between catalog task with the existing catalog tasks. I tried creating a relationship but it doesnot have a edit",
                "fallback": "is their a way to have a bi-directional relatio... | ServiceNow Community",
                "from_url": "https:\/\/community.servicenow.com\/thread\/218856",
                "id": 1
            }
        ],
        "type": "message",
        "subtype": "bot_message",
        "ts": "1459010176.002284"
    },
    {
        "text": "<https:\/\/community.servicenow.com\/thread\/218859|What are all free features (plugins) which can be enabled in Servicenow?>\nHi All,    What are all free features as plugins in service-now which can be enabled?  e.g. Is Process Flow Formatter free?    Thanks,  Mona",
        "username": "ServiceNow Community : All Content - All Communities",
        "icons": {
            "image_36": "https:\/\/a.slack-edge.com\/66f9\/img\/services\/rss_36.png",
            "image_48": "https:\/\/a.slack-edge.com\/66f9\/img\/services\/rss_48.png",
            "image_72": "https:\/\/a.slack-edge.com\/205a\/img\/services\/rss_72.png"
        },
        "bot_id": "B0K75EKEC",
        "attachments": [
            {
                "title": "What are all free features (plugins) which can ... | ServiceNow Community",
                "title_link": "https:\/\/community.servicenow.com\/thread\/218859",
                "text": "Hi All, What are all free features as plugins in service-now which can be enabled? e.g. Is Process Flow Formatter free? Thanks, Mona",
                "fallback": "What are all free features (plugins) which can ... | ServiceNow Community",
                "from_url": "https:\/\/community.servicenow.com\/thread\/218859",
                "id": 1
            }
        ],
        "type": "message",
        "subtype": "bot_message",
        "ts": "1459013171.002286"
    },
    {
        "text": "<https:\/\/community.servicenow.com\/thread\/218835|Add an option in List choice in Custom dialogue window viewing custom table>\nI got my custom table in a Pop up, but I want to add another UI action inside that 'list choice'. So where I can do that code to add one more option inside the List choice options. Say in the following image I need to add another list choice option (UI",
        "username": "ServiceNow Community : All Content - All Communities",
        "icons": {
            "image_36": "https:\/\/a.slack-edge.com\/66f9\/img\/services\/rss_36.png",
            "image_48": "https:\/\/a.slack-edge.com\/66f9\/img\/services\/rss_48.png",
            "image_72": "https:\/\/a.slack-edge.com\/205a\/img\/services\/rss_72.png"
        },
        "bot_id": "B0K75EKEC",
        "attachments": [
            {
                "title": "Add an option in List choice in Custom dialogue... | ServiceNow Community",
                "title_link": "https:\/\/community.servicenow.com\/thread\/218835",
                "text": "I got my custom table in a Pop up, but I want to add another UI action inside that 'list choice'. So where I can do that code to add one more option",
                "fallback": "Add an option in List choice in Custom dialogue... | ServiceNow Community",
                "from_url": "https:\/\/community.servicenow.com\/thread\/218835",
                "id": 1
            }
        ],
        "type": "message",
        "subtype": "bot_message",
        "ts": "1459014070.002288"
    },
    {
        "text": "<https:\/\/community.servicenow.com\/thread\/218857|Scheduled job>\nHi  I tried this in the scheduled job and its not executing..         var tassk= new GlideRecord('task_sla');      tassk.addQuery('state','in-progress');      tassk.addQuery('has_breached',true);",
        "username": "ServiceNow Community : All Content - All Communities",
        "icons": {
            "image_36": "https:\/\/a.slack-edge.com\/66f9\/img\/services\/rss_36.png",
            "image_48": "https:\/\/a.slack-edge.com\/66f9\/img\/services\/rss_48.png",
            "image_72": "https:\/\/a.slack-edge.com\/205a\/img\/services\/rss_72.png"
        },
        "bot_id": "B0K75EKEC",
        "attachments": [
            {
                "title": "Scheduled job | ServiceNow Community",
                "title_link": "https:\/\/community.servicenow.com\/thread\/218857",
                "text": "Hi I tried this in the scheduled job and its not executing..     var tassk= new GlideRecord('task_sla');     tassk.addQuery('state','in-progress');",
                "fallback": "Scheduled job | ServiceNow Community",
                "from_url": "https:\/\/community.servicenow.com\/thread\/218857",
                "id": 1
            }
        ],
        "type": "message",
        "subtype": "bot_message",
        "ts": "1459016168.002290"
    },
    {
        "text": "<https:\/\/community.servicenow.com\/thread\/218868|How can I view changes to users after importing new data?>\nI run a daily import set of users and am needing to determine what exact changes were made after the transform is completed. I have looked at the transform history and it shows how many inserts, updates, etc have been done, but I cannot find an actual",
        "username": "ServiceNow Community : All Content - All Communities",
        "icons": {
            "image_36": "https:\/\/a.slack-edge.com\/66f9\/img\/services\/rss_36.png",
            "image_48": "https:\/\/a.slack-edge.com\/66f9\/img\/services\/rss_48.png",
            "image_72": "https:\/\/a.slack-edge.com\/205a\/img\/services\/rss_72.png"
        },
        "bot_id": "B0K75EKEC",
        "attachments": [
            {
                "title": "How can I view changes to users after importing... | ServiceNow Community",
                "title_link": "https:\/\/community.servicenow.com\/thread\/218868",
                "text": "I run a daily import set of users and am needing to determine what exact changes were made after the transform is completed. I have looked at the",
                "fallback": "How can I view changes to users after importing... | ServiceNow Community",
                "from_url": "https:\/\/community.servicenow.com\/thread\/218868",
                "id": 1
            }
        ],
        "type": "message",
        "subtype": "bot_message",
        "ts": "1459027873.002292"
    },
    {
        "text": "<https:\/\/community.servicenow.com\/thread\/218878|what programming languages are most prevalent in Servicenow>\nWhat languages are most often used in ServiceNow.",
        "username": "ServiceNow Community : All Content - All Communities",
        "icons": {
            "image_36": "https:\/\/a.slack-edge.com\/66f9\/img\/services\/rss_36.png",
            "image_48": "https:\/\/a.slack-edge.com\/66f9\/img\/services\/rss_48.png",
            "image_72": "https:\/\/a.slack-edge.com\/205a\/img\/services\/rss_72.png"
        },
        "bot_id": "B0K75EKEC",
        "attachments": [
            {
                "title": "what programming languages are most prevalent i... | ServiceNow Community",
                "title_link": "https:\/\/community.servicenow.com\/thread\/218878",
                "text": "What languages are most often used in ServiceNow.",
                "fallback": "what programming languages are most prevalent i... | ServiceNow Community",
                "from_url": "https:\/\/community.servicenow.com\/thread\/218878",
                "id": 1
            }
        ],
        "type": "message",
        "subtype": "bot_message",
        "ts": "1459032668.002294"
    },
    {
        "text": "<https:\/\/community.servicenow.com\/thread\/218879|For Loop in Workflow Run Script is getting skipped>\nI have a script in a \"Run Script\" activity in a workflow that works fine up until the last for loop. Now, I can change my workflow inputs to values and the script works perfect inside of background scripts.     I've got gs.log setup in most places",
        "username": "ServiceNow Community : All Content - All Communities",
        "icons": {
            "image_36": "https:\/\/a.slack-edge.com\/66f9\/img\/services\/rss_36.png",
            "image_48": "https:\/\/a.slack-edge.com\/66f9\/img\/services\/rss_48.png",
            "image_72": "https:\/\/a.slack-edge.com\/205a\/img\/services\/rss_72.png"
        },
        "bot_id": "B0K75EKEC",
        "attachments": [
            {
                "title": "For Loop in Workflow Run Script is getting skipped | ServiceNow Community",
                "title_link": "https:\/\/community.servicenow.com\/thread\/218879",
                "text": "I have a script in a \"Run Script\" activity in a workflow that works fine up until the last for loop. Now, I can change my workflow inputs to values and",
                "fallback": "For Loop in Workflow Run Script is getting skipped | ServiceNow Community",
                "from_url": "https:\/\/community.servicenow.com\/thread\/218879",
                "id": 1
            }
        ],
        "type": "message",
        "subtype": "bot_message",
        "ts": "1459044070.002296"
    },
    {
        "text": "<https:\/\/community.servicenow.com\/thread\/218880|Custom Sample UI Page with search and display in table>\nIn creating a custom UI page, how can you create a textbox and a button that searches for user by username and displays it in a table using jelly?  ",
        "username": "ServiceNow Community : All Content - All Communities",
        "icons": {
            "image_36": "https:\/\/a.slack-edge.com\/66f9\/img\/services\/rss_36.png",
            "image_48": "https:\/\/a.slack-edge.com\/66f9\/img\/services\/rss_48.png",
            "image_72": "https:\/\/a.slack-edge.com\/205a\/img\/services\/rss_72.png"
        },
        "bot_id": "B0K75EKEC",
        "attachments": [
            {
                "title": "Custom Sample UI Page with search and display i... | ServiceNow Community",
                "title_link": "https:\/\/community.servicenow.com\/thread\/218880",
                "text": "In creating a custom UI page, how can you create a textbox and a button that searches for user by username and displays it in a table using jelly?",
                "fallback": "Custom Sample UI Page with search and display i... | ServiceNow Community",
                "from_url": "https:\/\/community.servicenow.com\/thread\/218880",
                "id": 1
            }
        ],
        "type": "message",
        "subtype": "bot_message",
        "ts": "1459053071.002298"
    },
    {
        "text": "<https:\/\/community.servicenow.com\/thread\/218881|HI Everyone, Is there a way to clone one instance from domain separated MSP to  other domain separated MSP>\nHI Everyone, Is there a way to clone one instance from domain separated MSP to  other domain separated MSP",
        "username": "ServiceNow Community : All Content - All Communities",
        "icons": {
            "image_36": "https:\/\/a.slack-edge.com\/66f9\/img\/services\/rss_36.png",
            "image_48": "https:\/\/a.slack-edge.com\/66f9\/img\/services\/rss_48.png",
            "image_72": "https:\/\/a.slack-edge.com\/205a\/img\/services\/rss_72.png"
        },
        "bot_id": "B0K75EKEC",
        "attachments": [
            {
                "title": "HI Everyone, Is there a way to clone one instan... | ServiceNow Community",
                "title_link": "https:\/\/community.servicenow.com\/thread\/218881",
                "text": "HI Everyone, Is there a way to clone one instance from domain separated MSP to  other domain separated MSP",
                "fallback": "HI Everyone, Is there a way to clone one instan... | ServiceNow Community",
                "from_url": "https:\/\/community.servicenow.com\/thread\/218881",
                "id": 1
            }
        ],
        "type": "message",
        "subtype": "bot_message",
        "ts": "1459061769.002300"
    },
    {
        "text": "<https:\/\/community.servicenow.com\/thread\/218861|Embed survey in email and get response through email>\nI want to embed survey questions in email and getting response without redirecting to portal?",
        "username": "ServiceNow Community : All Content - All Communities",
        "icons": {
            "image_36": "https:\/\/a.slack-edge.com\/66f9\/img\/services\/rss_36.png",
            "image_48": "https:\/\/a.slack-edge.com\/66f9\/img\/services\/rss_48.png",
            "image_72": "https:\/\/a.slack-edge.com\/205a\/img\/services\/rss_72.png"
        },
        "bot_id": "B0K75EKEC",
        "attachments": [
            {
                "title": "Embed survey in email and get response through ... | ServiceNow Community",
                "title_link": "https:\/\/community.servicenow.com\/thread\/218861",
                "text": "I want to embed survey questions in email and getting response without redirecting to portal?",
                "fallback": "Embed survey in email and get response through ... | ServiceNow Community",
                "from_url": "https:\/\/community.servicenow.com\/thread\/218861",
                "id": 1
            }
        ],
        "type": "message",
        "subtype": "bot_message",
        "ts": "1459061769.002301"
    }
]