[
    {
        "text": "<https:\/\/community.servicenow.com\/thread\/220111|Personal developer instance is not loading>\nExperiencing extreme slowness with personal developer instance. Has any issue been noticed\/reported. If yes, any resolution is expected?    Thanks  Waseem",
        "username": "ServiceNow Community : All Content - All Communities",
        "icons": {
            "image_36": "https:\/\/a.slack-edge.com\/66f9\/img\/services\/rss_36.png",
            "image_48": "https:\/\/a.slack-edge.com\/66f9\/img\/services\/rss_48.png",
            "image_72": "https:\/\/a.slack-edge.com\/205a\/img\/services\/rss_72.png"
        },
        "bot_id": "B0K75EKEC",
        "attachments": [
            {
                "title": "Personal developer instance is not loading | ServiceNow Community",
                "title_link": "https:\/\/community.servicenow.com\/thread\/220111",
                "text": "Experiencing extreme slowness with personal developer instance. Has any issue been noticed\/reported. If yes, any resolution is expected? Thanks Waseem",
                "fallback": "Personal developer instance is not loading | ServiceNow Community",
                "from_url": "https:\/\/community.servicenow.com\/thread\/220111",
                "id": 1
            }
        ],
        "type": "message",
        "subtype": "bot_message",
        "ts": "1460194272.004678"
    },
    {
        "text": "<https:\/\/community.servicenow.com\/thread\/220113|Unable to change kb_category to Type List>\nHi: When I go to the kb_category dictionary to change the Type to List, I get the following error when I save:  \"Type unchanged for field \"Category\". Cannot convert from Reference to List.\"  I want to change kb_category to a List type so I can attach a",
        "username": "ServiceNow Community : All Content - All Communities",
        "icons": {
            "image_36": "https:\/\/a.slack-edge.com\/66f9\/img\/services\/rss_36.png",
            "image_48": "https:\/\/a.slack-edge.com\/66f9\/img\/services\/rss_48.png",
            "image_72": "https:\/\/a.slack-edge.com\/205a\/img\/services\/rss_72.png"
        },
        "bot_id": "B0K75EKEC",
        "attachments": [
            {
                "title": "Unable to change kb_category to Type List | ServiceNow Community",
                "title_link": "https:\/\/community.servicenow.com\/thread\/220113",
                "text": "Hi: When I go to the kb_category dictionary to change the Type to List, I get the following error when I save: \"Type unchanged for field \"Category\".",
                "fallback": "Unable to change kb_category to Type List | ServiceNow Community",
                "from_url": "https:\/\/community.servicenow.com\/thread\/220113",
                "id": 1
            }
        ],
        "type": "message",
        "subtype": "bot_message",
        "ts": "1460207169.004680"
    },
    {
        "text": "<https:\/\/community.servicenow.com\/thread\/220114|Is \"\/kb_home.do\"  meant to be used for public articles?>\nHi: I am wondering if \"\/kb_home.do\" is meant for the public(i.e. non-itil users) use because it does not require authentication? Please advise?  Thanks, Rita",
        "username": "ServiceNow Community : All Content - All Communities",
        "icons": {
            "image_36": "https:\/\/a.slack-edge.com\/66f9\/img\/services\/rss_36.png",
            "image_48": "https:\/\/a.slack-edge.com\/66f9\/img\/services\/rss_48.png",
            "image_72": "https:\/\/a.slack-edge.com\/205a\/img\/services\/rss_72.png"
        },
        "bot_id": "B0K75EKEC",
        "attachments": [
            {
                "title": "Is \"\/kb_home.do\"  meant to be used for public a... | ServiceNow Community",
                "title_link": "https:\/\/community.servicenow.com\/thread\/220114",
                "text": "Hi: I am wondering if \"\/kb_home.do\" is meant for the public(i.e. non-itil users) use because it does not require authentication? Please advise? Thanks,",
                "fallback": "Is \"\/kb_home.do\"  meant to be used for public a... | ServiceNow Community",
                "from_url": "https:\/\/community.servicenow.com\/thread\/220114",
                "id": 1
            }
        ],
        "type": "message",
        "subtype": "bot_message",
        "ts": "1460208069.004682"
    },
    {
        "text": "<https:\/\/community.servicenow.com\/thread\/220125|Angular: Test UI Page>\nI am trying following exercise: ServiceNow Developers    But when I am testing my UI page the text next to the input field is not changing; it keeps displaying {{myVar}}. Anyone can tell me what I am missing here?    Thanks!",
        "username": "ServiceNow Community : All Content - All Communities",
        "icons": {
            "image_36": "https:\/\/a.slack-edge.com\/66f9\/img\/services\/rss_36.png",
            "image_48": "https:\/\/a.slack-edge.com\/66f9\/img\/services\/rss_48.png",
            "image_72": "https:\/\/a.slack-edge.com\/205a\/img\/services\/rss_72.png"
        },
        "bot_id": "B0K75EKEC",
        "attachments": [
            {
                "title": "Angular: Test UI Page | ServiceNow Community",
                "title_link": "https:\/\/community.servicenow.com\/thread\/220125",
                "text": "I am trying following exercise: ServiceNow Developers But when I am testing my UI page the text next to the input field is not changing; it keeps",
                "fallback": "Angular: Test UI Page | ServiceNow Community",
                "from_url": "https:\/\/community.servicenow.com\/thread\/220125",
                "id": 1
            }
        ],
        "type": "message",
        "subtype": "bot_message",
        "ts": "1460208973.004684"
    },
    {
        "text": "<https:\/\/community.servicenow.com\/thread\/220126|Making sense of duplicate email notifications>\nCaller \"g\" is copied in the watch list together with email address <mailto:info@dp4j.com|info@dp4j.com>.  A comment is added to the ticket. Why does \"g\" receive two email notifications?     One notification is triggered by \"incident commented\" (watch_list, assigned_to)",
        "username": "ServiceNow Community : All Content - All Communities",
        "icons": {
            "image_36": "https:\/\/a.slack-edge.com\/66f9\/img\/services\/rss_36.png",
            "image_48": "https:\/\/a.slack-edge.com\/66f9\/img\/services\/rss_48.png",
            "image_72": "https:\/\/a.slack-edge.com\/205a\/img\/services\/rss_72.png"
        },
        "bot_id": "B0K75EKEC",
        "attachments": [
            {
                "title": "Making sense of duplicate email notifications | ServiceNow Community",
                "title_link": "https:\/\/community.servicenow.com\/thread\/220126",
                "text": "Caller \"g\" is copied in the watch list together with email address <mailto:info@dp4j.com|info@dp4j.com>. A comment is added to the ticket. Why does \"g\" receive two email",
                "fallback": "Making sense of duplicate email notifications | ServiceNow Community",
                "from_url": "https:\/\/community.servicenow.com\/thread\/220126",
                "id": 1
            }
        ],
        "type": "message",
        "subtype": "bot_message",
        "ts": "1460211073.004686"
    },
    {
        "text": "<https:\/\/community.servicenow.com\/thread\/220117|hi>\nHi. I want to configure CMS site\/ The next step is to create new menu section. I could not find next \"new\" button. How i can manage this issue  ",
        "username": "ServiceNow Community : All Content - All Communities",
        "icons": {
            "image_36": "https:\/\/a.slack-edge.com\/66f9\/img\/services\/rss_36.png",
            "image_48": "https:\/\/a.slack-edge.com\/66f9\/img\/services\/rss_48.png",
            "image_72": "https:\/\/a.slack-edge.com\/205a\/img\/services\/rss_72.png"
        },
        "bot_id": "B0K75EKEC",
        "attachments": [
            {
                "title": "hi | ServiceNow Community",
                "title_link": "https:\/\/community.servicenow.com\/thread\/220117",
                "text": "Hi. I want to configure CMS site\/ The next step is to create new menu section. I could not find next \"new\" button. How i can manage this issue",
                "fallback": "hi | ServiceNow Community",
                "from_url": "https:\/\/community.servicenow.com\/thread\/220117",
                "id": 1
            }
        ],
        "type": "message",
        "subtype": "bot_message",
        "ts": "1460211968.004688"
    },
    {
        "text": "<https:\/\/community.servicenow.com\/thread\/220138|Change list record theme color>\nhow can we change the list record theme color?    i want whenever my incident SLAs breached that incident field comes in red on list record.  Not with DOT POINT only.    i tried with field style but that's not worked correctly.  i want to",
        "username": "ServiceNow Community : All Content - All Communities",
        "icons": {
            "image_36": "https:\/\/a.slack-edge.com\/66f9\/img\/services\/rss_36.png",
            "image_48": "https:\/\/a.slack-edge.com\/66f9\/img\/services\/rss_48.png",
            "image_72": "https:\/\/a.slack-edge.com\/205a\/img\/services\/rss_72.png"
        },
        "bot_id": "B0K75EKEC",
        "attachments": [
            {
                "title": "Change list record theme color | ServiceNow Community",
                "title_link": "https:\/\/community.servicenow.com\/thread\/220138",
                "text": "how can we change the list record theme color? i want whenever my incident SLAs breached that incident field comes in red on list record. Not with DOT",
                "fallback": "Change list record theme color | ServiceNow Community",
                "from_url": "https:\/\/community.servicenow.com\/thread\/220138",
                "id": 1
            }
        ],
        "type": "message",
        "subtype": "bot_message",
        "ts": "1460226673.004690"
    },
    {
        "text": "<https:\/\/community.servicenow.com\/thread\/220139|UI policy>\nHi.how to apply specific ui policy to user instance?",
        "username": "ServiceNow Community : All Content - All Communities",
        "icons": {
            "image_36": "https:\/\/a.slack-edge.com\/66f9\/img\/services\/rss_36.png",
            "image_48": "https:\/\/a.slack-edge.com\/66f9\/img\/services\/rss_48.png",
            "image_72": "https:\/\/a.slack-edge.com\/205a\/img\/services\/rss_72.png"
        },
        "bot_id": "B0K75EKEC",
        "attachments": [
            {
                "title": "UI policy | ServiceNow Community",
                "title_link": "https:\/\/community.servicenow.com\/thread\/220139",
                "text": "Hi.how to apply specific ui policy to user instance?",
                "fallback": "UI policy | ServiceNow Community",
                "from_url": "https:\/\/community.servicenow.com\/thread\/220139",
                "id": 1
            }
        ],
        "type": "message",
        "subtype": "bot_message",
        "ts": "1460226673.004691"
    },
    {
        "text": "<https:\/\/community.servicenow.com\/thread\/220107|Report to show list of all the first requests by users.>\nI appreciate if someone can suggest a way to pull a list that show only the \"First\" of all tickets sent to service desk by users? So if I have 400 end-users who joined the organization at different times, I would like pull a list of the first requests",
        "username": "ServiceNow Community : All Content - All Communities",
        "icons": {
            "image_36": "https:\/\/a.slack-edge.com\/66f9\/img\/services\/rss_36.png",
            "image_48": "https:\/\/a.slack-edge.com\/66f9\/img\/services\/rss_48.png",
            "image_72": "https:\/\/a.slack-edge.com\/205a\/img\/services\/rss_72.png"
        },
        "bot_id": "B0K75EKEC",
        "attachments": [
            {
                "title": "Report to show list of all the first requests b... | ServiceNow Community",
                "title_link": "https:\/\/community.servicenow.com\/thread\/220107",
                "text": "I appreciate if someone can suggest a way to pull a list that show only the \"First\" of all tickets sent to service desk by users? So if I have 400",
                "fallback": "Report to show list of all the first requests b... | ServiceNow Community",
                "from_url": "https:\/\/community.servicenow.com\/thread\/220107",
                "id": 1
            }
        ],
        "type": "message",
        "subtype": "bot_message",
        "ts": "1460226673.004692"
    },
    {
        "text": "<https:\/\/community.servicenow.com\/thread\/220130|If I click on any Service Catalog Link, an additional Homepage will be displayed in the tool?can any one reply me how can we solve this?>\nplease help me out in this if any one aware of this..issue",
        "username": "ServiceNow Community : All Content - All Communities",
        "icons": {
            "image_36": "https:\/\/a.slack-edge.com\/66f9\/img\/services\/rss_36.png",
            "image_48": "https:\/\/a.slack-edge.com\/66f9\/img\/services\/rss_48.png",
            "image_72": "https:\/\/a.slack-edge.com\/205a\/img\/services\/rss_72.png"
        },
        "bot_id": "B0K75EKEC",
        "attachments": [
            {
                "title": "If I click on any Service Catalog Link, an addi... | ServiceNow Community",
                "title_link": "https:\/\/community.servicenow.com\/thread\/220130",
                "text": "please help me out in this if any one aware of this..issue",
                "fallback": "If I click on any Service Catalog Link, an addi... | ServiceNow Community",
                "from_url": "https:\/\/community.servicenow.com\/thread\/220130",
                "id": 1
            }
        ],
        "type": "message",
        "subtype": "bot_message",
        "ts": "1460229669.004696"
    },
    {
        "text": "<https:\/\/community.servicenow.com\/thread\/220140|Get ServiceName and RequestNumber in workflow>\nHow can I get the Request number and Service name inside the workflow? Is that contained in \"current\" glide object?",
        "username": "ServiceNow Community : All Content - All Communities",
        "icons": {
            "image_36": "https:\/\/a.slack-edge.com\/66f9\/img\/services\/rss_36.png",
            "image_48": "https:\/\/a.slack-edge.com\/66f9\/img\/services\/rss_48.png",
            "image_72": "https:\/\/a.slack-edge.com\/205a\/img\/services\/rss_72.png"
        },
        "bot_id": "B0K75EKEC",
        "attachments": [
            {
                "title": "Get ServiceName and RequestNumber in workflow | ServiceNow Community",
                "title_link": "https:\/\/community.servicenow.com\/thread\/220140",
                "text": "How can I get the Request number and Service name inside the workflow? Is that contained in \"current\" glide object?",
                "fallback": "Get ServiceName and RequestNumber in workflow | ServiceNow Community",
                "from_url": "https:\/\/community.servicenow.com\/thread\/220140",
                "id": 1
            }
        ],
        "type": "message",
        "subtype": "bot_message",
        "ts": "1460230573.004698"
    },
    {
        "text": "<https:\/\/community.servicenow.com\/thread\/220141|How to display image belong the userID field?>\nWhile viewing USERS table, users that belong to Mahle company, have image belong USERID field. Does anybody know how to do this?   I can't find any script or BR that is responsible for displaying label\/image below userid field. If to open user record",
        "username": "ServiceNow Community : All Content - All Communities",
        "icons": {
            "image_36": "https:\/\/a.slack-edge.com\/66f9\/img\/services\/rss_36.png",
            "image_48": "https:\/\/a.slack-edge.com\/66f9\/img\/services\/rss_48.png",
            "image_72": "https:\/\/a.slack-edge.com\/205a\/img\/services\/rss_72.png"
        },
        "bot_id": "B0K75EKEC",
        "attachments": [
            {
                "title": "How to display image belong the userID field? | ServiceNow Community",
                "title_link": "https:\/\/community.servicenow.com\/thread\/220141",
                "text": "While viewing USERS table, users that belong to Mahle company, have image belong USERID field. Does anybody know how to do this? I can't find any script",
                "fallback": "How to display image belong the userID field? | ServiceNow Community",
                "from_url": "https:\/\/community.servicenow.com\/thread\/220141",
                "id": 1
            }
        ],
        "type": "message",
        "subtype": "bot_message",
        "ts": "1460231773.004700"
    },
    {
        "text": "<https:\/\/community.servicenow.com\/thread\/220131|Business Rule - Updated by Field>\nHi Guys.  I have a small problem with the Updated by field.   My company has implemented a single sign on, and we had to update the user id field to a unique reference number for our company.    I think the best way would be to implement a business",
        "username": "ServiceNow Community : All Content - All Communities",
        "icons": {
            "image_36": "https:\/\/a.slack-edge.com\/66f9\/img\/services\/rss_36.png",
            "image_48": "https:\/\/a.slack-edge.com\/66f9\/img\/services\/rss_48.png",
            "image_72": "https:\/\/a.slack-edge.com\/205a\/img\/services\/rss_72.png"
        },
        "bot_id": "B0K75EKEC",
        "attachments": [
            {
                "title": "Business Rule - Updated by Field | ServiceNow Community",
                "title_link": "https:\/\/community.servicenow.com\/thread\/220131",
                "text": "Hi Guys. I have a small problem with the Updated by field. My company has implemented a single sign on, and we had to update the user id field to a",
                "fallback": "Business Rule - Updated by Field | ServiceNow Community",
                "from_url": "https:\/\/community.servicenow.com\/thread\/220131",
                "id": 1
            }
        ],
        "type": "message",
        "subtype": "bot_message",
        "ts": "1460235972.004702"
    },
    {
        "text": "<https:\/\/community.servicenow.com\/thread\/220148|How do I develop an Incident creation template with a field that enforces mandatory fields>\nWe currently use template to create new incidents.  Our create new incident page in ServiceNow has a number of mandatory fields. At the moment our template bypasses business rules such as certain field being mandatory. How can I make the template enforce",
        "username": "ServiceNow Community : All Content - All Communities",
        "icons": {
            "image_36": "https:\/\/a.slack-edge.com\/66f9\/img\/services\/rss_36.png",
            "image_48": "https:\/\/a.slack-edge.com\/66f9\/img\/services\/rss_48.png",
            "image_72": "https:\/\/a.slack-edge.com\/205a\/img\/services\/rss_72.png"
        },
        "bot_id": "B0K75EKEC",
        "attachments": [
            {
                "title": "How do I develop an Incident creation template ... | ServiceNow Community",
                "title_link": "https:\/\/community.servicenow.com\/thread\/220148",
                "text": "We currently use template to create new incidents. Our create new incident page in ServiceNow has a number of mandatory fields. At the moment our",
                "fallback": "How do I develop an Incident creation template ... | ServiceNow Community",
                "from_url": "https:\/\/community.servicenow.com\/thread\/220148",
                "id": 1
            }
        ],
        "type": "message",
        "subtype": "bot_message",
        "ts": "1460257272.004704"
    }
]