[
    {
        "text": "<https:\/\/community.servicenow.com\/thread\/217661|Can't read posts in acitivity log>\nI noticed som strange behavior in our records. I don't know when this have occurred, if it a OOB behavior or something happend during the implementation.    But if an end user writes an additional comment it can see it in the log and press the + to",
        "username": "ServiceNow Community : All Content - All Communities",
        "icons": {
            "image_36": "https:\/\/slack.global.ssl.fastly.net\/66f9\/img\/services\/rss_36.png",
            "image_48": "https:\/\/slack.global.ssl.fastly.net\/66f9\/img\/services\/rss_48.png",
            "image_72": "https:\/\/slack.global.ssl.fastly.net\/205a\/img\/services\/rss_72.png"
        },
        "bot_id": "B0K75EKEC",
        "attachments": [
            {
                "title": "Can't read posts in acitivity log | ServiceNow Community",
                "title_link": "https:\/\/community.servicenow.com\/thread\/217661",
                "text": "I noticed som strange behavior in our records. I don't know when this have occurred, if it a OOB behavior or something happend during the implementation.",
                "fallback": "Can't read posts in acitivity log | ServiceNow Community",
                "from_url": "https:\/\/community.servicenow.com\/thread\/217661",
                "id": 1
            }
        ],
        "type": "message",
        "subtype": "bot_message",
        "ts": "1457780173.004792"
    },
    {
        "text": "<https:\/\/community.servicenow.com\/thread\/217634|Regarding Record Producer>\nHi All,    In a record producer, I have to populate some of the incident fields with default value. Could anyone tell me how do I do it.   Say for example - need to fill in assigned to field to some default value in incident form after user submits",
        "username": "ServiceNow Community : All Content - All Communities",
        "icons": {
            "image_36": "https:\/\/slack.global.ssl.fastly.net\/66f9\/img\/services\/rss_36.png",
            "image_48": "https:\/\/slack.global.ssl.fastly.net\/66f9\/img\/services\/rss_48.png",
            "image_72": "https:\/\/slack.global.ssl.fastly.net\/205a\/img\/services\/rss_72.png"
        },
        "bot_id": "B0K75EKEC",
        "attachments": [
            {
                "title": "Regarding Record Producer | ServiceNow Community",
                "title_link": "https:\/\/community.servicenow.com\/thread\/217634",
                "text": "Hi All, In a record producer, I have to populate some of the incident fields with default value. Could anyone tell me how do I do it. Say for example",
                "fallback": "Regarding Record Producer | ServiceNow Community",
                "from_url": "https:\/\/community.servicenow.com\/thread\/217634",
                "id": 1
            }
        ],
        "type": "message",
        "subtype": "bot_message",
        "ts": "1457782269.004794"
    },
    {
        "text": "<https:\/\/community.servicenow.com\/thread\/217651|How to change less than or greater than symbol in Jelly script>\nWe have input box generated in Jelly, which allowing user to enter character. And whenever they entered symbols like &amp;, , ¬ are changing into special characters.  I am successfully replacing &amp; into and .  for an example :-",
        "username": "ServiceNow Community : All Content - All Communities",
        "icons": {
            "image_36": "https:\/\/slack.global.ssl.fastly.net\/66f9\/img\/services\/rss_36.png",
            "image_48": "https:\/\/slack.global.ssl.fastly.net\/66f9\/img\/services\/rss_48.png",
            "image_72": "https:\/\/slack.global.ssl.fastly.net\/205a\/img\/services\/rss_72.png"
        },
        "bot_id": "B0K75EKEC",
        "type": "message",
        "subtype": "bot_message",
        "ts": "1457801170.004796"
    },
    {
        "text": "<https:\/\/community.servicenow.com\/thread\/217642|Can you edit the fields displayed on VTB cards?>\nWe want to edit the information that is displayed on a VTB card while still viewing the task board and not opening each card or record.  Is that possible?",
        "username": "ServiceNow Community : All Content - All Communities",
        "icons": {
            "image_36": "https:\/\/slack.global.ssl.fastly.net\/66f9\/img\/services\/rss_36.png",
            "image_48": "https:\/\/slack.global.ssl.fastly.net\/66f9\/img\/services\/rss_48.png",
            "image_72": "https:\/\/slack.global.ssl.fastly.net\/205a\/img\/services\/rss_72.png"
        },
        "bot_id": "B0K75EKEC",
        "attachments": [
            {
                "title": "Can you edit the fields displayed on VTB cards? | ServiceNow Community",
                "title_link": "https:\/\/community.servicenow.com\/thread\/217642",
                "text": "We want to edit the information that is displayed on a VTB card while still viewing the task board and not opening each card or record.  Is that possible?",
                "fallback": "Can you edit the fields displayed on VTB cards? | ServiceNow Community",
                "from_url": "https:\/\/community.servicenow.com\/thread\/217642",
                "id": 1
            }
        ],
        "type": "message",
        "subtype": "bot_message",
        "ts": "1457805672.004797"
    },
    {
        "text": "<https:\/\/community.servicenow.com\/thread\/217652|Service Catalog Items in Service Management Applications>\nI've created a Service Management application using a Template in order to manage types of requests that need to be kept separate from ITSM Requests.  I expected Catalog Items in my new application to create Request Records in that application, but",
        "username": "ServiceNow Community : All Content - All Communities",
        "icons": {
            "image_36": "https:\/\/slack.global.ssl.fastly.net\/66f9\/img\/services\/rss_36.png",
            "image_48": "https:\/\/slack.global.ssl.fastly.net\/66f9\/img\/services\/rss_48.png",
            "image_72": "https:\/\/slack.global.ssl.fastly.net\/205a\/img\/services\/rss_72.png"
        },
        "bot_id": "B0K75EKEC",
        "attachments": [
            {
                "title": "Service Catalog Items in Service Management App... | ServiceNow Community",
                "title_link": "https:\/\/community.servicenow.com\/thread\/217652",
                "text": "I've created a Service Management application using a Template in order to manage types of requests that need to be kept separate from ITSM Requests.  I",
                "fallback": "Service Catalog Items in Service Management App... | ServiceNow Community",
                "from_url": "https:\/\/community.servicenow.com\/thread\/217652",
                "id": 1
            }
        ],
        "type": "message",
        "subtype": "bot_message",
        "ts": "1457819469.000002"
    },
    {
        "text": "<https:\/\/community.servicenow.com\/groups\/servicenow-user-group-us-richmond\/blog\/2016\/03\/12\/sign-up-for-the-performance-analytics-workshop-at-the-richmond-snug|Sign up for the Performance Analytics Workshop at the Richmond SNUG!>\nAt the upcoming Richmond SNUG we will be hosting an optional Performance Analytics Workshop<http:\/\/info.servicenow.com\/LP=4986> in the morning before the SNUG begins. In this hands-on workshop, you will build a Performance Analytics dashboard for service",
        "username": "ServiceNow Community : All Content - All Communities",
        "icons": {
            "image_36": "https:\/\/slack.global.ssl.fastly.net\/66f9\/img\/services\/rss_36.png",
            "image_48": "https:\/\/slack.global.ssl.fastly.net\/66f9\/img\/services\/rss_48.png",
            "image_72": "https:\/\/slack.global.ssl.fastly.net\/205a\/img\/services\/rss_72.png"
        },
        "bot_id": "B0K75EKEC",
        "attachments": [
            {
                "title": "ServiceNow User Group - US - Richmond: Sign up ... | ServiceNow Community",
                "title_link": "https:\/\/community.servicenow.com\/groups\/servicenow-user-group-us-richmond\/blog\/2016\/03\/12\/sign-up-for-the-performance-analytics-workshop-at-the-richmond-snug",
                "text": "At the upcoming Richmond SNUG we will be hosting an optional Performance Analytics Workshop<http:\/\/info.servicenow.com\/LP=4986> in the morning before the",
                "fallback": "ServiceNow User Group - US - Richmond: Sign up ... | ServiceNow Community",
                "from_url": "https:\/\/community.servicenow.com\/groups\/servicenow-user-group-us-richmond\/blog\/2016\/03\/12\/sign-up-for-the-performance-analytics-workshop-at-the-richmond-snug",
                "id": 1
            }
        ],
        "type": "message",
        "subtype": "bot_message",
        "ts": "1457825171.000004"
    },
    {
        "text": "<https:\/\/community.servicenow.com\/thread\/217636|PPM Training - Geneva Edition>\nI’m happy to share with this forum the availability of ServiceNow’s PPM training course – now upgraded for Geneva. The training has been entirely refreshed to include the many awesome features that Geneva brings. For those of you visual",
        "username": "ServiceNow Community : All Content - All Communities",
        "icons": {
            "image_36": "https:\/\/slack.global.ssl.fastly.net\/66f9\/img\/services\/rss_36.png",
            "image_48": "https:\/\/slack.global.ssl.fastly.net\/66f9\/img\/services\/rss_48.png",
            "image_72": "https:\/\/slack.global.ssl.fastly.net\/205a\/img\/services\/rss_72.png"
        },
        "bot_id": "B0K75EKEC",
        "attachments": [
            {
                "title": "PPM Training - Geneva Edition | ServiceNow Community",
                "title_link": "https:\/\/community.servicenow.com\/thread\/217636",
                "text": "I’m happy to share with this forum the availability of ServiceNow’s PPM training course – now upgraded for Geneva. The training has been entirely",
                "fallback": "PPM Training - Geneva Edition | ServiceNow Community",
                "from_url": "https:\/\/community.servicenow.com\/thread\/217636",
                "id": 1
            }
        ],
        "type": "message",
        "subtype": "bot_message",
        "ts": "1457846167.000006"
    },
    {
        "text": "<https:\/\/community.servicenow.com\/thread\/217637|Not able to merge 3 datasets in custom trend chart>\nHi All,    I am trying to create a trend chart with three trend lines. I am able to merge 2 datasets (i.e. I am able to see 2 trend lines), but when I try to merge one more dataset it doesnt work. I still see only two trend lines in my chart.  ",
        "username": "ServiceNow Community : All Content - All Communities",
        "icons": {
            "image_36": "https:\/\/slack.global.ssl.fastly.net\/66f9\/img\/services\/rss_36.png",
            "image_48": "https:\/\/slack.global.ssl.fastly.net\/66f9\/img\/services\/rss_48.png",
            "image_72": "https:\/\/slack.global.ssl.fastly.net\/205a\/img\/services\/rss_72.png"
        },
        "bot_id": "B0K75EKEC",
        "attachments": [
            {
                "title": "Not able to merge 3 datasets in custom trend chart | ServiceNow Community",
                "title_link": "https:\/\/community.servicenow.com\/thread\/217637",
                "text": "Hi All, I am trying to create a trend chart with three trend lines. I am able to merge 2 datasets (i.e. I am able to see 2 trend lines), but when I try",
                "fallback": "Not able to merge 3 datasets in custom trend chart | ServiceNow Community",
                "from_url": "https:\/\/community.servicenow.com\/thread\/217637",
                "id": 1
            }
        ],
        "type": "message",
        "subtype": "bot_message",
        "ts": "1457851870.000008"
    },
    {
        "text": "<https:\/\/community.servicenow.com\/thread\/217643|Is it possible to slide the search &amp; chat elements from right of the screen?>\nHi,    In the CMS site, we are trying to do the search and chat elements to slide from the right to the center of the screen. The 'search' and 'chat' will be there in all the screens. When user clicks on 'search' icon, the search field slides to the",
        "username": "ServiceNow Community : All Content - All Communities",
        "icons": {
            "image_36": "https:\/\/slack.global.ssl.fastly.net\/66f9\/img\/services\/rss_36.png",
            "image_48": "https:\/\/slack.global.ssl.fastly.net\/66f9\/img\/services\/rss_48.png",
            "image_72": "https:\/\/slack.global.ssl.fastly.net\/205a\/img\/services\/rss_72.png"
        },
        "bot_id": "B0K75EKEC",
        "attachments": [
            {
                "title": "Is it possible to slide the search &amp; chat eleme... | ServiceNow Community",
                "title_link": "https:\/\/community.servicenow.com\/thread\/217643",
                "text": "Hi, In the CMS site, we are trying to do the search and chat elements to slide from the right to the center of the screen. The 'search' and 'chat' will",
                "fallback": "Is it possible to slide the search &amp; chat eleme... | ServiceNow Community",
                "from_url": "https:\/\/community.servicenow.com\/thread\/217643",
                "id": 1
            }
        ],
        "type": "message",
        "subtype": "bot_message",
        "ts": "1457851870.000009"
    },
    {
        "text": "<https:\/\/community.servicenow.com\/thread\/217644|Hide elements on reference table popup window>\nHi,    This question is for our CMS site.    When I click on the reference lookup icon, it opens the table records in a popup window. Is it possible to hide elements in the window? I also need to alter the column names of that table. This",
        "username": "ServiceNow Community : All Content - All Communities",
        "icons": {
            "image_36": "https:\/\/slack.global.ssl.fastly.net\/66f9\/img\/services\/rss_36.png",
            "image_48": "https:\/\/slack.global.ssl.fastly.net\/66f9\/img\/services\/rss_48.png",
            "image_72": "https:\/\/slack.global.ssl.fastly.net\/205a\/img\/services\/rss_72.png"
        },
        "bot_id": "B0K75EKEC",
        "attachments": [
            {
                "title": "Hide elements on reference table popup window | ServiceNow Community",
                "title_link": "https:\/\/community.servicenow.com\/thread\/217644",
                "text": "Hi, This question is for our CMS site. When I click on the reference lookup icon, it opens the table records in a popup window. Is it possible to",
                "fallback": "Hide elements on reference table popup window | ServiceNow Community",
                "from_url": "https:\/\/community.servicenow.com\/thread\/217644",
                "id": 1
            }
        ],
        "type": "message",
        "subtype": "bot_message",
        "ts": "1457853668.000012"
    }
]