[
    {
        "user": "U0E96U52M",
        "members": [
            "U0E2H2X5G",
            "U0E33U6BX",
            "U0E36J5EU",
            "U0E96U52M",
            "U0EA00QCB",
            "U0EDHLAV8",
            "U0EDZ1736",
            "U0ELNCKSM",
            "U0F4B2B4H",
            "U0FRJDSS2",
            "U0H7HTAMT",
            "U0J8LAG2V",
            "U0J9S1GHX",
            "U0JLGGRB7",
            "U0JNN4DH6",
            "U0K63FH8B",
            "U0K6512F4",
            "U0K654FDX",
            "U0KC56QKC",
            "U0KP0QZC1",
            "U0L448W69",
            "U0LCM1QPQ",
            "U0LCZUS8Z",
            "U0NDN22TY",
            "U0NSTT17Y",
            "U0SQ260SF",
            "U0VFKM3KN",
            "U0Y6D2Z8U",
            "U15LF2CTD",
            "U16HYU9TL",
            "U171U8TD4",
            "U18C7D1BM",
            "U19J9T50E",
            "U1DPSK7MH",
            "U1PN4FX43",
            "U1RPNDE30",
            "U1TT7KVMG",
            "U1VQGTRV5",
            "U1WJT2FQV",
            "U1ZN4S5JM",
            "U204U18LW",
            "U21S2T09E",
            "U22NEP4RY",
            "U235A44S0",
            "U23KRB6J0"
        ],
        "text": "<@U0E96U52M|jace> archived the channel (w\/ 45 members)",
        "type": "message",
        "subtype": "channel_archive",
        "ts": "1473864976.000004"
    }
]