[
    {
        "text": "<https:\/\/community.servicenow.com\/thread\/216350|Custom Filter as homepage>\nHi All    I hope this is posted in the right place.    I am trying to configure Service now to auto refresh the page view.    I have a custom filter that is saved on the left-hand column, whenever I hit F5 Service Now goes to the home",
        "username": "ServiceNow Community : All Content - All Communities",
        "icons": {
            "image_36": "https:\/\/slack.global.ssl.fastly.net\/66f9\/img\/services\/rss_36.png",
            "image_48": "https:\/\/slack.global.ssl.fastly.net\/66f9\/img\/services\/rss_48.png",
            "image_72": "https:\/\/slack.global.ssl.fastly.net\/205a\/img\/services\/rss_72.png"
        },
        "bot_id": "B0K75EKEC",
        "attachments": [
            {
                "title": "Custom Filter as homepage | ServiceNow Community",
                "title_link": "https:\/\/community.servicenow.com\/thread\/216350",
                "text": "Hi All I hope this is posted in the right place. I am trying to configure Service now to auto refresh the page view. I have a custom filter that",
                "fallback": "Custom Filter as homepage | ServiceNow Community",
                "from_url": "https:\/\/community.servicenow.com\/thread\/216350",
                "id": 1
            }
        ],
        "type": "message",
        "subtype": "bot_message",
        "ts": "1456583171.002356"
    },
    {
        "text": "<https:\/\/community.servicenow.com\/thread\/216314|VIP Icon on Task table>\nHi,    I want the VIP that is visible on Incident list view same to be visible on the Task table for the same ticket.    At present we have configuration of the VIP Icon on caller field but if would be on some other field that we do have on the",
        "username": "ServiceNow Community : All Content - All Communities",
        "icons": {
            "image_36": "https:\/\/slack.global.ssl.fastly.net\/66f9\/img\/services\/rss_36.png",
            "image_48": "https:\/\/slack.global.ssl.fastly.net\/66f9\/img\/services\/rss_48.png",
            "image_72": "https:\/\/slack.global.ssl.fastly.net\/205a\/img\/services\/rss_72.png"
        },
        "bot_id": "B0K75EKEC",
        "attachments": [
            {
                "title": "VIP Icon on Task table | ServiceNow Community",
                "title_link": "https:\/\/community.servicenow.com\/thread\/216314",
                "text": "Hi, I want the VIP that is visible on Incident list view same to be visible on the Task table for the same ticket. At present we have configuration",
                "fallback": "VIP Icon on Task table | ServiceNow Community",
                "from_url": "https:\/\/community.servicenow.com\/thread\/216314",
                "id": 1
            }
        ],
        "type": "message",
        "subtype": "bot_message",
        "ts": "1456585872.002358"
    },
    {
        "text": "<https:\/\/community.servicenow.com\/thread\/216326|Slush Bucket :: Counters for each side?>\nHi,    In our instance we have many cases where the slush bucket (List Collector) is used and in many of those cases the numbers are HUGE.. for example we want to select from hundreds of serial numbers in inventory to create a list possibly hundreds",
        "username": "ServiceNow Community : All Content - All Communities",
        "icons": {
            "image_36": "https:\/\/slack.global.ssl.fastly.net\/66f9\/img\/services\/rss_36.png",
            "image_48": "https:\/\/slack.global.ssl.fastly.net\/66f9\/img\/services\/rss_48.png",
            "image_72": "https:\/\/slack.global.ssl.fastly.net\/205a\/img\/services\/rss_72.png"
        },
        "bot_id": "B0K75EKEC",
        "attachments": [
            {
                "title": "Slush Bucket :: Counters for each side? | ServiceNow Community",
                "title_link": "https:\/\/community.servicenow.com\/thread\/216326",
                "text": "Hi, In our instance we have many cases where the slush bucket (List Collector) is used and in many of those cases the numbers are HUGE.. for example we",
                "fallback": "Slush Bucket :: Counters for each side? | ServiceNow Community",
                "from_url": "https:\/\/community.servicenow.com\/thread\/216326",
                "id": 1
            }
        ],
        "type": "message",
        "subtype": "bot_message",
        "ts": "1456590970.002360"
    },
    {
        "text": "<https:\/\/community.servicenow.com\/thread\/216351|Customer&lowbar;admin>\nHello everyone,     - Has anyone created a customer_admin role and granted the following abilities to that role.  View all companies records  manage users for company?  Set primary &amp; secondary contacts?  If you have would you mind sharing your",
        "username": "ServiceNow Community : All Content - All Communities",
        "icons": {
            "image_36": "https:\/\/slack.global.ssl.fastly.net\/66f9\/img\/services\/rss_36.png",
            "image_48": "https:\/\/slack.global.ssl.fastly.net\/66f9\/img\/services\/rss_48.png",
            "image_72": "https:\/\/slack.global.ssl.fastly.net\/205a\/img\/services\/rss_72.png"
        },
        "bot_id": "B0K75EKEC",
        "attachments": [
            {
                "title": "Customer_admin | ServiceNow Community",
                "title_link": "https:\/\/community.servicenow.com\/thread\/216351",
                "text": "Hello everyone, - Has anyone created a customer_admin role and granted the following abilities to that role. View all companies records manage users",
                "fallback": "Customer_admin | ServiceNow Community",
                "from_url": "https:\/\/community.servicenow.com\/thread\/216351",
                "id": 1
            }
        ],
        "type": "message",
        "subtype": "bot_message",
        "ts": "1456600870.002362"
    },
    {
        "text": "<https:\/\/community.servicenow.com\/thread\/216327|Upgrade to Geneva Hot Fix 2 issue with instance 10495 now>\nI received an email that basically said:  Your personal development instance: dev10495 is scheduled to be upgraded to Geneva Patch 3 Hot Fix 2. Unfortunately this action has taken longer than expected or failed. The ServiceNow developer team has been",
        "username": "ServiceNow Community : All Content - All Communities",
        "icons": {
            "image_36": "https:\/\/slack.global.ssl.fastly.net\/66f9\/img\/services\/rss_36.png",
            "image_48": "https:\/\/slack.global.ssl.fastly.net\/66f9\/img\/services\/rss_48.png",
            "image_72": "https:\/\/slack.global.ssl.fastly.net\/205a\/img\/services\/rss_72.png"
        },
        "bot_id": "B0K75EKEC",
        "attachments": [
            {
                "title": "Upgrade to Geneva Hot Fix 2 issue with instance... | ServiceNow Community",
                "title_link": "https:\/\/community.servicenow.com\/thread\/216327",
                "text": "I received an email that basically said: Your personal development instance: dev10495 is scheduled to be upgraded to Geneva Patch 3 Hot Fix 2.",
                "fallback": "Upgrade to Geneva Hot Fix 2 issue with instance... | ServiceNow Community",
                "from_url": "https:\/\/community.servicenow.com\/thread\/216327",
                "id": 1
            }
        ],
        "type": "message",
        "subtype": "bot_message",
        "ts": "1456604470.002364"
    },
    {
        "text": "<https:\/\/community.servicenow.com\/thread\/216352|Generate a report from an SLA that shows how long a ticket was assigned to a group>\nI am currently figuring out how we could generate a report from the task_sla table which shows how long a ticket was assigned to a particular group.  Given the default fields on the table there is none that computes for this.    I currently have a",
        "username": "ServiceNow Community : All Content - All Communities",
        "icons": {
            "image_36": "https:\/\/slack.global.ssl.fastly.net\/66f9\/img\/services\/rss_36.png",
            "image_48": "https:\/\/slack.global.ssl.fastly.net\/66f9\/img\/services\/rss_48.png",
            "image_72": "https:\/\/slack.global.ssl.fastly.net\/205a\/img\/services\/rss_72.png"
        },
        "bot_id": "B0K75EKEC",
        "attachments": [
            {
                "title": "Generate a report from an SLA that shows how lo... | ServiceNow Community",
                "title_link": "https:\/\/community.servicenow.com\/thread\/216352",
                "text": "I am currently figuring out how we could generate a report from the task_sla table which shows how long a ticket was assigned to a particular group.",
                "fallback": "Generate a report from an SLA that shows how lo... | ServiceNow Community",
                "from_url": "https:\/\/community.servicenow.com\/thread\/216352",
                "id": 1
            }
        ],
        "type": "message",
        "subtype": "bot_message",
        "ts": "1456630573.002366"
    }
]