[
    {
        "user": "U15LF2CTD",
        "type": "message",
        "subtype": "channel_join",
        "text": "<@U15LF2CTD|pduff> has joined the channel",
        "ts": "1462282645.002138"
    },
    {
        "type": "message",
        "user": "U0E36J5EU",
        "text": "\/giphy pleased",
        "attachments": [
            {
                "fallback": "giphy: <http:\/\/giphy.com\/gifs\/yes-pleased-ZSCSpqycFHbDG>",
                "image_url": "http:\/\/media.giphy.com\/media\/ZSCSpqycFHbDG\/giphy-tumblr.gif",
                "image_width": 250,
                "image_height": 170,
                "image_bytes": 1161313,
                "is_animated": true,
                "title": "pleased",
                "id": 1,
                "title_link": "http:\/\/giphy.com\/gifs\/yes-pleased-ZSCSpqycFHbDG"
            }
        ],
        "ts": "1462313889.002139"
    }
]