[
    {
        "text": "<https:\/\/community.servicenow.com\/thread\/220798|How can I change my email address and username on my profile?>\nMy community profile is using an old business email address as my username, and my personal email address as my Business Address.    Is there anyway to change these on my profile??",
        "username": "ServiceNow Community : All Content - All Communities",
        "icons": {
            "image_36": "https:\/\/a.slack-edge.com\/66f9\/img\/services\/rss_36.png",
            "image_48": "https:\/\/a.slack-edge.com\/66f9\/img\/services\/rss_48.png",
            "image_72": "https:\/\/a.slack-edge.com\/205a\/img\/services\/rss_72.png"
        },
        "bot_id": "B0K75EKEC",
        "attachments": [
            {
                "title": "How can I change my email address and username ... | ServiceNow Community",
                "title_link": "https:\/\/community.servicenow.com\/thread\/220798",
                "text": "My community profile is using an old business email address as my username, and my personal email address as my Business Address. Is there anyway to",
                "fallback": "How can I change my email address and username ... | ServiceNow Community",
                "from_url": "https:\/\/community.servicenow.com\/thread\/220798",
                "id": 1
            }
        ],
        "type": "message",
        "subtype": "bot_message",
        "ts": "1460880968.000028"
    },
    {
        "text": "<https:\/\/community.servicenow.com\/thread\/220789|Outbound REST call where ServiceNow is OAuth Provider>\nHi,    I'm looking at a integration scenario where the API of a third party application should be called via REST.    We can't provide username \/ password for the external application so we would like to try and use oAuth to meet this",
        "username": "ServiceNow Community : All Content - All Communities",
        "icons": {
            "image_36": "https:\/\/a.slack-edge.com\/66f9\/img\/services\/rss_36.png",
            "image_48": "https:\/\/a.slack-edge.com\/66f9\/img\/services\/rss_48.png",
            "image_72": "https:\/\/a.slack-edge.com\/205a\/img\/services\/rss_72.png"
        },
        "bot_id": "B0K75EKEC",
        "attachments": [
            {
                "title": "Outbound REST call where ServiceNow is OAuth Pr... | ServiceNow Community",
                "title_link": "https:\/\/community.servicenow.com\/thread\/220789",
                "text": "Hi, I'm looking at a integration scenario where the API of a third party application should be called via REST. We can't provide username \/ password",
                "fallback": "Outbound REST call where ServiceNow is OAuth Pr... | ServiceNow Community",
                "from_url": "https:\/\/community.servicenow.com\/thread\/220789",
                "id": 1
            }
        ],
        "type": "message",
        "subtype": "bot_message",
        "ts": "1460888771.000030"
    },
    {
        "text": "<https:\/\/community.servicenow.com\/thread\/220781|How to customize field label in reports?>\nHi All,    We have an requirement to customize the label in the report generated for incidents. In incident table the label is ID (ID is through Number Maintenance). But we need this to be changed to Incident Number in the excel report generated.",
        "username": "ServiceNow Community : All Content - All Communities",
        "icons": {
            "image_36": "https:\/\/a.slack-edge.com\/66f9\/img\/services\/rss_36.png",
            "image_48": "https:\/\/a.slack-edge.com\/66f9\/img\/services\/rss_48.png",
            "image_72": "https:\/\/a.slack-edge.com\/205a\/img\/services\/rss_72.png"
        },
        "bot_id": "B0K75EKEC",
        "attachments": [
            {
                "title": "How to customize field label in reports? | ServiceNow Community",
                "title_link": "https:\/\/community.servicenow.com\/thread\/220781",
                "text": "Hi All, We have an requirement to customize the label in the report generated for incidents. In incident table the label is ID (ID is through Number",
                "fallback": "How to customize field label in reports? | ServiceNow Community",
                "from_url": "https:\/\/community.servicenow.com\/thread\/220781",
                "id": 1
            }
        ],
        "type": "message",
        "subtype": "bot_message",
        "ts": "1460892671.000032"
    },
    {
        "text": "<https:\/\/community.servicenow.com\/thread\/220755|Total all Records in a List That Meet Certain Conditions>\nOn our 'Release' form there is a tab named 'Scrum Releases'.  Beneath the tab named 'Scrum Releases', there is a list of all stories within the referenced scrum release.    The client would like a field on the tab named 'Scrum Releases'. ",
        "username": "ServiceNow Community : All Content - All Communities",
        "icons": {
            "image_36": "https:\/\/a.slack-edge.com\/66f9\/img\/services\/rss_36.png",
            "image_48": "https:\/\/a.slack-edge.com\/66f9\/img\/services\/rss_48.png",
            "image_72": "https:\/\/a.slack-edge.com\/205a\/img\/services\/rss_72.png"
        },
        "bot_id": "B0K75EKEC",
        "attachments": [
            {
                "title": "Total all Records in a List That Meet Certain C... | ServiceNow Community",
                "title_link": "https:\/\/community.servicenow.com\/thread\/220755",
                "text": "On our 'Release' form there is a tab named 'Scrum Releases'.  Beneath the tab named 'Scrum Releases', there is a list of all stories within the referenced",
                "fallback": "Total all Records in a List That Meet Certain C... | ServiceNow Community",
                "from_url": "https:\/\/community.servicenow.com\/thread\/220755",
                "id": 1
            }
        ],
        "type": "message",
        "subtype": "bot_message",
        "ts": "1460893871.000034"
    },
    {
        "text": "<https:\/\/community.servicenow.com\/thread\/220756|How do I export only selected rows (rows selected by checking box) to an Excel spreadsheet ?>\nHow do I export only selected rows (rows selected by checking box) to an Excel spreadsheet?    I want to only export the selected items to a spreadsheet.",
        "username": "ServiceNow Community : All Content - All Communities",
        "icons": {
            "image_36": "https:\/\/a.slack-edge.com\/66f9\/img\/services\/rss_36.png",
            "image_48": "https:\/\/a.slack-edge.com\/66f9\/img\/services\/rss_48.png",
            "image_72": "https:\/\/a.slack-edge.com\/205a\/img\/services\/rss_72.png"
        },
        "bot_id": "B0K75EKEC",
        "attachments": [
            {
                "title": "How do I export only selected rows (rows select... | ServiceNow Community",
                "title_link": "https:\/\/community.servicenow.com\/thread\/220756",
                "text": "How do I export only selected rows (rows selected by checking box) to an Excel spreadsheet? I want to only export the selected items to a spreadsheet.",
                "fallback": "How do I export only selected rows (rows select... | ServiceNow Community",
                "from_url": "https:\/\/community.servicenow.com\/thread\/220756",
                "id": 1
            }
        ],
        "type": "message",
        "subtype": "bot_message",
        "ts": "1460900768.000036"
    },
    {
        "text": "<https:\/\/community.servicenow.com\/thread\/220799|request category is missing>\nHello,    I have an issue with Request catalogue wherein the category in admin user is showing all of the category but when I impersonate other user that is not admin it lessen the category.    Admin:        Non Admin:      ",
        "username": "ServiceNow Community : All Content - All Communities",
        "icons": {
            "image_36": "https:\/\/a.slack-edge.com\/66f9\/img\/services\/rss_36.png",
            "image_48": "https:\/\/a.slack-edge.com\/66f9\/img\/services\/rss_48.png",
            "image_72": "https:\/\/a.slack-edge.com\/205a\/img\/services\/rss_72.png"
        },
        "bot_id": "B0K75EKEC",
        "attachments": [
            {
                "title": "request category is missing | ServiceNow Community",
                "title_link": "https:\/\/community.servicenow.com\/thread\/220799",
                "text": "Hello, I have an issue with Request catalogue wherein the category in admin user is showing all of the category but when I impersonate other user that",
                "fallback": "request category is missing | ServiceNow Community",
                "from_url": "https:\/\/community.servicenow.com\/thread\/220799",
                "id": 1
            }
        ],
        "type": "message",
        "subtype": "bot_message",
        "ts": "1460906473.000038"
    },
    {
        "text": "<https:\/\/community.servicenow.com\/thread\/220800|Archival Does not work on hr_case table?>\nI have setup the archive rule on hr_case table for testing purpose with condition as \"state is closed complete\"        Estimated records as highlighted in \"red rectangle\" shows the count of 3 which is correct.  But when i run this rule, I see",
        "username": "ServiceNow Community : All Content - All Communities",
        "icons": {
            "image_36": "https:\/\/a.slack-edge.com\/66f9\/img\/services\/rss_36.png",
            "image_48": "https:\/\/a.slack-edge.com\/66f9\/img\/services\/rss_48.png",
            "image_72": "https:\/\/a.slack-edge.com\/205a\/img\/services\/rss_72.png"
        },
        "bot_id": "B0K75EKEC",
        "attachments": [
            {
                "title": "Archival Does not work on hr_case table? | ServiceNow Community",
                "title_link": "https:\/\/community.servicenow.com\/thread\/220800",
                "text": "I have setup the archive rule on hr_case table for testing purpose with condition as \"state is closed complete\" Estimated records as highlighted in",
                "fallback": "Archival Does not work on hr_case table? | ServiceNow Community",
                "from_url": "https:\/\/community.servicenow.com\/thread\/220800",
                "id": 1
            }
        ],
        "type": "message",
        "subtype": "bot_message",
        "ts": "1460907668.000040"
    },
    {
        "text": "<https:\/\/community.servicenow.com\/thread\/220801|How to create VIP users from email>\nHey Team,    I have a requirement. I have a case where if my higher management sends a email in servicenow, a new user should be created in the system and it should be a VIP user. I am really sure what is the best practice here. Please suggest some",
        "username": "ServiceNow Community : All Content - All Communities",
        "icons": {
            "image_36": "https:\/\/a.slack-edge.com\/66f9\/img\/services\/rss_36.png",
            "image_48": "https:\/\/a.slack-edge.com\/66f9\/img\/services\/rss_48.png",
            "image_72": "https:\/\/a.slack-edge.com\/205a\/img\/services\/rss_72.png"
        },
        "bot_id": "B0K75EKEC",
        "attachments": [
            {
                "title": "How to create VIP users from email | ServiceNow Community",
                "title_link": "https:\/\/community.servicenow.com\/thread\/220801",
                "text": "Hey Team, I have a requirement. I have a case where if my higher management sends a email in servicenow, a new user should be created in the system and",
                "fallback": "How to create VIP users from email | ServiceNow Community",
                "from_url": "https:\/\/community.servicenow.com\/thread\/220801",
                "id": 1
            }
        ],
        "type": "message",
        "subtype": "bot_message",
        "ts": "1460908569.000042"
    },
    {
        "text": "<https:\/\/community.servicenow.com\/thread\/220757|Not getting value of filed using \" g_form.getValue(\"Filed Name\")\">\nI have a user defined filed(u_in_freeze_window) in Change form, which is read only through \"Configuration Dict.\"  I tried to get the value of the filed in UI action using \"g_form.getValue(\"u_in_freeze_window\");\" but it gives  Blank Value",
        "username": "ServiceNow Community : All Content - All Communities",
        "icons": {
            "image_36": "https:\/\/a.slack-edge.com\/66f9\/img\/services\/rss_36.png",
            "image_48": "https:\/\/a.slack-edge.com\/66f9\/img\/services\/rss_48.png",
            "image_72": "https:\/\/a.slack-edge.com\/205a\/img\/services\/rss_72.png"
        },
        "bot_id": "B0K75EKEC",
        "attachments": [
            {
                "title": "Not getting value of filed using \" g_form.getVa... | ServiceNow Community",
                "title_link": "https:\/\/community.servicenow.com\/thread\/220757",
                "text": "I have a user defined filed(u_in_freeze_window) in Change form, which is read only through \"Configuration Dict.\"  I tried to get the value of the filed in",
                "fallback": "Not getting value of filed using \" g_form.getVa... | ServiceNow Community",
                "from_url": "https:\/\/community.servicenow.com\/thread\/220757",
                "id": 1
            }
        ],
        "type": "message",
        "subtype": "bot_message",
        "ts": "1460911274.000044"
    },
    {
        "text": "<https:\/\/community.servicenow.com\/thread\/220790|Business Rule Script>\nHey all of you scripters out there.    Wondering if you could help me.  This may be something very simple, but i'm just struggling.    We are playing with the idea of the Project module.  But it's a very broad spectrum and we dont",
        "username": "ServiceNow Community : All Content - All Communities",
        "icons": {
            "image_36": "https:\/\/a.slack-edge.com\/66f9\/img\/services\/rss_36.png",
            "image_48": "https:\/\/a.slack-edge.com\/66f9\/img\/services\/rss_48.png",
            "image_72": "https:\/\/a.slack-edge.com\/205a\/img\/services\/rss_72.png"
        },
        "bot_id": "B0K75EKEC",
        "attachments": [
            {
                "title": "Business Rule Script | ServiceNow Community",
                "title_link": "https:\/\/community.servicenow.com\/thread\/220790",
                "text": "Hey all of you scripters out there. Wondering if you could help me.  This may be something very simple, but i'm just struggling. We are playing with",
                "fallback": "Business Rule Script | ServiceNow Community",
                "from_url": "https:\/\/community.servicenow.com\/thread\/220790",
                "id": 1
            }
        ],
        "type": "message",
        "subtype": "bot_message",
        "ts": "1460934668.000046"
    },
    {
        "text": "<https:\/\/community.servicenow.com\/thread\/220782|Reporting on incident tickets initially assigned to a certain group and then updated by members of certain groups>\nHello folks,      Do you have any suggestions on creating this report:    We have a \"catch all\" assignment group for incidents which come in via email from users who are not part of any business unit (e.g. assignment group name is",
        "username": "ServiceNow Community : All Content - All Communities",
        "icons": {
            "image_36": "https:\/\/a.slack-edge.com\/66f9\/img\/services\/rss_36.png",
            "image_48": "https:\/\/a.slack-edge.com\/66f9\/img\/services\/rss_48.png",
            "image_72": "https:\/\/a.slack-edge.com\/205a\/img\/services\/rss_72.png"
        },
        "bot_id": "B0K75EKEC",
        "attachments": [
            {
                "title": "Reporting on incident tickets initially assigne... | ServiceNow Community",
                "title_link": "https:\/\/community.servicenow.com\/thread\/220782",
                "text": "Hello folks, Do you have any suggestions on creating this report: We have a \"catch all\" assignment group for incidents which come in via email",
                "fallback": "Reporting on incident tickets initially assigne... | ServiceNow Community",
                "from_url": "https:\/\/community.servicenow.com\/thread\/220782",
                "id": 1
            }
        ],
        "type": "message",
        "subtype": "bot_message",
        "ts": "1460937668.000048"
    },
    {
        "text": "<https:\/\/community.servicenow.com\/thread\/220802|Task option is missing in WorkFlow>\nMissing task options in Workflow Editor. Please help  ",
        "username": "ServiceNow Community : All Content - All Communities",
        "icons": {
            "image_36": "https:\/\/a.slack-edge.com\/66f9\/img\/services\/rss_36.png",
            "image_48": "https:\/\/a.slack-edge.com\/66f9\/img\/services\/rss_48.png",
            "image_72": "https:\/\/a.slack-edge.com\/205a\/img\/services\/rss_72.png"
        },
        "bot_id": "B0K75EKEC",
        "attachments": [
            {
                "title": "Task option is missing in WorkFlow | ServiceNow Community",
                "title_link": "https:\/\/community.servicenow.com\/thread\/220802",
                "text": "Missing task options in Workflow Editor. Please help",
                "fallback": "Task option is missing in WorkFlow | ServiceNow Community",
                "from_url": "https:\/\/community.servicenow.com\/thread\/220802",
                "id": 1
            }
        ],
        "type": "message",
        "subtype": "bot_message",
        "ts": "1460940669.000050"
    },
    {
        "text": "<https:\/\/community.servicenow.com\/thread\/220808|Contains in a UI Policy?>\nI am unable to use the \"contains\" qualifier in a UI Policy. Below is the issue I am experiencing.    This works:    This does not work:     I really want to get the second option to work, as it allows for future use (new project groups, etc). Any",
        "username": "ServiceNow Community : All Content - All Communities",
        "icons": {
            "image_36": "https:\/\/a.slack-edge.com\/66f9\/img\/services\/rss_36.png",
            "image_48": "https:\/\/a.slack-edge.com\/66f9\/img\/services\/rss_48.png",
            "image_72": "https:\/\/a.slack-edge.com\/205a\/img\/services\/rss_72.png"
        },
        "bot_id": "B0K75EKEC",
        "attachments": [
            {
                "title": "Contains in a UI Policy? | ServiceNow Community",
                "title_link": "https:\/\/community.servicenow.com\/thread\/220808",
                "text": "I am unable to use the \"contains\" qualifier in a UI Policy. Below is the issue I am experiencing. This works: This does not work: I really want",
                "fallback": "Contains in a UI Policy? | ServiceNow Community",
                "from_url": "https:\/\/community.servicenow.com\/thread\/220808",
                "id": 1
            }
        ],
        "type": "message",
        "subtype": "bot_message",
        "ts": "1460941572.000052"
    },
    {
        "text": "<https:\/\/community.servicenow.com\/thread\/220809|addQuery() Date This Week>\nHi - I'm attempting to write a query that only returns results when a field of type Date (called u_date_worked) contains a value in the current week.    This is what I'm trying, which results in an \"undefined\" error.       var rs",
        "username": "ServiceNow Community : All Content - All Communities",
        "icons": {
            "image_36": "https:\/\/a.slack-edge.com\/66f9\/img\/services\/rss_36.png",
            "image_48": "https:\/\/a.slack-edge.com\/66f9\/img\/services\/rss_48.png",
            "image_72": "https:\/\/a.slack-edge.com\/205a\/img\/services\/rss_72.png"
        },
        "bot_id": "B0K75EKEC",
        "attachments": [
            {
                "title": "addQuery() Date This Week | ServiceNow Community",
                "title_link": "https:\/\/community.servicenow.com\/thread\/220809",
                "text": "Hi - I'm attempting to write a query that only returns results when a field of type Date (called u_date_worked) contains a value in the current week.",
                "fallback": "addQuery() Date This Week | ServiceNow Community",
                "from_url": "https:\/\/community.servicenow.com\/thread\/220809",
                "id": 1
            }
        ],
        "type": "message",
        "subtype": "bot_message",
        "ts": "1460943670.000054"
    },
    {
        "text": "<https:\/\/community.servicenow.com\/thread\/220791|Get TimeZone based on User's location or Zipcode using APIs>\nHi All,    We have a scenario wherein, set User's TimeZone, based on their Location or Zip code. To make clear, none of the users has TimeZone set and not getting this information neither with LDAP or any internal HR system.Thinking to use any web",
        "username": "ServiceNow Community : All Content - All Communities",
        "icons": {
            "image_36": "https:\/\/a.slack-edge.com\/66f9\/img\/services\/rss_36.png",
            "image_48": "https:\/\/a.slack-edge.com\/66f9\/img\/services\/rss_48.png",
            "image_72": "https:\/\/a.slack-edge.com\/205a\/img\/services\/rss_72.png"
        },
        "bot_id": "B0K75EKEC",
        "attachments": [
            {
                "title": "Get TimeZone based on User's location or Zipcod... | ServiceNow Community",
                "title_link": "https:\/\/community.servicenow.com\/thread\/220791",
                "text": "Hi All, We have a scenario wherein, set User's TimeZone, based on their Location or Zip code. To make clear, none of the users has TimeZone set and not",
                "fallback": "Get TimeZone based on User's location or Zipcod... | ServiceNow Community",
                "from_url": "https:\/\/community.servicenow.com\/thread\/220791",
                "id": 1
            }
        ],
        "type": "message",
        "subtype": "bot_message",
        "ts": "1460943670.000055"
    },
    {
        "text": "<https:\/\/community.servicenow.com\/thread\/220784|what are item and item_table fileds in email notification?>\nwhat are item and item_table fileds in email notification?",
        "username": "ServiceNow Community : All Content - All Communities",
        "icons": {
            "image_36": "https:\/\/a.slack-edge.com\/66f9\/img\/services\/rss_36.png",
            "image_48": "https:\/\/a.slack-edge.com\/66f9\/img\/services\/rss_48.png",
            "image_72": "https:\/\/a.slack-edge.com\/205a\/img\/services\/rss_72.png"
        },
        "bot_id": "B0K75EKEC",
        "attachments": [
            {
                "title": "what are item and item_table fileds in email no... | ServiceNow Community",
                "title_link": "https:\/\/community.servicenow.com\/thread\/220784",
                "text": "what are item and item_table fileds in email notification?",
                "fallback": "what are item and item_table fileds in email no... | ServiceNow Community",
                "from_url": "https:\/\/community.servicenow.com\/thread\/220784",
                "id": 1
            }
        ],
        "type": "message",
        "subtype": "bot_message",
        "ts": "1460954173.000058"
    },
    {
        "text": "<https:\/\/community.servicenow.com\/thread\/220792|Display time field only in one timezone>\nHi All,    I have a time field on CI form, where in want to display the time always in Eastern time which is system time zone, though users changes to timezone preference fortime being or have different timezone in the user record. Actually, this",
        "username": "ServiceNow Community : All Content - All Communities",
        "icons": {
            "image_36": "https:\/\/a.slack-edge.com\/66f9\/img\/services\/rss_36.png",
            "image_48": "https:\/\/a.slack-edge.com\/66f9\/img\/services\/rss_48.png",
            "image_72": "https:\/\/a.slack-edge.com\/205a\/img\/services\/rss_72.png"
        },
        "bot_id": "B0K75EKEC",
        "attachments": [
            {
                "title": "Display time field only in one timezone | ServiceNow Community",
                "title_link": "https:\/\/community.servicenow.com\/thread\/220792",
                "text": "Hi All, I have a time field on CI form, where in want to display the time always in Eastern time which is system time zone, though users changes to",
                "fallback": "Display time field only in one timezone | ServiceNow Community",
                "from_url": "https:\/\/community.servicenow.com\/thread\/220792",
                "id": 1
            }
        ],
        "type": "message",
        "subtype": "bot_message",
        "ts": "1460955373.000060"
    },
    {
        "text": "<https:\/\/community.servicenow.com\/thread\/220785|I want to parameter module \"Service desk admin\">\nHi !    I want to parameter module \"Service desk admin\" specifically \"Service desk admin\" group only,  by service desk admin group have to role \"itil\", \"itil_admin\"        Thanks,  Suchawadee",
        "username": "ServiceNow Community : All Content - All Communities",
        "icons": {
            "image_36": "https:\/\/a.slack-edge.com\/66f9\/img\/services\/rss_36.png",
            "image_48": "https:\/\/a.slack-edge.com\/66f9\/img\/services\/rss_48.png",
            "image_72": "https:\/\/a.slack-edge.com\/205a\/img\/services\/rss_72.png"
        },
        "bot_id": "B0K75EKEC",
        "attachments": [
            {
                "title": "I want to parameter module \"Service desk admin\" | ServiceNow Community",
                "title_link": "https:\/\/community.servicenow.com\/thread\/220785",
                "text": "Hi ! I want to parameter module \"Service desk admin\" specifically \"Service desk admin\" group only, by service desk admin group have to role \"itil\",",
                "fallback": "I want to parameter module \"Service desk admin\" | ServiceNow Community",
                "from_url": "https:\/\/community.servicenow.com\/thread\/220785",
                "id": 1
            }
        ],
        "type": "message",
        "subtype": "bot_message",
        "ts": "1460956269.000062"
    },
    {
        "text": "<https:\/\/community.servicenow.com\/thread\/220803|Hi, Does anyone know how to set the size\/ resolution of guage in the homepage (to show dashboards) - particularly when you have to access the instance via IE version 11?>\nI have the admin role and I'm trying to configure a dashboard page for customer. However, when I click the \"Edit Widget\" button, it only allows you to edit the height.  I tried to select a proper layout for the page, but still the dashboards do not fit",
        "username": "ServiceNow Community : All Content - All Communities",
        "icons": {
            "image_36": "https:\/\/a.slack-edge.com\/66f9\/img\/services\/rss_36.png",
            "image_48": "https:\/\/a.slack-edge.com\/66f9\/img\/services\/rss_48.png",
            "image_72": "https:\/\/a.slack-edge.com\/205a\/img\/services\/rss_72.png"
        },
        "bot_id": "B0K75EKEC",
        "attachments": [
            {
                "title": "Hi, Does anyone know how to set the size\/ resol... | ServiceNow Community",
                "title_link": "https:\/\/community.servicenow.com\/thread\/220803",
                "text": "I have the admin role and I'm trying to configure a dashboard page for customer. However, when I click the \"Edit Widget\" button, it only allows you to",
                "fallback": "Hi, Does anyone know how to set the size\/ resol... | ServiceNow Community",
                "from_url": "https:\/\/community.servicenow.com\/thread\/220803",
                "id": 1
            }
        ],
        "type": "message",
        "subtype": "bot_message",
        "ts": "1460956269.000063"
    },
    {
        "text": "<https:\/\/community.servicenow.com\/thread\/220804|Spaces coming in the subject of the notification>\nHi ,  can any one tell me what might be the reasons for getting extra spaces in a notification subject after going to the mailbox(outlook)?  (Note: I am not giving any extra spaces in the notification subject while developing and i even have checked in",
        "username": "ServiceNow Community : All Content - All Communities",
        "icons": {
            "image_36": "https:\/\/a.slack-edge.com\/66f9\/img\/services\/rss_36.png",
            "image_48": "https:\/\/a.slack-edge.com\/66f9\/img\/services\/rss_48.png",
            "image_72": "https:\/\/a.slack-edge.com\/205a\/img\/services\/rss_72.png"
        },
        "bot_id": "B0K75EKEC",
        "attachments": [
            {
                "title": "Spaces coming in the subject of the notification | ServiceNow Community",
                "title_link": "https:\/\/community.servicenow.com\/thread\/220804",
                "text": "Hi , can any one tell me what might be the reasons for getting extra spaces in a notification subject after going to the mailbox(outlook)? (Note: I am",
                "fallback": "Spaces coming in the subject of the notification | ServiceNow Community",
                "from_url": "https:\/\/community.servicenow.com\/thread\/220804",
                "id": 1
            }
        ],
        "type": "message",
        "subtype": "bot_message",
        "ts": "1460957471.000066"
    },
    {
        "text": "<https:\/\/community.servicenow.com\/thread\/220805|Configure report to show only Top 5>\nHi all, I am trying to create a report as bar chart to show the top 5 categories with the highest number of incidents occurring in the past 30 days. However, it only allows you to select the minimum of top 10 (via \"No. of group\" field). Does anyone know",
        "username": "ServiceNow Community : All Content - All Communities",
        "icons": {
            "image_36": "https:\/\/a.slack-edge.com\/66f9\/img\/services\/rss_36.png",
            "image_48": "https:\/\/a.slack-edge.com\/66f9\/img\/services\/rss_48.png",
            "image_72": "https:\/\/a.slack-edge.com\/205a\/img\/services\/rss_72.png"
        },
        "bot_id": "B0K75EKEC",
        "attachments": [
            {
                "title": "Configure report to show only Top 5 | ServiceNow Community",
                "title_link": "https:\/\/community.servicenow.com\/thread\/220805",
                "text": "Hi all, I am trying to create a report as bar chart to show the top 5 categories with the highest number of incidents occurring in the past 30 days.",
                "fallback": "Configure report to show only Top 5 | ServiceNow Community",
                "from_url": "https:\/\/community.servicenow.com\/thread\/220805",
                "id": 1
            }
        ],
        "type": "message",
        "subtype": "bot_message",
        "ts": "1460957471.000067"
    },
    {
        "text": "<https:\/\/community.servicenow.com\/thread\/220811|How to add group user to BCC>\nI have requirement before we had one email notification in that we added the group called \"Client Term Email users\"  Now our requirement is to this \"Client Term Email users\" group users email should go to BCC.    Here I wrote the code.  var",
        "username": "ServiceNow Community : All Content - All Communities",
        "icons": {
            "image_36": "https:\/\/a.slack-edge.com\/66f9\/img\/services\/rss_36.png",
            "image_48": "https:\/\/a.slack-edge.com\/66f9\/img\/services\/rss_48.png",
            "image_72": "https:\/\/a.slack-edge.com\/205a\/img\/services\/rss_72.png"
        },
        "bot_id": "B0K75EKEC",
        "attachments": [
            {
                "title": "How to add group user to BCC | ServiceNow Community",
                "title_link": "https:\/\/community.servicenow.com\/thread\/220811",
                "text": "I have requirement before we had one email notification in that we added the group called \"Client Term Email users\" Now our requirement is to this",
                "fallback": "How to add group user to BCC | ServiceNow Community",
                "from_url": "https:\/\/community.servicenow.com\/thread\/220811",
                "id": 1
            }
        ],
        "type": "message",
        "subtype": "bot_message",
        "ts": "1460959269.000070"
    },
    {
        "text": "<https:\/\/community.servicenow.com\/thread\/220812|How to access question field  variables of service catalog requested item?>\nHi,    I want to access all the fields of question variable of service catalog requested item.Can someone please suggest me How to access using javascript.    Please refer the screen shot for more info.I want to track question choice listed",
        "username": "ServiceNow Community : All Content - All Communities",
        "icons": {
            "image_36": "https:\/\/a.slack-edge.com\/66f9\/img\/services\/rss_36.png",
            "image_48": "https:\/\/a.slack-edge.com\/66f9\/img\/services\/rss_48.png",
            "image_72": "https:\/\/a.slack-edge.com\/205a\/img\/services\/rss_72.png"
        },
        "bot_id": "B0K75EKEC",
        "attachments": [
            {
                "title": "How to access question field  variables of serv... | ServiceNow Community",
                "title_link": "https:\/\/community.servicenow.com\/thread\/220812",
                "text": "Hi, I want to access all the fields of question variable of service catalog requested item.Can someone please suggest me How to access using",
                "fallback": "How to access question field  variables of serv... | ServiceNow Community",
                "from_url": "https:\/\/community.servicenow.com\/thread\/220812",
                "id": 1
            }
        ],
        "type": "message",
        "subtype": "bot_message",
        "ts": "1460960169.000072"
    },
    {
        "text": "<https:\/\/community.servicenow.com\/thread\/220806|I installed mid server,but it is not reflecting in instance,but it is showing in base system as running.>\nI installed mid server,but it is not reflecting in instance,but it is showing in base system as running.",
        "username": "ServiceNow Community : All Content - All Communities",
        "icons": {
            "image_36": "https:\/\/a.slack-edge.com\/66f9\/img\/services\/rss_36.png",
            "image_48": "https:\/\/a.slack-edge.com\/66f9\/img\/services\/rss_48.png",
            "image_72": "https:\/\/a.slack-edge.com\/205a\/img\/services\/rss_72.png"
        },
        "bot_id": "B0K75EKEC",
        "attachments": [
            {
                "title": "I installed mid server,but it is not reflecting... | ServiceNow Community",
                "title_link": "https:\/\/community.servicenow.com\/thread\/220806",
                "text": "I installed mid server,but it is not reflecting in instance,but it is showing in base system as running.",
                "fallback": "I installed mid server,but it is not reflecting... | ServiceNow Community",
                "from_url": "https:\/\/community.servicenow.com\/thread\/220806",
                "id": 1
            }
        ],
        "type": "message",
        "subtype": "bot_message",
        "ts": "1460961071.000074"
    },
    {
        "text": "<https:\/\/community.servicenow.com\/thread\/220786|Notification using record producer>\nHi,    I am getting a issue while creating ticket using record producer and the back end table is 'incident'. The requirement is when a record will insert a notification will trigger to notify that incident has been submitted.For notification I am",
        "username": "ServiceNow Community : All Content - All Communities",
        "icons": {
            "image_36": "https:\/\/a.slack-edge.com\/66f9\/img\/services\/rss_36.png",
            "image_48": "https:\/\/a.slack-edge.com\/66f9\/img\/services\/rss_48.png",
            "image_72": "https:\/\/a.slack-edge.com\/205a\/img\/services\/rss_72.png"
        },
        "bot_id": "B0K75EKEC",
        "attachments": [
            {
                "title": "Notification using record producer | ServiceNow Community",
                "title_link": "https:\/\/community.servicenow.com\/thread\/220786",
                "text": "Hi, I am getting a issue while creating ticket using record producer and the back end table is 'incident'. The requirement is when a record will insert",
                "fallback": "Notification using record producer | ServiceNow Community",
                "from_url": "https:\/\/community.servicenow.com\/thread\/220786",
                "id": 1
            }
        ],
        "type": "message",
        "subtype": "bot_message",
        "ts": "1460961071.000075"
    },
    {
        "text": "<https:\/\/community.servicenow.com\/thread\/220793|variables on incident form are not aligned properly after geneva upgrade>\nAfter Geneva upgrade, variables that come for \"ask a question\" on to incident form are scattered without proper alignment. Please refer to screenshot below and help me to resolve it.  ",
        "username": "ServiceNow Community : All Content - All Communities",
        "icons": {
            "image_36": "https:\/\/a.slack-edge.com\/66f9\/img\/services\/rss_36.png",
            "image_48": "https:\/\/a.slack-edge.com\/66f9\/img\/services\/rss_48.png",
            "image_72": "https:\/\/a.slack-edge.com\/205a\/img\/services\/rss_72.png"
        },
        "bot_id": "B0K75EKEC",
        "attachments": [
            {
                "title": "variables on incident form are not aligned prop... | ServiceNow Community",
                "title_link": "https:\/\/community.servicenow.com\/thread\/220793",
                "text": "After Geneva upgrade, variables that come for \"ask a question\" on to incident form are scattered without proper alignment. Please refer to screenshot",
                "fallback": "variables on incident form are not aligned prop... | ServiceNow Community",
                "from_url": "https:\/\/community.servicenow.com\/thread\/220793",
                "id": 1
            }
        ],
        "type": "message",
        "subtype": "bot_message",
        "ts": "1460962270.000078"
    }
]