[
    {
        "text": "<https:\/\/community.servicenow.com\/thread\/220149|Can a new value of Date\/Time field be added in Reports>\nHi,    I want to add a new value for choice that too for the date\/time filters available in the reports.    As we do have the filter for created - Last 7 days and that is OOB ,So if I want to have a new value in same manner as Last 14 days then",
        "username": "ServiceNow Community : All Content - All Communities",
        "icons": {
            "image_36": "https:\/\/a.slack-edge.com\/66f9\/img\/services\/rss_36.png",
            "image_48": "https:\/\/a.slack-edge.com\/66f9\/img\/services\/rss_48.png",
            "image_72": "https:\/\/a.slack-edge.com\/205a\/img\/services\/rss_72.png"
        },
        "bot_id": "B0K75EKEC",
        "attachments": [
            {
                "title": "Can a new value of Date\/Time field be added in ... | ServiceNow Community",
                "title_link": "https:\/\/community.servicenow.com\/thread\/220149",
                "text": "Hi, I want to add a new value for choice that too for the date\/time filters available in the reports. As we do have the filter for created - Last 7",
                "fallback": "Can a new value of Date\/Time field be added in ... | ServiceNow Community",
                "from_url": "https:\/\/community.servicenow.com\/thread\/220149",
                "id": 1
            }
        ],
        "type": "message",
        "subtype": "bot_message",
        "ts": "1460283672.004706"
    },
    {
        "text": "<https:\/\/community.servicenow.com\/thread\/220142|update set movement error>\ni am getting below error when moving the update set one ENV to another, any idea    Error sys_web_service_input_62384be90fded20075... Could not find a record in sys_web_service referenced in this update    should i go ahead and skip it ?  ",
        "username": "ServiceNow Community : All Content - All Communities",
        "icons": {
            "image_36": "https:\/\/a.slack-edge.com\/66f9\/img\/services\/rss_36.png",
            "image_48": "https:\/\/a.slack-edge.com\/66f9\/img\/services\/rss_48.png",
            "image_72": "https:\/\/a.slack-edge.com\/205a\/img\/services\/rss_72.png"
        },
        "bot_id": "B0K75EKEC",
        "attachments": [
            {
                "title": "update set movement error | ServiceNow Community",
                "title_link": "https:\/\/community.servicenow.com\/thread\/220142",
                "text": "i am getting below error when moving the update set one ENV to another, any idea Error sys_web_service_input_62384be90fded20075... Could not find a",
                "fallback": "update set movement error | ServiceNow Community",
                "from_url": "https:\/\/community.servicenow.com\/thread\/220142",
                "id": 1
            }
        ],
        "type": "message",
        "subtype": "bot_message",
        "ts": "1460288773.004708"
    },
    {
        "text": "<https:\/\/community.servicenow.com\/thread\/220127|Collector Item Variable creating tasks based on relevant approvals>\nHello,    I have a service catalog where, user\/s can select multiple items from the Collector Item variable, which then fires an approval process to relevant approvers. its all working fine upto this point.    I would like the workflow to",
        "username": "ServiceNow Community : All Content - All Communities",
        "icons": {
            "image_36": "https:\/\/a.slack-edge.com\/66f9\/img\/services\/rss_36.png",
            "image_48": "https:\/\/a.slack-edge.com\/66f9\/img\/services\/rss_48.png",
            "image_72": "https:\/\/a.slack-edge.com\/205a\/img\/services\/rss_72.png"
        },
        "bot_id": "B0K75EKEC",
        "attachments": [
            {
                "title": "Collector Item Variable creating tasks based on... | ServiceNow Community",
                "title_link": "https:\/\/community.servicenow.com\/thread\/220127",
                "text": "Hello, I have a service catalog where, user\/s can select multiple items from the Collector Item variable, which then fires an approval process to",
                "fallback": "Collector Item Variable creating tasks based on... | ServiceNow Community",
                "from_url": "https:\/\/community.servicenow.com\/thread\/220127",
                "id": 1
            }
        ],
        "type": "message",
        "subtype": "bot_message",
        "ts": "1460293872.004710"
    },
    {
        "text": "<https:\/\/community.servicenow.com\/thread\/220134|Hi All dot walk is not working any idea what could  the reason thank you so much in advance>\nHi All dot walk is not working any idea what could be  the reason thank you so much in advance",
        "username": "ServiceNow Community : All Content - All Communities",
        "icons": {
            "image_36": "https:\/\/a.slack-edge.com\/66f9\/img\/services\/rss_36.png",
            "image_48": "https:\/\/a.slack-edge.com\/66f9\/img\/services\/rss_48.png",
            "image_72": "https:\/\/a.slack-edge.com\/205a\/img\/services\/rss_72.png"
        },
        "bot_id": "B0K75EKEC",
        "attachments": [
            {
                "title": "Hi All dot walk is not working any idea what co... | ServiceNow Community",
                "title_link": "https:\/\/community.servicenow.com\/thread\/220134",
                "text": "Hi All dot walk is not working any idea what could be  the reason thank you so much in advance",
                "fallback": "Hi All dot walk is not working any idea what co... | ServiceNow Community",
                "from_url": "https:\/\/community.servicenow.com\/thread\/220134",
                "id": 1
            }
        ],
        "type": "message",
        "subtype": "bot_message",
        "ts": "1460316671.004712"
    },
    {
        "text": "<https:\/\/community.servicenow.com\/thread\/220158|Can we hide some variables in variable editor on requested item table>\nI want to hide particular section of the variables in the variable editor on the request item table.  when  I open the requested item i want to see the variable editor but i don't want to some particular section of the variable. Can we do that?",
        "username": "ServiceNow Community : All Content - All Communities",
        "icons": {
            "image_36": "https:\/\/a.slack-edge.com\/66f9\/img\/services\/rss_36.png",
            "image_48": "https:\/\/a.slack-edge.com\/66f9\/img\/services\/rss_48.png",
            "image_72": "https:\/\/a.slack-edge.com\/205a\/img\/services\/rss_72.png"
        },
        "bot_id": "B0K75EKEC",
        "attachments": [
            {
                "title": "Can we hide some variables in variable editor o... | ServiceNow Community",
                "title_link": "https:\/\/community.servicenow.com\/thread\/220158",
                "text": "I want to hide particular section of the variables in the variable editor on the request item table. when  I open the requested item i want to see the",
                "fallback": "Can we hide some variables in variable editor o... | ServiceNow Community",
                "from_url": "https:\/\/community.servicenow.com\/thread\/220158",
                "id": 1
            }
        ],
        "type": "message",
        "subtype": "bot_message",
        "ts": "1460316671.004713"
    },
    {
        "text": "<https:\/\/community.servicenow.com\/thread\/220135|I'm trying to define a reference qualifier for a Service Catalog Variable.>\nI'm trying to define a reference qualifier for a Service Catalog Variable.. The variable is a reference type,referencing the cmdb_ci. I want to auto complete, and show the ci map also. The following works fine o my change request form, but on a variable",
        "username": "ServiceNow Community : All Content - All Communities",
        "icons": {
            "image_36": "https:\/\/a.slack-edge.com\/66f9\/img\/services\/rss_36.png",
            "image_48": "https:\/\/a.slack-edge.com\/66f9\/img\/services\/rss_48.png",
            "image_72": "https:\/\/a.slack-edge.com\/205a\/img\/services\/rss_72.png"
        },
        "bot_id": "B0K75EKEC",
        "attachments": [
            {
                "title": "I'm trying to define a reference qualifier for ... | ServiceNow Community",
                "title_link": "https:\/\/community.servicenow.com\/thread\/220135",
                "text": "I'm trying to define a reference qualifier for a Service Catalog Variable.. The variable is a reference type,referencing the cmdb_ci. I want to auto",
                "fallback": "I'm trying to define a reference qualifier for ... | ServiceNow Community",
                "from_url": "https:\/\/community.servicenow.com\/thread\/220135",
                "id": 1
            }
        ],
        "type": "message",
        "subtype": "bot_message",
        "ts": "1460318771.004716"
    },
    {
        "text": "<https:\/\/community.servicenow.com\/thread\/220159|ui script>\nHi i wanted to get java script files from zip. But coulld not access to those files in developer training",
        "username": "ServiceNow Community : All Content - All Communities",
        "icons": {
            "image_36": "https:\/\/a.slack-edge.com\/66f9\/img\/services\/rss_36.png",
            "image_48": "https:\/\/a.slack-edge.com\/66f9\/img\/services\/rss_48.png",
            "image_72": "https:\/\/a.slack-edge.com\/205a\/img\/services\/rss_72.png"
        },
        "bot_id": "B0K75EKEC",
        "attachments": [
            {
                "title": "ui script | ServiceNow Community",
                "title_link": "https:\/\/community.servicenow.com\/thread\/220159",
                "text": "Hi i wanted to get java script files from zip. But coulld not access to those files in developer training",
                "fallback": "ui script | ServiceNow Community",
                "from_url": "https:\/\/community.servicenow.com\/thread\/220159",
                "id": 1
            }
        ],
        "type": "message",
        "subtype": "bot_message",
        "ts": "1460319974.004718"
    },
    {
        "text": "<https:\/\/community.servicenow.com\/thread\/220144|Need help with creating a database view>\nI am trying to create a database view which will show me all the CI's along with the relationship that has been defined for the CI. The view should contain the records of the CI's that do not have a relationship defined as well.   Below is the approach I",
        "username": "ServiceNow Community : All Content - All Communities",
        "icons": {
            "image_36": "https:\/\/a.slack-edge.com\/66f9\/img\/services\/rss_36.png",
            "image_48": "https:\/\/a.slack-edge.com\/66f9\/img\/services\/rss_48.png",
            "image_72": "https:\/\/a.slack-edge.com\/205a\/img\/services\/rss_72.png"
        },
        "bot_id": "B0K75EKEC",
        "attachments": [
            {
                "title": "Need help with creating a database view | ServiceNow Community",
                "title_link": "https:\/\/community.servicenow.com\/thread\/220144",
                "text": "I am trying to create a database view which will show me all the CI's along with the relationship that has been defined for the CI. The view should",
                "fallback": "Need help with creating a database view | ServiceNow Community",
                "from_url": "https:\/\/community.servicenow.com\/thread\/220144",
                "id": 1
            }
        ],
        "type": "message",
        "subtype": "bot_message",
        "ts": "1460336470.004720"
    },
    {
        "text": "<https:\/\/community.servicenow.com\/thread\/220150|Users to resolve incident>\nI need to create an UI action button in the incident form for the non itil users to change state to resolved if it is user resolved.",
        "username": "ServiceNow Community : All Content - All Communities",
        "icons": {
            "image_36": "https:\/\/a.slack-edge.com\/66f9\/img\/services\/rss_36.png",
            "image_48": "https:\/\/a.slack-edge.com\/66f9\/img\/services\/rss_48.png",
            "image_72": "https:\/\/a.slack-edge.com\/205a\/img\/services\/rss_72.png"
        },
        "bot_id": "B0K75EKEC",
        "attachments": [
            {
                "title": "Users to resolve incident | ServiceNow Community",
                "title_link": "https:\/\/community.servicenow.com\/thread\/220150",
                "text": "I need to create an UI action button in the incident form for the non itil users to change state to resolved if it is user resolved.",
                "fallback": "Users to resolve incident | ServiceNow Community",
                "from_url": "https:\/\/community.servicenow.com\/thread\/220150",
                "id": 1
            }
        ],
        "type": "message",
        "subtype": "bot_message",
        "ts": "1460344273.004722"
    },
    {
        "text": "<https:\/\/community.servicenow.com\/thread\/220136|Change Variable color>\nHi All,    How to change variable color for only which is in brackets , Ex: Requester (Not Required) . I need to Highlight only words in Brackets with different color , I know 'g_form.getControl('').style.color' which will help",
        "username": "ServiceNow Community : All Content - All Communities",
        "icons": {
            "image_36": "https:\/\/a.slack-edge.com\/66f9\/img\/services\/rss_36.png",
            "image_48": "https:\/\/a.slack-edge.com\/66f9\/img\/services\/rss_48.png",
            "image_72": "https:\/\/a.slack-edge.com\/205a\/img\/services\/rss_72.png"
        },
        "bot_id": "B0K75EKEC",
        "attachments": [
            {
                "title": "Change Variable color | ServiceNow Community",
                "title_link": "https:\/\/community.servicenow.com\/thread\/220136",
                "text": "Hi All, How to change variable color for only which is in brackets , Ex: Requester (Not Required) . I need to Highlight only words in Brackets with",
                "fallback": "Change Variable color | ServiceNow Community",
                "from_url": "https:\/\/community.servicenow.com\/thread\/220136",
                "id": 1
            }
        ],
        "type": "message",
        "subtype": "bot_message",
        "ts": "1460347272.004724"
    },
    {
        "text": "<https:\/\/community.servicenow.com\/thread\/220160|Prevent the Updated field from reflecting the time the scheduled job updated the incident>\nPrevent the Updated field from reflecting the time the scheduled job updated the incident.",
        "username": "ServiceNow Community : All Content - All Communities",
        "icons": {
            "image_36": "https:\/\/a.slack-edge.com\/66f9\/img\/services\/rss_36.png",
            "image_48": "https:\/\/a.slack-edge.com\/66f9\/img\/services\/rss_48.png",
            "image_72": "https:\/\/a.slack-edge.com\/205a\/img\/services\/rss_72.png"
        },
        "bot_id": "B0K75EKEC",
        "attachments": [
            {
                "title": "Prevent the Updated field from reflecting the t... | ServiceNow Community",
                "title_link": "https:\/\/community.servicenow.com\/thread\/220160",
                "text": "Prevent the Updated field from reflecting the time the scheduled job updated the incident.",
                "fallback": "Prevent the Updated field from reflecting the t... | ServiceNow Community",
                "from_url": "https:\/\/community.servicenow.com\/thread\/220160",
                "id": 1
            }
        ],
        "type": "message",
        "subtype": "bot_message",
        "ts": "1460347272.004725"
    },
    {
        "text": "<https:\/\/community.servicenow.com\/thread\/220145|Table rotation vs table extension>\nHi folks,    I am a newbie in the Table Rotation and extension space, and wondering if I could get some idea from you guys,     Based on Wiki ServiceNow Table Rotation and Extension references",
        "username": "ServiceNow Community : All Content - All Communities",
        "icons": {
            "image_36": "https:\/\/a.slack-edge.com\/66f9\/img\/services\/rss_36.png",
            "image_48": "https:\/\/a.slack-edge.com\/66f9\/img\/services\/rss_48.png",
            "image_72": "https:\/\/a.slack-edge.com\/205a\/img\/services\/rss_72.png"
        },
        "bot_id": "B0K75EKEC",
        "attachments": [
            {
                "title": "Table rotation vs table extension | ServiceNow Community",
                "title_link": "https:\/\/community.servicenow.com\/thread\/220145",
                "text": "Hi folks, I am a newbie in the Table Rotation and extension space, and wondering if I could get some idea from you guys, Based on Wiki ServiceNow",
                "fallback": "Table rotation vs table extension | ServiceNow Community",
                "from_url": "https:\/\/community.servicenow.com\/thread\/220145",
                "id": 1
            }
        ],
        "type": "message",
        "subtype": "bot_message",
        "ts": "1460352069.004728"
    },
    {
        "text": "<https:\/\/community.servicenow.com\/thread\/220146|where i can find the file with .js extention in servicenow>\nI want to find  a file named ITFMReport.js . its not in UI script where i can find this file. i can see the content of the file using <https:\/\/00000.service-now.com\/\/ITFMReport.js>   IT Financial management plugin should be enabled.",
        "username": "ServiceNow Community : All Content - All Communities",
        "icons": {
            "image_36": "https:\/\/a.slack-edge.com\/66f9\/img\/services\/rss_36.png",
            "image_48": "https:\/\/a.slack-edge.com\/66f9\/img\/services\/rss_48.png",
            "image_72": "https:\/\/a.slack-edge.com\/205a\/img\/services\/rss_72.png"
        },
        "bot_id": "B0K75EKEC",
        "attachments": [
            {
                "title": "where i can find the file with .js extention in... | ServiceNow Community",
                "title_link": "https:\/\/community.servicenow.com\/thread\/220146",
                "text": "I want to find  a file named ITFMReport.js . its not in UI script where i can find this file. i can see the content of the file using",
                "fallback": "where i can find the file with .js extention in... | ServiceNow Community",
                "from_url": "https:\/\/community.servicenow.com\/thread\/220146",
                "id": 1
            }
        ],
        "type": "message",
        "subtype": "bot_message",
        "ts": "1460352069.004729"
    },
    {
        "text": "<https:\/\/community.servicenow.com\/thread\/220161|Update OLA>\nHi All,   I have a requirement where when a user updates a record within planned end time i.e 1 hr, then update OLA gets completed. But after 1 hr again it should show in the task sla until the incident is closed or priority or assignment group",
        "username": "ServiceNow Community : All Content - All Communities",
        "icons": {
            "image_36": "https:\/\/a.slack-edge.com\/66f9\/img\/services\/rss_36.png",
            "image_48": "https:\/\/a.slack-edge.com\/66f9\/img\/services\/rss_48.png",
            "image_72": "https:\/\/a.slack-edge.com\/205a\/img\/services\/rss_72.png"
        },
        "bot_id": "B0K75EKEC",
        "attachments": [
            {
                "title": "Update OLA | ServiceNow Community",
                "title_link": "https:\/\/community.servicenow.com\/thread\/220161",
                "text": "Hi All, I have a requirement where when a user updates a record within planned end time i.e 1 hr, then update OLA gets completed. But after 1 hr again",
                "fallback": "Update OLA | ServiceNow Community",
                "from_url": "https:\/\/community.servicenow.com\/thread\/220161",
                "id": 1
            }
        ],
        "type": "message",
        "subtype": "bot_message",
        "ts": "1460354175.004732"
    },
    {
        "text": "<https:\/\/community.servicenow.com\/thread\/220147|Global Bookmarks - Geneva?>\nHi folks,    Does anyone know how to set an admin-created bookmark to Global, so that it shows for all users? I've created a list view that I'd like everyone to have in their bookmarks by default...    Cheers,  -Adam",
        "username": "ServiceNow Community : All Content - All Communities",
        "icons": {
            "image_36": "https:\/\/a.slack-edge.com\/66f9\/img\/services\/rss_36.png",
            "image_48": "https:\/\/a.slack-edge.com\/66f9\/img\/services\/rss_48.png",
            "image_72": "https:\/\/a.slack-edge.com\/205a\/img\/services\/rss_72.png"
        },
        "bot_id": "B0K75EKEC",
        "attachments": [
            {
                "title": "Global Bookmarks - Geneva? | ServiceNow Community",
                "title_link": "https:\/\/community.servicenow.com\/thread\/220147",
                "text": "Hi folks, Does anyone know how to set an admin-created bookmark to Global, so that it shows for all users? I've created a list view that I'd like",
                "fallback": "Global Bookmarks - Geneva? | ServiceNow Community",
                "from_url": "https:\/\/community.servicenow.com\/thread\/220147",
                "id": 1
            }
        ],
        "type": "message",
        "subtype": "bot_message",
        "ts": "1460355070.004734"
    },
    {
        "text": "<https:\/\/community.servicenow.com\/thread\/220168|Update sets Practice>\n1)What we have to do if we want to revert a change in the same development instance?  2)Can multiple developers can work on different update sets in one development instance in parallel? if so,  3)How multiple developers work in different update sets in",
        "username": "ServiceNow Community : All Content - All Communities",
        "icons": {
            "image_36": "https:\/\/a.slack-edge.com\/66f9\/img\/services\/rss_36.png",
            "image_48": "https:\/\/a.slack-edge.com\/66f9\/img\/services\/rss_48.png",
            "image_72": "https:\/\/a.slack-edge.com\/205a\/img\/services\/rss_72.png"
        },
        "bot_id": "B0K75EKEC",
        "attachments": [
            {
                "title": "Update sets Practice | ServiceNow Community",
                "title_link": "https:\/\/community.servicenow.com\/thread\/220168",
                "text": "1)What we have to do if we want to revert a change in the same development instance? 2)Can multiple developers can work on different update sets in one",
                "fallback": "Update sets Practice | ServiceNow Community",
                "from_url": "https:\/\/community.servicenow.com\/thread\/220168",
                "id": 1
            }
        ],
        "type": "message",
        "subtype": "bot_message",
        "ts": "1460355070.004735"
    },
    {
        "text": "<https:\/\/community.servicenow.com\/thread\/220169|Survey application - User groups>\nHello Developer gurus,    just a quick question on the survey application, in User Groups under Administration I can create group members or groups, however, if I do not want to specify any group, say any active users in the system, can this be done",
        "username": "ServiceNow Community : All Content - All Communities",
        "icons": {
            "image_36": "https:\/\/a.slack-edge.com\/66f9\/img\/services\/rss_36.png",
            "image_48": "https:\/\/a.slack-edge.com\/66f9\/img\/services\/rss_48.png",
            "image_72": "https:\/\/a.slack-edge.com\/205a\/img\/services\/rss_72.png"
        },
        "bot_id": "B0K75EKEC",
        "attachments": [
            {
                "title": "Survey application - User groups | ServiceNow Community",
                "title_link": "https:\/\/community.servicenow.com\/thread\/220169",
                "text": "Hello Developer gurus, just a quick question on the survey application, in User Groups under Administration I can create group members or groups,",
                "fallback": "Survey application - User groups | ServiceNow Community",
                "from_url": "https:\/\/community.servicenow.com\/thread\/220169",
                "id": 1
            }
        ],
        "type": "message",
        "subtype": "bot_message",
        "ts": "1460355070.004736"
    },
    {
        "text": "<https:\/\/community.servicenow.com\/thread\/220137|Preserve Application &amp; Data after cloning>\nHi Community,    I have a scoped application that will only be used in sub-prod environments.  I have created table exclusions and data preservers within the application.  The key problem is that the application does not exist in Production, so",
        "username": "ServiceNow Community : All Content - All Communities",
        "icons": {
            "image_36": "https:\/\/a.slack-edge.com\/66f9\/img\/services\/rss_36.png",
            "image_48": "https:\/\/a.slack-edge.com\/66f9\/img\/services\/rss_48.png",
            "image_72": "https:\/\/a.slack-edge.com\/205a\/img\/services\/rss_72.png"
        },
        "bot_id": "B0K75EKEC",
        "attachments": [
            {
                "title": "Preserve Application &amp; Data after cloning | ServiceNow Community",
                "title_link": "https:\/\/community.servicenow.com\/thread\/220137",
                "text": "Hi Community, I have a scoped application that will only be used in sub-prod environments. I have created table exclusions and data preservers within",
                "fallback": "Preserve Application &amp; Data after cloning | ServiceNow Community",
                "from_url": "https:\/\/community.servicenow.com\/thread\/220137",
                "id": 1
            }
        ],
        "type": "message",
        "subtype": "bot_message",
        "ts": "1460356871.004740"
    },
    {
        "text": "<https:\/\/community.servicenow.com\/thread\/220151|Populate name of Order Guide on SCREQ>\nI'm trying to discern catalog items generated from an order guide from those generated singularly from the catalog item.  Does the SCREQ contain the name of the Order Guide it is generated from? Or is there a way to add it?",
        "username": "ServiceNow Community : All Content - All Communities",
        "icons": {
            "image_36": "https:\/\/a.slack-edge.com\/66f9\/img\/services\/rss_36.png",
            "image_48": "https:\/\/a.slack-edge.com\/66f9\/img\/services\/rss_48.png",
            "image_72": "https:\/\/a.slack-edge.com\/205a\/img\/services\/rss_72.png"
        },
        "bot_id": "B0K75EKEC",
        "attachments": [
            {
                "title": "Populate name of Order Guide on SCREQ | ServiceNow Community",
                "title_link": "https:\/\/community.servicenow.com\/thread\/220151",
                "text": "I'm trying to discern catalog items generated from an order guide from those generated singularly from the catalog item.  Does the SCREQ contain the name",
                "fallback": "Populate name of Order Guide on SCREQ | ServiceNow Community",
                "from_url": "https:\/\/community.servicenow.com\/thread\/220151",
                "id": 1
            }
        ],
        "type": "message",
        "subtype": "bot_message",
        "ts": "1460357770.004742"
    }
]