[
    {
        "text": "<https:\/\/community.servicenow.com\/thread\/213797|client script or gliderecord script to get all the incidents whose company name is \"eg.\">\nI want to know the client script or glidescript to get all the incident numbers those who are having same company name or a particular company name from incident table.  plz help me find the solution.",
        "username": "ServiceNow Community : All Content - All Communities",
        "icons": {
            "image_36": "https:\/\/slack.global.ssl.fastly.net\/66f9\/img\/services\/rss_36.png",
            "image_48": "https:\/\/slack.global.ssl.fastly.net\/66f9\/img\/services\/rss_48.png",
            "image_72": "https:\/\/slack.global.ssl.fastly.net\/205a\/img\/services\/rss_72.png"
        },
        "bot_id": "B0K75EKEC",
        "attachments": [
            {
                "text": "I want to know the client script or glidescript to get all the incident numbers those who are having same company name or a particular company name from",
                "fallback": "I want to know the client script or glidescript to get all the incident numbers those who are having same company name or a particular company name from",
                "from_url": "https:\/\/community.servicenow.com\/thread\/213797",
                "id": 1
            }
        ],
        "type": "message",
        "subtype": "bot_message",
        "ts": "1454244673.001030"
    },
    {
        "text": "<https:\/\/community.servicenow.com\/thread\/213838|Slow Depended Values>\nI wonder why depended choice values are loaded so slow - it seems that hiding\/displaying choice values with onChange Client Script will work much faster than the mechanism of depended fields that I anticipate should work faster.",
        "username": "ServiceNow Community : All Content - All Communities",
        "icons": {
            "image_36": "https:\/\/slack.global.ssl.fastly.net\/66f9\/img\/services\/rss_36.png",
            "image_48": "https:\/\/slack.global.ssl.fastly.net\/66f9\/img\/services\/rss_48.png",
            "image_72": "https:\/\/slack.global.ssl.fastly.net\/205a\/img\/services\/rss_72.png"
        },
        "bot_id": "B0K75EKEC",
        "attachments": [
            {
                "text": "I wonder why depended choice values are loaded so slow - it seems that hiding\/displaying choice values with onChange Client Script will work much faster",
                "fallback": "I wonder why depended choice values are loaded so slow - it seems that hiding\/displaying choice values with onChange Client Script will work much faster",
                "from_url": "https:\/\/community.servicenow.com\/thread\/213838",
                "id": 1
            }
        ],
        "type": "message",
        "subtype": "bot_message",
        "ts": "1454250072.001032"
    },
    {
        "text": "<https:\/\/community.servicenow.com\/thread\/213848|How to calculate CSAT Reponse rate?>\nHi All,    I would you like to create a report for CSAT Response rate means How many customers participated in Survey\/ Total no,of surveys sent . Would you please help me to create this report . Thank you.",
        "username": "ServiceNow Community : All Content - All Communities",
        "icons": {
            "image_36": "https:\/\/slack.global.ssl.fastly.net\/66f9\/img\/services\/rss_36.png",
            "image_48": "https:\/\/slack.global.ssl.fastly.net\/66f9\/img\/services\/rss_48.png",
            "image_72": "https:\/\/slack.global.ssl.fastly.net\/205a\/img\/services\/rss_72.png"
        },
        "bot_id": "B0K75EKEC",
        "attachments": [
            {
                "text": "Hi All, I would you like to create a report for CSAT Response rate means How many customers participated in Survey\/ Total no,of surveys sent . Would",
                "fallback": "Hi All, I would you like to create a report for CSAT Response rate means How many customers participated in Survey\/ Total no,of surveys sent . Would",
                "from_url": "https:\/\/community.servicenow.com\/thread\/213848",
                "id": 1
            }
        ],
        "type": "message",
        "subtype": "bot_message",
        "ts": "1454250072.001033"
    },
    {
        "text": "<https:\/\/community.servicenow.com\/thread\/213850|Geneva UI16 - Please add some new CSS classes for Themes>\nI'm not a fan of the default System theme - I find the mix of greys in the Navigator confusing.  James.Neale has a great theme called Magnum on Share (Geneva Theme: Magnum) that fixes most issues, at least for me.  The one exception is the",
        "username": "ServiceNow Community : All Content - All Communities",
        "icons": {
            "image_36": "https:\/\/slack.global.ssl.fastly.net\/66f9\/img\/services\/rss_36.png",
            "image_48": "https:\/\/slack.global.ssl.fastly.net\/66f9\/img\/services\/rss_48.png",
            "image_72": "https:\/\/slack.global.ssl.fastly.net\/205a\/img\/services\/rss_72.png"
        },
        "bot_id": "B0K75EKEC",
        "attachments": [
            {
                "text": "I'm not a fan of the default System theme - I find the mix of greys in the Navigator confusing.  ​ has a great theme called Magnum on Share (Geneva Theme:",
                "fallback": "I'm not a fan of the default System theme - I find the mix of greys in the Navigator confusing.  ​ has a great theme called Magnum on Share (Geneva Theme:",
                "from_url": "https:\/\/community.servicenow.com\/thread\/213850",
                "id": 1
            }
        ],
        "type": "message",
        "subtype": "bot_message",
        "ts": "1454277674.001036"
    },
    {
        "text": "<https:\/\/community.servicenow.com\/thread\/213858|Choice list not showing up after adding>\nI am on developer instance (fuji)and tried multiple times, reloaded form after saving but choices I am adding do not show up after adding.  Is there a defect?    Here is the exercise I am trying",
        "username": "ServiceNow Community : All Content - All Communities",
        "icons": {
            "image_36": "https:\/\/slack.global.ssl.fastly.net\/66f9\/img\/services\/rss_36.png",
            "image_48": "https:\/\/slack.global.ssl.fastly.net\/66f9\/img\/services\/rss_48.png",
            "image_72": "https:\/\/slack.global.ssl.fastly.net\/205a\/img\/services\/rss_72.png"
        },
        "bot_id": "B0K75EKEC",
        "attachments": [
            {
                "text": "I am on developer instance (fuji)and tried multiple times, reloaded form after saving but choices I am adding do not show up after adding. Is there a",
                "fallback": "I am on developer instance (fuji)and tried multiple times, reloaded form after saving but choices I am adding do not show up after adding. Is there a",
                "from_url": "https:\/\/community.servicenow.com\/thread\/213858",
                "id": 1
            }
        ],
        "type": "message",
        "subtype": "bot_message",
        "ts": "1454284270.001038"
    },
    {
        "text": "<https:\/\/community.servicenow.com\/thread\/213868|Set timing to fire an event, firing off notifications>\nHi folks,    I was wondering if anyone could help set up the timer to trigger a notification,     an event 'problem.assigned' needs to be triggered under both of the following conditions  1) 24 hours before due date reaches of a problem  2) 1",
        "username": "ServiceNow Community : All Content - All Communities",
        "icons": {
            "image_36": "https:\/\/slack.global.ssl.fastly.net\/66f9\/img\/services\/rss_36.png",
            "image_48": "https:\/\/slack.global.ssl.fastly.net\/66f9\/img\/services\/rss_48.png",
            "image_72": "https:\/\/slack.global.ssl.fastly.net\/205a\/img\/services\/rss_72.png"
        },
        "bot_id": "B0K75EKEC",
        "attachments": [
            {
                "text": "Hi folks, I was wondering if anyone could help set up the timer to trigger a notification, an event 'problem.assigned' needs to be triggered under",
                "fallback": "Hi folks, I was wondering if anyone could help set up the timer to trigger a notification, an event 'problem.assigned' needs to be triggered under",
                "from_url": "https:\/\/community.servicenow.com\/thread\/213868",
                "id": 1
            }
        ],
        "type": "message",
        "subtype": "bot_message",
        "ts": "1454289675.001040"
    },
    {
        "text": "<https:\/\/community.servicenow.com\/thread\/213859|passing parameters from ui action to ui page>\nHi,    I am trying to pass parameter from ui action to ui page. when I click the ui action button, the sys_id of the incident is passing to the ui page. But the problem is I want to access the incident fields like incident number, state, priority on",
        "username": "ServiceNow Community : All Content - All Communities",
        "icons": {
            "image_36": "https:\/\/slack.global.ssl.fastly.net\/66f9\/img\/services\/rss_36.png",
            "image_48": "https:\/\/slack.global.ssl.fastly.net\/66f9\/img\/services\/rss_48.png",
            "image_72": "https:\/\/slack.global.ssl.fastly.net\/205a\/img\/services\/rss_72.png"
        },
        "bot_id": "B0K75EKEC",
        "attachments": [
            {
                "text": "Hi, I am trying to pass parameter from ui action to ui page. when I click the ui action button, the sys_id of the incident is passing to the ui page.",
                "fallback": "Hi, I am trying to pass parameter from ui action to ui page. when I click the ui action button, the sys_id of the incident is passing to the ui page.",
                "from_url": "https:\/\/community.servicenow.com\/thread\/213859",
                "id": 1
            }
        ],
        "type": "message",
        "subtype": "bot_message",
        "ts": "1454289675.001041"
    },
    {
        "text": "<https:\/\/community.servicenow.com\/thread\/213869|Tags - is there a limit on the number of tags you can have on a Ticket?>\nHi All,    Just wanted to ask if there is a limit to the number of tags you can add to a ticket?     Thanks,    Vadi",
        "username": "ServiceNow Community : All Content - All Communities",
        "icons": {
            "image_36": "https:\/\/slack.global.ssl.fastly.net\/66f9\/img\/services\/rss_36.png",
            "image_48": "https:\/\/slack.global.ssl.fastly.net\/66f9\/img\/services\/rss_48.png",
            "image_72": "https:\/\/slack.global.ssl.fastly.net\/205a\/img\/services\/rss_72.png"
        },
        "bot_id": "B0K75EKEC",
        "attachments": [
            {
                "text": "Hi All, Just wanted to ask if there is a limit to the number of tags you can add to a ticket? Thanks, Vadi",
                "fallback": "Hi All, Just wanted to ask if there is a limit to the number of tags you can add to a ticket? Thanks, Vadi",
                "from_url": "https:\/\/community.servicenow.com\/thread\/213869",
                "id": 1
            }
        ],
        "type": "message",
        "subtype": "bot_message",
        "ts": "1454290873.001044"
    },
    {
        "text": "<https:\/\/community.servicenow.com\/thread\/213860|Scoped equivalent of GlideScriptedProgressWorker()?>\nGlideScriptedProgressWorker is not callable from a scoped script.    I have looked through the documented Scoped API and cannot find anything comparable.  Has anyone come across a workaround\/equivalent?     I'm currently using a global script",
        "username": "ServiceNow Community : All Content - All Communities",
        "icons": {
            "image_36": "https:\/\/slack.global.ssl.fastly.net\/66f9\/img\/services\/rss_36.png",
            "image_48": "https:\/\/slack.global.ssl.fastly.net\/66f9\/img\/services\/rss_48.png",
            "image_72": "https:\/\/slack.global.ssl.fastly.net\/205a\/img\/services\/rss_72.png"
        },
        "bot_id": "B0K75EKEC",
        "attachments": [
            {
                "text": "GlideScriptedProgressWorker is not callable from a scoped script. I have looked through the documented Scoped API and cannot find anything comparable.",
                "fallback": "GlideScriptedProgressWorker is not callable from a scoped script. I have looked through the documented Scoped API and cannot find anything comparable.",
                "from_url": "https:\/\/community.servicenow.com\/thread\/213860",
                "id": 1
            }
        ],
        "type": "message",
        "subtype": "bot_message",
        "ts": "1454292674.001046"
    },
    {
        "text": "<https:\/\/community.servicenow.com\/thread\/213870|Issue Logs for Geneva upgrade from Eureka>\nHi All,    We are upgrading from Eureka to Geneva(skipping Fuji).Please share teh Issue logs for Geneva and any plugin issues  as we are skipping on version(Fuji) in middle.    Also please share if any important functionality that needs",
        "username": "ServiceNow Community : All Content - All Communities",
        "icons": {
            "image_36": "https:\/\/slack.global.ssl.fastly.net\/66f9\/img\/services\/rss_36.png",
            "image_48": "https:\/\/slack.global.ssl.fastly.net\/66f9\/img\/services\/rss_48.png",
            "image_72": "https:\/\/slack.global.ssl.fastly.net\/205a\/img\/services\/rss_72.png"
        },
        "bot_id": "B0K75EKEC",
        "attachments": [
            {
                "text": "Hi All, We are upgrading from Eureka to Geneva(skipping Fuji).Please share teh Issue logs for Geneva and any plugin issues  as we are skipping on",
                "fallback": "Hi All, We are upgrading from Eureka to Geneva(skipping Fuji).Please share teh Issue logs for Geneva and any plugin issues  as we are skipping on",
                "from_url": "https:\/\/community.servicenow.com\/thread\/213870",
                "id": 1
            }
        ],
        "type": "message",
        "subtype": "bot_message",
        "ts": "1454298077.001048"
    },
    {
        "text": "<https:\/\/community.servicenow.com\/thread\/213852|What's the current logic of 'First Call Resolution' Metric?>\nHi All,    Can you please let me understand what is the logic working on the 'First Call Resolution' Metric, already defined in the Metric Definitions table. I want the calculation methodology of First Call Resolution.    Thanks!",
        "username": "ServiceNow Community : All Content - All Communities",
        "icons": {
            "image_36": "https:\/\/slack.global.ssl.fastly.net\/66f9\/img\/services\/rss_36.png",
            "image_48": "https:\/\/slack.global.ssl.fastly.net\/66f9\/img\/services\/rss_48.png",
            "image_72": "https:\/\/slack.global.ssl.fastly.net\/205a\/img\/services\/rss_72.png"
        },
        "bot_id": "B0K75EKEC",
        "attachments": [
            {
                "text": "Hi All, Can you please let me understand what is the logic working on the 'First Call Resolution' Metric, already defined in the Metric Definitions",
                "fallback": "Hi All, Can you please let me understand what is the logic working on the 'First Call Resolution' Metric, already defined in the Metric Definitions",
                "from_url": "https:\/\/community.servicenow.com\/thread\/213852",
                "id": 1
            }
        ],
        "type": "message",
        "subtype": "bot_message",
        "ts": "1454300174.001050"
    },
    {
        "text": "<https:\/\/community.servicenow.com\/thread\/213853|Encryption - setContextID Not In Scope>\nHello ,    We have installed the encryption plugin.  We are trying to run the following script:    var gr = new GlideRecord('x_jdsau_marketing_encryptiontest');  gr.initialize();  gr.encrypted_value.setContextID(ContextID);  gr.encrypted_value",
        "username": "ServiceNow Community : All Content - All Communities",
        "icons": {
            "image_36": "https:\/\/slack.global.ssl.fastly.net\/66f9\/img\/services\/rss_36.png",
            "image_48": "https:\/\/slack.global.ssl.fastly.net\/66f9\/img\/services\/rss_48.png",
            "image_72": "https:\/\/slack.global.ssl.fastly.net\/205a\/img\/services\/rss_72.png"
        },
        "bot_id": "B0K75EKEC",
        "attachments": [
            {
                "text": "Hello , We have installed the encryption plugin. We are trying to run the following script: var gr = new",
                "fallback": "Hello , We have installed the encryption plugin. We are trying to run the following script: var gr = new",
                "from_url": "https:\/\/community.servicenow.com\/thread\/213853",
                "id": 1
            }
        ],
        "type": "message",
        "subtype": "bot_message",
        "ts": "1454300174.001051"
    },
    {
        "text": "<https:\/\/community.servicenow.com\/thread\/213854|Autocomplete for calculated fields>\nUsers would like to search by \"last name  first name\", so I figured I would just create a calculated field (current.last_name + \" \" + current.first_name), and add the new field (u_lf_name) to the \"ref_ac_columns\" dictionary attribute on the",
        "username": "ServiceNow Community : All Content - All Communities",
        "icons": {
            "image_36": "https:\/\/slack.global.ssl.fastly.net\/66f9\/img\/services\/rss_36.png",
            "image_48": "https:\/\/slack.global.ssl.fastly.net\/66f9\/img\/services\/rss_48.png",
            "image_72": "https:\/\/slack.global.ssl.fastly.net\/205a\/img\/services\/rss_72.png"
        },
        "bot_id": "B0K75EKEC",
        "type": "message",
        "subtype": "bot_message",
        "ts": "1454302271.001054"
    },
    {
        "text": "<https:\/\/community.servicenow.com\/thread\/213855|Disable default workflow for a catalog item>\nHi Guys,    I have a catalog item and a custom workflow associated with that item. However when a user orders that item, initially default \"Service Catalog Request\" workflow is running. This workflow is automatically approving the item, if it's cost",
        "username": "ServiceNow Community : All Content - All Communities",
        "icons": {
            "image_36": "https:\/\/slack.global.ssl.fastly.net\/66f9\/img\/services\/rss_36.png",
            "image_48": "https:\/\/slack.global.ssl.fastly.net\/66f9\/img\/services\/rss_48.png",
            "image_72": "https:\/\/slack.global.ssl.fastly.net\/205a\/img\/services\/rss_72.png"
        },
        "bot_id": "B0K75EKEC",
        "attachments": [
            {
                "text": "Hi Guys, I have a catalog item and a custom workflow associated with that item. However when a user orders that item, initially default \"Service",
                "fallback": "Hi Guys, I have a catalog item and a custom workflow associated with that item. However when a user orders that item, initially default \"Service",
                "from_url": "https:\/\/community.servicenow.com\/thread\/213855",
                "id": 1
            }
        ],
        "type": "message",
        "subtype": "bot_message",
        "ts": "1454304974.001055"
    },
    {
        "text": "<https:\/\/community.servicenow.com\/thread\/213856|Report open vs closed tickets per day>\nHow can I use standard report tools to write a report that shows me, number of opened tickets today and number of closed tickets today.",
        "username": "ServiceNow Community : All Content - All Communities",
        "icons": {
            "image_36": "https:\/\/slack.global.ssl.fastly.net\/66f9\/img\/services\/rss_36.png",
            "image_48": "https:\/\/slack.global.ssl.fastly.net\/66f9\/img\/services\/rss_48.png",
            "image_72": "https:\/\/slack.global.ssl.fastly.net\/205a\/img\/services\/rss_72.png"
        },
        "bot_id": "B0K75EKEC",
        "attachments": [
            {
                "text": "How can I use standard report tools to write a report that shows me, number of opened tickets today and number of closed tickets today.",
                "fallback": "How can I use standard report tools to write a report that shows me, number of opened tickets today and number of closed tickets today.",
                "from_url": "https:\/\/community.servicenow.com\/thread\/213856",
                "id": 1
            }
        ],
        "type": "message",
        "subtype": "bot_message",
        "ts": "1454307975.001057"
    },
    {
        "text": "<https:\/\/community.servicenow.com\/thread\/213857|using maps in cms>\nHello,          I have created a page which gives the list of users from the sys_user table based on the location selected. I would like to add a map to this page which points to the selected location. May i know how do",
        "username": "ServiceNow Community : All Content - All Communities",
        "icons": {
            "image_36": "https:\/\/slack.global.ssl.fastly.net\/66f9\/img\/services\/rss_36.png",
            "image_48": "https:\/\/slack.global.ssl.fastly.net\/66f9\/img\/services\/rss_48.png",
            "image_72": "https:\/\/slack.global.ssl.fastly.net\/205a\/img\/services\/rss_72.png"
        },
        "bot_id": "B0K75EKEC",
        "attachments": [
            {
                "text": "Hello,         I have created a page which gives the list of users from the sys_user table based on the location selected. I would like to add a map to",
                "fallback": "Hello,         I have created a page which gives the list of users from the sys_user table based on the location selected. I would like to add a map to",
                "from_url": "https:\/\/community.servicenow.com\/thread\/213857",
                "id": 1
            }
        ],
        "type": "message",
        "subtype": "bot_message",
        "ts": "1454309174.001059"
    },
    {
        "text": "<https:\/\/community.servicenow.com\/thread\/213878|cancel button on approval table>\nI need to create a cancel button on Approval table which should be only for my domain(ours is a shared instance).    I have created a UI action for this.    Condition - (sys_domain == '0cc0d8b24cd715801304b8cee3c84787') &amp;&amp;",
        "username": "ServiceNow Community : All Content - All Communities",
        "icons": {
            "image_36": "https:\/\/slack.global.ssl.fastly.net\/66f9\/img\/services\/rss_36.png",
            "image_48": "https:\/\/slack.global.ssl.fastly.net\/66f9\/img\/services\/rss_48.png",
            "image_72": "https:\/\/slack.global.ssl.fastly.net\/205a\/img\/services\/rss_72.png"
        },
        "bot_id": "B0K75EKEC",
        "attachments": [
            {
                "text": "I need to create a cancel button on Approval table which should be only for my domain(ours is a shared instance). I have created a UI action for this.",
                "fallback": "I need to create a cancel button on Approval table which should be only for my domain(ours is a shared instance). I have created a UI action for this.",
                "from_url": "https:\/\/community.servicenow.com\/thread\/213878",
                "id": 1
            }
        ],
        "type": "message",
        "subtype": "bot_message",
        "ts": "1454310975.001061"
    },
    {
        "text": "<https:\/\/community.servicenow.com\/thread\/213861|My admin user profile is not able to access any application except self service, can some one add the admin and security admin roles to it. \"https:\/\/dev17187.service-now.com\/navpage.do\">\nMy admin user profile is not able to access any application except self service, can some one add the admin and security admin roles to it. \"<https:\/\/dev17187.service-now.com\/navpage.do>\"",
        "username": "ServiceNow Community : All Content - All Communities",
        "icons": {
            "image_36": "https:\/\/slack.global.ssl.fastly.net\/66f9\/img\/services\/rss_36.png",
            "image_48": "https:\/\/slack.global.ssl.fastly.net\/66f9\/img\/services\/rss_48.png",
            "image_72": "https:\/\/slack.global.ssl.fastly.net\/205a\/img\/services\/rss_72.png"
        },
        "bot_id": "B0K75EKEC",
        "attachments": [
            {
                "text": "My admin user profile is not able to access any application except self service, can some one add the admin and security admin roles to it.",
                "fallback": "My admin user profile is not able to access any application except self service, can some one add the admin and security admin roles to it.",
                "from_url": "https:\/\/community.servicenow.com\/thread\/213861",
                "id": 1
            }
        ],
        "type": "message",
        "subtype": "bot_message",
        "ts": "1454312174.001063"
    }
]