[
    {
        "text": "<https:\/\/community.servicenow.com\/thread\/215081|Issue with field type Condition \/ Filter table.>\nHello,    I'm creating a filter in filter table(sys_filter). when i created new filter its fine. But when i try to update it, its not getting saved and even the form is not loading. does any one faced similar issue. How to fix this issue?  ",
        "username": "ServiceNow Community : All Content - All Communities",
        "icons": {
            "image_36": "https:\/\/slack.global.ssl.fastly.net\/66f9\/img\/services\/rss_36.png",
            "image_48": "https:\/\/slack.global.ssl.fastly.net\/66f9\/img\/services\/rss_48.png",
            "image_72": "https:\/\/slack.global.ssl.fastly.net\/205a\/img\/services\/rss_72.png"
        },
        "bot_id": "B0K75EKEC",
        "attachments": [
            {
                "text": "Hello, I'm creating a filter in filter table(sys_filter). when i created new filter its fine. But when i try to update it, its not getting saved and",
                "fallback": "Hello, I'm creating a filter in filter table(sys_filter). when i created new filter its fine. But when i try to update it, its not getting saved and",
                "from_url": "https:\/\/community.servicenow.com\/thread\/215081",
                "id": 1
            }
        ],
        "type": "message",
        "subtype": "bot_message",
        "ts": "1455356472.003358"
    },
    {
        "text": "<https:\/\/community.servicenow.com\/thread\/215098|priority shows wrong>\nImpact - 2  Urgency - 2  Priority shows - 4 LOW instead of 3 Moderate.. when trying to insert record via SOAP web service.",
        "username": "ServiceNow Community : All Content - All Communities",
        "icons": {
            "image_36": "https:\/\/slack.global.ssl.fastly.net\/66f9\/img\/services\/rss_36.png",
            "image_48": "https:\/\/slack.global.ssl.fastly.net\/66f9\/img\/services\/rss_48.png",
            "image_72": "https:\/\/slack.global.ssl.fastly.net\/205a\/img\/services\/rss_72.png"
        },
        "bot_id": "B0K75EKEC",
        "attachments": [
            {
                "text": "Impact - 2 Urgency - 2 Priority shows - 4 LOW instead of 3 Moderate.. when trying to insert record via SOAP web service.",
                "fallback": "Impact - 2 Urgency - 2 Priority shows - 4 LOW instead of 3 Moderate.. when trying to insert record via SOAP web service.",
                "from_url": "https:\/\/community.servicenow.com\/thread\/215098",
                "id": 1
            }
        ],
        "type": "message",
        "subtype": "bot_message",
        "ts": "1455366669.003360"
    },
    {
        "text": "<https:\/\/community.servicenow.com\/thread\/215083|Variable default value g_user object>\nUsing g_user to populate the variables with default values seems difficult.     Do I have to resort to having different record producers to different users , tied to templates to populate values ? as the gs.user object in template seems more",
        "username": "ServiceNow Community : All Content - All Communities",
        "icons": {
            "image_36": "https:\/\/slack.global.ssl.fastly.net\/66f9\/img\/services\/rss_36.png",
            "image_48": "https:\/\/slack.global.ssl.fastly.net\/66f9\/img\/services\/rss_48.png",
            "image_72": "https:\/\/slack.global.ssl.fastly.net\/205a\/img\/services\/rss_72.png"
        },
        "bot_id": "B0K75EKEC",
        "attachments": [
            {
                "text": "​Using g_user to populate the variables with default values seems difficult. Do I have to resort to having different record producers to different",
                "fallback": "​Using g_user to populate the variables with default values seems difficult. Do I have to resort to having different record producers to different",
                "from_url": "https:\/\/community.servicenow.com\/thread\/215083",
                "id": 1
            }
        ],
        "type": "message",
        "subtype": "bot_message",
        "ts": "1455378972.003362"
    },
    {
        "text": "<https:\/\/community.servicenow.com\/thread\/215084|Comparing integer to start workflow>\nI have a catalog item that will have require different tiers of approval based on a value in the form.    There is a field on the form that houses the total project cost.  I have this field as a string field, but there is a catalog client",
        "username": "ServiceNow Community : All Content - All Communities",
        "icons": {
            "image_36": "https:\/\/slack.global.ssl.fastly.net\/66f9\/img\/services\/rss_36.png",
            "image_48": "https:\/\/slack.global.ssl.fastly.net\/66f9\/img\/services\/rss_48.png",
            "image_72": "https:\/\/slack.global.ssl.fastly.net\/205a\/img\/services\/rss_72.png"
        },
        "bot_id": "B0K75EKEC",
        "attachments": [
            {
                "text": "I have a catalog item that will have require different tiers of approval based on a value in the form. There is a field on the form that houses the",
                "fallback": "I have a catalog item that will have require different tiers of approval based on a value in the form. There is a field on the form that houses the",
                "from_url": "https:\/\/community.servicenow.com\/thread\/215084",
                "id": 1
            }
        ],
        "type": "message",
        "subtype": "bot_message",
        "ts": "1455381672.003364"
    },
    {
        "text": "<https:\/\/community.servicenow.com\/thread\/215091|How to I start the Discovery?>\nI just got my first SN developer instance, and I just dont see the \"Discovery\" tab anywhere on my navigator? I am missing something? Is discovery not offered in developer instance?",
        "username": "ServiceNow Community : All Content - All Communities",
        "icons": {
            "image_36": "https:\/\/slack.global.ssl.fastly.net\/66f9\/img\/services\/rss_36.png",
            "image_48": "https:\/\/slack.global.ssl.fastly.net\/66f9\/img\/services\/rss_48.png",
            "image_72": "https:\/\/slack.global.ssl.fastly.net\/205a\/img\/services\/rss_72.png"
        },
        "bot_id": "B0K75EKEC",
        "attachments": [
            {
                "text": "I just got my first SN developer instance, and I just dont see the \"Discovery\" tab anywhere on my navigator? I am missing something? Is discovery not",
                "fallback": "I just got my first SN developer instance, and I just dont see the \"Discovery\" tab anywhere on my navigator? I am missing something? Is discovery not",
                "from_url": "https:\/\/community.servicenow.com\/thread\/215091",
                "id": 1
            }
        ],
        "type": "message",
        "subtype": "bot_message",
        "ts": "1455383769.003366"
    },
    {
        "text": "<https:\/\/community.servicenow.com\/thread\/215092|How to find direct parent of a CI?>\nI am new to SNC, and trying to figure out the CDM so that I can import the SNC CMDB into external database. I have imported all the CIs, CITypes, Properties and relations. However the problem I have is figuring out the direct parent of a CI as opposed to",
        "username": "ServiceNow Community : All Content - All Communities",
        "icons": {
            "image_36": "https:\/\/slack.global.ssl.fastly.net\/66f9\/img\/services\/rss_36.png",
            "image_48": "https:\/\/slack.global.ssl.fastly.net\/66f9\/img\/services\/rss_48.png",
            "image_72": "https:\/\/slack.global.ssl.fastly.net\/205a\/img\/services\/rss_72.png"
        },
        "bot_id": "B0K75EKEC",
        "attachments": [
            {
                "text": "I am new to SNC, and trying to figure out the CDM so that I can import the SNC CMDB into external database. I have imported all the CIs, CITypes,",
                "fallback": "I am new to SNC, and trying to figure out the CDM so that I can import the SNC CMDB into external database. I have imported all the CIs, CITypes,",
                "from_url": "https:\/\/community.servicenow.com\/thread\/215092",
                "id": 1
            }
        ],
        "type": "message",
        "subtype": "bot_message",
        "ts": "1455385872.003368"
    },
    {
        "text": "<https:\/\/community.servicenow.com\/thread\/215093|Sensor error when processing Windows - Get IIS Information: The sensor's major version = 2 while its related probe's major version = 1>\nI got this error after upgrading from Eureka Patch 11 to Geneva Patch 1 Hot Fix 6:    Sensor error when processing Windows - Get IIS Information: The sensor's major version = 2 while its related probe's major version = 1    Any suggestions on",
        "username": "ServiceNow Community : All Content - All Communities",
        "icons": {
            "image_36": "https:\/\/slack.global.ssl.fastly.net\/66f9\/img\/services\/rss_36.png",
            "image_48": "https:\/\/slack.global.ssl.fastly.net\/66f9\/img\/services\/rss_48.png",
            "image_72": "https:\/\/slack.global.ssl.fastly.net\/205a\/img\/services\/rss_72.png"
        },
        "bot_id": "B0K75EKEC",
        "attachments": [
            {
                "text": "I got this error after upgrading from Eureka Patch 11 to Geneva Patch 1 Hot Fix 6: Sensor error when processing Windows - Get IIS Information: The",
                "fallback": "I got this error after upgrading from Eureka Patch 11 to Geneva Patch 1 Hot Fix 6: Sensor error when processing Windows - Get IIS Information: The",
                "from_url": "https:\/\/community.servicenow.com\/thread\/215093",
                "id": 1
            }
        ],
        "type": "message",
        "subtype": "bot_message",
        "ts": "1455385872.003369"
    },
    {
        "text": "<https:\/\/community.servicenow.com\/thread\/215099|Help with business rule help?>\nI have two business rules one to add two fields:    function onBefore(current, previous) {   \/\/This function will be automatically called when this rule is processed.   var add = new GlideRecord ('u_grand_total');   add.query();   while(add.next())",
        "username": "ServiceNow Community : All Content - All Communities",
        "icons": {
            "image_36": "https:\/\/slack.global.ssl.fastly.net\/66f9\/img\/services\/rss_36.png",
            "image_48": "https:\/\/slack.global.ssl.fastly.net\/66f9\/img\/services\/rss_48.png",
            "image_72": "https:\/\/slack.global.ssl.fastly.net\/205a\/img\/services\/rss_72.png"
        },
        "bot_id": "B0K75EKEC",
        "attachments": [
            {
                "text": "I have two business rules one to add two fields: function onBefore(current, previous) { \/\/This function will be automatically called when this rule",
                "fallback": "I have two business rules one to add two fields: function onBefore(current, previous) { \/\/This function will be automatically called when this rule",
                "from_url": "https:\/\/community.servicenow.com\/thread\/215099",
                "id": 1
            }
        ],
        "type": "message",
        "subtype": "bot_message",
        "ts": "1455385872.003371"
    },
    {
        "text": "<https:\/\/community.servicenow.com\/groups\/servicenow-user-group-us-tx-north-texas\/blog\/2016\/02\/13\/mini-lab-workflow-control-via-property-input|Mini-Lab: Workflow Control Via Property Input>\nThe next workflow pattern I will give an example of is the Workflow Control via Property Input pattern.  As a side-note; for this article the title of Mini-Lab is a misnomer. This is a full-lab!  Fair warning.     To see more about",
        "username": "ServiceNow Community : All Content - All Communities",
        "icons": {
            "image_36": "https:\/\/slack.global.ssl.fastly.net\/66f9\/img\/services\/rss_36.png",
            "image_48": "https:\/\/slack.global.ssl.fastly.net\/66f9\/img\/services\/rss_48.png",
            "image_72": "https:\/\/slack.global.ssl.fastly.net\/205a\/img\/services\/rss_72.png"
        },
        "bot_id": "B0K75EKEC",
        "attachments": [
            {
                "text": "The next workflow pattern I will give an example of is the Workflow Control via Property Input pattern.&amp;#160; As a side-note; for this article the title",
                "fallback": "The next workflow pattern I will give an example of is the Workflow Control via Property Input pattern.&amp;#160; As a side-note; for this article the title",
                "from_url": "https:\/\/community.servicenow.com\/groups\/servicenow-user-group-us-tx-north-texas\/blog\/2016\/02\/13\/mini-lab-workflow-control-via-property-input",
                "id": 1
            }
        ],
        "type": "message",
        "subtype": "bot_message",
        "ts": "1455404770.003374"
    },
    {
        "text": "<https:\/\/community.servicenow.com\/thread\/215100|how to report a bug found in geneva>\nDoes anyone know how I can report a bug found in my developer instance that is on Geneva?  I don't want to open a HI ticket from my Company account since we are not on Geneva yet.  But I did find an issue that I want to report.    Reproduce:  I am",
        "username": "ServiceNow Community : All Content - All Communities",
        "icons": {
            "image_36": "https:\/\/slack.global.ssl.fastly.net\/66f9\/img\/services\/rss_36.png",
            "image_48": "https:\/\/slack.global.ssl.fastly.net\/66f9\/img\/services\/rss_48.png",
            "image_72": "https:\/\/slack.global.ssl.fastly.net\/205a\/img\/services\/rss_72.png"
        },
        "bot_id": "B0K75EKEC",
        "attachments": [
            {
                "text": "Does anyone know how I can report a bug found in my developer instance that is on Geneva? I don't want to open a HI ticket from my Company account since",
                "fallback": "Does anyone know how I can report a bug found in my developer instance that is on Geneva? I don't want to open a HI ticket from my Company account since",
                "from_url": "https:\/\/community.servicenow.com\/thread\/215100",
                "id": 1
            }
        ],
        "type": "message",
        "subtype": "bot_message",
        "ts": "1455421272.003376"
    },
    {
        "text": "<https:\/\/community.servicenow.com\/thread\/215085|Need design input for iterative workflow around data cleansing during migration>\nWe need to send thousands of records which are in 10 different file formats to a Partner who will validate the records and send us error messages describing issues with individual records that need to be fixed and resubmitted.   What would be",
        "username": "ServiceNow Community : All Content - All Communities",
        "icons": {
            "image_36": "https:\/\/slack.global.ssl.fastly.net\/66f9\/img\/services\/rss_36.png",
            "image_48": "https:\/\/slack.global.ssl.fastly.net\/66f9\/img\/services\/rss_48.png",
            "image_72": "https:\/\/slack.global.ssl.fastly.net\/205a\/img\/services\/rss_72.png"
        },
        "bot_id": "B0K75EKEC",
        "attachments": [
            {
                "text": "We need to send thousands of records which are in 10 different file formats to a Partner who will validate the records and send us error messages",
                "fallback": "We need to send thousands of records which are in 10 different file formats to a Partner who will validate the records and send us error messages",
                "from_url": "https:\/\/community.servicenow.com\/thread\/215085",
                "id": 1
            }
        ],
        "type": "message",
        "subtype": "bot_message",
        "ts": "1455423972.003378"
    }
]