[
    {
        "text": "<https:\/\/community.servicenow.com\/thread\/219501|Business rule>\nHi All  I have a requiremen where I look for if Priority chnages from high to low.(for eg critical to high or critical to low or high to low etc combinatons)...do some code and if priority chnages from low to high ..do some code( eg high to criticalor",
        "username": "ServiceNow Community : All Content - All Communities",
        "icons": {
            "image_36": "https:\/\/a.slack-edge.com\/66f9\/img\/services\/rss_36.png",
            "image_48": "https:\/\/a.slack-edge.com\/66f9\/img\/services\/rss_48.png",
            "image_72": "https:\/\/a.slack-edge.com\/205a\/img\/services\/rss_72.png"
        },
        "bot_id": "B0K75EKEC",
        "attachments": [
            {
                "title": "Business rule | ServiceNow Community",
                "title_link": "https:\/\/community.servicenow.com\/thread\/219501",
                "text": "Hi All I have a requiremen where I look for if Priority chnages from high to low.(for eg critical to high or critical to low or high to low etc",
                "fallback": "Business rule | ServiceNow Community",
                "from_url": "https:\/\/community.servicenow.com\/thread\/219501",
                "id": 1
            }
        ],
        "type": "message",
        "subtype": "bot_message",
        "ts": "1459668972.003514"
    },
    {
        "text": "<https:\/\/community.servicenow.com\/thread\/219495|Jelly Scripting>\nHi I am facing some issue in jelly Scripting.    i am trying to make a UI Page where i have used UI Macro \"ui_radio\".    i don't know why am i not able to view the output.   please find the script below .            ",
        "username": "ServiceNow Community : All Content - All Communities",
        "icons": {
            "image_36": "https:\/\/a.slack-edge.com\/66f9\/img\/services\/rss_36.png",
            "image_48": "https:\/\/a.slack-edge.com\/66f9\/img\/services\/rss_48.png",
            "image_72": "https:\/\/a.slack-edge.com\/205a\/img\/services\/rss_72.png"
        },
        "bot_id": "B0K75EKEC",
        "attachments": [
            {
                "title": "Jelly Scripting | ServiceNow Community",
                "title_link": "https:\/\/community.servicenow.com\/thread\/219495",
                "text": "Hi I am facing some issue in jelly Scripting. i am trying to make a UI Page where i have used UI Macro \"ui_radio\". i don't know why am i not able to",
                "fallback": "Jelly Scripting | ServiceNow Community",
                "from_url": "https:\/\/community.servicenow.com\/thread\/219495",
                "id": 1
            }
        ],
        "type": "message",
        "subtype": "bot_message",
        "ts": "1459687571.003516"
    },
    {
        "text": "<https:\/\/community.servicenow.com\/thread\/219496|ui policy>\nHi. Is it possibly to transfer ui policy to another instance?if yes how?",
        "username": "ServiceNow Community : All Content - All Communities",
        "icons": {
            "image_36": "https:\/\/a.slack-edge.com\/66f9\/img\/services\/rss_36.png",
            "image_48": "https:\/\/a.slack-edge.com\/66f9\/img\/services\/rss_48.png",
            "image_72": "https:\/\/a.slack-edge.com\/205a\/img\/services\/rss_72.png"
        },
        "bot_id": "B0K75EKEC",
        "attachments": [
            {
                "title": "ui policy | ServiceNow Community",
                "title_link": "https:\/\/community.servicenow.com\/thread\/219496",
                "text": "Hi. Is it possibly to transfer ui policy to another instance?if yes how?",
                "fallback": "ui policy | ServiceNow Community",
                "from_url": "https:\/\/community.servicenow.com\/thread\/219496",
                "id": 1
            }
        ],
        "type": "message",
        "subtype": "bot_message",
        "ts": "1459687571.003517"
    },
    {
        "text": "<https:\/\/community.servicenow.com\/thread\/219497|scripting>\nHi. One question regarding scripting.If i found Java scripts and wants to transfer them to Jelly scripts?How i can do it?For example i found scripts of one application in Java and wants to transfer them to my instance. Do i need make some changes in that",
        "username": "ServiceNow Community : All Content - All Communities",
        "icons": {
            "image_36": "https:\/\/a.slack-edge.com\/66f9\/img\/services\/rss_36.png",
            "image_48": "https:\/\/a.slack-edge.com\/66f9\/img\/services\/rss_48.png",
            "image_72": "https:\/\/a.slack-edge.com\/205a\/img\/services\/rss_72.png"
        },
        "bot_id": "B0K75EKEC",
        "attachments": [
            {
                "title": "scripting | ServiceNow Community",
                "title_link": "https:\/\/community.servicenow.com\/thread\/219497",
                "text": "Hi. One question regarding scripting.If i found Java scripts and wants to transfer them to Jelly scripts?How i can do it?For example i found scripts of",
                "fallback": "scripting | ServiceNow Community",
                "from_url": "https:\/\/community.servicenow.com\/thread\/219497",
                "id": 1
            }
        ],
        "type": "message",
        "subtype": "bot_message",
        "ts": "1459687571.003519"
    },
    {
        "text": "<https:\/\/community.servicenow.com\/thread\/219528|I want to add email on \"more option\" button>\nHi...  Email disappear , I want to add email on \"more option\" button  Follow the img:       Thank you,  Suchawadee",
        "username": "ServiceNow Community : All Content - All Communities",
        "icons": {
            "image_36": "https:\/\/a.slack-edge.com\/66f9\/img\/services\/rss_36.png",
            "image_48": "https:\/\/a.slack-edge.com\/66f9\/img\/services\/rss_48.png",
            "image_72": "https:\/\/a.slack-edge.com\/205a\/img\/services\/rss_72.png"
        },
        "bot_id": "B0K75EKEC",
        "attachments": [
            {
                "title": "I want to add email on \"more option\" button | ServiceNow Community",
                "title_link": "https:\/\/community.servicenow.com\/thread\/219528",
                "text": "Hi... Email disappear , I want to add email on \"more option\" button Follow the img: Thank you, Suchawadee",
                "fallback": "I want to add email on \"more option\" button | ServiceNow Community",
                "from_url": "https:\/\/community.servicenow.com\/thread\/219528",
                "id": 1
            }
        ],
        "type": "message",
        "subtype": "bot_message",
        "ts": "1459688769.003522"
    },
    {
        "text": "<https:\/\/community.servicenow.com\/thread\/219529|Can't search list views after Geneva upgrade?>\nSince our Geneva upgrade, we can't search list views.  Our instance was on UI11 prior to the upgrade.  Also, Homepage content won't load.  Has anyone else encountered this?    I'm trying to get UI16 activated, but can't even search",
        "username": "ServiceNow Community : All Content - All Communities",
        "icons": {
            "image_36": "https:\/\/a.slack-edge.com\/66f9\/img\/services\/rss_36.png",
            "image_48": "https:\/\/a.slack-edge.com\/66f9\/img\/services\/rss_48.png",
            "image_72": "https:\/\/a.slack-edge.com\/205a\/img\/services\/rss_72.png"
        },
        "bot_id": "B0K75EKEC",
        "attachments": [
            {
                "title": "Can't search list views after Geneva upgrade? | ServiceNow Community",
                "title_link": "https:\/\/community.servicenow.com\/thread\/219529",
                "text": "Since our Geneva upgrade, we can't search list views.  Our instance was on UI11 prior to the upgrade.  Also, Homepage content won't load.  Has anyone else",
                "fallback": "Can't search list views after Geneva upgrade? | ServiceNow Community",
                "from_url": "https:\/\/community.servicenow.com\/thread\/219529",
                "id": 1
            }
        ],
        "type": "message",
        "subtype": "bot_message",
        "ts": "1459690571.003524"
    },
    {
        "text": "<https:\/\/community.servicenow.com\/thread\/219513|Concatenate two fields value and display in one field>\nHi,    I have a table location there I am creating a new field that is of reference type and the reference table is knowledge,but I want to display the two fields data from knowledge table in single reference field on location table.  Both the",
        "username": "ServiceNow Community : All Content - All Communities",
        "icons": {
            "image_36": "https:\/\/a.slack-edge.com\/66f9\/img\/services\/rss_36.png",
            "image_48": "https:\/\/a.slack-edge.com\/66f9\/img\/services\/rss_48.png",
            "image_72": "https:\/\/a.slack-edge.com\/205a\/img\/services\/rss_72.png"
        },
        "bot_id": "B0K75EKEC",
        "attachments": [
            {
                "title": "Concatenate two fields value and display in one... | ServiceNow Community",
                "title_link": "https:\/\/community.servicenow.com\/thread\/219513",
                "text": "Hi, I have a table location there I am creating a new field that is of reference type and the reference table is knowledge,but I want to display the",
                "fallback": "Concatenate two fields value and display in one... | ServiceNow Community",
                "from_url": "https:\/\/community.servicenow.com\/thread\/219513",
                "id": 1
            }
        ],
        "type": "message",
        "subtype": "bot_message",
        "ts": "1459692669.003526"
    },
    {
        "text": "<https:\/\/community.servicenow.com\/thread\/219530|Business Rule>\nhi. How i can solve this issue?Maybe somebody knows  ",
        "username": "ServiceNow Community : All Content - All Communities",
        "icons": {
            "image_36": "https:\/\/a.slack-edge.com\/66f9\/img\/services\/rss_36.png",
            "image_48": "https:\/\/a.slack-edge.com\/66f9\/img\/services\/rss_48.png",
            "image_72": "https:\/\/a.slack-edge.com\/205a\/img\/services\/rss_72.png"
        },
        "bot_id": "B0K75EKEC",
        "attachments": [
            {
                "title": "Business Rule | ServiceNow Community",
                "title_link": "https:\/\/community.servicenow.com\/thread\/219530",
                "text": "hi. How i can solve this issue?Maybe somebody knows",
                "fallback": "Business Rule | ServiceNow Community",
                "from_url": "https:\/\/community.servicenow.com\/thread\/219530",
                "id": 1
            }
        ],
        "type": "message",
        "subtype": "bot_message",
        "ts": "1459697774.003528"
    },
    {
        "text": "<https:\/\/community.servicenow.com\/thread\/219520|Send date to script include from record producer>\nI need to do some processing in a lot of record producers.  So i am going to put the logic in a script include and do the processing there and then send the return value back to the RP so i can update the record.  Can someone give me an example",
        "username": "ServiceNow Community : All Content - All Communities",
        "icons": {
            "image_36": "https:\/\/a.slack-edge.com\/66f9\/img\/services\/rss_36.png",
            "image_48": "https:\/\/a.slack-edge.com\/66f9\/img\/services\/rss_48.png",
            "image_72": "https:\/\/a.slack-edge.com\/205a\/img\/services\/rss_72.png"
        },
        "bot_id": "B0K75EKEC",
        "attachments": [
            {
                "title": "Send date to script include from record producer | ServiceNow Community",
                "title_link": "https:\/\/community.servicenow.com\/thread\/219520",
                "text": "I need to do some processing in a lot of record producers.  So i am going to put the logic in a script include and do the processing there and then send",
                "fallback": "Send date to script include from record producer | ServiceNow Community",
                "from_url": "https:\/\/community.servicenow.com\/thread\/219520",
                "id": 1
            }
        ],
        "type": "message",
        "subtype": "bot_message",
        "ts": "1459699870.003530"
    },
    {
        "text": "<https:\/\/community.servicenow.com\/thread\/219514|When I am creating a ticket in my instance it should create associate ticket in other instance there is no issue in this but I am unable to get the Problem ticket number from target instance and the other issue is when I am updating a ticket at source it>\nWhen I am creating a ticket in my instance it should create associate ticket in other instance there is no issue in this but I am unable to get the Problem ticket number from target instance and the other issue is it is running update BI-script and",
        "username": "ServiceNow Community : All Content - All Communities",
        "icons": {
            "image_36": "https:\/\/a.slack-edge.com\/66f9\/img\/services\/rss_36.png",
            "image_48": "https:\/\/a.slack-edge.com\/66f9\/img\/services\/rss_48.png",
            "image_72": "https:\/\/a.slack-edge.com\/205a\/img\/services\/rss_72.png"
        },
        "bot_id": "B0K75EKEC",
        "attachments": [
            {
                "title": "When I am creating a ticket in my instance it s... | ServiceNow Community",
                "title_link": "https:\/\/community.servicenow.com\/thread\/219514",
                "text": "When I am creating a ticket in my instance it should create associate ticket in other instance there is no issue in this but I am unable to get the",
                "fallback": "When I am creating a ticket in my instance it s... | ServiceNow Community",
                "from_url": "https:\/\/community.servicenow.com\/thread\/219514",
                "id": 1
            }
        ],
        "type": "message",
        "subtype": "bot_message",
        "ts": "1459707672.003532"
    },
    {
        "text": "<https:\/\/community.servicenow.com\/thread\/219515|Core Approval activities grayed out for demand workflow after Geneva upgrade>\nHi All,     Have upgraded to Geneva from Eureka in our dev instance and found that core approval activities are grayed out for workflow defined on Demand table also workflow is skipping the approval process and goes to Approved though approval",
        "username": "ServiceNow Community : All Content - All Communities",
        "icons": {
            "image_36": "https:\/\/a.slack-edge.com\/66f9\/img\/services\/rss_36.png",
            "image_48": "https:\/\/a.slack-edge.com\/66f9\/img\/services\/rss_48.png",
            "image_72": "https:\/\/a.slack-edge.com\/205a\/img\/services\/rss_72.png"
        },
        "bot_id": "B0K75EKEC",
        "attachments": [
            {
                "title": "Core Approval activities grayed out for demand ... | ServiceNow Community",
                "title_link": "https:\/\/community.servicenow.com\/thread\/219515",
                "text": "Hi All,    Have upgraded to Geneva from Eureka in our dev instance and found that core approval activities are grayed out for workflow defined on Demand",
                "fallback": "Core Approval activities grayed out for demand ... | ServiceNow Community",
                "from_url": "https:\/\/community.servicenow.com\/thread\/219515",
                "id": 1
            }
        ],
        "type": "message",
        "subtype": "bot_message",
        "ts": "1459709467.003534"
    },
    {
        "text": "<https:\/\/community.servicenow.com\/thread\/219522|Using SncTriggerSynchronizer in scoped application.>\nI have a Custom Application in Global scope that uses SncTriggerSynchronizer. I'm working on to convert this application to be in its own scope but looks like this API is no more available in scoped applications.    Is there a way I can achieve the",
        "username": "ServiceNow Community : All Content - All Communities",
        "icons": {
            "image_36": "https:\/\/a.slack-edge.com\/66f9\/img\/services\/rss_36.png",
            "image_48": "https:\/\/a.slack-edge.com\/66f9\/img\/services\/rss_48.png",
            "image_72": "https:\/\/a.slack-edge.com\/205a\/img\/services\/rss_72.png"
        },
        "bot_id": "B0K75EKEC",
        "attachments": [
            {
                "title": "Using SncTriggerSynchronizer in scoped applicat... | ServiceNow Community",
                "title_link": "https:\/\/community.servicenow.com\/thread\/219522",
                "text": "I have a Custom Application in Global scope that uses SncTriggerSynchronizer. I'm working on to convert this application to be in its own scope but looks",
                "fallback": "Using SncTriggerSynchronizer in scoped applicat... | ServiceNow Community",
                "from_url": "https:\/\/community.servicenow.com\/thread\/219522",
                "id": 1
            }
        ],
        "type": "message",
        "subtype": "bot_message",
        "ts": "1459734069.003536"
    },
    {
        "text": "<https:\/\/community.servicenow.com\/thread\/219523|Microsoft Axapta>\nHas anyone performed an integration with Microsoft Axapta, Microsoft Dynamics AX or utilized a .NET Business Connector with ServiceNow?",
        "username": "ServiceNow Community : All Content - All Communities",
        "icons": {
            "image_36": "https:\/\/a.slack-edge.com\/66f9\/img\/services\/rss_36.png",
            "image_48": "https:\/\/a.slack-edge.com\/66f9\/img\/services\/rss_48.png",
            "image_72": "https:\/\/a.slack-edge.com\/205a\/img\/services\/rss_72.png"
        },
        "bot_id": "B0K75EKEC",
        "attachments": [
            {
                "title": "Microsoft Axapta | ServiceNow Community",
                "title_link": "https:\/\/community.servicenow.com\/thread\/219523",
                "text": "Has anyone performed an integration with Microsoft Axapta, Microsoft Dynamics AX or utilized a .NET Business Connector with ServiceNow?​",
                "fallback": "Microsoft Axapta | ServiceNow Community",
                "from_url": "https:\/\/community.servicenow.com\/thread\/219523",
                "id": 1
            }
        ],
        "type": "message",
        "subtype": "bot_message",
        "ts": "1459736770.003538"
    },
    {
        "text": "<https:\/\/community.servicenow.com\/thread\/219502|I want to duplication data in \"Application name\" filed form  service desk to \"Application name\" filed  on incident page  but i have some problem following>\nservice desk page     Incident page      _____________________________________________________________________  check choice list       ___________________________________________________________________________  Please review script \/\/ in",
        "username": "ServiceNow Community : All Content - All Communities",
        "icons": {
            "image_36": "https:\/\/a.slack-edge.com\/66f9\/img\/services\/rss_36.png",
            "image_48": "https:\/\/a.slack-edge.com\/66f9\/img\/services\/rss_48.png",
            "image_72": "https:\/\/a.slack-edge.com\/205a\/img\/services\/rss_72.png"
        },
        "bot_id": "B0K75EKEC",
        "attachments": [
            {
                "title": "I want to duplication data in \"Application name... | ServiceNow Community",
                "title_link": "https:\/\/community.servicenow.com\/thread\/219502",
                "text": "service desk page Incident page _____________________________________________________________________ check choice list",
                "fallback": "I want to duplication data in \"Application name... | ServiceNow Community",
                "from_url": "https:\/\/community.servicenow.com\/thread\/219502",
                "id": 1
            }
        ],
        "type": "message",
        "subtype": "bot_message",
        "ts": "1459738870.003540"
    },
    {
        "text": "<https:\/\/community.servicenow.com\/thread\/219532|In metric instance, ID value is coming null .How to resolve this>\nn metric instance, ID value is coming null .How to resolve this",
        "username": "ServiceNow Community : All Content - All Communities",
        "icons": {
            "image_36": "https:\/\/a.slack-edge.com\/66f9\/img\/services\/rss_36.png",
            "image_48": "https:\/\/a.slack-edge.com\/66f9\/img\/services\/rss_48.png",
            "image_72": "https:\/\/a.slack-edge.com\/205a\/img\/services\/rss_72.png"
        },
        "bot_id": "B0K75EKEC",
        "attachments": [
            {
                "title": "In metric instance, ID value is coming null .Ho... | ServiceNow Community",
                "title_link": "https:\/\/community.servicenow.com\/thread\/219532",
                "text": "n metric instance, ID value is coming null .How to resolve this",
                "fallback": "In metric instance, ID value is coming null .Ho... | ServiceNow Community",
                "from_url": "https:\/\/community.servicenow.com\/thread\/219532",
                "id": 1
            }
        ],
        "type": "message",
        "subtype": "bot_message",
        "ts": "1459739773.003542"
    },
    {
        "text": "<https:\/\/community.servicenow.com\/thread\/219517|When I am trying to update the record through SOAP. I am getting error: &lt;SOAP-ENV:Envelope xmlns:SOAP-ENV=\"http:\/\/schemas.xmlsoap.org\/soap\/envelope\/\"&gt;     &lt;SOAP-ENV:Header\/&gt;     &lt;SOAP-ENV:Body&gt;         &lt;SOAP-ENV:Fault&gt;             &lt;faultcode&gt;SOAP-ENV:Serv>\n                   ",
        "username": "ServiceNow Community : All Content - All Communities",
        "icons": {
            "image_36": "https:\/\/a.slack-edge.com\/66f9\/img\/services\/rss_36.png",
            "image_48": "https:\/\/a.slack-edge.com\/66f9\/img\/services\/rss_48.png",
            "image_72": "https:\/\/a.slack-edge.com\/205a\/img\/services\/rss_72.png"
        },
        "bot_id": "B0K75EKEC",
        "type": "message",
        "subtype": "bot_message",
        "ts": "1459745769.003544"
    },
    {
        "text": "<https:\/\/community.servicenow.com\/thread\/219525|Client script way to stop onChange while form is being loaded>\nHi folks,    I am having a client script onChange vs onLoad question this time.     My colleague is having two onChange scripts and one onLoad script.  The onLoad script works perfectly, however when it populates a file that",
        "username": "ServiceNow Community : All Content - All Communities",
        "icons": {
            "image_36": "https:\/\/a.slack-edge.com\/66f9\/img\/services\/rss_36.png",
            "image_48": "https:\/\/a.slack-edge.com\/66f9\/img\/services\/rss_48.png",
            "image_72": "https:\/\/a.slack-edge.com\/205a\/img\/services\/rss_72.png"
        },
        "bot_id": "B0K75EKEC",
        "attachments": [
            {
                "title": "Client script way to stop onChange while form i... | ServiceNow Community",
                "title_link": "https:\/\/community.servicenow.com\/thread\/219525",
                "text": "Hi folks, I am having a client script onChange vs onLoad question this time.     My colleague is having two onChange scripts and one onLoad script. ",
                "fallback": "Client script way to stop onChange while form i... | ServiceNow Community",
                "from_url": "https:\/\/community.servicenow.com\/thread\/219525",
                "id": 1
            }
        ],
        "type": "message",
        "subtype": "bot_message",
        "ts": "1459746670.003545"
    },
    {
        "text": "<https:\/\/community.servicenow.com\/thread\/219526|Email notification will trigger after 30 days when incident closed how we can approach?>\nEmail notification will trigger after 30 days when incident closed how we can approach?",
        "username": "ServiceNow Community : All Content - All Communities",
        "icons": {
            "image_36": "https:\/\/a.slack-edge.com\/66f9\/img\/services\/rss_36.png",
            "image_48": "https:\/\/a.slack-edge.com\/66f9\/img\/services\/rss_48.png",
            "image_72": "https:\/\/a.slack-edge.com\/205a\/img\/services\/rss_72.png"
        },
        "bot_id": "B0K75EKEC",
        "attachments": [
            {
                "title": "Email notification will trigger after 30 days w... | ServiceNow Community",
                "title_link": "https:\/\/community.servicenow.com\/thread\/219526",
                "text": "Email notification will trigger after 30 days when incident closed how we can approach?",
                "fallback": "Email notification will trigger after 30 days w... | ServiceNow Community",
                "from_url": "https:\/\/community.servicenow.com\/thread\/219526",
                "id": 1
            }
        ],
        "type": "message",
        "subtype": "bot_message",
        "ts": "1459746670.003546"
    },
    {
        "text": "<https:\/\/community.servicenow.com\/thread\/219533|I want to field is read only>\nHi..  I want to \"First call resolution\" field is read only after save record.  follow the image ::     Thank you,  Suchawadee",
        "username": "ServiceNow Community : All Content - All Communities",
        "icons": {
            "image_36": "https:\/\/a.slack-edge.com\/66f9\/img\/services\/rss_36.png",
            "image_48": "https:\/\/a.slack-edge.com\/66f9\/img\/services\/rss_48.png",
            "image_72": "https:\/\/a.slack-edge.com\/205a\/img\/services\/rss_72.png"
        },
        "bot_id": "B0K75EKEC",
        "attachments": [
            {
                "title": "I want to field is read only | ServiceNow Community",
                "title_link": "https:\/\/community.servicenow.com\/thread\/219533",
                "text": "Hi.. I want to \"First call resolution\" field is read only after save record. follow the image :: Thank you, Suchawadee",
                "fallback": "I want to field is read only | ServiceNow Community",
                "from_url": "https:\/\/community.servicenow.com\/thread\/219533",
                "id": 1
            }
        ],
        "type": "message",
        "subtype": "bot_message",
        "ts": "1459747869.003549"
    },
    {
        "text": "<https:\/\/community.servicenow.com\/thread\/219527|System property upgrade issue>\nHi,    We have a custom application, which is running by many customers. In this application, we have a system property, say \"mycustom.property\". Customers can update the value of this property.     We are planning to change the name of this",
        "username": "ServiceNow Community : All Content - All Communities",
        "icons": {
            "image_36": "https:\/\/a.slack-edge.com\/66f9\/img\/services\/rss_36.png",
            "image_48": "https:\/\/a.slack-edge.com\/66f9\/img\/services\/rss_48.png",
            "image_72": "https:\/\/a.slack-edge.com\/205a\/img\/services\/rss_72.png"
        },
        "bot_id": "B0K75EKEC",
        "attachments": [
            {
                "title": "System property upgrade issue | ServiceNow Community",
                "title_link": "https:\/\/community.servicenow.com\/thread\/219527",
                "text": "Hi, We have a custom application, which is running by many customers. In this application, we have a system property, say \"mycustom.property\".",
                "fallback": "System property upgrade issue | ServiceNow Community",
                "from_url": "https:\/\/community.servicenow.com\/thread\/219527",
                "id": 1
            }
        ],
        "type": "message",
        "subtype": "bot_message",
        "ts": "1459748768.003551"
    },
    {
        "text": "<https:\/\/community.servicenow.com\/thread\/219534|How do I change my personal servicenow instance password..I don't find any link for forgot password>\nI know it's kinda weird question. but I don't find any link below",
        "username": "ServiceNow Community : All Content - All Communities",
        "icons": {
            "image_36": "https:\/\/a.slack-edge.com\/66f9\/img\/services\/rss_36.png",
            "image_48": "https:\/\/a.slack-edge.com\/66f9\/img\/services\/rss_48.png",
            "image_72": "https:\/\/a.slack-edge.com\/205a\/img\/services\/rss_72.png"
        },
        "bot_id": "B0K75EKEC",
        "attachments": [
            {
                "title": "How do I change my personal servicenow instance... | ServiceNow Community",
                "title_link": "https:\/\/community.servicenow.com\/thread\/219534",
                "text": "I know it's kinda weird question. but I don't find any link below",
                "fallback": "How do I change my personal servicenow instance... | ServiceNow Community",
                "from_url": "https:\/\/community.servicenow.com\/thread\/219534",
                "id": 1
            }
        ],
        "type": "message",
        "subtype": "bot_message",
        "ts": "1459750568.003553"
    },
    {
        "text": "<https:\/\/community.servicenow.com\/thread\/219539|We would like a warning pop-up to show when a user saves a record and is creating a time entry for under 1 minutes.>\nUsers are having issues due to the timeout of ADFS causing their time cards to show a bunch of entries for under 1 minutes.  This occurs because a user is working on an incident and leaves the incident open on their browser but doesn't have any",
        "username": "ServiceNow Community : All Content - All Communities",
        "icons": {
            "image_36": "https:\/\/a.slack-edge.com\/66f9\/img\/services\/rss_36.png",
            "image_48": "https:\/\/a.slack-edge.com\/66f9\/img\/services\/rss_48.png",
            "image_72": "https:\/\/a.slack-edge.com\/205a\/img\/services\/rss_72.png"
        },
        "bot_id": "B0K75EKEC",
        "attachments": [
            {
                "title": "We would like a warning pop-up to show when a u... | ServiceNow Community",
                "title_link": "https:\/\/community.servicenow.com\/thread\/219539",
                "text": "Users are having issues due to the timeout of ADFS causing their time cards to show a bunch of entries for under 1 minutes.  This occurs because a user is",
                "fallback": "We would like a warning pop-up to show when a u... | ServiceNow Community",
                "from_url": "https:\/\/community.servicenow.com\/thread\/219539",
                "id": 1
            }
        ],
        "type": "message",
        "subtype": "bot_message",
        "ts": "1459750568.003554"
    },
    {
        "text": "<https:\/\/community.servicenow.com\/thread\/219540|How can the text colour on the header changed?>\nHello All,    I was trying to change the colour of the text on the ServiceNow header but was sucessfull to some extent        I could change the colour of the reference icon by going to the  \"css.$navpage-header-color\" property. I",
        "username": "ServiceNow Community : All Content - All Communities",
        "icons": {
            "image_36": "https:\/\/a.slack-edge.com\/66f9\/img\/services\/rss_36.png",
            "image_48": "https:\/\/a.slack-edge.com\/66f9\/img\/services\/rss_48.png",
            "image_72": "https:\/\/a.slack-edge.com\/205a\/img\/services\/rss_72.png"
        },
        "bot_id": "B0K75EKEC",
        "attachments": [
            {
                "title": "How can the text colour on the header changed? | ServiceNow Community",
                "title_link": "https:\/\/community.servicenow.com\/thread\/219540",
                "text": "Hello All, I was trying to change the colour of the text on the ServiceNow header but was sucessfull to some extent I could change the colour of",
                "fallback": "How can the text colour on the header changed? | ServiceNow Community",
                "from_url": "https:\/\/community.servicenow.com\/thread\/219540",
                "id": 1
            }
        ],
        "type": "message",
        "subtype": "bot_message",
        "ts": "1459751468.003557"
    }
]