[
    {
        "text": "<https:\/\/community.servicenow.com\/thread\/213794|Is it possible to have a  survey come at the user in more of a full screen mode and not have the ServiceNow Navigation pane?>\nIs it possible for the survey come at the user in more of a full screen mode and not have the ServiceNow Navigation pane... ?",
        "username": "ServiceNow Community : All Content - All Communities",
        "icons": {
            "image_36": "https:\/\/slack.global.ssl.fastly.net\/66f9\/img\/services\/rss_36.png",
            "image_48": "https:\/\/slack.global.ssl.fastly.net\/66f9\/img\/services\/rss_48.png",
            "image_72": "https:\/\/slack.global.ssl.fastly.net\/205a\/img\/services\/rss_72.png"
        },
        "bot_id": "B0K75EKEC",
        "attachments": [
            {
                "text": "Is it possible for the survey come at the user in more of a full screen mode and not have the ServiceNow Navigation pane... ?",
                "fallback": "Is it possible for the survey come at the user in more of a full screen mode and not have the ServiceNow Navigation pane... ?",
                "from_url": "https:\/\/community.servicenow.com\/thread\/213794",
                "id": 1
            }
        ],
        "type": "message",
        "subtype": "bot_message",
        "ts": "1454168172.001018"
    },
    {
        "text": "<https:\/\/community.servicenow.com\/thread\/213822|Discovery - Powershell &amp; Domains>\nHi everyone,    I'm starting to get a bit confused when it comes down to the combination Discovery \/ Powershell \/ Windows Domains. Unfortunately I don't have an infrastructure to play around with these functionalities.    Presume you have the",
        "username": "ServiceNow Community : All Content - All Communities",
        "icons": {
            "image_36": "https:\/\/slack.global.ssl.fastly.net\/66f9\/img\/services\/rss_36.png",
            "image_48": "https:\/\/slack.global.ssl.fastly.net\/66f9\/img\/services\/rss_48.png",
            "image_72": "https:\/\/slack.global.ssl.fastly.net\/205a\/img\/services\/rss_72.png"
        },
        "bot_id": "B0K75EKEC",
        "attachments": [
            {
                "text": "Hi everyone, I'm starting to get a bit confused when it comes down to the combination Discovery \/ Powershell \/ Windows Domains. Unfortunately I don't",
                "fallback": "Hi everyone, I'm starting to get a bit confused when it comes down to the combination Discovery \/ Powershell \/ Windows Domains. Unfortunately I don't",
                "from_url": "https:\/\/community.servicenow.com\/thread\/213822",
                "id": 1
            }
        ],
        "type": "message",
        "subtype": "bot_message",
        "ts": "1454192773.001020"
    },
    {
        "text": "<https:\/\/community.servicenow.com\/thread\/213795|How to create a mini task table where I can create tasks related to the parent record>\nI'm building a custom little two table software development life cycle app and am confused on how to make a little task table where the users can create new testing tasks.    Main Table is release_task (which I extended from Task) with a bunch of",
        "username": "ServiceNow Community : All Content - All Communities",
        "icons": {
            "image_36": "https:\/\/slack.global.ssl.fastly.net\/66f9\/img\/services\/rss_36.png",
            "image_48": "https:\/\/slack.global.ssl.fastly.net\/66f9\/img\/services\/rss_48.png",
            "image_72": "https:\/\/slack.global.ssl.fastly.net\/205a\/img\/services\/rss_72.png"
        },
        "bot_id": "B0K75EKEC",
        "attachments": [
            {
                "text": "I'm building a custom little two table software development life cycle app and am confused on how to make a little task table where the users can create",
                "fallback": "I'm building a custom little two table software development life cycle app and am confused on how to make a little task table where the users can create",
                "from_url": "https:\/\/community.servicenow.com\/thread\/213795",
                "id": 1
            }
        ],
        "type": "message",
        "subtype": "bot_message",
        "ts": "1454194873.001022"
    },
    {
        "text": "<https:\/\/community.servicenow.com\/thread\/213823|advantange and disadvantage servicenow vs sharepoints for assessment and survey>\nHi,    We are planning to implement assessment and survey management. Please let me know logical technical and functional points service now vs share point to make the decision.    If anyone advise    By  kumar. G",
        "username": "ServiceNow Community : All Content - All Communities",
        "icons": {
            "image_36": "https:\/\/slack.global.ssl.fastly.net\/66f9\/img\/services\/rss_36.png",
            "image_48": "https:\/\/slack.global.ssl.fastly.net\/66f9\/img\/services\/rss_48.png",
            "image_72": "https:\/\/slack.global.ssl.fastly.net\/205a\/img\/services\/rss_72.png"
        },
        "bot_id": "B0K75EKEC",
        "attachments": [
            {
                "text": "Hi, We are planning to implement assessment and survey management. Please let me know logical technical and functional points service now vs share",
                "fallback": "Hi, We are planning to implement assessment and survey management. Please let me know logical technical and functional points service now vs share",
                "from_url": "https:\/\/community.servicenow.com\/thread\/213823",
                "id": 1
            }
        ],
        "type": "message",
        "subtype": "bot_message",
        "ts": "1454214972.001024"
    },
    {
        "text": "<https:\/\/community.servicenow.com\/thread\/213834|While ordering an item from Service Catalog, how to fill Order guide field on Request table?>\nHi All,    I have one query, like whenever we submit any request from Order guide a, request gets generated and in the \"Order Gude\" field, the name of Order guide gets filled. Based on that field our workflow differentiate whether request is created",
        "username": "ServiceNow Community : All Content - All Communities",
        "icons": {
            "image_36": "https:\/\/slack.global.ssl.fastly.net\/66f9\/img\/services\/rss_36.png",
            "image_48": "https:\/\/slack.global.ssl.fastly.net\/66f9\/img\/services\/rss_48.png",
            "image_72": "https:\/\/slack.global.ssl.fastly.net\/205a\/img\/services\/rss_72.png"
        },
        "bot_id": "B0K75EKEC",
        "attachments": [
            {
                "text": "Hi All, I have one query, like whenever we submit any request from Order guide a, request gets generated and in the \"Order Gude\" field, the name of",
                "fallback": "Hi All, I have one query, like whenever we submit any request from Order guide a, request gets generated and in the \"Order Gude\" field, the name of",
                "from_url": "https:\/\/community.servicenow.com\/thread\/213834",
                "id": 1
            }
        ],
        "type": "message",
        "subtype": "bot_message",
        "ts": "1454216171.001026"
    },
    {
        "text": "<https:\/\/community.servicenow.com\/thread\/213796|how to create radio buttons in a filed>\nhi....         i want to create a radio buttons for enable the right one.... can you help me...  thanks in advance    Thanks and Regards  Prabha",
        "username": "ServiceNow Community : All Content - All Communities",
        "icons": {
            "image_36": "https:\/\/slack.global.ssl.fastly.net\/66f9\/img\/services\/rss_36.png",
            "image_48": "https:\/\/slack.global.ssl.fastly.net\/66f9\/img\/services\/rss_48.png",
            "image_72": "https:\/\/slack.global.ssl.fastly.net\/205a\/img\/services\/rss_72.png"
        },
        "bot_id": "B0K75EKEC",
        "attachments": [
            {
                "text": "hi....        i want to create a radio buttons for enable the right one.... can you help me... thanks in advance Thanks and Regards Prabha",
                "fallback": "hi....        i want to create a radio buttons for enable the right one.... can you help me... thanks in advance Thanks and Regards Prabha",
                "from_url": "https:\/\/community.servicenow.com\/thread\/213796",
                "id": 1
            }
        ],
        "type": "message",
        "subtype": "bot_message",
        "ts": "1454222473.001028"
    }
]