[
    {
        "text": "<https:\/\/community.servicenow.com\/thread\/213231|How to add page under Get Help Section on ess>\nHi Team,    I tried to add my own page under get help on ess page by following steps:   Option 1: Create a new CMS Page   This is the guaranteed to work method.  1.  Create a new iFrame under Content Management &gt; iFrames",
        "username": "ServiceNow Community : All Content - All Communities",
        "icons": {
            "image_36": "https:\/\/slack.global.ssl.fastly.net\/66f9\/img\/services\/rss_36.png",
            "image_48": "https:\/\/slack.global.ssl.fastly.net\/66f9\/img\/services\/rss_48.png",
            "image_72": "https:\/\/slack.global.ssl.fastly.net\/205a\/img\/services\/rss_72.png"
        },
        "bot_id": "B0K75EKEC",
        "attachments": [
            {
                "text": "Hi Team, I tried to add my own page under get help on ess page by following steps: Option 1: Create a new CMS Page This is the guaranteed to work",
                "fallback": "Hi Team, I tried to add my own page under get help on ess page by following steps: Option 1: Create a new CMS Page This is the guaranteed to work",
                "from_url": "https:\/\/community.servicenow.com\/thread\/213231",
                "id": 1
            }
        ],
        "type": "message",
        "subtype": "bot_message",
        "ts": "1453629073.000023"
    },
    {
        "text": "<https:\/\/community.servicenow.com\/thread\/213215|Service Interruption: This instance is unavailable.>\nhi    I keep losing my instances even after making configuration changes.    I see this message -  Service Interruption: This instance is unavailable.   This is the new instance I activated couple of hours back and now its not available",
        "username": "ServiceNow Community : All Content - All Communities",
        "icons": {
            "image_36": "https:\/\/slack.global.ssl.fastly.net\/66f9\/img\/services\/rss_36.png",
            "image_48": "https:\/\/slack.global.ssl.fastly.net\/66f9\/img\/services\/rss_48.png",
            "image_72": "https:\/\/slack.global.ssl.fastly.net\/205a\/img\/services\/rss_72.png"
        },
        "bot_id": "B0K75EKEC",
        "attachments": [
            {
                "text": "hi I keep losing my instances even after making configuration changes. I see this message - Service Interruption: This instance is unavailable.",
                "fallback": "hi I keep losing my instances even after making configuration changes. I see this message - Service Interruption: This instance is unavailable.",
                "from_url": "https:\/\/community.servicenow.com\/thread\/213215",
                "id": 1
            }
        ],
        "type": "message",
        "subtype": "bot_message",
        "ts": "1453642275.000025"
    },
    {
        "text": "<https:\/\/community.servicenow.com\/thread\/213239|Gliderecord in scripts don't obey ACLs?>\nHey All,   It seems GlideRecord when used in scripts doesn't respect ACLs? So a script can grab some information, that the user its running as doesnt have access to.     is this expected?  Thanks,      Chris",
        "username": "ServiceNow Community : All Content - All Communities",
        "icons": {
            "image_36": "https:\/\/slack.global.ssl.fastly.net\/66f9\/img\/services\/rss_36.png",
            "image_48": "https:\/\/slack.global.ssl.fastly.net\/66f9\/img\/services\/rss_48.png",
            "image_72": "https:\/\/slack.global.ssl.fastly.net\/205a\/img\/services\/rss_72.png"
        },
        "bot_id": "B0K75EKEC",
        "attachments": [
            {
                "text": "Hey All, It seems GlideRecord when used in scripts doesn't respect ACLs? So a script can grab some information, that the user its running as doesnt have",
                "fallback": "Hey All, It seems GlideRecord when used in scripts doesn't respect ACLs? So a script can grab some information, that the user its running as doesnt have",
                "from_url": "https:\/\/community.servicenow.com\/thread\/213239",
                "id": 1
            }
        ],
        "type": "message",
        "subtype": "bot_message",
        "ts": "1453643175.000027"
    },
    {
        "text": "<https:\/\/community.servicenow.com\/thread\/213232|Error during developer Program training>\nHi All, I started Developer Platform Introduction  and on Module 3: Tables, references, and inheritance  I am getting below error while trying to add new table which extends from Task Table.    \"Invalid Table assignment to the Module record.",
        "username": "ServiceNow Community : All Content - All Communities",
        "icons": {
            "image_36": "https:\/\/slack.global.ssl.fastly.net\/66f9\/img\/services\/rss_36.png",
            "image_48": "https:\/\/slack.global.ssl.fastly.net\/66f9\/img\/services\/rss_48.png",
            "image_72": "https:\/\/slack.global.ssl.fastly.net\/205a\/img\/services\/rss_72.png"
        },
        "bot_id": "B0K75EKEC",
        "attachments": [
            {
                "text": "Hi All, I started Developer Platform Introduction  and on Module 3: Tables, references, and inheritance I am getting below error while trying to add new",
                "fallback": "Hi All, I started Developer Platform Introduction  and on Module 3: Tables, references, and inheritance I am getting below error while trying to add new",
                "from_url": "https:\/\/community.servicenow.com\/thread\/213232",
                "id": 1
            }
        ],
        "type": "message",
        "subtype": "bot_message",
        "ts": "1453646178.000029"
    },
    {
        "text": "<https:\/\/community.servicenow.com\/thread\/213225|How to reference two fields with two fields of another table . I think there can only be one display field but i need two values, Is this possible?>\nHow to reference two fields with two fields of another table . I think there can only be one display field but i need two values, Is this possible?",
        "username": "ServiceNow Community : All Content - All Communities",
        "icons": {
            "image_36": "https:\/\/slack.global.ssl.fastly.net\/66f9\/img\/services\/rss_36.png",
            "image_48": "https:\/\/slack.global.ssl.fastly.net\/66f9\/img\/services\/rss_48.png",
            "image_72": "https:\/\/slack.global.ssl.fastly.net\/205a\/img\/services\/rss_72.png"
        },
        "bot_id": "B0K75EKEC",
        "attachments": [
            {
                "text": "How to reference two fields with two fields of another table . I think there can only be one display field but i need two values, Is this possible?",
                "fallback": "How to reference two fields with two fields of another table . I think there can only be one display field but i need two values, Is this possible?",
                "from_url": "https:\/\/community.servicenow.com\/thread\/213225",
                "id": 1
            }
        ],
        "type": "message",
        "subtype": "bot_message",
        "ts": "1453648275.000031"
    },
    {
        "text": "<https:\/\/community.servicenow.com\/thread\/213217|SLA Response when a ticket is assigned to someone>\nHi,    I have a scenario that is impacting my Incident Response SLA and I hope someone can assist.    When an Incident ticket is created by a user (say Fred) and Fred has Assigned that ticket to himself ( \"Assigned to\"), and saves the ticket to",
        "username": "ServiceNow Community : All Content - All Communities",
        "icons": {
            "image_36": "https:\/\/slack.global.ssl.fastly.net\/66f9\/img\/services\/rss_36.png",
            "image_48": "https:\/\/slack.global.ssl.fastly.net\/66f9\/img\/services\/rss_48.png",
            "image_72": "https:\/\/slack.global.ssl.fastly.net\/205a\/img\/services\/rss_72.png"
        },
        "bot_id": "B0K75EKEC",
        "attachments": [
            {
                "text": "Hi, I have a scenario that is impacting my Incident Response SLA and I hope someone can assist. When an Incident ticket is created by a user (say",
                "fallback": "Hi, I have a scenario that is impacting my Incident Response SLA and I hope someone can assist. When an Incident ticket is created by a user (say",
                "from_url": "https:\/\/community.servicenow.com\/thread\/213217",
                "id": 1
            }
        ],
        "type": "message",
        "subtype": "bot_message",
        "ts": "1453650374.000033"
    },
    {
        "text": "<https:\/\/community.servicenow.com\/thread\/213226|Is it possible to add description in reports?>\nHi,  Is it possible to add description below title in reports?",
        "username": "ServiceNow Community : All Content - All Communities",
        "icons": {
            "image_36": "https:\/\/slack.global.ssl.fastly.net\/66f9\/img\/services\/rss_36.png",
            "image_48": "https:\/\/slack.global.ssl.fastly.net\/66f9\/img\/services\/rss_48.png",
            "image_72": "https:\/\/slack.global.ssl.fastly.net\/205a\/img\/services\/rss_72.png"
        },
        "bot_id": "B0K75EKEC",
        "attachments": [
            {
                "text": "Hi, Is it possible to add description below title in reports?",
                "fallback": "Hi, Is it possible to add description below title in reports?",
                "from_url": "https:\/\/community.servicenow.com\/thread\/213226",
                "id": 1
            }
        ],
        "type": "message",
        "subtype": "bot_message",
        "ts": "1453654275.000035"
    },
    {
        "text": "<https:\/\/community.servicenow.com\/thread\/213227|How to Add dependency on Record Producers using client script?>\nHi Team,    I tried to implement dependency of variable on record producers, i achieved this via Catalog UI script, however i want to achive this from Client Script. I am using the below script but it is nt working for me. I have tried them all but",
        "username": "ServiceNow Community : All Content - All Communities",
        "icons": {
            "image_36": "https:\/\/slack.global.ssl.fastly.net\/66f9\/img\/services\/rss_36.png",
            "image_48": "https:\/\/slack.global.ssl.fastly.net\/66f9\/img\/services\/rss_48.png",
            "image_72": "https:\/\/slack.global.ssl.fastly.net\/205a\/img\/services\/rss_72.png"
        },
        "bot_id": "B0K75EKEC",
        "attachments": [
            {
                "text": "Hi Team, I tried to implement dependency of variable on record producers, i achieved this via Catalog UI script, however i want to achive this from",
                "fallback": "Hi Team, I tried to implement dependency of variable on record producers, i achieved this via Catalog UI script, however i want to achive this from",
                "from_url": "https:\/\/community.servicenow.com\/thread\/213227",
                "id": 1
            }
        ],
        "type": "message",
        "subtype": "bot_message",
        "ts": "1453655473.000037"
    },
    {
        "text": "<https:\/\/community.servicenow.com\/thread\/213240|Make a system property where the choices should be like a \"reference field\">\nIm wondering if it is possible to have a system property that has a choice list that is populated with data from another table.    My scenario is like this:    I want to make a system property that when we go to the property page will be like a",
        "username": "ServiceNow Community : All Content - All Communities",
        "icons": {
            "image_36": "https:\/\/slack.global.ssl.fastly.net\/66f9\/img\/services\/rss_36.png",
            "image_48": "https:\/\/slack.global.ssl.fastly.net\/66f9\/img\/services\/rss_48.png",
            "image_72": "https:\/\/slack.global.ssl.fastly.net\/205a\/img\/services\/rss_72.png"
        },
        "bot_id": "B0K75EKEC",
        "attachments": [
            {
                "text": "Im wondering if it is possible to have a system property that has a choice list that is populated with data from another table. My scenario is like",
                "fallback": "Im wondering if it is possible to have a system property that has a choice list that is populated with data from another table. My scenario is like",
                "from_url": "https:\/\/community.servicenow.com\/thread\/213240",
                "id": 1
            }
        ],
        "type": "message",
        "subtype": "bot_message",
        "ts": "1453661475.000039"
    },
    {
        "user": "U0K6512F4",
        "type": "message",
        "subtype": "channel_join",
        "text": "<@U0K6512F4|pattipdx> has joined the channel",
        "ts": "1453673319.000002"
    },
    {
        "text": "<https:\/\/community.servicenow.com\/thread\/213248|Auto-populate fields on checkout page from choose options page>\nHi,     I would like to have these fields in the checkout page auto-populated with values from the previous Choose Options page. This is the screenshot of Checkout page with all the fields that needs pre-populated value (Business Unit, Department,",
        "username": "ServiceNow Community : All Content - All Communities",
        "icons": {
            "image_36": "https:\/\/slack.global.ssl.fastly.net\/66f9\/img\/services\/rss_36.png",
            "image_48": "https:\/\/slack.global.ssl.fastly.net\/66f9\/img\/services\/rss_48.png",
            "image_72": "https:\/\/slack.global.ssl.fastly.net\/205a\/img\/services\/rss_72.png"
        },
        "bot_id": "B0K75EKEC",
        "attachments": [
            {
                "text": "Hi, I would like to have these fields in the checkout page auto-populated with values from the previous Choose Options page. This is the screenshot of",
                "fallback": "Hi, I would like to have these fields in the checkout page auto-populated with values from the previous Choose Options page. This is the screenshot of",
                "from_url": "https:\/\/community.servicenow.com\/thread\/213248",
                "id": 1
            }
        ],
        "type": "message",
        "subtype": "bot_message",
        "ts": "1453674378.000003"
    },
    {
        "text": "<https:\/\/community.servicenow.com\/groups\/servicenow-user-group-us-tx-north-texas\/blog\/2016\/01\/24\/pragmatic-patterns-ajax-architecting-your-code|Pragmatic Patterns: Ajax - Architecting Your Code>\nI do a lot of ServiceNow architecture work for my company.  Every now and then a particular coding practice pattern keeps constantly dropping out of that work.  So I thought I would pass one of those along to you:  How to best organize",
        "username": "ServiceNow Community : All Content - All Communities",
        "icons": {
            "image_36": "https:\/\/slack.global.ssl.fastly.net\/66f9\/img\/services\/rss_36.png",
            "image_48": "https:\/\/slack.global.ssl.fastly.net\/66f9\/img\/services\/rss_48.png",
            "image_72": "https:\/\/slack.global.ssl.fastly.net\/205a\/img\/services\/rss_72.png"
        },
        "bot_id": "B0K75EKEC",
        "attachments": [
            {
                "text": "I do a lot of ServiceNow architecture work for my company.&amp;#160; Every now and then a particular coding practice pattern keeps constantly dropping out of",
                "fallback": "I do a lot of ServiceNow architecture work for my company.&amp;#160; Every now and then a particular coding practice pattern keeps constantly dropping out of",
                "from_url": "https:\/\/community.servicenow.com\/groups\/servicenow-user-group-us-tx-north-texas\/blog\/2016\/01\/24\/pragmatic-patterns-ajax-architecting-your-code",
                "id": 1
            }
        ],
        "type": "message",
        "subtype": "bot_message",
        "ts": "1453675576.000005"
    },
    {
        "text": "<https:\/\/community.servicenow.com\/thread\/213233|Can someone please provide me the Mandatory field\/attributes for different cmdb table? e.g cmdb_ci_computer has which field as mandatory ..>\nHi Team,    Please provide me mandator fields of different CI form in Service-now",
        "username": "ServiceNow Community : All Content - All Communities",
        "icons": {
            "image_36": "https:\/\/slack.global.ssl.fastly.net\/66f9\/img\/services\/rss_36.png",
            "image_48": "https:\/\/slack.global.ssl.fastly.net\/66f9\/img\/services\/rss_48.png",
            "image_72": "https:\/\/slack.global.ssl.fastly.net\/205a\/img\/services\/rss_72.png"
        },
        "bot_id": "B0K75EKEC",
        "attachments": [
            {
                "text": "Hi Team, Please provide me mandator fields of different CI form in Service-now",
                "fallback": "Hi Team, Please provide me mandator fields of different CI form in Service-now",
                "from_url": "https:\/\/community.servicenow.com\/thread\/213233",
                "id": 1
            }
        ],
        "type": "message",
        "subtype": "bot_message",
        "ts": "1453678577.000007"
    },
    {
        "text": "<https:\/\/community.servicenow.com\/thread\/213242|work order form corrupt immediately after Field Service Management plugin activation>\nI've just activated the Field Service Management plugin and it appears there has been as issue as the Work Order form has been corrupted. I've tried reactivating\/upgrading the plugin without success. I'd really prefer not to have to zBoot my instance.",
        "username": "ServiceNow Community : All Content - All Communities",
        "icons": {
            "image_36": "https:\/\/slack.global.ssl.fastly.net\/66f9\/img\/services\/rss_36.png",
            "image_48": "https:\/\/slack.global.ssl.fastly.net\/66f9\/img\/services\/rss_48.png",
            "image_72": "https:\/\/slack.global.ssl.fastly.net\/205a\/img\/services\/rss_72.png"
        },
        "bot_id": "B0K75EKEC",
        "attachments": [
            {
                "text": "I've just activated the Field Service Management plugin and it appears there has been as issue as the Work Order form has been corrupted. I've tried",
                "fallback": "I've just activated the Field Service Management plugin and it appears there has been as issue as the Work Order form has been corrupted. I've tried",
                "from_url": "https:\/\/community.servicenow.com\/thread\/213242",
                "id": 1
            }
        ],
        "type": "message",
        "subtype": "bot_message",
        "ts": "1453683672.000009"
    },
    {
        "text": "<https:\/\/community.servicenow.com\/thread\/213243|Instance is unavailable since 22 Jan, Friday>\nHi - Need some help. My instance went down on 22 Jan and the service has not been restored since.    <https:\/\/dev12930.service-now.com\/>    I know there are couple of threads on similar issues, but the resolution seems to require a HI ticket,",
        "username": "ServiceNow Community : All Content - All Communities",
        "icons": {
            "image_36": "https:\/\/slack.global.ssl.fastly.net\/66f9\/img\/services\/rss_36.png",
            "image_48": "https:\/\/slack.global.ssl.fastly.net\/66f9\/img\/services\/rss_48.png",
            "image_72": "https:\/\/slack.global.ssl.fastly.net\/205a\/img\/services\/rss_72.png"
        },
        "bot_id": "B0K75EKEC",
        "attachments": [
            {
                "text": "Hi - Need some help. My instance went down on 22 Jan and the service has not been restored since. <https:\/\/dev12930.service-now.com\/> I know there are",
                "fallback": "Hi - Need some help. My instance went down on 22 Jan and the service has not been restored since. <https:\/\/dev12930.service-now.com\/> I know there are",
                "from_url": "https:\/\/community.servicenow.com\/thread\/213243",
                "id": 1
            }
        ],
        "type": "message",
        "subtype": "bot_message",
        "ts": "1453683673.000010"
    },
    {
        "text": "<https:\/\/community.servicenow.com\/thread\/213234|Plugin (Event Management) is not getting activated in Demo Instance..........Msg: Plugin Activation in progress........>\nTried activating event management plug-in but seems its taking more time then expected.    .",
        "username": "ServiceNow Community : All Content - All Communities",
        "icons": {
            "image_36": "https:\/\/slack.global.ssl.fastly.net\/66f9\/img\/services\/rss_36.png",
            "image_48": "https:\/\/slack.global.ssl.fastly.net\/66f9\/img\/services\/rss_48.png",
            "image_72": "https:\/\/slack.global.ssl.fastly.net\/205a\/img\/services\/rss_72.png"
        },
        "bot_id": "B0K75EKEC",
        "attachments": [
            {
                "text": "Tried activating event management plug-in but seems its taking more time then expected. .",
                "fallback": "Tried activating event management plug-in but seems its taking more time then expected. .",
                "from_url": "https:\/\/community.servicenow.com\/thread\/213234",
                "id": 1
            }
        ],
        "type": "message",
        "subtype": "bot_message",
        "ts": "1453685777.000013"
    },
    {
        "text": "<https:\/\/community.servicenow.com\/thread\/213251|Variable drives workflow>\nI want a variable to be able to be changed by an IT user within a catalog task which will then drive the workflow.    The catalog item is for a new phone.  The question visible on the form is if the user has an active network port with the",
        "username": "ServiceNow Community : All Content - All Communities",
        "icons": {
            "image_36": "https:\/\/slack.global.ssl.fastly.net\/66f9\/img\/services\/rss_36.png",
            "image_48": "https:\/\/slack.global.ssl.fastly.net\/66f9\/img\/services\/rss_48.png",
            "image_72": "https:\/\/slack.global.ssl.fastly.net\/205a\/img\/services\/rss_72.png"
        },
        "bot_id": "B0K75EKEC",
        "attachments": [
            {
                "text": "I want a variable to be able to be changed by an IT user within a catalog task which will then drive the workflow. The catalog item is for a new",
                "fallback": "I want a variable to be able to be changed by an IT user within a catalog task which will then drive the workflow. The catalog item is for a new",
                "from_url": "https:\/\/community.servicenow.com\/thread\/213251",
                "id": 1
            }
        ],
        "type": "message",
        "subtype": "bot_message",
        "ts": "1453685777.000014"
    },
    {
        "user": "U0H7HTAMT",
        "type": "message",
        "subtype": "channel_join",
        "text": "<@U0H7HTAMT|dlsprowls> has joined the channel",
        "ts": "1453686172.000017"
    },
    {
        "text": "<https:\/\/community.servicenow.com\/thread\/213252|ServiceNow Security Questions OOTB design>\nHi folks,    Just been asked by my colleague who is a Functional Spec Analyst who is writing a documentation about ServiceNow Security, one requirement is about two layers security protection, I know ServiceNow has username and password to identify",
        "username": "ServiceNow Community : All Content - All Communities",
        "icons": {
            "image_36": "https:\/\/slack.global.ssl.fastly.net\/66f9\/img\/services\/rss_36.png",
            "image_48": "https:\/\/slack.global.ssl.fastly.net\/66f9\/img\/services\/rss_48.png",
            "image_72": "https:\/\/slack.global.ssl.fastly.net\/205a\/img\/services\/rss_72.png"
        },
        "bot_id": "B0K75EKEC",
        "attachments": [
            {
                "text": "Hi folks, Just been asked by my colleague who is a Functional Spec Analyst who is writing a documentation about ServiceNow Security, one requirement is",
                "fallback": "Hi folks, Just been asked by my colleague who is a Functional Spec Analyst who is writing a documentation about ServiceNow Security, one requirement is",
                "from_url": "https:\/\/community.servicenow.com\/thread\/213252",
                "id": 1
            }
        ],
        "type": "message",
        "subtype": "bot_message",
        "ts": "1453687879.000018"
    },
    {
        "text": "<https:\/\/community.servicenow.com\/thread\/213244|Copy \"workaround\" from Problem form to related incidents>\nI would like to copy \"workaround\" notes from my Problem from to any related incidents when the problem status is set to \"Closed\/Resolved\" or \"Known Error\"    Currently, nothing gets copied when the Problem status is changed and form is saved. I",
        "username": "ServiceNow Community : All Content - All Communities",
        "icons": {
            "image_36": "https:\/\/slack.global.ssl.fastly.net\/66f9\/img\/services\/rss_36.png",
            "image_48": "https:\/\/slack.global.ssl.fastly.net\/66f9\/img\/services\/rss_48.png",
            "image_72": "https:\/\/slack.global.ssl.fastly.net\/205a\/img\/services\/rss_72.png"
        },
        "bot_id": "B0K75EKEC",
        "attachments": [
            {
                "text": "I would like to copy \"workaround\" notes from my Problem from to any related incidents when the problem status is set to \"Closed\/Resolved\" or \"Known Error\"",
                "fallback": "I would like to copy \"workaround\" notes from my Problem from to any related incidents when the problem status is set to \"Closed\/Resolved\" or \"Known Error\"",
                "from_url": "https:\/\/community.servicenow.com\/thread\/213244",
                "id": 1
            }
        ],
        "type": "message",
        "subtype": "bot_message",
        "ts": "1453690275.000020"
    },
    {
        "text": "<https:\/\/community.servicenow.com\/thread\/213245|Regarding date validation>\nHi All,            Suppose there are two tables A and B. A is parent table of B. I have one Date field(datatype is Date) in table A. In table B there is one DateTime field(datatype is DateTime) in Table B.",
        "username": "ServiceNow Community : All Content - All Communities",
        "icons": {
            "image_36": "https:\/\/slack.global.ssl.fastly.net\/66f9\/img\/services\/rss_36.png",
            "image_48": "https:\/\/slack.global.ssl.fastly.net\/66f9\/img\/services\/rss_48.png",
            "image_72": "https:\/\/slack.global.ssl.fastly.net\/205a\/img\/services\/rss_72.png"
        },
        "bot_id": "B0K75EKEC",
        "attachments": [
            {
                "text": "Hi All,           Suppose there are two tables A and B. A is parent table of B. I have one Date field(datatype is Date) in table A. In table B there is",
                "fallback": "Hi All,           Suppose there are two tables A and B. A is parent table of B. I have one Date field(datatype is Date) in table A. In table B there is",
                "from_url": "https:\/\/community.servicenow.com\/thread\/213245",
                "id": 1
            }
        ],
        "type": "message",
        "subtype": "bot_message",
        "ts": "1453695374.000022"
    },
    {
        "text": "<https:\/\/community.servicenow.com\/thread\/213235|Get current username of logged in user>\nHello Everyone,  I want current username of logged in user through Glide System.  Regards  Ankul",
        "username": "ServiceNow Community : All Content - All Communities",
        "icons": {
            "image_36": "https:\/\/slack.global.ssl.fastly.net\/66f9\/img\/services\/rss_36.png",
            "image_48": "https:\/\/slack.global.ssl.fastly.net\/66f9\/img\/services\/rss_48.png",
            "image_72": "https:\/\/slack.global.ssl.fastly.net\/205a\/img\/services\/rss_72.png"
        },
        "bot_id": "B0K75EKEC",
        "attachments": [
            {
                "text": "Hello Everyone, I want current username of logged in user through Glide System. Regards Ankul",
                "fallback": "Hello Everyone, I want current username of logged in user through Glide System. Regards Ankul",
                "from_url": "https:\/\/community.servicenow.com\/thread\/213235",
                "id": 1
            }
        ],
        "type": "message",
        "subtype": "bot_message",
        "ts": "1453700476.000024"
    },
    {
        "text": "<https:\/\/community.servicenow.com\/thread\/213247|Reloading a form after business rule executes>\nI have a question.  I am wondering if it is possible to reload a form after a business rule executes.  As an example, if a user attaches a file to a record and a business rule executes that moves that attachment to a new location, can I force the",
        "username": "ServiceNow Community : All Content - All Communities",
        "icons": {
            "image_36": "https:\/\/slack.global.ssl.fastly.net\/66f9\/img\/services\/rss_36.png",
            "image_48": "https:\/\/slack.global.ssl.fastly.net\/66f9\/img\/services\/rss_48.png",
            "image_72": "https:\/\/slack.global.ssl.fastly.net\/205a\/img\/services\/rss_72.png"
        },
        "bot_id": "B0K75EKEC",
        "attachments": [
            {
                "text": "I have a question.  I am wondering if it is possible to reload a form after a business rule executes. As an example, if a user attaches a file to a",
                "fallback": "I have a question.  I am wondering if it is possible to reload a form after a business rule executes. As an example, if a user attaches a file to a",
                "from_url": "https:\/\/community.servicenow.com\/thread\/213247",
                "id": 1
            }
        ],
        "type": "message",
        "subtype": "bot_message",
        "ts": "1453704677.000026"
    },
    {
        "text": "<https:\/\/community.servicenow.com\/thread\/213268|Remove the -- None -- choice in a client script>\nI want to remove\/hide the \"-- None --\" option in a choice list using a client script. Some users should be able to see the -- None -- option and some should not.    I have tried using the following in my script but without success.  ",
        "username": "ServiceNow Community : All Content - All Communities",
        "icons": {
            "image_36": "https:\/\/slack.global.ssl.fastly.net\/66f9\/img\/services\/rss_36.png",
            "image_48": "https:\/\/slack.global.ssl.fastly.net\/66f9\/img\/services\/rss_48.png",
            "image_72": "https:\/\/slack.global.ssl.fastly.net\/205a\/img\/services\/rss_72.png"
        },
        "bot_id": "B0K75EKEC",
        "attachments": [
            {
                "text": "I want to remove\/hide the \"-- None --\" option in a choice list using a client script. Some users should be able to see the -- None -- option and some",
                "fallback": "I want to remove\/hide the \"-- None --\" option in a choice list using a client script. Some users should be able to see the -- None -- option and some",
                "from_url": "https:\/\/community.servicenow.com\/thread\/213268",
                "id": 1
            }
        ],
        "type": "message",
        "subtype": "bot_message",
        "ts": "1453704679.000027"
    },
    {
        "text": "<https:\/\/community.servicenow.com\/thread\/213259|Hi Community....i found some issue with update set..please help me out.>\nHI    I have capture the update set(change_v1) with all the changes and moved to qa instance i found all changes reflect there except 3 fields i,e related to form layout. so once again i have created new update set(change_v2) and capture the form",
        "username": "ServiceNow Community : All Content - All Communities",
        "icons": {
            "image_36": "https:\/\/slack.global.ssl.fastly.net\/66f9\/img\/services\/rss_36.png",
            "image_48": "https:\/\/slack.global.ssl.fastly.net\/66f9\/img\/services\/rss_48.png",
            "image_72": "https:\/\/slack.global.ssl.fastly.net\/205a\/img\/services\/rss_72.png"
        },
        "bot_id": "B0K75EKEC",
        "attachments": [
            {
                "text": "HI I have capture the update set(change_v1) with all the changes and moved to qa instance i found all changes reflect there except 3 fields i,e related",
                "fallback": "HI I have capture the update set(change_v1) with all the changes and moved to qa instance i found all changes reflect there except 3 fields i,e related",
                "from_url": "https:\/\/community.servicenow.com\/thread\/213259",
                "id": 1
            }
        ],
        "type": "message",
        "subtype": "bot_message",
        "ts": "1453705877.000030"
    },
    {
        "text": "<https:\/\/community.servicenow.com\/thread\/213260|Can you change the style of Reference List?>\nI'd like to change the text color of the fields in Reference List, sys_ref_list. But client scripts I tried don't work at all. Is there any way for that?        Thanks.",
        "username": "ServiceNow Community : All Content - All Communities",
        "icons": {
            "image_36": "https:\/\/slack.global.ssl.fastly.net\/66f9\/img\/services\/rss_36.png",
            "image_48": "https:\/\/slack.global.ssl.fastly.net\/66f9\/img\/services\/rss_48.png",
            "image_72": "https:\/\/slack.global.ssl.fastly.net\/205a\/img\/services\/rss_72.png"
        },
        "bot_id": "B0K75EKEC",
        "attachments": [
            {
                "text": "I'd like to change the text color of the fields in Reference List, sys_ref_list. But client scripts I tried don't work at all. Is there any way for that?",
                "fallback": "I'd like to change the text color of the fields in Reference List, sys_ref_list. But client scripts I tried don't work at all. Is there any way for that?",
                "from_url": "https:\/\/community.servicenow.com\/thread\/213260",
                "id": 1
            }
        ],
        "type": "message",
        "subtype": "bot_message",
        "ts": "1453707077.000032"
    }
]