[
    {
        "text": "<https:\/\/community.servicenow.com\/thread\/219484|how to add an image to a dahboard>\nHi all,    I have created a dash board, I successfully added an image to that dashboard using content block-&gt;  static image, But it is visible to me only, i should make visible to everyone.     When i am trying to add image to the",
        "username": "ServiceNow Community : All Content - All Communities",
        "icons": {
            "image_36": "https:\/\/a.slack-edge.com\/66f9\/img\/services\/rss_36.png",
            "image_48": "https:\/\/a.slack-edge.com\/66f9\/img\/services\/rss_48.png",
            "image_72": "https:\/\/a.slack-edge.com\/205a\/img\/services\/rss_72.png"
        },
        "bot_id": "B0K75EKEC",
        "attachments": [
            {
                "title": "how to add an image to a dahboard | ServiceNow Community",
                "title_link": "https:\/\/community.servicenow.com\/thread\/219484",
                "text": "Hi all, I have created a dash board, I successfully added an image to that dashboard using content block-&gt;  static image, But it is visible to me only,",
                "fallback": "how to add an image to a dahboard | ServiceNow Community",
                "from_url": "https:\/\/community.servicenow.com\/thread\/219484",
                "id": 1
            }
        ],
        "type": "message",
        "subtype": "bot_message",
        "ts": "1459581373.003483"
    },
    {
        "text": "<https:\/\/community.servicenow.com\/thread\/219477|Catalog Item UI confoguration for price information... Need help>\nHi,    Need UI configuration for the below to display Once time charge and Monthly charge column.  As an end user I want to see price information of Item. This includes one-time charges and recurring (monthly) charges as shown below in figure.",
        "username": "ServiceNow Community : All Content - All Communities",
        "icons": {
            "image_36": "https:\/\/a.slack-edge.com\/66f9\/img\/services\/rss_36.png",
            "image_48": "https:\/\/a.slack-edge.com\/66f9\/img\/services\/rss_48.png",
            "image_72": "https:\/\/a.slack-edge.com\/205a\/img\/services\/rss_72.png"
        },
        "bot_id": "B0K75EKEC",
        "attachments": [
            {
                "title": "Catalog Item UI confoguration for price informa... | ServiceNow Community",
                "title_link": "https:\/\/community.servicenow.com\/thread\/219477",
                "text": "Hi, Need UI configuration for the below to display Once time charge and Monthly charge column. As an end user I want to see price information of Item.",
                "fallback": "Catalog Item UI confoguration for price informa... | ServiceNow Community",
                "from_url": "https:\/\/community.servicenow.com\/thread\/219477",
                "id": 1
            }
        ],
        "type": "message",
        "subtype": "bot_message",
        "ts": "1459585271.003485"
    },
    {
        "text": "<https:\/\/community.servicenow.com\/thread\/219485|Please help!!How to approach approver list based on approver section>\nHI   i am really worried about this requirement:(  More commonly users will choose from the Authoriser [approver field which reference to user table] list to select their approver. Requirement here is other option- authoriser section   1. AAA Autoriser",
        "username": "ServiceNow Community : All Content - All Communities",
        "icons": {
            "image_36": "https:\/\/a.slack-edge.com\/66f9\/img\/services\/rss_36.png",
            "image_48": "https:\/\/a.slack-edge.com\/66f9\/img\/services\/rss_48.png",
            "image_72": "https:\/\/a.slack-edge.com\/205a\/img\/services\/rss_72.png"
        },
        "bot_id": "B0K75EKEC",
        "attachments": [
            {
                "title": "Please help!!How to approach approver list base... | ServiceNow Community",
                "title_link": "https:\/\/community.servicenow.com\/thread\/219485",
                "text": "HI i am really worried about this requirement:( More commonly users will choose from the Authoriser [approver field which reference to user table] list",
                "fallback": "Please help!!How to approach approver list base... | ServiceNow Community",
                "from_url": "https:\/\/community.servicenow.com\/thread\/219485",
                "id": 1
            }
        ],
        "type": "message",
        "subtype": "bot_message",
        "ts": "1459587070.003487"
    },
    {
        "text": "<https:\/\/community.servicenow.com\/thread\/219491|In incident management where can I find Correlation field>\nIn incident management where can I find Correlation field",
        "username": "ServiceNow Community : All Content - All Communities",
        "icons": {
            "image_36": "https:\/\/a.slack-edge.com\/66f9\/img\/services\/rss_36.png",
            "image_48": "https:\/\/a.slack-edge.com\/66f9\/img\/services\/rss_48.png",
            "image_72": "https:\/\/a.slack-edge.com\/205a\/img\/services\/rss_72.png"
        },
        "bot_id": "B0K75EKEC",
        "attachments": [
            {
                "title": "In incident management where can I find Correla... | ServiceNow Community",
                "title_link": "https:\/\/community.servicenow.com\/thread\/219491",
                "text": "In incident management where can I find Correlation field",
                "fallback": "In incident management where can I find Correla... | ServiceNow Community",
                "from_url": "https:\/\/community.servicenow.com\/thread\/219491",
                "id": 1
            }
        ],
        "type": "message",
        "subtype": "bot_message",
        "ts": "1459591870.003489"
    },
    {
        "text": "<https:\/\/community.servicenow.com\/thread\/219486|ITIL users are getting constraints when trying to view work flow tasks>\n   I have looked in Business rules and ACL's but I cant seem to find how to give access to the ITIL role users on seeing this view. When in ADMIN role the view show up and work perfect but when impersonating an ITIL user I get the view above in an",
        "username": "ServiceNow Community : All Content - All Communities",
        "icons": {
            "image_36": "https:\/\/a.slack-edge.com\/66f9\/img\/services\/rss_36.png",
            "image_48": "https:\/\/a.slack-edge.com\/66f9\/img\/services\/rss_48.png",
            "image_72": "https:\/\/a.slack-edge.com\/205a\/img\/services\/rss_72.png"
        },
        "bot_id": "B0K75EKEC",
        "attachments": [
            {
                "title": "ITIL users are getting constraints when trying ... | ServiceNow Community",
                "title_link": "https:\/\/community.servicenow.com\/thread\/219486",
                "text": "I have looked in Business rules and ACL's but I cant seem to find how to give access to the ITIL role users on seeing this view. When in ADMIN role the",
                "fallback": "ITIL users are getting constraints when trying ... | ServiceNow Community",
                "from_url": "https:\/\/community.servicenow.com\/thread\/219486",
                "id": 1
            }
        ],
        "type": "message",
        "subtype": "bot_message",
        "ts": "1459609275.003491"
    },
    {
        "text": "<https:\/\/community.servicenow.com\/thread\/219499|order guide with 50 tabs>\nwe are working on a order guide when user request for 10 request actions for one specific location then it populate 10 tabs its fine.but we have a scenario when user request more than 50 request actions here the order guide logic failed because opening",
        "username": "ServiceNow Community : All Content - All Communities",
        "icons": {
            "image_36": "https:\/\/a.slack-edge.com\/66f9\/img\/services\/rss_36.png",
            "image_48": "https:\/\/a.slack-edge.com\/66f9\/img\/services\/rss_48.png",
            "image_72": "https:\/\/a.slack-edge.com\/205a\/img\/services\/rss_72.png"
        },
        "bot_id": "B0K75EKEC",
        "attachments": [
            {
                "title": "order guide with 50 tabs | ServiceNow Community",
                "title_link": "https:\/\/community.servicenow.com\/thread\/219499",
                "text": "we are working on a order guide when user request for 10 request actions for one specific location then it populate 10 tabs its fine.but we have a",
                "fallback": "order guide with 50 tabs | ServiceNow Community",
                "from_url": "https:\/\/community.servicenow.com\/thread\/219499",
                "id": 1
            }
        ],
        "type": "message",
        "subtype": "bot_message",
        "ts": "1459610471.003493"
    },
    {
        "text": "<https:\/\/community.servicenow.com\/thread\/219487|How to access catalog item attributes from user criteria script>\nWithin entitlement scripts it was possible to access the catalog item using current object and calling current.getID() to retrieve the catalog item sys_id.    With user criteria script, this is no longer possible as there is no access to the current",
        "username": "ServiceNow Community : All Content - All Communities",
        "icons": {
            "image_36": "https:\/\/a.slack-edge.com\/66f9\/img\/services\/rss_36.png",
            "image_48": "https:\/\/a.slack-edge.com\/66f9\/img\/services\/rss_48.png",
            "image_72": "https:\/\/a.slack-edge.com\/205a\/img\/services\/rss_72.png"
        },
        "bot_id": "B0K75EKEC",
        "attachments": [
            {
                "title": "How to access catalog item attributes from user... | ServiceNow Community",
                "title_link": "https:\/\/community.servicenow.com\/thread\/219487",
                "text": "Within entitlement scripts it was possible to access the catalog item using current object and calling current.getID() to retrieve the catalog item",
                "fallback": "How to access catalog item attributes from user... | ServiceNow Community",
                "from_url": "https:\/\/community.servicenow.com\/thread\/219487",
                "id": 1
            }
        ],
        "type": "message",
        "subtype": "bot_message",
        "ts": "1459617072.003495"
    },
    {
        "text": "<https:\/\/community.servicenow.com\/thread\/219509|How to set maximum limit for entering characters into description field of IM form?>\nHello all,    Please tell me How to set maximum limit for entering characters into description field of IM form?  Actually by default description field has 4000 max length, but it taking more than 4000 characters.  so please do reply.    Thanks.",
        "username": "ServiceNow Community : All Content - All Communities",
        "icons": {
            "image_36": "https:\/\/a.slack-edge.com\/66f9\/img\/services\/rss_36.png",
            "image_48": "https:\/\/a.slack-edge.com\/66f9\/img\/services\/rss_48.png",
            "image_72": "https:\/\/a.slack-edge.com\/205a\/img\/services\/rss_72.png"
        },
        "bot_id": "B0K75EKEC",
        "attachments": [
            {
                "title": "How to set maximum limit for entering character... | ServiceNow Community",
                "title_link": "https:\/\/community.servicenow.com\/thread\/219509",
                "text": "Hello all, Please tell me How to set maximum limit for entering characters into description field of IM form? Actually by default description field",
                "fallback": "How to set maximum limit for entering character... | ServiceNow Community",
                "from_url": "https:\/\/community.servicenow.com\/thread\/219509",
                "id": 1
            }
        ],
        "type": "message",
        "subtype": "bot_message",
        "ts": "1459622773.003497"
    },
    {
        "text": "<https:\/\/community.servicenow.com\/thread\/219510|How to import xml for BI-Rule>\nHow to import xml for BI-Rule",
        "username": "ServiceNow Community : All Content - All Communities",
        "icons": {
            "image_36": "https:\/\/a.slack-edge.com\/66f9\/img\/services\/rss_36.png",
            "image_48": "https:\/\/a.slack-edge.com\/66f9\/img\/services\/rss_48.png",
            "image_72": "https:\/\/a.slack-edge.com\/205a\/img\/services\/rss_72.png"
        },
        "bot_id": "B0K75EKEC",
        "attachments": [
            {
                "title": "How to import xml for BI-Rule | ServiceNow Community",
                "title_link": "https:\/\/community.servicenow.com\/thread\/219510",
                "text": "How to import xml for BI-Rule",
                "fallback": "How to import xml for BI-Rule | ServiceNow Community",
                "from_url": "https:\/\/community.servicenow.com\/thread\/219510",
                "id": 1
            }
        ],
        "type": "message",
        "subtype": "bot_message",
        "ts": "1459623970.003499"
    },
    {
        "text": "<https:\/\/community.servicenow.com\/thread\/219500|Scheduled Job Help>\nHi All,    This script dont even execute for the 1st block even if i remove the incident block to see if it works.  Can someone please point out what is teh issue with scheduled job. I tied to gs.log statements in both blocks, but it didnot log",
        "username": "ServiceNow Community : All Content - All Communities",
        "icons": {
            "image_36": "https:\/\/a.slack-edge.com\/66f9\/img\/services\/rss_36.png",
            "image_48": "https:\/\/a.slack-edge.com\/66f9\/img\/services\/rss_48.png",
            "image_72": "https:\/\/a.slack-edge.com\/205a\/img\/services\/rss_72.png"
        },
        "bot_id": "B0K75EKEC",
        "attachments": [
            {
                "title": "Scheduled Job Help | ServiceNow Community",
                "title_link": "https:\/\/community.servicenow.com\/thread\/219500",
                "text": "Hi All, This script dont even execute for the 1st block even if i remove the incident block to see if it works. Can someone please point out what is",
                "fallback": "Scheduled Job Help | ServiceNow Community",
                "from_url": "https:\/\/community.servicenow.com\/thread\/219500",
                "id": 1
            }
        ],
        "type": "message",
        "subtype": "bot_message",
        "ts": "1459627868.003501"
    },
    {
        "text": "<https:\/\/community.servicenow.com\/thread\/219511|when I am trying to update a Problem record then it is showing error 500 &lt;SOAP-ENV:Envelope xmlns:SOAP-ENV=\"http:\/\/schemas.xmlsoap.org\/soap\/envelope\/\"&gt;&lt;SOAP-ENV:Header\/&gt;   &lt;SOAP-ENV:Body&gt;&lt;SOAP-ENV:Fault&gt;&lt;faultcode&gt;SOAP-ENV:Server&lt;\/faultcode&gt;&lt;faultstring&gt;>\nwhen I am trying to update a Problem record then it is showing error 500     ",
        "username": "ServiceNow Community : All Content - All Communities",
        "icons": {
            "image_36": "https:\/\/a.slack-edge.com\/66f9\/img\/services\/rss_36.png",
            "image_48": "https:\/\/a.slack-edge.com\/66f9\/img\/services\/rss_48.png",
            "image_72": "https:\/\/a.slack-edge.com\/205a\/img\/services\/rss_72.png"
        },
        "bot_id": "B0K75EKEC",
        "type": "message",
        "subtype": "bot_message",
        "ts": "1459629672.003503"
    },
    {
        "text": "<https:\/\/community.servicenow.com\/thread\/219493|Request Item Workflow Not Starting when using Cart API and Email Inbound Action for Guest user>\nI am using the following script on an inbound email action. It works as expected when the email address is matched to an existing user, but for guest users it creates the REQ and RITM, but the RITM workflow doesn't start until the RITM is saved from the",
        "username": "ServiceNow Community : All Content - All Communities",
        "icons": {
            "image_36": "https:\/\/a.slack-edge.com\/66f9\/img\/services\/rss_36.png",
            "image_48": "https:\/\/a.slack-edge.com\/66f9\/img\/services\/rss_48.png",
            "image_72": "https:\/\/a.slack-edge.com\/205a\/img\/services\/rss_72.png"
        },
        "bot_id": "B0K75EKEC",
        "attachments": [
            {
                "title": "Request Item Workflow Not Starting when using C... | ServiceNow Community",
                "title_link": "https:\/\/community.servicenow.com\/thread\/219493",
                "text": "I am using the following script on an inbound email action. It works as expected when the email address is matched to an existing user, but for guest",
                "fallback": "Request Item Workflow Not Starting when using C... | ServiceNow Community",
                "from_url": "https:\/\/community.servicenow.com\/thread\/219493",
                "id": 1
            }
        ],
        "type": "message",
        "subtype": "bot_message",
        "ts": "1459629672.003504"
    },
    {
        "text": "<https:\/\/community.servicenow.com\/thread\/219512|I am trying to update Problem ticket when ever incident ticket is updated  can you help me in script (function executeRule(current, previous \/*null when async*\/) {     try {  var s = new sn_ws.SOAPMessageV2('Insert and Update test', 'insert');   \/\/overrid>\nI am trying to update Problem ticket when ever incident ticket is updated   can you help me in script  (function executeRule(current, previous \/*null when async*\/) {        try {   var s = new sn_ws.SOAPMessageV2('Insert and Update test',",
        "username": "ServiceNow Community : All Content - All Communities",
        "icons": {
            "image_36": "https:\/\/a.slack-edge.com\/66f9\/img\/services\/rss_36.png",
            "image_48": "https:\/\/a.slack-edge.com\/66f9\/img\/services\/rss_48.png",
            "image_72": "https:\/\/a.slack-edge.com\/205a\/img\/services\/rss_72.png"
        },
        "bot_id": "B0K75EKEC",
        "attachments": [
            {
                "title": "I am trying to update Problem ticket when ever ... | ServiceNow Community",
                "title_link": "https:\/\/community.servicenow.com\/thread\/219512",
                "text": "I am trying to update Problem ticket when ever incident ticket is updated can you help me in script (function executeRule(current, previous \/*null when",
                "fallback": "I am trying to update Problem ticket when ever ... | ServiceNow Community",
                "from_url": "https:\/\/community.servicenow.com\/thread\/219512",
                "id": 1
            }
        ],
        "type": "message",
        "subtype": "bot_message",
        "ts": "1459630572.003506"
    },
    {
        "text": "<https:\/\/community.servicenow.com\/thread\/219494|When creating new ci's how would I limit the class list to show only those availble under the CMDB module?>\nWhen creating new ci's how would I limit the class list to show only those availble under the CMDB module?",
        "username": "ServiceNow Community : All Content - All Communities",
        "icons": {
            "image_36": "https:\/\/a.slack-edge.com\/66f9\/img\/services\/rss_36.png",
            "image_48": "https:\/\/a.slack-edge.com\/66f9\/img\/services\/rss_48.png",
            "image_72": "https:\/\/a.slack-edge.com\/205a\/img\/services\/rss_72.png"
        },
        "bot_id": "B0K75EKEC",
        "attachments": [
            {
                "title": "When creating new ci's how would I limit the cl... | ServiceNow Community",
                "title_link": "https:\/\/community.servicenow.com\/thread\/219494",
                "text": "When creating new ci's how would I limit the class list to show only those availble under the CMDB module?",
                "fallback": "When creating new ci's how would I limit the cl... | ServiceNow Community",
                "from_url": "https:\/\/community.servicenow.com\/thread\/219494",
                "id": 1
            }
        ],
        "type": "message",
        "subtype": "bot_message",
        "ts": "1459648874.003508"
    },
    {
        "text": "<https:\/\/community.servicenow.com\/thread\/219518|Facing problem when  create new table>\nHi All, im trying to create a new table under tables &amp; columns.But its showing a old form which created yesterday when i click on create table option. When i click submit in the form it shows the error 'onSubmit script error: TypeError:",
        "username": "ServiceNow Community : All Content - All Communities",
        "icons": {
            "image_36": "https:\/\/a.slack-edge.com\/66f9\/img\/services\/rss_36.png",
            "image_48": "https:\/\/a.slack-edge.com\/66f9\/img\/services\/rss_48.png",
            "image_72": "https:\/\/a.slack-edge.com\/205a\/img\/services\/rss_72.png"
        },
        "bot_id": "B0K75EKEC",
        "attachments": [
            {
                "title": "Facing problem when  create new table | ServiceNow Community",
                "title_link": "https:\/\/community.servicenow.com\/thread\/219518",
                "text": "Hi All, im trying to create a new table under tables &amp; columns.But its showing a old form which created yesterday when i click on create table option.",
                "fallback": "Facing problem when  create new table | ServiceNow Community",
                "from_url": "https:\/\/community.servicenow.com\/thread\/219518",
                "id": 1
            }
        ],
        "type": "message",
        "subtype": "bot_message",
        "ts": "1459656072.003510"
    },
    {
        "text": "<https:\/\/community.servicenow.com\/thread\/219519|Hi All,I want to add some fields at backend which is not showing on the form,is Glide Record good way to do this.>\nHi All,      I need clarification on Glide Record,can we add some fields at server side which are not appearing on form.How to do with Glide Record.      please do needful.      Thanks In Advance.",
        "username": "ServiceNow Community : All Content - All Communities",
        "icons": {
            "image_36": "https:\/\/a.slack-edge.com\/66f9\/img\/services\/rss_36.png",
            "image_48": "https:\/\/a.slack-edge.com\/66f9\/img\/services\/rss_48.png",
            "image_72": "https:\/\/a.slack-edge.com\/205a\/img\/services\/rss_72.png"
        },
        "bot_id": "B0K75EKEC",
        "attachments": [
            {
                "title": "Hi All,I want to add some fields at backend whi... | ServiceNow Community",
                "title_link": "https:\/\/community.servicenow.com\/thread\/219519",
                "text": "Hi All, I need clarification on Glide Record,can we add some fields at server side which are not appearing on form.How to do with Glide Record.",
                "fallback": "Hi All,I want to add some fields at backend whi... | ServiceNow Community",
                "from_url": "https:\/\/community.servicenow.com\/thread\/219519",
                "id": 1
            }
        ],
        "type": "message",
        "subtype": "bot_message",
        "ts": "1459660871.003512"
    }
]