[
    {
        "text": "<https:\/\/community.servicenow.com\/thread\/214455|Unknown email when approving request>\nHi,   In our company, people may have many email adresses and didn't always use the corporate one.  They may have redirection or multiple accounts in the same mail client.    When the SNOW plateform send a notification for an approval, it uses the",
        "username": "ServiceNow Community : All Content - All Communities",
        "icons": {
            "image_36": "https:\/\/slack.global.ssl.fastly.net\/66f9\/img\/services\/rss_36.png",
            "image_48": "https:\/\/slack.global.ssl.fastly.net\/66f9\/img\/services\/rss_48.png",
            "image_72": "https:\/\/slack.global.ssl.fastly.net\/205a\/img\/services\/rss_72.png"
        },
        "bot_id": "B0K75EKEC",
        "attachments": [
            {
                "text": "Hi, In our company, people may have many email adresses and didn't always use the corporate one. They may have redirection or multiple accounts in the",
                "fallback": "Hi, In our company, people may have many email adresses and didn't always use the corporate one. They may have redirection or multiple accounts in the",
                "from_url": "https:\/\/community.servicenow.com\/thread\/214455",
                "id": 1
            }
        ],
        "type": "message",
        "subtype": "bot_message",
        "ts": "1454838973.002169"
    },
    {
        "text": "<https:\/\/community.servicenow.com\/thread\/214435|How to get workflow context id, inside a custom activity where this activity is used>\nI have a created a custom activity of type run script ,   and calling a Rest Message post function    var sm = new sn_ws.RESTMessageV2(\"ABC\",\"post\");  var url= \"https:\/\/\/api\/\/\"+workflow.getUniqueValue();  ",
        "username": "ServiceNow Community : All Content - All Communities",
        "icons": {
            "image_36": "https:\/\/slack.global.ssl.fastly.net\/66f9\/img\/services\/rss_36.png",
            "image_48": "https:\/\/slack.global.ssl.fastly.net\/66f9\/img\/services\/rss_48.png",
            "image_72": "https:\/\/slack.global.ssl.fastly.net\/205a\/img\/services\/rss_72.png"
        },
        "bot_id": "B0K75EKEC",
        "attachments": [
            {
                "text": "I have a created a custom activity of type run script , and calling a Rest Message post function var sm = new sn_ws.RESTMessageV2(\"ABC\",\"post\"); var",
                "fallback": "I have a created a custom activity of type run script , and calling a Rest Message post function var sm = new sn_ws.RESTMessageV2(\"ABC\",\"post\"); var",
                "from_url": "https:\/\/community.servicenow.com\/thread\/214435",
                "id": 1
            }
        ],
        "type": "message",
        "subtype": "bot_message",
        "ts": "1454843770.002171"
    },
    {
        "text": "<https:\/\/community.servicenow.com\/thread\/214459|Hi, I need to grant a specific user the ability to change values in incident form after it's closed. How can I do that ?>\nHi, I need to grant a specific user the ability to change values in incident form after it's closed. How can I do that ?",
        "username": "ServiceNow Community : All Content - All Communities",
        "icons": {
            "image_36": "https:\/\/slack.global.ssl.fastly.net\/66f9\/img\/services\/rss_36.png",
            "image_48": "https:\/\/slack.global.ssl.fastly.net\/66f9\/img\/services\/rss_48.png",
            "image_72": "https:\/\/slack.global.ssl.fastly.net\/205a\/img\/services\/rss_72.png"
        },
        "bot_id": "B0K75EKEC",
        "attachments": [
            {
                "text": "Hi, I need to grant a specific user the ability to change values in incident form after it's closed. How can I do that ?",
                "fallback": "Hi, I need to grant a specific user the ability to change values in incident form after it's closed. How can I do that ?",
                "from_url": "https:\/\/community.servicenow.com\/thread\/214459",
                "id": 1
            }
        ],
        "type": "message",
        "subtype": "bot_message",
        "ts": "1454854571.002173"
    },
    {
        "text": "<https:\/\/community.servicenow.com\/thread\/214456|How to run ui page from catalog client script on change>\nHi,    I created a field type ui page that show a list. the content of the list depends on other field in the catalog item. when the field changes, I want the ui page to run again so that the list will be refresh. what do I need to write in the",
        "username": "ServiceNow Community : All Content - All Communities",
        "icons": {
            "image_36": "https:\/\/slack.global.ssl.fastly.net\/66f9\/img\/services\/rss_36.png",
            "image_48": "https:\/\/slack.global.ssl.fastly.net\/66f9\/img\/services\/rss_48.png",
            "image_72": "https:\/\/slack.global.ssl.fastly.net\/205a\/img\/services\/rss_72.png"
        },
        "bot_id": "B0K75EKEC",
        "attachments": [
            {
                "text": "Hi, I created a field type ui page that show a list. the content of the list depends on other field in the catalog item. when the field changes, I want",
                "fallback": "Hi, I created a field type ui page that show a list. the content of the list depends on other field in the catalog item. when the field changes, I want",
                "from_url": "https:\/\/community.servicenow.com\/thread\/214456",
                "id": 1
            }
        ],
        "type": "message",
        "subtype": "bot_message",
        "ts": "1454854571.002174"
    },
    {
        "text": "<https:\/\/community.servicenow.com\/thread\/214425|how to move data form parent child relation to many to many relation?>\nHi,     Recently we created a many to many relationship between incident and problem so we want to move data form parent--&gt;child tab to many to many relation tab in both incident and problem tabs. Please let me know if any of you have any",
        "username": "ServiceNow Community : All Content - All Communities",
        "icons": {
            "image_36": "https:\/\/slack.global.ssl.fastly.net\/66f9\/img\/services\/rss_36.png",
            "image_48": "https:\/\/slack.global.ssl.fastly.net\/66f9\/img\/services\/rss_48.png",
            "image_72": "https:\/\/slack.global.ssl.fastly.net\/205a\/img\/services\/rss_72.png"
        },
        "bot_id": "B0K75EKEC",
        "attachments": [
            {
                "text": "Hi,    Recently we created a many to many relationship between incident and problem so we want to move data form parent--&gt;child tab to many to many",
                "fallback": "Hi,    Recently we created a many to many relationship between incident and problem so we want to move data form parent--&gt;child tab to many to many",
                "from_url": "https:\/\/community.servicenow.com\/thread\/214425",
                "id": 1
            }
        ],
        "type": "message",
        "subtype": "bot_message",
        "ts": "1454859373.002177"
    },
    {
        "text": "<https:\/\/community.servicenow.com\/thread\/214426|Need help in viewing Tables Fields>\nHi All,    I have created an application in Private Scope (Asset Management) and a module (Hardware Assets). Created Column labels in the table, I can not see the column labels when I click on Hardware Assets (New). I am trying to enter data into",
        "username": "ServiceNow Community : All Content - All Communities",
        "icons": {
            "image_36": "https:\/\/slack.global.ssl.fastly.net\/66f9\/img\/services\/rss_36.png",
            "image_48": "https:\/\/slack.global.ssl.fastly.net\/66f9\/img\/services\/rss_48.png",
            "image_72": "https:\/\/slack.global.ssl.fastly.net\/205a\/img\/services\/rss_72.png"
        },
        "bot_id": "B0K75EKEC",
        "attachments": [
            {
                "text": "Hi All, I have created an application in Private Scope (Asset Management) and a module (Hardware Assets). Created Column labels in the table, I can not",
                "fallback": "Hi All, I have created an application in Private Scope (Asset Management) and a module (Hardware Assets). Created Column labels in the table, I can not",
                "from_url": "https:\/\/community.servicenow.com\/thread\/214426",
                "id": 1
            }
        ],
        "type": "message",
        "subtype": "bot_message",
        "ts": "1454863273.002179"
    },
    {
        "text": "<https:\/\/community.servicenow.com\/issues\/4282|Default condition for reference variable.>\nHow to add default filter for reference variable,I Know how to set for type  List collector ,i tried to use it for reference type but no luck",
        "username": "ServiceNow Community : All Content - All Communities",
        "icons": {
            "image_36": "https:\/\/slack.global.ssl.fastly.net\/66f9\/img\/services\/rss_36.png",
            "image_48": "https:\/\/slack.global.ssl.fastly.net\/66f9\/img\/services\/rss_48.png",
            "image_72": "https:\/\/slack.global.ssl.fastly.net\/205a\/img\/services\/rss_72.png"
        },
        "bot_id": "B0K75EKEC",
        "attachments": [
            {
                "text": "Engage, connect, collaborate, and co-create with your fellow experts on any ServiceNow products or solutions. Participate in our user groups, expert events, join the ongoing forum discussions in our communities to ask or answer questions.",
                "fallback": "Engage, connect, collaborate, and co-create with your fellow experts on any ServiceNow products or solutions. Participate in our user groups, expert events, join the ongoing forum discussions in our communities to ask or answer questions.",
                "from_url": "https:\/\/community.servicenow.com\/issues\/4282",
                "id": 1
            }
        ],
        "type": "message",
        "subtype": "bot_message",
        "ts": "1454865073.002181"
    },
    {
        "text": "<https:\/\/community.servicenow.com\/thread\/214427|dynamic creation of checkbox>\nHi,   I want some value to be fetched from a table &amp; display them as check-box in a catalog item.    Thanks in advance",
        "username": "ServiceNow Community : All Content - All Communities",
        "icons": {
            "image_36": "https:\/\/slack.global.ssl.fastly.net\/66f9\/img\/services\/rss_36.png",
            "image_48": "https:\/\/slack.global.ssl.fastly.net\/66f9\/img\/services\/rss_48.png",
            "image_72": "https:\/\/slack.global.ssl.fastly.net\/205a\/img\/services\/rss_72.png"
        },
        "bot_id": "B0K75EKEC",
        "attachments": [
            {
                "text": "Hi, I want some value to be fetched from a table &amp; display them as check-box in a catalog item. Thanks in advance",
                "fallback": "Hi, I want some value to be fetched from a table &amp; display them as check-box in a catalog item. Thanks in advance",
                "from_url": "https:\/\/community.servicenow.com\/thread\/214427",
                "id": 1
            }
        ],
        "type": "message",
        "subtype": "bot_message",
        "ts": "1454869873.002183"
    },
    {
        "text": "<https:\/\/community.servicenow.com\/thread\/214437|How to pass JSON content using execution parameter in custom activity?>\nHow to pass JSON content (request body) to a post REST message function using execution parameter in custom activity?",
        "username": "ServiceNow Community : All Content - All Communities",
        "icons": {
            "image_36": "https:\/\/slack.global.ssl.fastly.net\/66f9\/img\/services\/rss_36.png",
            "image_48": "https:\/\/slack.global.ssl.fastly.net\/66f9\/img\/services\/rss_48.png",
            "image_72": "https:\/\/slack.global.ssl.fastly.net\/205a\/img\/services\/rss_72.png"
        },
        "bot_id": "B0K75EKEC",
        "attachments": [
            {
                "text": "How to pass JSON content (request body) to a post REST message function using execution parameter in custom activity?",
                "fallback": "How to pass JSON content (request body) to a post REST message function using execution parameter in custom activity?",
                "from_url": "https:\/\/community.servicenow.com\/thread\/214437",
                "id": 1
            }
        ],
        "type": "message",
        "subtype": "bot_message",
        "ts": "1454887273.002185"
    },
    {
        "text": "<https:\/\/community.servicenow.com\/thread\/214457|Update Assessment Instance with RITM sys_id>\nHi all,    I created a custom reference field on the assessment form: u_reqitem. I am trying to populate it with the requested item number of the related RITM - the one that triggered the assessment in the first place.  I have a UI action on the",
        "username": "ServiceNow Community : All Content - All Communities",
        "icons": {
            "image_36": "https:\/\/slack.global.ssl.fastly.net\/66f9\/img\/services\/rss_36.png",
            "image_48": "https:\/\/slack.global.ssl.fastly.net\/66f9\/img\/services\/rss_48.png",
            "image_72": "https:\/\/slack.global.ssl.fastly.net\/205a\/img\/services\/rss_72.png"
        },
        "bot_id": "B0K75EKEC",
        "attachments": [
            {
                "text": "Hi all, I created a custom reference field on the assessment form: u_reqitem. I am trying to populate it with the requested item number of the related",
                "fallback": "Hi all, I created a custom reference field on the assessment form: u_reqitem. I am trying to populate it with the requested item number of the related",
                "from_url": "https:\/\/community.servicenow.com\/thread\/214457",
                "id": 1
            }
        ],
        "type": "message",
        "subtype": "bot_message",
        "ts": "1454889073.002187"
    },
    {
        "text": "<https:\/\/community.servicenow.com\/thread\/214460|Trying to delete around 10,00,000 records from table.>\nHi all,    There are 1000000 records present on location table which I want to delete.  For this I have created one back ground script. but deletion of the records is very much slow(delete 1 record per minute).    Please some one can explain",
        "username": "ServiceNow Community : All Content - All Communities",
        "icons": {
            "image_36": "https:\/\/slack.global.ssl.fastly.net\/66f9\/img\/services\/rss_36.png",
            "image_48": "https:\/\/slack.global.ssl.fastly.net\/66f9\/img\/services\/rss_48.png",
            "image_72": "https:\/\/slack.global.ssl.fastly.net\/205a\/img\/services\/rss_72.png"
        },
        "bot_id": "B0K75EKEC",
        "attachments": [
            {
                "text": "Hi all, There are 1000000 records present on location table which I want to delete. For this I have created one back ground script. but deletion of",
                "fallback": "Hi all, There are 1000000 records present on location table which I want to delete. For this I have created one back ground script. but deletion of",
                "from_url": "https:\/\/community.servicenow.com\/thread\/214460",
                "id": 1
            }
        ],
        "type": "message",
        "subtype": "bot_message",
        "ts": "1454897474.002189"
    },
    {
        "text": "<https:\/\/community.servicenow.com\/thread\/214478|Auto populate reference field>\nI'm a newbie,  I have a Record Producer which has some user's fields like userid, Employee number, contact number, Email and Department. I want to auto populate as per requested_for variable.    Requested_For(Requester Name) is a auto populate one",
        "username": "ServiceNow Community : All Content - All Communities",
        "icons": {
            "image_36": "https:\/\/slack.global.ssl.fastly.net\/66f9\/img\/services\/rss_36.png",
            "image_48": "https:\/\/slack.global.ssl.fastly.net\/66f9\/img\/services\/rss_48.png",
            "image_72": "https:\/\/slack.global.ssl.fastly.net\/205a\/img\/services\/rss_72.png"
        },
        "bot_id": "B0K75EKEC",
        "attachments": [
            {
                "text": "I'm a newbie, I have a Record Producer which has some user's fields like userid, Employee number, contact number, Email and Department. I want to auto",
                "fallback": "I'm a newbie, I have a Record Producer which has some user's fields like userid, Employee number, contact number, Email and Department. I want to auto",
                "from_url": "https:\/\/community.servicenow.com\/thread\/214478",
                "id": 1
            }
        ],
        "type": "message",
        "subtype": "bot_message",
        "ts": "1454904372.002191"
    },
    {
        "text": "<https:\/\/community.servicenow.com\/thread\/214461|Abort Update of record after Impersonation.>\nMy requirement is to abort the update of the any record if an admin impersonate another admin.",
        "username": "ServiceNow Community : All Content - All Communities",
        "icons": {
            "image_36": "https:\/\/slack.global.ssl.fastly.net\/66f9\/img\/services\/rss_36.png",
            "image_48": "https:\/\/slack.global.ssl.fastly.net\/66f9\/img\/services\/rss_48.png",
            "image_72": "https:\/\/slack.global.ssl.fastly.net\/205a\/img\/services\/rss_72.png"
        },
        "bot_id": "B0K75EKEC",
        "attachments": [
            {
                "text": "My requirement is to abort the update of the any record if an admin impersonate another admin.",
                "fallback": "My requirement is to abort the update of the any record if an admin impersonate another admin.",
                "from_url": "https:\/\/community.servicenow.com\/thread\/214461",
                "id": 1
            }
        ],
        "type": "message",
        "subtype": "bot_message",
        "ts": "1454904372.002192"
    },
    {
        "text": "<https:\/\/community.servicenow.com\/thread\/214462|How to remove horizontal and vertical bars on variable editor section>\nHi All,  Recently our instance has been upgraded to GENEVA , I could see there is horizontal and vertical bars on variable editor section on RITM's . Issue here is if we are hiding variables based on user's selection then there is lot of spaces left",
        "username": "ServiceNow Community : All Content - All Communities",
        "icons": {
            "image_36": "https:\/\/slack.global.ssl.fastly.net\/66f9\/img\/services\/rss_36.png",
            "image_48": "https:\/\/slack.global.ssl.fastly.net\/66f9\/img\/services\/rss_48.png",
            "image_72": "https:\/\/slack.global.ssl.fastly.net\/205a\/img\/services\/rss_72.png"
        },
        "bot_id": "B0K75EKEC",
        "attachments": [
            {
                "text": "Hi All, Recently our instance has been upgraded to GENEVA , I could see there is horizontal and vertical bars on variable editor section on RITM's .",
                "fallback": "Hi All, Recently our instance has been upgraded to GENEVA , I could see there is horizontal and vertical bars on variable editor section on RITM's .",
                "from_url": "https:\/\/community.servicenow.com\/thread\/214462",
                "id": 1
            }
        ],
        "type": "message",
        "subtype": "bot_message",
        "ts": "1454905273.002195"
    },
    {
        "text": "<https:\/\/community.servicenow.com\/thread\/214463|My instance is not able to connect to ldap active directory, though active directory is pingable from mysystem>\nMy instance is not able to connect to ldap active directory, though active directory IP address is pingable from my system. I am trying to connect with the ip address from Ldap server in Servicenow instance. it prompts \"check the server url or port",
        "username": "ServiceNow Community : All Content - All Communities",
        "icons": {
            "image_36": "https:\/\/slack.global.ssl.fastly.net\/66f9\/img\/services\/rss_36.png",
            "image_48": "https:\/\/slack.global.ssl.fastly.net\/66f9\/img\/services\/rss_48.png",
            "image_72": "https:\/\/slack.global.ssl.fastly.net\/205a\/img\/services\/rss_72.png"
        },
        "bot_id": "B0K75EKEC",
        "attachments": [
            {
                "text": "My instance is not able to connect to ldap active directory, though active directory IP address is pingable from my system. I am trying to connect with",
                "fallback": "My instance is not able to connect to ldap active directory, though active directory IP address is pingable from my system. I am trying to connect with",
                "from_url": "https:\/\/community.servicenow.com\/thread\/214463",
                "id": 1
            }
        ],
        "type": "message",
        "subtype": "bot_message",
        "ts": "1454906173.002197"
    },
    {
        "text": "<https:\/\/community.servicenow.com\/docs\/DOC-4755|Champion Enablement FAQ>\nChampion Enablement FAQ What Is Champion Enablement? Champion Enablement is a free self-service program that provides all of our customers with guides, recommendations and templates to help them execute:   Go-live communication  Program management &amp;",
        "username": "ServiceNow Community : All Content - All Communities",
        "icons": {
            "image_36": "https:\/\/slack.global.ssl.fastly.net\/66f9\/img\/services\/rss_36.png",
            "image_48": "https:\/\/slack.global.ssl.fastly.net\/66f9\/img\/services\/rss_48.png",
            "image_72": "https:\/\/slack.global.ssl.fastly.net\/205a\/img\/services\/rss_72.png"
        },
        "bot_id": "B0K75EKEC",
        "attachments": [
            {
                "text": "Champion Enablement FAQ What Is Champion Enablement? Champion Enablement is a free self-service program that provides all of our customers with guides,",
                "fallback": "Champion Enablement FAQ What Is Champion Enablement? Champion Enablement is a free self-service program that provides all of our customers with guides,",
                "from_url": "https:\/\/community.servicenow.com\/docs\/DOC-4755",
                "id": 1
            }
        ],
        "type": "message",
        "subtype": "bot_message",
        "ts": "1454907073.002199"
    },
    {
        "text": "<https:\/\/community.servicenow.com\/thread\/214464|Need to make approval state as cancelled whenever RITM state is changed to cancel>\nI have written a code for making approval state to cancelled when RITM state is cancelled but it is not running after \"entered 4th loop\".    Please suggest where i am going wrong.    This is \"after, insert or update\".    current.state ==",
        "username": "ServiceNow Community : All Content - All Communities",
        "icons": {
            "image_36": "https:\/\/slack.global.ssl.fastly.net\/66f9\/img\/services\/rss_36.png",
            "image_48": "https:\/\/slack.global.ssl.fastly.net\/66f9\/img\/services\/rss_48.png",
            "image_72": "https:\/\/slack.global.ssl.fastly.net\/205a\/img\/services\/rss_72.png"
        },
        "bot_id": "B0K75EKEC",
        "attachments": [
            {
                "text": "I have written a code for making approval state to cancelled when RITM state is cancelled but it is not running after \"entered 4th loop\". Please",
                "fallback": "I have written a code for making approval state to cancelled when RITM state is cancelled but it is not running after \"entered 4th loop\". Please",
                "from_url": "https:\/\/community.servicenow.com\/thread\/214464",
                "id": 1
            }
        ],
        "type": "message",
        "subtype": "bot_message",
        "ts": "1454909773.002201"
    },
    {
        "text": "<https:\/\/community.servicenow.com\/thread\/214465|how to write two confirmation box messages to excute a ui action in UI action>\nHi ,  I want to execute an ui action on confirm \"Ok\" two times.  Anybody has any idea how can i write this.    Thanks",
        "username": "ServiceNow Community : All Content - All Communities",
        "icons": {
            "image_36": "https:\/\/slack.global.ssl.fastly.net\/66f9\/img\/services\/rss_36.png",
            "image_48": "https:\/\/slack.global.ssl.fastly.net\/66f9\/img\/services\/rss_48.png",
            "image_72": "https:\/\/slack.global.ssl.fastly.net\/205a\/img\/services\/rss_72.png"
        },
        "bot_id": "B0K75EKEC",
        "attachments": [
            {
                "text": "Hi , I want to execute an ui action on confirm \"Ok\" two times.  Anybody has any idea how can i write this. Thanks",
                "fallback": "Hi , I want to execute an ui action on confirm \"Ok\" two times.  Anybody has any idea how can i write this. Thanks",
                "from_url": "https:\/\/community.servicenow.com\/thread\/214465",
                "id": 1
            }
        ],
        "type": "message",
        "subtype": "bot_message",
        "ts": "1454910973.002203"
    },
    {
        "text": "<https:\/\/community.servicenow.com\/thread\/214466|Need an upgrade to Geneva for dev16778>\nNeed an upgrade to Geneva for dev16778. I could not see an option to upgrade the instance.",
        "username": "ServiceNow Community : All Content - All Communities",
        "icons": {
            "image_36": "https:\/\/slack.global.ssl.fastly.net\/66f9\/img\/services\/rss_36.png",
            "image_48": "https:\/\/slack.global.ssl.fastly.net\/66f9\/img\/services\/rss_48.png",
            "image_72": "https:\/\/slack.global.ssl.fastly.net\/205a\/img\/services\/rss_72.png"
        },
        "bot_id": "B0K75EKEC",
        "attachments": [
            {
                "text": "Need an upgrade to Geneva for dev16778. I could not see an option to upgrade the instance.",
                "fallback": "Need an upgrade to Geneva for dev16778. I could not see an option to upgrade the instance.",
                "from_url": "https:\/\/community.servicenow.com\/thread\/214466",
                "id": 1
            }
        ],
        "type": "message",
        "subtype": "bot_message",
        "ts": "1454910973.002204"
    },
    {
        "text": "<https:\/\/community.servicenow.com\/thread\/214467|i want to create mail script with user names and incident numbers with in the table how can i?>\nUserName  Incidfent Number       Like this......",
        "username": "ServiceNow Community : All Content - All Communities",
        "icons": {
            "image_36": "https:\/\/slack.global.ssl.fastly.net\/66f9\/img\/services\/rss_36.png",
            "image_48": "https:\/\/slack.global.ssl.fastly.net\/66f9\/img\/services\/rss_48.png",
            "image_72": "https:\/\/slack.global.ssl.fastly.net\/205a\/img\/services\/rss_72.png"
        },
        "bot_id": "B0K75EKEC",
        "attachments": [
            {
                "text": "UserName Incidfent Number Like this......",
                "fallback": "UserName Incidfent Number Like this......",
                "from_url": "https:\/\/community.servicenow.com\/thread\/214467",
                "id": 1
            }
        ],
        "type": "message",
        "subtype": "bot_message",
        "ts": "1454911873.002207"
    },
    {
        "text": "<https:\/\/community.servicenow.com\/thread\/214479|To create UI page  which one we should prefer, jelly script or angular js>\nHi,           Can any one tell, to create UI page  which one we should prefer jelly script or angular js, and why?      Thank You  Pradeep DJ",
        "username": "ServiceNow Community : All Content - All Communities",
        "icons": {
            "image_36": "https:\/\/slack.global.ssl.fastly.net\/66f9\/img\/services\/rss_36.png",
            "image_48": "https:\/\/slack.global.ssl.fastly.net\/66f9\/img\/services\/rss_48.png",
            "image_72": "https:\/\/slack.global.ssl.fastly.net\/205a\/img\/services\/rss_72.png"
        },
        "bot_id": "B0K75EKEC",
        "attachments": [
            {
                "text": "Hi,      Can any one tell, to create UI page  which one we should prefer jelly script or angular js, and why? Thank You Pradeep DJ",
                "fallback": "Hi,      Can any one tell, to create UI page  which one we should prefer jelly script or angular js, and why? Thank You Pradeep DJ",
                "from_url": "https:\/\/community.servicenow.com\/thread\/214479",
                "id": 1
            }
        ],
        "type": "message",
        "subtype": "bot_message",
        "ts": "1454911873.002208"
    },
    {
        "text": "<https:\/\/community.servicenow.com\/issues\/4283|not able to upgrade instance to Geneva>\nnot able to upgrade instance to Geneva",
        "username": "ServiceNow Community : All Content - All Communities",
        "icons": {
            "image_36": "https:\/\/slack.global.ssl.fastly.net\/66f9\/img\/services\/rss_36.png",
            "image_48": "https:\/\/slack.global.ssl.fastly.net\/66f9\/img\/services\/rss_48.png",
            "image_72": "https:\/\/slack.global.ssl.fastly.net\/205a\/img\/services\/rss_72.png"
        },
        "bot_id": "B0K75EKEC",
        "attachments": [
            {
                "text": "Engage, connect, collaborate, and co-create with your fellow experts on any ServiceNow products or solutions. Participate in our user groups, expert events, join the ongoing forum discussions in our communities to ask or answer questions.",
                "fallback": "Engage, connect, collaborate, and co-create with your fellow experts on any ServiceNow products or solutions. Participate in our user groups, expert events, join the ongoing forum discussions in our communities to ask or answer questions.",
                "from_url": "https:\/\/community.servicenow.com\/issues\/4283",
                "id": 1
            }
        ],
        "type": "message",
        "subtype": "bot_message",
        "ts": "1454912773.002211"
    },
    {
        "text": "<https:\/\/community.servicenow.com\/thread\/214480|Email Notifications>\nhello Experts...                                ",
        "username": "ServiceNow Community : All Content - All Communities",
        "icons": {
            "image_36": "https:\/\/slack.global.ssl.fastly.net\/66f9\/img\/services\/rss_36.png",
            "image_48": "https:\/\/slack.global.ssl.fastly.net\/66f9\/img\/services\/rss_48.png",
            "image_72": "https:\/\/slack.global.ssl.fastly.net\/205a\/img\/services\/rss_72.png"
        },
        "bot_id": "B0K75EKEC",
        "attachments": [
            {
                "text": "hello Experts...                                                         I am the fresher in service-now ...                          present i am",
                "fallback": "hello Experts...                                                         I am the fresher in service-now ...                          present i am",
                "from_url": "https:\/\/community.servicenow.com\/thread\/214480",
                "id": 1
            }
        ],
        "type": "message",
        "subtype": "bot_message",
        "ts": "1454913971.002213"
    },
    {
        "text": "<https:\/\/community.servicenow.com\/thread\/214481|check user's type in table>\nCheck user's type from custom table \"Management AD\" and type field from catalog form . If User already have type \"AD\" account in the custom table and he selects \"AD\" from the dropdown type field . Then it should show error \"Not allowed to have same type",
        "username": "ServiceNow Community : All Content - All Communities",
        "icons": {
            "image_36": "https:\/\/slack.global.ssl.fastly.net\/66f9\/img\/services\/rss_36.png",
            "image_48": "https:\/\/slack.global.ssl.fastly.net\/66f9\/img\/services\/rss_48.png",
            "image_72": "https:\/\/slack.global.ssl.fastly.net\/205a\/img\/services\/rss_72.png"
        },
        "bot_id": "B0K75EKEC",
        "attachments": [
            {
                "text": "Check user's type from custom table \"Management AD\" and type field from catalog form . If User already have type \"AD\" account in the custom table and he",
                "fallback": "Check user's type from custom table \"Management AD\" and type field from catalog form . If User already have type \"AD\" account in the custom table and he",
                "from_url": "https:\/\/community.servicenow.com\/thread\/214481",
                "id": 1
            }
        ],
        "type": "message",
        "subtype": "bot_message",
        "ts": "1454914873.002215"
    },
    {
        "text": "<https:\/\/community.servicenow.com\/thread\/214498|ServiceNow hosting free programming for kids event - Sat Feb 20>\nOn Saturday, Feb 20 from 9-11 AM, ServiceNow is teaming up with SPARK Programming to bring the fun of programming to kids!  This introductory class will build a working version of an 8-bit arcade game using MIT's Scratch graphical programming",
        "username": "ServiceNow Community : All Content - All Communities",
        "icons": {
            "image_36": "https:\/\/slack.global.ssl.fastly.net\/66f9\/img\/services\/rss_36.png",
            "image_48": "https:\/\/slack.global.ssl.fastly.net\/66f9\/img\/services\/rss_48.png",
            "image_72": "https:\/\/slack.global.ssl.fastly.net\/205a\/img\/services\/rss_72.png"
        },
        "bot_id": "B0K75EKEC",
        "attachments": [
            {
                "text": "On Saturday, Feb 20 from 9-11 AM, ServiceNow is teaming up with SPARK Programming to bring the fun of programming to kids!  This introductory class will",
                "fallback": "On Saturday, Feb 20 from 9-11 AM, ServiceNow is teaming up with SPARK Programming to bring the fun of programming to kids!  This introductory class will",
                "from_url": "https:\/\/community.servicenow.com\/thread\/214498",
                "id": 1
            }
        ],
        "type": "message",
        "subtype": "bot_message",
        "ts": "1454916673.002217"
    },
    {
        "text": "<https:\/\/community.servicenow.com\/thread\/214499|breadcrumb for my approval list>\nI need to update the filter for my approval.    Group by type(dropdown field)  sort by Updated  state = requested.    I am trying to do this by editing the application menu and pasting the query in my approval module argument.  but it is taking",
        "username": "ServiceNow Community : All Content - All Communities",
        "icons": {
            "image_36": "https:\/\/slack.global.ssl.fastly.net\/66f9\/img\/services\/rss_36.png",
            "image_48": "https:\/\/slack.global.ssl.fastly.net\/66f9\/img\/services\/rss_48.png",
            "image_72": "https:\/\/slack.global.ssl.fastly.net\/205a\/img\/services\/rss_72.png"
        },
        "bot_id": "B0K75EKEC",
        "attachments": [
            {
                "text": "I need to update the filter for my approval. Group by type(dropdown field) sort by Updated state = requested. I am trying to do this by editing",
                "fallback": "I need to update the filter for my approval. Group by type(dropdown field) sort by Updated state = requested. I am trying to do this by editing",
                "from_url": "https:\/\/community.servicenow.com\/thread\/214499",
                "id": 1
            }
        ],
        "type": "message",
        "subtype": "bot_message",
        "ts": "1454916673.002218"
    },
    {
        "text": "<https:\/\/community.servicenow.com\/thread\/214469|Change Management>\nHi All,    I have a requirement like,    \"Request Approval\" UI action as a button so that it prompts you with a pop-up and allows you to enter a message that will be added in the email that goes out to the client lead requesting approval.",
        "username": "ServiceNow Community : All Content - All Communities",
        "icons": {
            "image_36": "https:\/\/slack.global.ssl.fastly.net\/66f9\/img\/services\/rss_36.png",
            "image_48": "https:\/\/slack.global.ssl.fastly.net\/66f9\/img\/services\/rss_48.png",
            "image_72": "https:\/\/slack.global.ssl.fastly.net\/205a\/img\/services\/rss_72.png"
        },
        "bot_id": "B0K75EKEC",
        "attachments": [
            {
                "text": "Hi All, I have a requirement like, \"Request Approval\" UI action as a button so that it prompts you with a pop-up and allows you to enter a message",
                "fallback": "Hi All, I have a requirement like, \"Request Approval\" UI action as a button so that it prompts you with a pop-up and allows you to enter a message",
                "from_url": "https:\/\/community.servicenow.com\/thread\/214469",
                "id": 1
            }
        ],
        "type": "message",
        "subtype": "bot_message",
        "ts": "1454917575.002221"
    }
]