[
    {
        "text": "<https:\/\/community.servicenow.com\/thread\/215696|Users with No Role>\nHello SNC    I have written a code in Dynamic Block and I want this code to be executed only for those users who have at-least one role.    How to write a condition above this code , so that \"user with no role\" will not enter this part of code.",
        "username": "ServiceNow Community : All Content - All Communities",
        "icons": {
            "image_36": "https:\/\/slack.global.ssl.fastly.net\/66f9\/img\/services\/rss_36.png",
            "image_48": "https:\/\/slack.global.ssl.fastly.net\/66f9\/img\/services\/rss_48.png",
            "image_72": "https:\/\/slack.global.ssl.fastly.net\/205a\/img\/services\/rss_72.png"
        },
        "bot_id": "B0K75EKEC",
        "attachments": [
            {
                "text": "Hello SNC I have written a code in Dynamic Block and I want this code to be executed only for those users who have at-least one role. How to write a",
                "fallback": "Hello SNC I have written a code in Dynamic Block and I want this code to be executed only for those users who have at-least one role. How to write a",
                "from_url": "https:\/\/community.servicenow.com\/thread\/215696",
                "id": 1
            }
        ],
        "type": "message",
        "subtype": "bot_message",
        "ts": "1455959771.001184"
    },
    {
        "text": "<https:\/\/community.servicenow.com\/thread\/215706|help activating Discovery on my developer instance>\nhi, can you please help activate discovery on my developer instance. i dont see that in the plugin list. thanks.",
        "username": "ServiceNow Community : All Content - All Communities",
        "icons": {
            "image_36": "https:\/\/slack.global.ssl.fastly.net\/66f9\/img\/services\/rss_36.png",
            "image_48": "https:\/\/slack.global.ssl.fastly.net\/66f9\/img\/services\/rss_48.png",
            "image_72": "https:\/\/slack.global.ssl.fastly.net\/205a\/img\/services\/rss_72.png"
        },
        "bot_id": "B0K75EKEC",
        "attachments": [
            {
                "text": "hi, can you please help activate discovery on my developer instance. i dont see that in the plugin list. thanks.",
                "fallback": "hi, can you please help activate discovery on my developer instance. i dont see that in the plugin list. thanks.",
                "from_url": "https:\/\/community.servicenow.com\/thread\/215706",
                "id": 1
            }
        ],
        "type": "message",
        "subtype": "bot_message",
        "ts": "1455968173.001186"
    },
    {
        "text": "<https:\/\/community.servicenow.com\/thread\/215697|Hello>\nHello All,    I have the group of elements like (ab, ac,ad, ae, af, ag, ah......). I have these elements stored in array valiable.   I'm defining the for loop, such that the first element (ab) should be looped in and I want to query on the same",
        "username": "ServiceNow Community : All Content - All Communities",
        "icons": {
            "image_36": "https:\/\/slack.global.ssl.fastly.net\/66f9\/img\/services\/rss_36.png",
            "image_48": "https:\/\/slack.global.ssl.fastly.net\/66f9\/img\/services\/rss_48.png",
            "image_72": "https:\/\/slack.global.ssl.fastly.net\/205a\/img\/services\/rss_72.png"
        },
        "bot_id": "B0K75EKEC",
        "attachments": [
            {
                "text": "Hello All, I have the group of elements like (ab, ac,ad, ae, af, ag, ah......). I have these elements stored in array valiable. I'm defining the for",
                "fallback": "Hello All, I have the group of elements like (ab, ac,ad, ae, af, ag, ah......). I have these elements stored in array valiable. I'm defining the for",
                "from_url": "https:\/\/community.servicenow.com\/thread\/215697",
                "id": 1
            }
        ],
        "type": "message",
        "subtype": "bot_message",
        "ts": "1455971170.001188"
    },
    {
        "text": "<https:\/\/community.servicenow.com\/thread\/215718|is there any other webportal that provides digest token sso other than SNguru for testing  ?>\nis there any other webportal that provides digest token sso other than SNguru for testing  ?",
        "username": "ServiceNow Community : All Content - All Communities",
        "icons": {
            "image_36": "https:\/\/slack.global.ssl.fastly.net\/66f9\/img\/services\/rss_36.png",
            "image_48": "https:\/\/slack.global.ssl.fastly.net\/66f9\/img\/services\/rss_48.png",
            "image_72": "https:\/\/slack.global.ssl.fastly.net\/205a\/img\/services\/rss_72.png"
        },
        "bot_id": "B0K75EKEC",
        "attachments": [
            {
                "text": "is there any other webportal that provides digest token sso other than SNguru for testing  ?",
                "fallback": "is there any other webportal that provides digest token sso other than SNguru for testing  ?",
                "from_url": "https:\/\/community.servicenow.com\/thread\/215718",
                "id": 1
            }
        ],
        "type": "message",
        "subtype": "bot_message",
        "ts": "1455971170.001189"
    },
    {
        "text": "<https:\/\/community.servicenow.com\/thread\/215714|How we manage Solaris LDOM in CMDB ?>\nHi All,    We are going to implement Solaris LDOM virtualization in CMDB.  If any one have idea about how we implement it in CMDB.  Where we manage all information about Solaris and LDOM ?  what relationship we user for different things  ",
        "username": "ServiceNow Community : All Content - All Communities",
        "icons": {
            "image_36": "https:\/\/slack.global.ssl.fastly.net\/66f9\/img\/services\/rss_36.png",
            "image_48": "https:\/\/slack.global.ssl.fastly.net\/66f9\/img\/services\/rss_48.png",
            "image_72": "https:\/\/slack.global.ssl.fastly.net\/205a\/img\/services\/rss_72.png"
        },
        "bot_id": "B0K75EKEC",
        "attachments": [
            {
                "text": "Hi All, We are going to implement Solaris LDOM virtualization in CMDB. If any one have idea about how we implement it in CMDB. Where we manage all",
                "fallback": "Hi All, We are going to implement Solaris LDOM virtualization in CMDB. If any one have idea about how we implement it in CMDB. Where we manage all",
                "from_url": "https:\/\/community.servicenow.com\/thread\/215714",
                "id": 1
            }
        ],
        "type": "message",
        "subtype": "bot_message",
        "ts": "1455976871.001192"
    },
    {
        "text": "<https:\/\/community.servicenow.com\/thread\/215707|Scripting assistance?  using 'else' with Function Declaration\/Expression>\nHello -     Scenario:  1 - Inbound action currently using Cart API  2 - Need to add gliderecord query to look for matching number in existing record  3 - I have this working for the 'Create Incident' inbound, but the Create Request is causing an",
        "username": "ServiceNow Community : All Content - All Communities",
        "icons": {
            "image_36": "https:\/\/slack.global.ssl.fastly.net\/66f9\/img\/services\/rss_36.png",
            "image_48": "https:\/\/slack.global.ssl.fastly.net\/66f9\/img\/services\/rss_48.png",
            "image_72": "https:\/\/slack.global.ssl.fastly.net\/205a\/img\/services\/rss_72.png"
        },
        "bot_id": "B0K75EKEC",
        "attachments": [
            {
                "text": "Hello - Scenario: 1 - Inbound action currently using Cart API 2 - Need to add gliderecord query to look for matching number in existing record 3 -",
                "fallback": "Hello - Scenario: 1 - Inbound action currently using Cart API 2 - Need to add gliderecord query to look for matching number in existing record 3 -",
                "from_url": "https:\/\/community.servicenow.com\/thread\/215707",
                "id": 1
            }
        ],
        "type": "message",
        "subtype": "bot_message",
        "ts": "1455993370.001194"
    },
    {
        "text": "<https:\/\/community.servicenow.com\/thread\/215728|Using get my groups to check created by for data segmentation.>\nHello all,     I've been trying to wrap my head around my requirement recently. I implemented data segmentation using the getmygroups on a before query script however, the way this functions is, it's only going to return incidents that are currently",
        "username": "ServiceNow Community : All Content - All Communities",
        "icons": {
            "image_36": "https:\/\/slack.global.ssl.fastly.net\/66f9\/img\/services\/rss_36.png",
            "image_48": "https:\/\/slack.global.ssl.fastly.net\/66f9\/img\/services\/rss_48.png",
            "image_72": "https:\/\/slack.global.ssl.fastly.net\/205a\/img\/services\/rss_72.png"
        },
        "bot_id": "B0K75EKEC",
        "attachments": [
            {
                "text": "Hello all, I've been trying to wrap my head around my requirement recently. I implemented data segmentation using the getmygroups on a before query",
                "fallback": "Hello all, I've been trying to wrap my head around my requirement recently. I implemented data segmentation using the getmygroups on a before query",
                "from_url": "https:\/\/community.servicenow.com\/thread\/215728",
                "id": 1
            }
        ],
        "type": "message",
        "subtype": "bot_message",
        "ts": "1455995470.001196"
    },
    {
        "text": "<https:\/\/community.servicenow.com\/thread\/215715|Is there any harm in setting Update Set as a data preserver?>\nI was thinking of setting up a data preserver on our production instance for the Update Set [sys_update] so that it would not overwrite our development update sets. Is there any harm in this practice?",
        "username": "ServiceNow Community : All Content - All Communities",
        "icons": {
            "image_36": "https:\/\/slack.global.ssl.fastly.net\/66f9\/img\/services\/rss_36.png",
            "image_48": "https:\/\/slack.global.ssl.fastly.net\/66f9\/img\/services\/rss_48.png",
            "image_72": "https:\/\/slack.global.ssl.fastly.net\/205a\/img\/services\/rss_72.png"
        },
        "bot_id": "B0K75EKEC",
        "attachments": [
            {
                "text": "I was thinking of setting up a data preserver on our production instance for the Update Set [sys_update] so that it would not overwrite our development",
                "fallback": "I was thinking of setting up a data preserver on our production instance for the Update Set [sys_update] so that it would not overwrite our development",
                "from_url": "https:\/\/community.servicenow.com\/thread\/215715",
                "id": 1
            }
        ],
        "type": "message",
        "subtype": "bot_message",
        "ts": "1455996370.001198"
    },
    {
        "text": "<https:\/\/community.servicenow.com\/thread\/215729|How do I hide a button to prevent moving forward in a record until child records are closed?>\nBelow is a Display Business Rule on the grc_observation table, that I am trying to get to work.  Any assistance on what I am doing wrong?  I am doing a lot of troubleshooting, but run into a wall.  What I am trying to do is hide a Request",
        "username": "ServiceNow Community : All Content - All Communities",
        "icons": {
            "image_36": "https:\/\/slack.global.ssl.fastly.net\/66f9\/img\/services\/rss_36.png",
            "image_48": "https:\/\/slack.global.ssl.fastly.net\/66f9\/img\/services\/rss_48.png",
            "image_72": "https:\/\/slack.global.ssl.fastly.net\/205a\/img\/services\/rss_72.png"
        },
        "bot_id": "B0K75EKEC",
        "attachments": [
            {
                "text": "Below is a Display Business Rule on the grc_observation table, that I am trying to get to work.  Any assistance on what I am doing wrong?  I am doing a",
                "fallback": "Below is a Display Business Rule on the grc_observation table, that I am trying to get to work.  Any assistance on what I am doing wrong?  I am doing a",
                "from_url": "https:\/\/community.servicenow.com\/thread\/215729",
                "id": 1
            }
        ],
        "type": "message",
        "subtype": "bot_message",
        "ts": "1456008673.001200"
    },
    {
        "text": "<https:\/\/community.servicenow.com\/thread\/215719|How do I dynamically query for records that meet certain criteria?>\nHello All,    I am trying to replicate in SN the functionality of a PHP application I built and use on a daily basis.    As I enter data in a form, I want to update a field with the count of records I entered on that day. At the same time, I",
        "username": "ServiceNow Community : All Content - All Communities",
        "icons": {
            "image_36": "https:\/\/slack.global.ssl.fastly.net\/66f9\/img\/services\/rss_36.png",
            "image_48": "https:\/\/slack.global.ssl.fastly.net\/66f9\/img\/services\/rss_48.png",
            "image_72": "https:\/\/slack.global.ssl.fastly.net\/205a\/img\/services\/rss_72.png"
        },
        "bot_id": "B0K75EKEC",
        "attachments": [
            {
                "text": "Hello All, I am trying to replicate in SN the functionality of a PHP application I built and use on a daily basis. As I enter data in a form, I want",
                "fallback": "Hello All, I am trying to replicate in SN the functionality of a PHP application I built and use on a daily basis. As I enter data in a form, I want",
                "from_url": "https:\/\/community.servicenow.com\/thread\/215719",
                "id": 1
            }
        ],
        "type": "message",
        "subtype": "bot_message",
        "ts": "1456010772.001202"
    },
    {
        "text": "<https:\/\/community.servicenow.com\/thread\/215738|Test Management - Auto populate Test Plan and Test Case in Report Defect Form>\nHello    I need to Auto populate the Test Plan and Test Case to the Report Defect form which is in the Test case form. Attaching the screenshot for better understanding. Any idea in this?    Test Case Form:  ---------------------------    ",
        "username": "ServiceNow Community : All Content - All Communities",
        "icons": {
            "image_36": "https:\/\/slack.global.ssl.fastly.net\/66f9\/img\/services\/rss_36.png",
            "image_48": "https:\/\/slack.global.ssl.fastly.net\/66f9\/img\/services\/rss_48.png",
            "image_72": "https:\/\/slack.global.ssl.fastly.net\/205a\/img\/services\/rss_72.png"
        },
        "bot_id": "B0K75EKEC",
        "attachments": [
            {
                "text": "Hello I need to Auto populate the Test Plan[tm_test_plan] and Test Case [tm_test_case_instance] to the Report Defect[rm_defect] form which is in the",
                "fallback": "Hello I need to Auto populate the Test Plan[tm_test_plan] and Test Case [tm_test_case_instance] to the Report Defect[rm_defect] form which is in the",
                "from_url": "https:\/\/community.servicenow.com\/thread\/215738",
                "id": 1
            }
        ],
        "type": "message",
        "subtype": "bot_message",
        "ts": "1456027570.001204"
    },
    {
        "text": "<https:\/\/community.servicenow.com\/thread\/215730|Send notification to specific group>\nI want to trigger a notification to a specific group when any record (Incident\/problem\/request\/change) reaches 50% SLA , 75% SLA, 100%(SLA breaches). Awareness notification to specific group. How can we achieve this?",
        "username": "ServiceNow Community : All Content - All Communities",
        "icons": {
            "image_36": "https:\/\/slack.global.ssl.fastly.net\/66f9\/img\/services\/rss_36.png",
            "image_48": "https:\/\/slack.global.ssl.fastly.net\/66f9\/img\/services\/rss_48.png",
            "image_72": "https:\/\/slack.global.ssl.fastly.net\/205a\/img\/services\/rss_72.png"
        },
        "bot_id": "B0K75EKEC",
        "attachments": [
            {
                "text": "I want to trigger a notification to a specific group when any record (Incident\/problem\/request\/change) reaches 50% SLA , 75% SLA, 100%(SLA breaches).",
                "fallback": "I want to trigger a notification to a specific group when any record (Incident\/problem\/request\/change) reaches 50% SLA , 75% SLA, 100%(SLA breaches).",
                "from_url": "https:\/\/community.servicenow.com\/thread\/215730",
                "id": 1
            }
        ],
        "type": "message",
        "subtype": "bot_message",
        "ts": "1456030571.001206"
    },
    {
        "text": "<https:\/\/community.servicenow.com\/thread\/215716|Submit button associating knowledge base articles>\nWhen I impersonated an end user and tried to fill in an incident's description field, knowledge base articles appear which pushed the submit button to the end of the page. I don't want that to move to the end, instead wanted the knowledge base articles",
        "username": "ServiceNow Community : All Content - All Communities",
        "icons": {
            "image_36": "https:\/\/slack.global.ssl.fastly.net\/66f9\/img\/services\/rss_36.png",
            "image_48": "https:\/\/slack.global.ssl.fastly.net\/66f9\/img\/services\/rss_48.png",
            "image_72": "https:\/\/slack.global.ssl.fastly.net\/205a\/img\/services\/rss_72.png"
        },
        "bot_id": "B0K75EKEC",
        "attachments": [
            {
                "text": "When I impersonated an end user and tried to fill in an incident's description field, knowledge base articles appear which pushed the submit button to the",
                "fallback": "When I impersonated an end user and tried to fill in an incident's description field, knowledge base articles appear which pushed the submit button to the",
                "from_url": "https:\/\/community.servicenow.com\/thread\/215716",
                "id": 1
            }
        ],
        "type": "message",
        "subtype": "bot_message",
        "ts": "1456033271.001208"
    },
    {
        "text": "<https:\/\/community.servicenow.com\/thread\/215739|ServiceNow jobs at KPMG Global Services - Solution Architect\/ Tech Lead || Bangalore, India>\nJob Description:     The ServiceNow   Solution Architect is responsible for recommending and developing technical   solutions on the ServiceNow platform to satisfy the business needs of the IT   department and beyond  The ideal candidate   can apply",
        "username": "ServiceNow Community : All Content - All Communities",
        "icons": {
            "image_36": "https:\/\/slack.global.ssl.fastly.net\/66f9\/img\/services\/rss_36.png",
            "image_48": "https:\/\/slack.global.ssl.fastly.net\/66f9\/img\/services\/rss_48.png",
            "image_72": "https:\/\/slack.global.ssl.fastly.net\/205a\/img\/services\/rss_72.png"
        },
        "bot_id": "B0K75EKEC",
        "attachments": [
            {
                "text": "Job Description: The ServiceNow Solution Architect is responsible for recommending and developing technical solutions on the ServiceNow platform",
                "fallback": "Job Description: The ServiceNow Solution Architect is responsible for recommending and developing technical solutions on the ServiceNow platform",
                "from_url": "https:\/\/community.servicenow.com\/thread\/215739",
                "id": 1
            }
        ],
        "type": "message",
        "subtype": "bot_message",
        "ts": "1456038071.001210"
    }
]