[
    {
        "text": "<https:\/\/community.servicenow.com\/thread\/218320|Does any one have done integration with Bamboo HR, need suggestion how and where to start?>\nDoes any one have done integration with Bamboo HR, need suggestion how and where to start?",
        "username": "ServiceNow Community : All Content - All Communities",
        "icons": {
            "image_36": "https:\/\/a.slack-edge.com\/66f9\/img\/services\/rss_36.png",
            "image_48": "https:\/\/a.slack-edge.com\/66f9\/img\/services\/rss_48.png",
            "image_72": "https:\/\/a.slack-edge.com\/205a\/img\/services\/rss_72.png"
        },
        "bot_id": "B0K75EKEC",
        "attachments": [
            {
                "title": "Does any one have done integration with Bamboo ... | ServiceNow Community",
                "title_link": "https:\/\/community.servicenow.com\/thread\/218320",
                "text": "Does any one have done integration with Bamboo HR, need suggestion how and where to start?",
                "fallback": "Does any one have done integration with Bamboo ... | ServiceNow Community",
                "from_url": "https:\/\/community.servicenow.com\/thread\/218320",
                "id": 1
            }
        ],
        "type": "message",
        "subtype": "bot_message",
        "ts": "1458462371.001273"
    },
    {
        "text": "<https:\/\/community.servicenow.com\/thread\/218305|angular is not defined Error>\nFollowing : AngularJS: Developing Modern User Interfaces getting   Uncaught reference error : angular not defined:  \/*! RESOURCE: service.sn-glideAjax *\/   angular.module('sn.glideAjax', []);  Any Clue how to resolve this issue.     I have following",
        "username": "ServiceNow Community : All Content - All Communities",
        "icons": {
            "image_36": "https:\/\/a.slack-edge.com\/66f9\/img\/services\/rss_36.png",
            "image_48": "https:\/\/a.slack-edge.com\/66f9\/img\/services\/rss_48.png",
            "image_72": "https:\/\/a.slack-edge.com\/205a\/img\/services\/rss_72.png"
        },
        "bot_id": "B0K75EKEC",
        "attachments": [
            {
                "title": "angular is not defined Error | ServiceNow Community",
                "title_link": "https:\/\/community.servicenow.com\/thread\/218305",
                "text": "Following : getting Uncaught reference error : angular not defined: \/*! RESOURCE: service.sn-glideAjax *\/ angular.module('sn.glideAjax', []); Any",
                "fallback": "angular is not defined Error | ServiceNow Community",
                "from_url": "https:\/\/community.servicenow.com\/thread\/218305",
                "id": 1
            }
        ],
        "type": "message",
        "subtype": "bot_message",
        "ts": "1458466272.001275"
    },
    {
        "text": "<https:\/\/community.servicenow.com\/thread\/218285|Reuse ServiceNow's filter on UI Page and create URL with encoded query appended>\nI am building a UI Page in which I would like to have the normal filter control, which is visible above all lists, added. I would like to reuse the existing component and functionality provided by ServiceNow.    I am not going to present the list",
        "username": "ServiceNow Community : All Content - All Communities",
        "icons": {
            "image_36": "https:\/\/a.slack-edge.com\/66f9\/img\/services\/rss_36.png",
            "image_48": "https:\/\/a.slack-edge.com\/66f9\/img\/services\/rss_48.png",
            "image_72": "https:\/\/a.slack-edge.com\/205a\/img\/services\/rss_72.png"
        },
        "bot_id": "B0K75EKEC",
        "attachments": [
            {
                "title": "Reuse ServiceNow's filter on UI Page and create... | ServiceNow Community",
                "title_link": "https:\/\/community.servicenow.com\/thread\/218285",
                "text": "I am building a UI Page in which I would like to have the normal filter control, which is visible above all lists, added. I would like to reuse the",
                "fallback": "Reuse ServiceNow's filter on UI Page and create... | ServiceNow Community",
                "from_url": "https:\/\/community.servicenow.com\/thread\/218285",
                "id": 1
            }
        ],
        "type": "message",
        "subtype": "bot_message",
        "ts": "1458468372.001277"
    },
    {
        "text": "<https:\/\/community.servicenow.com\/thread\/218312|Service Catalog header menu>\nHi All,    I want to add a sub menu section to the header menu and cannot find a way of doing this.    The  Header Menu has a number of items and the Order Things menu screen shot below has 4 menu items. I would like to add menu on each of",
        "username": "ServiceNow Community : All Content - All Communities",
        "icons": {
            "image_36": "https:\/\/a.slack-edge.com\/66f9\/img\/services\/rss_36.png",
            "image_48": "https:\/\/a.slack-edge.com\/66f9\/img\/services\/rss_48.png",
            "image_72": "https:\/\/a.slack-edge.com\/205a\/img\/services\/rss_72.png"
        },
        "bot_id": "B0K75EKEC",
        "attachments": [
            {
                "title": "Service Catalog header menu | ServiceNow Community",
                "title_link": "https:\/\/community.servicenow.com\/thread\/218312",
                "text": "Hi All, I want to add a sub menu section to the header menu and cannot find a way of doing this. The  Header Menu has a number of items and the",
                "fallback": "Service Catalog header menu | ServiceNow Community",
                "from_url": "https:\/\/community.servicenow.com\/thread\/218312",
                "id": 1
            }
        ],
        "type": "message",
        "subtype": "bot_message",
        "ts": "1458480972.001279"
    },
    {
        "text": "<https:\/\/community.servicenow.com\/thread\/218321|Dropzone issue in homepage due to one gauge>\nHi,    I am facing one issue related to homepage. Any ITIL user when tries to add content on self service homepage,  He is not able to add due to the fact that dropzone are not coming in add content section.  What we found that there is a gauge",
        "username": "ServiceNow Community : All Content - All Communities",
        "icons": {
            "image_36": "https:\/\/a.slack-edge.com\/66f9\/img\/services\/rss_36.png",
            "image_48": "https:\/\/a.slack-edge.com\/66f9\/img\/services\/rss_48.png",
            "image_72": "https:\/\/a.slack-edge.com\/205a\/img\/services\/rss_72.png"
        },
        "bot_id": "B0K75EKEC",
        "attachments": [
            {
                "title": "Dropzone issue in homepage due to one gauge | ServiceNow Community",
                "title_link": "https:\/\/community.servicenow.com\/thread\/218321",
                "text": "Hi, I am facing one issue related to homepage. Any ITIL user when tries to add content on self service homepage,  He is not able to add due to the fact",
                "fallback": "Dropzone issue in homepage due to one gauge | ServiceNow Community",
                "from_url": "https:\/\/community.servicenow.com\/thread\/218321",
                "id": 1
            }
        ],
        "type": "message",
        "subtype": "bot_message",
        "ts": "1458490871.001281"
    },
    {
        "text": "<https:\/\/community.servicenow.com\/thread\/218306|Share global object across scripts in a transaction?>\nI want to maintain a sequence number in a client script.  It can be per instance or per prototype, but I would really like to share it across invocations within a transaction.    I tried g_scratchpad in a background script and it wasn't",
        "username": "ServiceNow Community : All Content - All Communities",
        "icons": {
            "image_36": "https:\/\/a.slack-edge.com\/66f9\/img\/services\/rss_36.png",
            "image_48": "https:\/\/a.slack-edge.com\/66f9\/img\/services\/rss_48.png",
            "image_72": "https:\/\/a.slack-edge.com\/205a\/img\/services\/rss_72.png"
        },
        "bot_id": "B0K75EKEC",
        "attachments": [
            {
                "title": "Share global object across scripts in a transac... | ServiceNow Community",
                "title_link": "https:\/\/community.servicenow.com\/thread\/218306",
                "text": "I want to maintain a sequence number in a client script.  It can be per instance or per prototype, but I would really like to share it across invocations",
                "fallback": "Share global object across scripts in a transac... | ServiceNow Community",
                "from_url": "https:\/\/community.servicenow.com\/thread\/218306",
                "id": 1
            }
        ],
        "type": "message",
        "subtype": "bot_message",
        "ts": "1458494474.001283"
    },
    {
        "text": "<https:\/\/community.servicenow.com\/thread\/218313|Migrating CMS from Fuji to Geneva - approach and best practices>\nI am preparing towards content migration of CMS portal from Fuji to Geneva. The existing portal layouts are expected to remain the same.  Do we have a recommended approach (or) best practice for doing the migration",
        "username": "ServiceNow Community : All Content - All Communities",
        "icons": {
            "image_36": "https:\/\/a.slack-edge.com\/66f9\/img\/services\/rss_36.png",
            "image_48": "https:\/\/a.slack-edge.com\/66f9\/img\/services\/rss_48.png",
            "image_72": "https:\/\/a.slack-edge.com\/205a\/img\/services\/rss_72.png"
        },
        "bot_id": "B0K75EKEC",
        "attachments": [
            {
                "title": "Migrating CMS from Fuji to Geneva - approach an... | ServiceNow Community",
                "title_link": "https:\/\/community.servicenow.com\/thread\/218313",
                "text": "I am preparing towards content migration of CMS portal from Fuji to Geneva. The existing portal layouts are expected to remain the same. Do we have a",
                "fallback": "Migrating CMS from Fuji to Geneva - approach an... | ServiceNow Community",
                "from_url": "https:\/\/community.servicenow.com\/thread\/218313",
                "id": 1
            }
        ],
        "type": "message",
        "subtype": "bot_message",
        "ts": "1458497468.001285"
    },
    {
        "text": "<https:\/\/community.servicenow.com\/thread\/218307|Moving Related Search Results on the self-service portal view>\nIt seems on Geneva Related Search Results, derived from contextual search, can't be moved on the incident form.  I need to move it below the Additional Comments field.  Has anyone done this on Geneva yet?",
        "username": "ServiceNow Community : All Content - All Communities",
        "icons": {
            "image_36": "https:\/\/a.slack-edge.com\/66f9\/img\/services\/rss_36.png",
            "image_48": "https:\/\/a.slack-edge.com\/66f9\/img\/services\/rss_48.png",
            "image_72": "https:\/\/a.slack-edge.com\/205a\/img\/services\/rss_72.png"
        },
        "bot_id": "B0K75EKEC",
        "attachments": [
            {
                "title": "Moving Related Search Results on the self-servi... | ServiceNow Community",
                "title_link": "https:\/\/community.servicenow.com\/thread\/218307",
                "text": "It seems on Geneva Related Search Results, derived from contextual search, can't be moved on the incident form.  I need to move it below the Additional",
                "fallback": "Moving Related Search Results on the self-servi... | ServiceNow Community",
                "from_url": "https:\/\/community.servicenow.com\/thread\/218307",
                "id": 1
            }
        ],
        "type": "message",
        "subtype": "bot_message",
        "ts": "1458519373.001287"
    },
    {
        "text": "<https:\/\/community.servicenow.com\/thread\/218315|Updating default UI Policies>\nHey, new to the platform here...    If I make an update to a default UI Policy...in this case adding the \"Save\" button to the incident form...When the next upgrade comes out will it skip that change much like the U_ function or will it change it",
        "username": "ServiceNow Community : All Content - All Communities",
        "icons": {
            "image_36": "https:\/\/a.slack-edge.com\/66f9\/img\/services\/rss_36.png",
            "image_48": "https:\/\/a.slack-edge.com\/66f9\/img\/services\/rss_48.png",
            "image_72": "https:\/\/a.slack-edge.com\/205a\/img\/services\/rss_72.png"
        },
        "bot_id": "B0K75EKEC",
        "attachments": [
            {
                "title": "Updating default UI Policies | ServiceNow Community",
                "title_link": "https:\/\/community.servicenow.com\/thread\/218315",
                "text": "Hey, new to the platform here... If I make an update to a default UI Policy...in this case adding the \"Save\" button to the incident form...When the",
                "fallback": "Updating default UI Policies | ServiceNow Community",
                "from_url": "https:\/\/community.servicenow.com\/thread\/218315",
                "id": 1
            }
        ],
        "type": "message",
        "subtype": "bot_message",
        "ts": "1458528072.001289"
    },
    {
        "text": "<https:\/\/community.servicenow.com\/thread\/218316|manage bullentin board on cms portal page>\nHi... everybody I am practicing CMS Portal page and need assistance in making a 3-4 slide image bulletin board the image must be made slide or file flash .jpg or other bulletin board how can i do that? and how to divided column in frams to 2 column or i",
        "username": "ServiceNow Community : All Content - All Communities",
        "icons": {
            "image_36": "https:\/\/a.slack-edge.com\/66f9\/img\/services\/rss_36.png",
            "image_48": "https:\/\/a.slack-edge.com\/66f9\/img\/services\/rss_48.png",
            "image_72": "https:\/\/a.slack-edge.com\/205a\/img\/services\/rss_72.png"
        },
        "bot_id": "B0K75EKEC",
        "attachments": [
            {
                "title": "manage bullentin board on cms portal page | ServiceNow Community",
                "title_link": "https:\/\/community.servicenow.com\/thread\/218316",
                "text": "Hi... everybody I am practicing CMS Portal page and need assistance in making a 3-4 slide image bulletin board the image must be made slide or file flash",
                "fallback": "manage bullentin board on cms portal page | ServiceNow Community",
                "from_url": "https:\/\/community.servicenow.com\/thread\/218316",
                "id": 1
            }
        ],
        "type": "message",
        "subtype": "bot_message",
        "ts": "1458530169.001291"
    },
    {
        "text": "<https:\/\/community.servicenow.com\/thread\/218286|SIAM deployment strategy>\nHi, can some one share SIAM deployment Framework using SNC",
        "username": "ServiceNow Community : All Content - All Communities",
        "icons": {
            "image_36": "https:\/\/a.slack-edge.com\/66f9\/img\/services\/rss_36.png",
            "image_48": "https:\/\/a.slack-edge.com\/66f9\/img\/services\/rss_48.png",
            "image_72": "https:\/\/a.slack-edge.com\/205a\/img\/services\/rss_72.png"
        },
        "bot_id": "B0K75EKEC",
        "attachments": [
            {
                "title": "SIAM deployment strategy | ServiceNow Community",
                "title_link": "https:\/\/community.servicenow.com\/thread\/218286",
                "text": "Hi, can some one share SIAM deployment Framework using SNC",
                "fallback": "SIAM deployment strategy | ServiceNow Community",
                "from_url": "https:\/\/community.servicenow.com\/thread\/218286",
                "id": 1
            }
        ],
        "type": "message",
        "subtype": "bot_message",
        "ts": "1458531970.001293"
    },
    {
        "text": "<https:\/\/community.servicenow.com\/thread\/218317|Configuring an API Key for an Outbound REST Message>\nI'm new to ServiceNow and currently trying to configure an outgoing REST message for the first time. I'm checking out <https:\/\/currency-exchange.p.mashape.com\/exchange> and have already obtained my API key. The problem is, how will I configure the API key,",
        "username": "ServiceNow Community : All Content - All Communities",
        "icons": {
            "image_36": "https:\/\/a.slack-edge.com\/66f9\/img\/services\/rss_36.png",
            "image_48": "https:\/\/a.slack-edge.com\/66f9\/img\/services\/rss_48.png",
            "image_72": "https:\/\/a.slack-edge.com\/205a\/img\/services\/rss_72.png"
        },
        "bot_id": "B0K75EKEC",
        "attachments": [
            {
                "title": "Configuring an API Key for an Outbound REST Mes... | ServiceNow Community",
                "title_link": "https:\/\/community.servicenow.com\/thread\/218317",
                "text": "I'm new to ServiceNow and currently trying to configure an outgoing REST message for the first time. I'm checking out",
                "fallback": "Configuring an API Key for an Outbound REST Mes... | ServiceNow Community",
                "from_url": "https:\/\/community.servicenow.com\/thread\/218317",
                "id": 1
            }
        ],
        "type": "message",
        "subtype": "bot_message",
        "ts": "1458531970.001294"
    },
    {
        "text": "<https:\/\/community.servicenow.com\/thread\/218322|knowledge import word doc numbering issue>\nI am on Geneva release and using the new import WORD doc functionality to import MS WORD to knowledge base.    There is an issue that when I import a doc with numbering, all of the numbering should be continuing. But if there is a New line \"\\n\", or",
        "username": "ServiceNow Community : All Content - All Communities",
        "icons": {
            "image_36": "https:\/\/a.slack-edge.com\/66f9\/img\/services\/rss_36.png",
            "image_48": "https:\/\/a.slack-edge.com\/66f9\/img\/services\/rss_48.png",
            "image_72": "https:\/\/a.slack-edge.com\/205a\/img\/services\/rss_72.png"
        },
        "bot_id": "B0K75EKEC",
        "attachments": [
            {
                "title": "knowledge import word doc numbering issue | ServiceNow Community",
                "title_link": "https:\/\/community.servicenow.com\/thread\/218322",
                "text": "I am on Geneva release and using the new import WORD doc functionality to import MS WORD to knowledge base. There is an issue that when I import a doc",
                "fallback": "knowledge import word doc numbering issue | ServiceNow Community",
                "from_url": "https:\/\/community.servicenow.com\/thread\/218322",
                "id": 1
            }
        ],
        "type": "message",
        "subtype": "bot_message",
        "ts": "1458532871.001297"
    },
    {
        "text": "<https:\/\/community.servicenow.com\/thread\/218287|scripted rest- fetch all value to create incident>\nHi, we using scripted REST to create a incident. We need to do some process before inserting incident (example if state =\"NEW\" i need to change state as 1) . There is a mapping table which holds all the field value mapping. So need a way to collect all",
        "username": "ServiceNow Community : All Content - All Communities",
        "icons": {
            "image_36": "https:\/\/a.slack-edge.com\/66f9\/img\/services\/rss_36.png",
            "image_48": "https:\/\/a.slack-edge.com\/66f9\/img\/services\/rss_48.png",
            "image_72": "https:\/\/a.slack-edge.com\/205a\/img\/services\/rss_72.png"
        },
        "bot_id": "B0K75EKEC",
        "attachments": [
            {
                "title": "scripted rest- fetch all value to create incident | ServiceNow Community",
                "title_link": "https:\/\/community.servicenow.com\/thread\/218287",
                "text": "Hi, we using scripted REST to create a incident. We need to do some process before inserting incident (example if state =\"NEW\" i need to change state as",
                "fallback": "scripted rest- fetch all value to create incident | ServiceNow Community",
                "from_url": "https:\/\/community.servicenow.com\/thread\/218287",
                "id": 1
            }
        ],
        "type": "message",
        "subtype": "bot_message",
        "ts": "1458536773.001299"
    },
    {
        "text": "<https:\/\/community.servicenow.com\/thread\/218338|SCCM Integration not deleting Softwares in Service Now>\nHi All,    We have implemented SCCM-Service Now Integration using Integration - Microsoft SCCM 2012 plugin avaialable OOB. The version we installed is 4.0.0.    Now we are facing the below issue with the integration :-     Initially at the",
        "username": "ServiceNow Community : All Content - All Communities",
        "icons": {
            "image_36": "https:\/\/a.slack-edge.com\/66f9\/img\/services\/rss_36.png",
            "image_48": "https:\/\/a.slack-edge.com\/66f9\/img\/services\/rss_48.png",
            "image_72": "https:\/\/a.slack-edge.com\/205a\/img\/services\/rss_72.png"
        },
        "bot_id": "B0K75EKEC",
        "attachments": [
            {
                "title": "SCCM Integration not deleting Softwares in Serv... | ServiceNow Community",
                "title_link": "https:\/\/community.servicenow.com\/thread\/218338",
                "text": "Hi All, We have implemented SCCM-Service Now Integration using Integration - Microsoft SCCM 2012 plugin avaialable OOB. The version we installed is",
                "fallback": "SCCM Integration not deleting Softwares in Serv... | ServiceNow Community",
                "from_url": "https:\/\/community.servicenow.com\/thread\/218338",
                "id": 1
            }
        ],
        "type": "message",
        "subtype": "bot_message",
        "ts": "1458540968.001301"
    },
    {
        "text": "<https:\/\/community.servicenow.com\/thread\/218328|How to make read only a  catalog item?>\nHi All,    How to make read only a catalog item,  If we select an item from category it should be read only otherwise we shouldn't placed an order,  Please tell me solution,  Thanks",
        "username": "ServiceNow Community : All Content - All Communities",
        "icons": {
            "image_36": "https:\/\/a.slack-edge.com\/66f9\/img\/services\/rss_36.png",
            "image_48": "https:\/\/a.slack-edge.com\/66f9\/img\/services\/rss_48.png",
            "image_72": "https:\/\/a.slack-edge.com\/205a\/img\/services\/rss_72.png"
        },
        "bot_id": "B0K75EKEC",
        "attachments": [
            {
                "title": "How to make read only a  catalog item? | ServiceNow Community",
                "title_link": "https:\/\/community.servicenow.com\/thread\/218328",
                "text": "Hi All, How to make read only a catalog item, If we select an item from category it should be read only otherwise we shouldn't placed an order,",
                "fallback": "How to make read only a  catalog item? | ServiceNow Community",
                "from_url": "https:\/\/community.servicenow.com\/thread\/218328",
                "id": 1
            }
        ],
        "type": "message",
        "subtype": "bot_message",
        "ts": "1458540968.001302"
    },
    {
        "text": "<https:\/\/community.servicenow.com\/thread\/218329|ESS Portal: Requirement to hide the \"Response Time Indicator\".>\nHi All,    I have a requirement to hide the \"Response Time Indicator\" for some of my Content Pages of my ESS Portal.      I have learned from wiki that - \"Administrators can disable the response time by setting the glide.ui.response_time",
        "username": "ServiceNow Community : All Content - All Communities",
        "icons": {
            "image_36": "https:\/\/a.slack-edge.com\/66f9\/img\/services\/rss_36.png",
            "image_48": "https:\/\/a.slack-edge.com\/66f9\/img\/services\/rss_48.png",
            "image_72": "https:\/\/a.slack-edge.com\/205a\/img\/services\/rss_72.png"
        },
        "bot_id": "B0K75EKEC",
        "attachments": [
            {
                "title": "ESS Portal: Requirement to hide the \"Response T... | ServiceNow Community",
                "title_link": "https:\/\/community.servicenow.com\/thread\/218329",
                "text": "Hi All, I have a requirement to hide the \"Response Time Indicator\" for some of my Content Pages of my ESS Portal.  I have learned from wiki that -",
                "fallback": "ESS Portal: Requirement to hide the \"Response T... | ServiceNow Community",
                "from_url": "https:\/\/community.servicenow.com\/thread\/218329",
                "id": 1
            }
        ],
        "type": "message",
        "subtype": "bot_message",
        "ts": "1458542768.001305"
    }
]