[
    {
        "user": "U23KRB6J0",
        "text": "<@U23KRB6J0|gayubadri> has joined the channel",
        "type": "message",
        "subtype": "channel_join",
        "ts": "1471877563.000011"
    },
    {
        "type": "message",
        "user": "U23KRB6J0",
        "text": "trying to change font color of history tab in navigation pane while hovering , Helsinki version.",
        "ts": "1471877764.000012"
    },
    {
        "type": "message",
        "user": "U15LF2CTD",
        "text": "I think you can only do that through a custom template...",
        "ts": "1471877924.000013"
    },
    {
        "type": "message",
        "user": "U23KRB6J0",
        "text": "I created custom template, but could not find exact tag .\n$nav-body ul.nav-history-list li a:hover {\nbackground: #650360;\ncolor: #A651C2;\n}\n$nav-body ul.nav-history-list li a:hover span {\ncolor: #A651C2 !important;\n}",
        "ts": "1471878783.000014"
    },
    {
        "type": "message",
        "user": "U23KRB6J0",
        "text": "but these does not reflect",
        "ts": "1471878854.000015"
    },
    {
        "type": "message",
        "user": "U15LF2CTD",
        "text": "Hmm I think it’s set by the same hover tag as the rest of navigation...",
        "ts": "1471879813.000016"
    },
    {
        "user": "U23RULHKJ",
        "text": "<@U23RULHKJ|jdelreal> has joined the channel",
        "type": "message",
        "subtype": "channel_join",
        "ts": "1471908506.000017"
    },
    {
        "user": "U23RULHKJ",
        "text": "<@U23RULHKJ|jdelreal> has left the channel",
        "type": "message",
        "subtype": "channel_leave",
        "ts": "1471908534.000018"
    }
]