[
    {
        "text": "<https:\/\/community.servicenow.com\/thread\/214415|create your own search form>\nI feel I'm in a very unknown waters here. So I'm throwing out the question to you guys =)    I think the OOB KB search is very ugly =) And then I'm talking about the <http:\/\/kb_find.do|kb_find.do>. I would like to give it a update and wondering if possible (well in my",
        "username": "ServiceNow Community : All Content - All Communities",
        "icons": {
            "image_36": "https:\/\/slack.global.ssl.fastly.net\/66f9\/img\/services\/rss_36.png",
            "image_48": "https:\/\/slack.global.ssl.fastly.net\/66f9\/img\/services\/rss_48.png",
            "image_72": "https:\/\/slack.global.ssl.fastly.net\/205a\/img\/services\/rss_72.png"
        },
        "bot_id": "B0K75EKEC",
        "attachments": [
            {
                "text": "I feel I'm in a very unknown waters here. So I'm throwing out the question to you guys =) I think the OOB KB search is very ugly =) And then I'm",
                "fallback": "I feel I'm in a very unknown waters here. So I'm throwing out the question to you guys =) I think the OOB KB search is very ugly =) And then I'm",
                "from_url": "https:\/\/community.servicenow.com\/thread\/214415",
                "id": 1
            }
        ],
        "type": "message",
        "subtype": "bot_message",
        "ts": "1454752575.002140"
    },
    {
        "text": "<https:\/\/community.servicenow.com\/thread\/214430|As an admin, I want to be able to update close incidents, without triggering email notifications and SLA>\nIn order to get accurate reporting on incidents, I have the need to reworked closed incidents to make sure the right CI was selected and incidents were categorized right. How can I rework closed incident without triggering email and SLA notifications.",
        "username": "ServiceNow Community : All Content - All Communities",
        "icons": {
            "image_36": "https:\/\/slack.global.ssl.fastly.net\/66f9\/img\/services\/rss_36.png",
            "image_48": "https:\/\/slack.global.ssl.fastly.net\/66f9\/img\/services\/rss_48.png",
            "image_72": "https:\/\/slack.global.ssl.fastly.net\/205a\/img\/services\/rss_72.png"
        },
        "bot_id": "B0K75EKEC",
        "attachments": [
            {
                "text": "In order to get accurate reporting on incidents, I have the need to reworked closed incidents to make sure the right CI was selected and incidents were",
                "fallback": "In order to get accurate reporting on incidents, I have the need to reworked closed incidents to make sure the right CI was selected and incidents were",
                "from_url": "https:\/\/community.servicenow.com\/thread\/214430",
                "id": 1
            }
        ],
        "type": "message",
        "subtype": "bot_message",
        "ts": "1454753473.002142"
    },
    {
        "text": "<https:\/\/community.servicenow.com\/thread\/214416|CSS Direct Childs \"&gt;\" doesn't work in UI Page>\nIm trying test what kind of menus I can make. and I have a very simple code that works in fiddle: Edit fiddle - JSFiddle    But when I take the same code and put it in a UI Page, nothing happens when I hover.  ",
        "username": "ServiceNow Community : All Content - All Communities",
        "icons": {
            "image_36": "https:\/\/slack.global.ssl.fastly.net\/66f9\/img\/services\/rss_36.png",
            "image_48": "https:\/\/slack.global.ssl.fastly.net\/66f9\/img\/services\/rss_48.png",
            "image_72": "https:\/\/slack.global.ssl.fastly.net\/205a\/img\/services\/rss_72.png"
        },
        "bot_id": "B0K75EKEC",
        "attachments": [
            {
                "text": "Im trying test what kind of menus I can make. and I have a very simple code that works in fiddle: Edit fiddle - JSFiddle But when I take the same code",
                "fallback": "Im trying test what kind of menus I can make. and I have a very simple code that works in fiddle: Edit fiddle - JSFiddle But when I take the same code",
                "from_url": "https:\/\/community.servicenow.com\/thread\/214416",
                "id": 1
            }
        ],
        "type": "message",
        "subtype": "bot_message",
        "ts": "1454754374.002144"
    },
    {
        "text": "<https:\/\/community.servicenow.com\/thread\/214424|Assigning  Incident to Group using Script (Business Rule)>\nHi Members,    I have coded below Business Rules for creating Incidents:-    (function executeRule(current, previous \/*null when async*\/) {      \/\/ Add your code here    var inc = new GlideRecord('incident');    var inc =",
        "username": "ServiceNow Community : All Content - All Communities",
        "icons": {
            "image_36": "https:\/\/slack.global.ssl.fastly.net\/66f9\/img\/services\/rss_36.png",
            "image_48": "https:\/\/slack.global.ssl.fastly.net\/66f9\/img\/services\/rss_48.png",
            "image_72": "https:\/\/slack.global.ssl.fastly.net\/205a\/img\/services\/rss_72.png"
        },
        "bot_id": "B0K75EKEC",
        "attachments": [
            {
                "text": "Hi Members, I have coded below Business Rules for creating Incidents:- (function executeRule(current, previous \/*null when async*\/) {   \/\/ Add",
                "fallback": "Hi Members, I have coded below Business Rules for creating Incidents:- (function executeRule(current, previous \/*null when async*\/) {   \/\/ Add",
                "from_url": "https:\/\/community.servicenow.com\/thread\/214424",
                "id": 1
            }
        ],
        "type": "message",
        "subtype": "bot_message",
        "ts": "1454759172.002146"
    },
    {
        "text": "<https:\/\/community.servicenow.com\/groups\/servicenow-user-group-us-tx-north-texas\/blog\/2016\/02\/06\/run-batch-file-windows-powershell-custom-commands-without-using-orchestration|Run Batch file\/ Windows \/PowerShell custom commands without using Orchestration>\nIn its continuous effort of knowledge sharing, this blog is to make readers aware about how to run a Command shell, batch file and powershell custom\/orchestration commands on MIDserver without using orchestration feature of SNOW.   Recently, We faced a",
        "username": "ServiceNow Community : All Content - All Communities",
        "icons": {
            "image_36": "https:\/\/slack.global.ssl.fastly.net\/66f9\/img\/services\/rss_36.png",
            "image_48": "https:\/\/slack.global.ssl.fastly.net\/66f9\/img\/services\/rss_48.png",
            "image_72": "https:\/\/slack.global.ssl.fastly.net\/205a\/img\/services\/rss_72.png"
        },
        "bot_id": "B0K75EKEC",
        "attachments": [
            {
                "text": "In its continuous effort of knowledge sharing, this blog is to make readers aware about how to run a Command shell, batch file and powershell",
                "fallback": "In its continuous effort of knowledge sharing, this blog is to make readers aware about how to run a Command shell, batch file and powershell",
                "from_url": "https:\/\/community.servicenow.com\/groups\/servicenow-user-group-us-tx-north-texas\/blog\/2016\/02\/06\/run-batch-file-windows-powershell-custom-commands-without-using-orchestration",
                "id": 1
            }
        ],
        "type": "message",
        "subtype": "bot_message",
        "ts": "1454763071.002148"
    },
    {
        "text": "<https:\/\/community.servicenow.com\/thread\/214448|Customize the look and feel for ESS>\nHello All,    Appreciate your help on this,    Recently started working on ESS portal designing, And running into some issues. Herewith attached two screenshots about my target look and current work.    Can anyone please suggest me, in the",
        "username": "ServiceNow Community : All Content - All Communities",
        "icons": {
            "image_36": "https:\/\/slack.global.ssl.fastly.net\/66f9\/img\/services\/rss_36.png",
            "image_48": "https:\/\/slack.global.ssl.fastly.net\/66f9\/img\/services\/rss_48.png",
            "image_72": "https:\/\/slack.global.ssl.fastly.net\/205a\/img\/services\/rss_72.png"
        },
        "bot_id": "B0K75EKEC",
        "attachments": [
            {
                "text": "Hello All, Appreciate your help on this, Recently started working on ESS portal designing, And running into some issues. Herewith attached two",
                "fallback": "Hello All, Appreciate your help on this, Recently started working on ESS portal designing, And running into some issues. Herewith attached two",
                "from_url": "https:\/\/community.servicenow.com\/thread\/214448",
                "id": 1
            }
        ],
        "type": "message",
        "subtype": "bot_message",
        "ts": "1454764872.002150"
    },
    {
        "text": "<https:\/\/community.servicenow.com\/groups\/servicenow-user-group-us-tx-north-texas\/blog\/2016\/02\/06\/mini-lab-workflow-control-via-variable-input|Mini-Lab: Workflow Control Via Variable Input>\nIn this lab I would like to give an example of the Workflow Control via Variable Input pattern I mentioned in my previous article:   Pragmatic Patterns: Workflows - Using Data to Adjust the Flow   We will be going through the steps to build a",
        "username": "ServiceNow Community : All Content - All Communities",
        "icons": {
            "image_36": "https:\/\/slack.global.ssl.fastly.net\/66f9\/img\/services\/rss_36.png",
            "image_48": "https:\/\/slack.global.ssl.fastly.net\/66f9\/img\/services\/rss_48.png",
            "image_72": "https:\/\/slack.global.ssl.fastly.net\/205a\/img\/services\/rss_72.png"
        },
        "bot_id": "B0K75EKEC",
        "attachments": [
            {
                "text": "In this lab I would like to give an example of the Workflow Control via Variable Input pattern I mentioned in my previous article: &amp;#160; Pragmatic",
                "fallback": "In this lab I would like to give an example of the Workflow Control via Variable Input pattern I mentioned in my previous article: &amp;#160; Pragmatic",
                "from_url": "https:\/\/community.servicenow.com\/groups\/servicenow-user-group-us-tx-north-texas\/blog\/2016\/02\/06\/mini-lab-workflow-control-via-variable-input",
                "id": 1
            }
        ],
        "type": "message",
        "subtype": "bot_message",
        "ts": "1454772373.002152"
    },
    {
        "text": "<https:\/\/community.servicenow.com\/thread\/214449|Leveraging Daily Manual Indicator data for Weekly and Monthly Indicators>\nHi all:    I was recently working on a manual indicator that we use to collect call stats daily (yes, working on a data integration with our phone system), and I got to thinking about wanting weekly and monthly stats for this indicator. ",
        "username": "ServiceNow Community : All Content - All Communities",
        "icons": {
            "image_36": "https:\/\/slack.global.ssl.fastly.net\/66f9\/img\/services\/rss_36.png",
            "image_48": "https:\/\/slack.global.ssl.fastly.net\/66f9\/img\/services\/rss_48.png",
            "image_72": "https:\/\/slack.global.ssl.fastly.net\/205a\/img\/services\/rss_72.png"
        },
        "bot_id": "B0K75EKEC",
        "attachments": [
            {
                "text": "Hi all: I was recently working on a manual indicator that we use to collect call stats daily (yes, working on a data integration with our phone",
                "fallback": "Hi all: I was recently working on a manual indicator that we use to collect call stats daily (yes, working on a data integration with our phone",
                "from_url": "https:\/\/community.servicenow.com\/thread\/214449",
                "id": 1
            }
        ],
        "type": "message",
        "subtype": "bot_message",
        "ts": "1454773273.002154"
    },
    {
        "text": "<https:\/\/community.servicenow.com\/thread\/214453|How can I set\/update \"If condition matches\" and \"condition\" of workflow using script?>\nHi All,    I would like to set or update \"If condition matches\" and \"condition\" of workflow via script.  Please suggest.    Kind regards,  Vinay Verma",
        "username": "ServiceNow Community : All Content - All Communities",
        "icons": {
            "image_36": "https:\/\/slack.global.ssl.fastly.net\/66f9\/img\/services\/rss_36.png",
            "image_48": "https:\/\/slack.global.ssl.fastly.net\/66f9\/img\/services\/rss_48.png",
            "image_72": "https:\/\/slack.global.ssl.fastly.net\/205a\/img\/services\/rss_72.png"
        },
        "bot_id": "B0K75EKEC",
        "attachments": [
            {
                "text": "Hi All, I would like to set or update \"If condition matches\" and \"condition\" of workflow via script. Please suggest. Kind regards, Vinay Verma",
                "fallback": "Hi All, I would like to set or update \"If condition matches\" and \"condition\" of workflow via script. Please suggest. Kind regards, Vinay Verma",
                "from_url": "https:\/\/community.servicenow.com\/thread\/214453",
                "id": 1
            }
        ],
        "type": "message",
        "subtype": "bot_message",
        "ts": "1454786173.002156"
    },
    {
        "text": "<https:\/\/community.servicenow.com\/thread\/214431|Missing REQUEST_FOR object and TASK not firing>\nHello.    I'm back to learning and developing in SN after taking a little break      However I may be a bit rusty because when I went to modify the workflow I had developed for a catalog item request application, and  added 2 new",
        "username": "ServiceNow Community : All Content - All Communities",
        "icons": {
            "image_36": "https:\/\/slack.global.ssl.fastly.net\/66f9\/img\/services\/rss_36.png",
            "image_48": "https:\/\/slack.global.ssl.fastly.net\/66f9\/img\/services\/rss_48.png",
            "image_72": "https:\/\/slack.global.ssl.fastly.net\/205a\/img\/services\/rss_72.png"
        },
        "bot_id": "B0K75EKEC",
        "attachments": [
            {
                "text": "Hello. I'm back to learning and developing in SN after taking a little break However I may be a bit rusty because when I went to modify the",
                "fallback": "Hello. I'm back to learning and developing in SN after taking a little break However I may be a bit rusty because when I went to modify the",
                "from_url": "https:\/\/community.servicenow.com\/thread\/214431",
                "id": 1
            }
        ],
        "type": "message",
        "subtype": "bot_message",
        "ts": "1454787973.002158"
    },
    {
        "text": "<https:\/\/community.servicenow.com\/thread\/214454|GlideRecord query>\nHi All,               var gr = new GlideRecord(\"u_order_contracts\");           gr.addQuery(\"u_order_contracts.sys_id\",",
        "username": "ServiceNow Community : All Content - All Communities",
        "icons": {
            "image_36": "https:\/\/slack.global.ssl.fastly.net\/66f9\/img\/services\/rss_36.png",
            "image_48": "https:\/\/slack.global.ssl.fastly.net\/66f9\/img\/services\/rss_48.png",
            "image_72": "https:\/\/slack.global.ssl.fastly.net\/205a\/img\/services\/rss_72.png"
        },
        "bot_id": "B0K75EKEC",
        "type": "message",
        "subtype": "bot_message",
        "ts": "1454792773.002160"
    },
    {
        "text": "<https:\/\/community.servicenow.com\/thread\/214432|prevent excessive email attachments from being processed>\nHello folks,    I was wondering if any gurus could give an example of a possible implementations to address email with excessive attachments (e.g size &gt;= 18.4 mb).  we have increased email size from 18 mb to 24 mb, this unfortunately is not",
        "username": "ServiceNow Community : All Content - All Communities",
        "icons": {
            "image_36": "https:\/\/slack.global.ssl.fastly.net\/66f9\/img\/services\/rss_36.png",
            "image_48": "https:\/\/slack.global.ssl.fastly.net\/66f9\/img\/services\/rss_48.png",
            "image_72": "https:\/\/slack.global.ssl.fastly.net\/205a\/img\/services\/rss_72.png"
        },
        "bot_id": "B0K75EKEC",
        "attachments": [
            {
                "text": "Hello folks, I was wondering if any gurus could give an example of a possible implementations to address email with excessive attachments (e.g size &gt;=",
                "fallback": "Hello folks, I was wondering if any gurus could give an example of a possible implementations to address email with excessive attachments (e.g size &gt;=",
                "from_url": "https:\/\/community.servicenow.com\/thread\/214432",
                "id": 1
            }
        ],
        "type": "message",
        "subtype": "bot_message",
        "ts": "1454800572.002161"
    },
    {
        "text": "<https:\/\/community.servicenow.com\/thread\/214433|Attachment info (form section) details missing>\nHi folks    I trust you are well in this community.   Just a question about form section on the sys_attachment table, as we all know sys_attachment stores files which associates with other tables such as email, task, incident, and so on.",
        "username": "ServiceNow Community : All Content - All Communities",
        "icons": {
            "image_36": "https:\/\/slack.global.ssl.fastly.net\/66f9\/img\/services\/rss_36.png",
            "image_48": "https:\/\/slack.global.ssl.fastly.net\/66f9\/img\/services\/rss_48.png",
            "image_72": "https:\/\/slack.global.ssl.fastly.net\/205a\/img\/services\/rss_72.png"
        },
        "bot_id": "B0K75EKEC",
        "attachments": [
            {
                "text": "Hi folks I trust you are well in this community.   Just a question about form section on the sys_attachment table, as we all know sys_attachment stores",
                "fallback": "Hi folks I trust you are well in this community.   Just a question about form section on the sys_attachment table, as we all know sys_attachment stores",
                "from_url": "https:\/\/community.servicenow.com\/thread\/214433",
                "id": 1
            }
        ],
        "type": "message",
        "subtype": "bot_message",
        "ts": "1454801473.002163"
    },
    {
        "text": "<https:\/\/community.servicenow.com\/thread\/214434|client script to refresh a list in a tab>\nHello folks,     How can i refresh a list in a tab in a form with client script on the form?  For example, when a record is saved, the Task SLAs tab does not immediately get updated, and the users need to click the Task = Form for Processing",
        "username": "ServiceNow Community : All Content - All Communities",
        "icons": {
            "image_36": "https:\/\/slack.global.ssl.fastly.net\/66f9\/img\/services\/rss_36.png",
            "image_48": "https:\/\/slack.global.ssl.fastly.net\/66f9\/img\/services\/rss_48.png",
            "image_72": "https:\/\/slack.global.ssl.fastly.net\/205a\/img\/services\/rss_72.png"
        },
        "bot_id": "B0K75EKEC",
        "attachments": [
            {
                "text": "Hello folks, How can i refresh a list in a tab in a form with client script on the form?  For example, when a record is saved, the Task SLAs tab does",
                "fallback": "Hello folks, How can i refresh a list in a tab in a form with client script on the form?  For example, when a record is saved, the Task SLAs tab does",
                "from_url": "https:\/\/community.servicenow.com\/thread\/214434",
                "id": 1
            }
        ],
        "type": "message",
        "subtype": "bot_message",
        "ts": "1454804173.002165"
    },
    {
        "text": "<https:\/\/community.servicenow.com\/thread\/214447|Import Right answers article attachments to ServiceNow>\nAll,    How do I import the attachments existing in Right answers to ServiceNow and link it to the article? Should I have a single CSV file which contains the Knowlede article data along with the attachments or should I maintain 2 CSV, one for",
        "username": "ServiceNow Community : All Content - All Communities",
        "icons": {
            "image_36": "https:\/\/slack.global.ssl.fastly.net\/66f9\/img\/services\/rss_36.png",
            "image_48": "https:\/\/slack.global.ssl.fastly.net\/66f9\/img\/services\/rss_48.png",
            "image_72": "https:\/\/slack.global.ssl.fastly.net\/205a\/img\/services\/rss_72.png"
        },
        "bot_id": "B0K75EKEC",
        "attachments": [
            {
                "text": "All, How do I import the attachments existing in Right answers to ServiceNow and link it to the article? Should I have a single CSV file which contains",
                "fallback": "All, How do I import the attachments existing in Right answers to ServiceNow and link it to the article? Should I have a single CSV file which contains",
                "from_url": "https:\/\/community.servicenow.com\/thread\/214447",
                "id": 1
            }
        ],
        "type": "message",
        "subtype": "bot_message",
        "ts": "1454818872.002167"
    }
]