[
    {
        "text": "<https:\/\/community.servicenow.com\/thread\/217002|Prefix collide while creating autonumber>\nI am using sdlc application in which I have used product  which refernce to table rm_product. When I am trying to check auto number in the Product table (rm_product), it shows PRO as pefix. I tried to change it to PDCT and click update It gives me",
        "username": "ServiceNow Community : All Content - All Communities",
        "icons": {
            "image_36": "https:\/\/slack.global.ssl.fastly.net\/66f9\/img\/services\/rss_36.png",
            "image_48": "https:\/\/slack.global.ssl.fastly.net\/66f9\/img\/services\/rss_48.png",
            "image_72": "https:\/\/slack.global.ssl.fastly.net\/205a\/img\/services\/rss_72.png"
        },
        "bot_id": "B0K75EKEC",
        "attachments": [
            {
                "title": "Prefix collide while creating autonumber | ServiceNow Community",
                "title_link": "https:\/\/community.servicenow.com\/thread\/217002",
                "text": "I am using sdlc application in which I have used product  which refernce to table rm_product. When I am trying to check auto number in the Product table",
                "fallback": "Prefix collide while creating autonumber | ServiceNow Community",
                "from_url": "https:\/\/community.servicenow.com\/thread\/217002",
                "id": 1
            }
        ],
        "type": "message",
        "subtype": "bot_message",
        "ts": "1457189769.003581"
    },
    {
        "text": "<https:\/\/community.servicenow.com\/thread\/217008|UI Macro call a UI  Action>\nHi all   Is it possible from a UI Macro to call a Ui Action ?    There is some code on the instance here which does a few bits and loads from a UI Page and works well  However, I may want to call this routine from elsewhere (on the CMS) and that it",
        "username": "ServiceNow Community : All Content - All Communities",
        "icons": {
            "image_36": "https:\/\/slack.global.ssl.fastly.net\/66f9\/img\/services\/rss_36.png",
            "image_48": "https:\/\/slack.global.ssl.fastly.net\/66f9\/img\/services\/rss_48.png",
            "image_72": "https:\/\/slack.global.ssl.fastly.net\/205a\/img\/services\/rss_72.png"
        },
        "bot_id": "B0K75EKEC",
        "attachments": [
            {
                "title": "UI Macro call a UI  Action | ServiceNow Community",
                "title_link": "https:\/\/community.servicenow.com\/thread\/217008",
                "text": "Hi all Is it possible from a UI Macro to call a Ui Action ? There is some code on the instance here which does a few bits and loads from a UI Page",
                "fallback": "UI Macro call a UI  Action | ServiceNow Community",
                "from_url": "https:\/\/community.servicenow.com\/thread\/217008",
                "id": 1
            }
        ],
        "type": "message",
        "subtype": "bot_message",
        "ts": "1457189769.003583"
    },
    {
        "text": "<https:\/\/community.servicenow.com\/thread\/216997|Is there a way to share the same workflow stage between a main and sub workflow?>\nI have a requirement to have four workflow phases which are:    Draft  Open  Closure Review  Closed    I created a main workflow, as seen below, to start in the Draft workflow stage.  I have set the workflow renderer to linear.  ",
        "username": "ServiceNow Community : All Content - All Communities",
        "icons": {
            "image_36": "https:\/\/slack.global.ssl.fastly.net\/66f9\/img\/services\/rss_36.png",
            "image_48": "https:\/\/slack.global.ssl.fastly.net\/66f9\/img\/services\/rss_48.png",
            "image_72": "https:\/\/slack.global.ssl.fastly.net\/205a\/img\/services\/rss_72.png"
        },
        "bot_id": "B0K75EKEC",
        "attachments": [
            {
                "title": "Is there a way to share the same workflow stage... | ServiceNow Community",
                "title_link": "https:\/\/community.servicenow.com\/thread\/216997",
                "text": "I have a requirement to have four workflow phases which are: Draft Open Closure Review Closed I created a main workflow, as seen below, to start",
                "fallback": "Is there a way to share the same workflow stage... | ServiceNow Community",
                "from_url": "https:\/\/community.servicenow.com\/thread\/216997",
                "id": 1
            }
        ],
        "type": "message",
        "subtype": "bot_message",
        "ts": "1457205071.003585"
    },
    {
        "text": "<https:\/\/community.servicenow.com\/thread\/217009|Incident to Problem integration and unable to populate the data in the respective mapping field kindly find the attachment I have listed all the steps which I have followed>\nHi,    Incident to Problem integration  unable to populate the data in the respective mapping field  kindly find the attachment I have listed all the steps which I have followed",
        "username": "ServiceNow Community : All Content - All Communities",
        "icons": {
            "image_36": "https:\/\/slack.global.ssl.fastly.net\/66f9\/img\/services\/rss_36.png",
            "image_48": "https:\/\/slack.global.ssl.fastly.net\/66f9\/img\/services\/rss_48.png",
            "image_72": "https:\/\/slack.global.ssl.fastly.net\/205a\/img\/services\/rss_72.png"
        },
        "bot_id": "B0K75EKEC",
        "attachments": [
            {
                "title": "Incident to Problem integration and unable to p... | ServiceNow Community",
                "title_link": "https:\/\/community.servicenow.com\/thread\/217009",
                "text": "Hi, Incident to Problem integration unable to populate the data in the respective mapping field kindly find the attachment I have listed all the",
                "fallback": "Incident to Problem integration and unable to p... | ServiceNow Community",
                "from_url": "https:\/\/community.servicenow.com\/thread\/217009",
                "id": 1
            }
        ],
        "type": "message",
        "subtype": "bot_message",
        "ts": "1457208672.003587"
    },
    {
        "text": "<https:\/\/community.servicenow.com\/thread\/217018|s.setString Parameter in SOAP Webservice gives incorrect Input error for Integer type Input variable>\nHi I am trying to do an integration with SOAP and created a web service.    Trying to use the below code in one of my scripts. But the response body say: Incorrect Input for variable type 'id'. The type should be integer. How to make the parameter",
        "username": "ServiceNow Community : All Content - All Communities",
        "icons": {
            "image_36": "https:\/\/slack.global.ssl.fastly.net\/66f9\/img\/services\/rss_36.png",
            "image_48": "https:\/\/slack.global.ssl.fastly.net\/66f9\/img\/services\/rss_48.png",
            "image_72": "https:\/\/slack.global.ssl.fastly.net\/205a\/img\/services\/rss_72.png"
        },
        "bot_id": "B0K75EKEC",
        "attachments": [
            {
                "title": "s.setString Parameter in SOAP Webservice gives ... | ServiceNow Community",
                "title_link": "https:\/\/community.servicenow.com\/thread\/217018",
                "text": "Hi I am trying to do an integration with SOAP and created a web service. Trying to use the below code in one of my scripts. But the response body say:",
                "fallback": "s.setString Parameter in SOAP Webservice gives ... | ServiceNow Community",
                "from_url": "https:\/\/community.servicenow.com\/thread\/217018",
                "id": 1
            }
        ],
        "type": "message",
        "subtype": "bot_message",
        "ts": "1457218571.003589"
    },
    {
        "text": "<https:\/\/community.servicenow.com\/thread\/217019|Orchestration implementation>\nHi All,    I have question in regard to the Implementation of Orchestration to Automate the CPU, RAM, and Storage Upgrade? We have Two conditions such as If Standard config Limit is CPU",
        "username": "ServiceNow Community : All Content - All Communities",
        "icons": {
            "image_36": "https:\/\/slack.global.ssl.fastly.net\/66f9\/img\/services\/rss_36.png",
            "image_48": "https:\/\/slack.global.ssl.fastly.net\/66f9\/img\/services\/rss_48.png",
            "image_72": "https:\/\/slack.global.ssl.fastly.net\/205a\/img\/services\/rss_72.png"
        },
        "bot_id": "B0K75EKEC",
        "attachments": [
            {
                "title": "Orchestration implementation | ServiceNow Community",
                "title_link": "https:\/\/community.servicenow.com\/thread\/217019",
                "text": "Hi All, I have question in regard to the Implementation of Orchestration to Automate the CPU, RAM, and Storage Upgrade? We have Two conditions such as",
                "fallback": "Orchestration implementation | ServiceNow Community",
                "from_url": "https:\/\/community.servicenow.com\/thread\/217019",
                "id": 1
            }
        ],
        "type": "message",
        "subtype": "bot_message",
        "ts": "1457221571.003591"
    },
    {
        "text": "<https:\/\/community.servicenow.com\/thread\/217020|Hi All, I have deleted system properties unfortunately and i went to sys_audit_delete.list then i undelete it. But i am unable to see the system properties field  on my instance. Please help me out on this.>\nHi All, I have deleted system properties unfortunately and i went to sys_audit_delete.list then i undelete it. But i am unable to see the system properties field  on my instance. Please help me out on this.    Please get in touch touch with me",
        "username": "ServiceNow Community : All Content - All Communities",
        "icons": {
            "image_36": "https:\/\/slack.global.ssl.fastly.net\/66f9\/img\/services\/rss_36.png",
            "image_48": "https:\/\/slack.global.ssl.fastly.net\/66f9\/img\/services\/rss_48.png",
            "image_72": "https:\/\/slack.global.ssl.fastly.net\/205a\/img\/services\/rss_72.png"
        },
        "bot_id": "B0K75EKEC",
        "attachments": [
            {
                "title": "Hi All, I have deleted system properties unfort... | ServiceNow Community",
                "title_link": "https:\/\/community.servicenow.com\/thread\/217020",
                "text": "Hi All, I have deleted system properties unfortunately and i went to sys_audit_delete.list then i undelete it. But i am unable to see the system",
                "fallback": "Hi All, I have deleted system properties unfort... | ServiceNow Community",
                "from_url": "https:\/\/community.servicenow.com\/thread\/217020",
                "id": 1
            }
        ],
        "type": "message",
        "subtype": "bot_message",
        "ts": "1457228171.003593"
    },
    {
        "text": "<https:\/\/community.servicenow.com\/thread\/217003|Issues Calculating Percent>\nI am having issues trying to calculate how far % through 2 dates in relation to the current date. When I log the data, it all looks fine however the field is showing up as blank on the form. I am coding this in the Calculation of a percent field. I also",
        "username": "ServiceNow Community : All Content - All Communities",
        "icons": {
            "image_36": "https:\/\/slack.global.ssl.fastly.net\/66f9\/img\/services\/rss_36.png",
            "image_48": "https:\/\/slack.global.ssl.fastly.net\/66f9\/img\/services\/rss_48.png",
            "image_72": "https:\/\/slack.global.ssl.fastly.net\/205a\/img\/services\/rss_72.png"
        },
        "bot_id": "B0K75EKEC",
        "attachments": [
            {
                "title": "Issues Calculating Percent | ServiceNow Community",
                "title_link": "https:\/\/community.servicenow.com\/thread\/217003",
                "text": "I am having issues trying to calculate how far % through 2 dates in relation to the current date. When I log the data, it all looks fine however the field",
                "fallback": "Issues Calculating Percent | ServiceNow Community",
                "from_url": "https:\/\/community.servicenow.com\/thread\/217003",
                "id": 1
            }
        ],
        "type": "message",
        "subtype": "bot_message",
        "ts": "1457229971.003595"
    },
    {
        "text": "<https:\/\/community.servicenow.com\/thread\/217004|Send Form Data from UI Action to Record Producer>\nHi,       I am trying to copy data from a Form to a Record producer when I click an UI Action created on Form. But How can I send a form ID to Record Producer.    Thanks,  Srini",
        "username": "ServiceNow Community : All Content - All Communities",
        "icons": {
            "image_36": "https:\/\/slack.global.ssl.fastly.net\/66f9\/img\/services\/rss_36.png",
            "image_48": "https:\/\/slack.global.ssl.fastly.net\/66f9\/img\/services\/rss_48.png",
            "image_72": "https:\/\/slack.global.ssl.fastly.net\/205a\/img\/services\/rss_72.png"
        },
        "bot_id": "B0K75EKEC",
        "attachments": [
            {
                "title": "Send Form Data from UI Action to Record Producer | ServiceNow Community",
                "title_link": "https:\/\/community.servicenow.com\/thread\/217004",
                "text": "Hi,      I am trying to copy data from a Form to a Record producer when I click an UI Action created on Form. But How can I send a form ID to Record",
                "fallback": "Send Form Data from UI Action to Record Producer | ServiceNow Community",
                "from_url": "https:\/\/community.servicenow.com\/thread\/217004",
                "id": 1
            }
        ],
        "type": "message",
        "subtype": "bot_message",
        "ts": "1457239573.003597"
    },
    {
        "text": "<https:\/\/community.servicenow.com\/thread\/217010|How to speed up loading of Translated HTML ?>\nIt always takes time to load \"Translated HTML\"-type fields (for example when creating knowledge articles). I there a way to load them faster so it won't be o noticeable for  user who creates article?",
        "username": "ServiceNow Community : All Content - All Communities",
        "icons": {
            "image_36": "https:\/\/slack.global.ssl.fastly.net\/66f9\/img\/services\/rss_36.png",
            "image_48": "https:\/\/slack.global.ssl.fastly.net\/66f9\/img\/services\/rss_48.png",
            "image_72": "https:\/\/slack.global.ssl.fastly.net\/205a\/img\/services\/rss_72.png"
        },
        "bot_id": "B0K75EKEC",
        "attachments": [
            {
                "title": "How to speed up loading of Translated HTML ? | ServiceNow Community",
                "title_link": "https:\/\/community.servicenow.com\/thread\/217010",
                "text": "It always takes time to load \"Translated HTML\"-type fields (for example when creating knowledge articles). I there a way to load them faster so it won't",
                "fallback": "How to speed up loading of Translated HTML ? | ServiceNow Community",
                "from_url": "https:\/\/community.servicenow.com\/thread\/217010",
                "id": 1
            }
        ],
        "type": "message",
        "subtype": "bot_message",
        "ts": "1457250372.003599"
    }
]