[
    {
        "text": "<https:\/\/community.servicenow.com\/thread\/215102|Use of Local Servicenow Instance Credential Store for password resets>\nWe are looking at implementing Password Reset and I know that out of the box there is a Local ServiceNow Instance Credential Store that we can use as it uses the stored information in the user table.    My question - We bring our user",
        "username": "ServiceNow Community : All Content - All Communities",
        "icons": {
            "image_36": "https:\/\/slack.global.ssl.fastly.net\/66f9\/img\/services\/rss_36.png",
            "image_48": "https:\/\/slack.global.ssl.fastly.net\/66f9\/img\/services\/rss_48.png",
            "image_72": "https:\/\/slack.global.ssl.fastly.net\/205a\/img\/services\/rss_72.png"
        },
        "bot_id": "B0K75EKEC",
        "attachments": [
            {
                "text": "We are looking at implementing Password Reset and I know that out of the box there is a Local ServiceNow Instance Credential Store that we can use as it",
                "fallback": "We are looking at implementing Password Reset and I know that out of the box there is a Local ServiceNow Instance Credential Store that we can use as it",
                "from_url": "https:\/\/community.servicenow.com\/thread\/215102",
                "id": 1
            }
        ],
        "type": "message",
        "subtype": "bot_message",
        "ts": "1455479773.000002"
    },
    {
        "text": "<https:\/\/community.servicenow.com\/thread\/215104|PA Threshold Notification Triggers>\nThe logic is simple when adding a threshold of \"Less Than (some number)\" or vice versa. However, when adding a threshold of say \"less than 1000\". If the next collection job runs and inserts a value less than 1000 a notification will\/should trigger. An",
        "username": "ServiceNow Community : All Content - All Communities",
        "icons": {
            "image_36": "https:\/\/slack.global.ssl.fastly.net\/66f9\/img\/services\/rss_36.png",
            "image_48": "https:\/\/slack.global.ssl.fastly.net\/66f9\/img\/services\/rss_48.png",
            "image_72": "https:\/\/slack.global.ssl.fastly.net\/205a\/img\/services\/rss_72.png"
        },
        "bot_id": "B0K75EKEC",
        "attachments": [
            {
                "text": "The logic is simple when adding a threshold of \"Less Than (some number)\" or vice versa. However, when adding a threshold of say \"less than 1000\". If the",
                "fallback": "The logic is simple when adding a threshold of \"Less Than (some number)\" or vice versa. However, when adding a threshold of say \"less than 1000\". If the",
                "from_url": "https:\/\/community.servicenow.com\/thread\/215104",
                "id": 1
            }
        ],
        "type": "message",
        "subtype": "bot_message",
        "ts": "1455485770.000004"
    },
    {
        "text": "<https:\/\/community.servicenow.com\/thread\/215086|How to design a website using servicenow CMS>\nHi All,    I am trying to design a website using ServiceNow CMS. Can you please provide me any tutorials available for this content. It would be very helpful for the design.    Thanks,  Sandeep",
        "username": "ServiceNow Community : All Content - All Communities",
        "icons": {
            "image_36": "https:\/\/slack.global.ssl.fastly.net\/66f9\/img\/services\/rss_36.png",
            "image_48": "https:\/\/slack.global.ssl.fastly.net\/66f9\/img\/services\/rss_48.png",
            "image_72": "https:\/\/slack.global.ssl.fastly.net\/205a\/img\/services\/rss_72.png"
        },
        "bot_id": "B0K75EKEC",
        "attachments": [
            {
                "text": "Hi All, I am trying to design a website using ServiceNow CMS. Can you please provide me any tutorials available for this content. It would be very",
                "fallback": "Hi All, I am trying to design a website using ServiceNow CMS. Can you please provide me any tutorials available for this content. It would be very",
                "from_url": "https:\/\/community.servicenow.com\/thread\/215086",
                "id": 1
            }
        ],
        "type": "message",
        "subtype": "bot_message",
        "ts": "1455486669.000006"
    },
    {
        "text": "<https:\/\/community.servicenow.com\/thread\/215071|Change order of fields on form>\nHi,    I have a choice fields with 3 values and in total there are 6 fields on a form.   Based on the selection of a choice field, I want the fields on the form to rearrange itself( some fields have to show and others should not be visible) .  ",
        "username": "ServiceNow Community : All Content - All Communities",
        "icons": {
            "image_36": "https:\/\/slack.global.ssl.fastly.net\/66f9\/img\/services\/rss_36.png",
            "image_48": "https:\/\/slack.global.ssl.fastly.net\/66f9\/img\/services\/rss_48.png",
            "image_72": "https:\/\/slack.global.ssl.fastly.net\/205a\/img\/services\/rss_72.png"
        },
        "bot_id": "B0K75EKEC",
        "attachments": [
            {
                "text": "Hi, I have a choice fields with 3 values and in total there are 6 fields on a form. Based on the selection of a choice field, I want the fields on",
                "fallback": "Hi, I have a choice fields with 3 values and in total there are 6 fields on a form. Based on the selection of a choice field, I want the fields on",
                "from_url": "https:\/\/community.servicenow.com\/thread\/215071",
                "id": 1
            }
        ],
        "type": "message",
        "subtype": "bot_message",
        "ts": "1455490271.000008"
    },
    {
        "text": "<https:\/\/community.servicenow.com\/thread\/215087|how to hide choice list field value in list view?>\nHi,     I have a issue, in incident i have field call state, in that i have values like open, in progress, resolved and closed. so, for itil users i want to hide closed option in both list and form view?",
        "username": "ServiceNow Community : All Content - All Communities",
        "icons": {
            "image_36": "https:\/\/slack.global.ssl.fastly.net\/66f9\/img\/services\/rss_36.png",
            "image_48": "https:\/\/slack.global.ssl.fastly.net\/66f9\/img\/services\/rss_48.png",
            "image_72": "https:\/\/slack.global.ssl.fastly.net\/205a\/img\/services\/rss_72.png"
        },
        "bot_id": "B0K75EKEC",
        "attachments": [
            {
                "text": "Hi,    I have a issue, in incident i have field call state, in that i have values like open, in progress, resolved and closed. so, for itil users i want",
                "fallback": "Hi,    I have a issue, in incident i have field call state, in that i have values like open, in progress, resolved and closed. so, for itil users i want",
                "from_url": "https:\/\/community.servicenow.com\/thread\/215087",
                "id": 1
            }
        ],
        "type": "message",
        "subtype": "bot_message",
        "ts": "1455499269.000010"
    },
    {
        "text": "<https:\/\/community.servicenow.com\/thread\/215105|i am unable to login please share my login credenatils>\nHi i am unable to login into my instance: <https:\/\/dev18804.service-now.com\/>    Please share my login credenatials.",
        "username": "ServiceNow Community : All Content - All Communities",
        "icons": {
            "image_36": "https:\/\/slack.global.ssl.fastly.net\/66f9\/img\/services\/rss_36.png",
            "image_48": "https:\/\/slack.global.ssl.fastly.net\/66f9\/img\/services\/rss_48.png",
            "image_72": "https:\/\/slack.global.ssl.fastly.net\/205a\/img\/services\/rss_72.png"
        },
        "bot_id": "B0K75EKEC",
        "attachments": [
            {
                "text": "Hi i am unable to login into my instance: <https:\/\/dev18804.service-now.com\/> Please share my login credenatials.",
                "fallback": "Hi i am unable to login into my instance: <https:\/\/dev18804.service-now.com\/> Please share my login credenatials.",
                "from_url": "https:\/\/community.servicenow.com\/thread\/215105",
                "id": 1
            }
        ],
        "type": "message",
        "subtype": "bot_message",
        "ts": "1455513670.000012"
    },
    {
        "text": "<https:\/\/community.servicenow.com\/thread\/215072|Uncaught ReferenceError: g_form is not defined>\nI wants to display an sample error message from client side on the web page. So, I created following test page. But it's showing the error in browser console tab, \"Uncaught ReferenceError: g_form is not defined\".    Here is my page:  ",
        "username": "ServiceNow Community : All Content - All Communities",
        "icons": {
            "image_36": "https:\/\/slack.global.ssl.fastly.net\/66f9\/img\/services\/rss_36.png",
            "image_48": "https:\/\/slack.global.ssl.fastly.net\/66f9\/img\/services\/rss_48.png",
            "image_72": "https:\/\/slack.global.ssl.fastly.net\/205a\/img\/services\/rss_72.png"
        },
        "bot_id": "B0K75EKEC",
        "attachments": [
            {
                "text": "I wants to display an sample error message from client side on the web page. So, I created following test page. But it's showing the error in browser",
                "fallback": "I wants to display an sample error message from client side on the web page. So, I created following test page. But it's showing the error in browser",
                "from_url": "https:\/\/community.servicenow.com\/thread\/215072",
                "id": 1
            }
        ],
        "type": "message",
        "subtype": "bot_message",
        "ts": "1455518470.000014"
    },
    {
        "text": "<https:\/\/community.servicenow.com\/thread\/215073|How do I get Static WSDL in my developer instance?>\nHow do I get Static WSDL in my developer instance?",
        "username": "ServiceNow Community : All Content - All Communities",
        "icons": {
            "image_36": "https:\/\/slack.global.ssl.fastly.net\/66f9\/img\/services\/rss_36.png",
            "image_48": "https:\/\/slack.global.ssl.fastly.net\/66f9\/img\/services\/rss_48.png",
            "image_72": "https:\/\/slack.global.ssl.fastly.net\/205a\/img\/services\/rss_72.png"
        },
        "bot_id": "B0K75EKEC",
        "attachments": [
            {
                "text": "How do I get Static WSDL in my developer instance?",
                "fallback": "How do I get Static WSDL in my developer instance?",
                "from_url": "https:\/\/community.servicenow.com\/thread\/215073",
                "id": 1
            }
        ],
        "type": "message",
        "subtype": "bot_message",
        "ts": "1455519370.000016"
    },
    {
        "text": "<https:\/\/community.servicenow.com\/thread\/215097|How to Redirect User from Standard Survey interface to Service_Management CMS page.>\nHi Team,    How can i redirect user from standard survey interface to the service_management CMS page when user clicks on the survey link. Please provide your thought.    Standard interface of survey.          Here is the",
        "username": "ServiceNow Community : All Content - All Communities",
        "icons": {
            "image_36": "https:\/\/slack.global.ssl.fastly.net\/66f9\/img\/services\/rss_36.png",
            "image_48": "https:\/\/slack.global.ssl.fastly.net\/66f9\/img\/services\/rss_48.png",
            "image_72": "https:\/\/slack.global.ssl.fastly.net\/205a\/img\/services\/rss_72.png"
        },
        "bot_id": "B0K75EKEC",
        "attachments": [
            {
                "text": "Hi Team, How can i redirect user from standard survey interface to the service_management CMS page when user clicks on the survey link. Please provide",
                "fallback": "Hi Team, How can i redirect user from standard survey interface to the service_management CMS page when user clicks on the survey link. Please provide",
                "from_url": "https:\/\/community.servicenow.com\/thread\/215097",
                "id": 1
            }
        ],
        "type": "message",
        "subtype": "bot_message",
        "ts": "1455520272.000018"
    },
    {
        "text": "<https:\/\/community.servicenow.com\/thread\/215108|How to calculate the age of ticket  ?>\nHi,    I need to create a report which will show the age of ticket in each reassigned teams and what time it ticket is reassigned to one team to another team.    Thanks,",
        "username": "ServiceNow Community : All Content - All Communities",
        "icons": {
            "image_36": "https:\/\/slack.global.ssl.fastly.net\/66f9\/img\/services\/rss_36.png",
            "image_48": "https:\/\/slack.global.ssl.fastly.net\/66f9\/img\/services\/rss_48.png",
            "image_72": "https:\/\/slack.global.ssl.fastly.net\/205a\/img\/services\/rss_72.png"
        },
        "bot_id": "B0K75EKEC",
        "attachments": [
            {
                "text": "Hi, I need to create a report which will show the age of ticket in each reassigned teams and what time it ticket is reassigned to one team to another",
                "fallback": "Hi, I need to create a report which will show the age of ticket in each reassigned teams and what time it ticket is reassigned to one team to another",
                "from_url": "https:\/\/community.servicenow.com\/thread\/215108",
                "id": 1
            }
        ],
        "type": "message",
        "subtype": "bot_message",
        "ts": "1455520272.000019"
    },
    {
        "text": "<https:\/\/community.servicenow.com\/thread\/215106|From: Satya Kiran Yadavalli (GIS)  Sent: Monday, February 15, 2016 11:28 AM To: Service-nowbsm &lt;Service-nowbsm@wipro.com&gt; Subject: Rest response for Header  Hi All,  I am trying to capture the REST Response in servicenow. I want to capture the REST Head>\nFrom: Satya Kiran Yadavalli (GIS)   Sent: Monday, February 15, 2016 11:28 AM  To: Service-nowbsm   Subject: Rest response for Header    Hi All,    I am trying to capture the REST Response in servicenow. I want to",
        "username": "ServiceNow Community : All Content - All Communities",
        "icons": {
            "image_36": "https:\/\/slack.global.ssl.fastly.net\/66f9\/img\/services\/rss_36.png",
            "image_48": "https:\/\/slack.global.ssl.fastly.net\/66f9\/img\/services\/rss_48.png",
            "image_72": "https:\/\/slack.global.ssl.fastly.net\/205a\/img\/services\/rss_72.png"
        },
        "bot_id": "B0K75EKEC",
        "type": "message",
        "subtype": "bot_message",
        "ts": "1455522371.000022"
    },
    {
        "text": "<https:\/\/community.servicenow.com\/thread\/215110|Need to do the service now admin exam>\nHow to clear the service now exam any one please advise",
        "username": "ServiceNow Community : All Content - All Communities",
        "icons": {
            "image_36": "https:\/\/slack.global.ssl.fastly.net\/66f9\/img\/services\/rss_36.png",
            "image_48": "https:\/\/slack.global.ssl.fastly.net\/66f9\/img\/services\/rss_48.png",
            "image_72": "https:\/\/slack.global.ssl.fastly.net\/205a\/img\/services\/rss_72.png"
        },
        "bot_id": "B0K75EKEC",
        "attachments": [
            {
                "text": "How to clear the service now exam any one please advise",
                "fallback": "How to clear the service now exam any one please advise",
                "from_url": "https:\/\/community.servicenow.com\/thread\/215110",
                "id": 1
            }
        ],
        "type": "message",
        "subtype": "bot_message",
        "ts": "1455522371.000023"
    },
    {
        "text": "<https:\/\/community.servicenow.com\/thread\/215118|Not able to add roles to record producer>\nHey All,    I am facing a issue regarding adding roles to the  the record producer. I had navigated to a record producer and tried to add the roles to the item  which is not happening. Please find the attached screenshot. Is any one",
        "username": "ServiceNow Community : All Content - All Communities",
        "icons": {
            "image_36": "https:\/\/slack.global.ssl.fastly.net\/66f9\/img\/services\/rss_36.png",
            "image_48": "https:\/\/slack.global.ssl.fastly.net\/66f9\/img\/services\/rss_48.png",
            "image_72": "https:\/\/slack.global.ssl.fastly.net\/205a\/img\/services\/rss_72.png"
        },
        "bot_id": "B0K75EKEC",
        "attachments": [
            {
                "text": "Hey All, I am facing a issue regarding adding roles to the  the record producer. I had navigated to a record producer and tried to add the roles to the",
                "fallback": "Hey All, I am facing a issue regarding adding roles to the  the record producer. I had navigated to a record producer and tried to add the roles to the",
                "from_url": "https:\/\/community.servicenow.com\/thread\/215118",
                "id": 1
            }
        ],
        "type": "message",
        "subtype": "bot_message",
        "ts": "1455522371.000025"
    }
]