[
    {
        "text": "<https:\/\/community.servicenow.com\/thread\/215731|SLA Assistance - Implemented Calls>\nHi All,    We have SLA's setup for every assignment group, but sometimes find that if someone creates a new call and sets it straight in implemented on the first save, then none of the SLA's run.    Would I amend the start\/stop conditions to",
        "username": "ServiceNow Community : All Content - All Communities",
        "icons": {
            "image_36": "https:\/\/slack.global.ssl.fastly.net\/66f9\/img\/services\/rss_36.png",
            "image_48": "https:\/\/slack.global.ssl.fastly.net\/66f9\/img\/services\/rss_48.png",
            "image_72": "https:\/\/slack.global.ssl.fastly.net\/205a\/img\/services\/rss_72.png"
        },
        "bot_id": "B0K75EKEC",
        "attachments": [
            {
                "text": "Hi All, We have SLA's setup for every assignment group, but sometimes find that if someone creates a new call and sets it straight in implemented on",
                "fallback": "Hi All, We have SLA's setup for every assignment group, but sometimes find that if someone creates a new call and sets it straight in implemented on",
                "from_url": "https:\/\/community.servicenow.com\/thread\/215731",
                "id": 1
            }
        ],
        "type": "message",
        "subtype": "bot_message",
        "ts": "1456041969.001212"
    },
    {
        "text": "<https:\/\/community.servicenow.com\/thread\/215732|business rule on List Edit and Form Edit>\nHi folks,    I'd like to get your expertise in a business rule on List Edit view issue, I have experienced an issue where in ListView (cell update action) the associated table that does not refresh itself, but works on form update,  Let me",
        "username": "ServiceNow Community : All Content - All Communities",
        "icons": {
            "image_36": "https:\/\/slack.global.ssl.fastly.net\/66f9\/img\/services\/rss_36.png",
            "image_48": "https:\/\/slack.global.ssl.fastly.net\/66f9\/img\/services\/rss_48.png",
            "image_72": "https:\/\/slack.global.ssl.fastly.net\/205a\/img\/services\/rss_72.png"
        },
        "bot_id": "B0K75EKEC",
        "attachments": [
            {
                "text": "Hi folks, I'd like to get your expertise in a business rule on List Edit view issue, I have experienced an issue where in ListView (cell update action)",
                "fallback": "Hi folks, I'd like to get your expertise in a business rule on List Edit view issue, I have experienced an issue where in ListView (cell update action)",
                "from_url": "https:\/\/community.servicenow.com\/thread\/215732",
                "id": 1
            }
        ],
        "type": "message",
        "subtype": "bot_message",
        "ts": "1456044970.001214"
    },
    {
        "text": "<https:\/\/community.servicenow.com\/groups\/servicenow-user-group-us-tx-north-texas\/blog\/2016\/02\/21\/processors-ultimate-flexibility|PROCESSORS : ULTIMATE FLEXIBILITY>\nProcessors in ServiceNow are an as yet relatively undocumented feature that is used in the system to provide different formats for using the data in tables. Scripted Web Services give more control, but they only provide a single SOAP method. Processors",
        "username": "ServiceNow Community : All Content - All Communities",
        "icons": {
            "image_36": "https:\/\/slack.global.ssl.fastly.net\/66f9\/img\/services\/rss_36.png",
            "image_48": "https:\/\/slack.global.ssl.fastly.net\/66f9\/img\/services\/rss_48.png",
            "image_72": "https:\/\/slack.global.ssl.fastly.net\/205a\/img\/services\/rss_72.png"
        },
        "bot_id": "B0K75EKEC",
        "attachments": [
            {
                "text": "Processors in ServiceNow are an as yet relatively undocumented feature that is used in the system to provide different formats for using the data in",
                "fallback": "Processors in ServiceNow are an as yet relatively undocumented feature that is used in the system to provide different formats for using the data in",
                "from_url": "https:\/\/community.servicenow.com\/groups\/servicenow-user-group-us-tx-north-texas\/blog\/2016\/02\/21\/processors-ultimate-flexibility",
                "id": 1
            }
        ],
        "type": "message",
        "subtype": "bot_message",
        "ts": "1456067473.001216"
    },
    {
        "text": "<https:\/\/community.servicenow.com\/thread\/215733|How do I copy from one parent form field to its child form field?>\nSeems simple enough, but I cannot figure it out.      I have tried dot walking.  Does not work.    Therefore what is the next best practice?  (e.g. Business Rule, Client Script, etc.)     How can I specifically copy from",
        "username": "ServiceNow Community : All Content - All Communities",
        "icons": {
            "image_36": "https:\/\/slack.global.ssl.fastly.net\/66f9\/img\/services\/rss_36.png",
            "image_48": "https:\/\/slack.global.ssl.fastly.net\/66f9\/img\/services\/rss_48.png",
            "image_72": "https:\/\/slack.global.ssl.fastly.net\/205a\/img\/services\/rss_72.png"
        },
        "bot_id": "B0K75EKEC",
        "attachments": [
            {
                "text": "Seems simple enough, but I cannot figure it out.  I have tried dot walking.  Does not work. Therefore what is the next best practice?  (e.g.",
                "fallback": "Seems simple enough, but I cannot figure it out.  I have tried dot walking.  Does not work. Therefore what is the next best practice?  (e.g.",
                "from_url": "https:\/\/community.servicenow.com\/thread\/215733",
                "id": 1
            }
        ],
        "type": "message",
        "subtype": "bot_message",
        "ts": "1456072571.001218"
    },
    {
        "text": "<https:\/\/community.servicenow.com\/thread\/215734|My developer instance is offline, not recording my training progress. dev14030>\nI have been using my developer instance 14030 and I noticed today that I had 0 days of inactivity left. I then noticed that it was marked as offline.    Any ideas as to why this is happening?    I did extend the instance for 10 days, but I",
        "username": "ServiceNow Community : All Content - All Communities",
        "icons": {
            "image_36": "https:\/\/slack.global.ssl.fastly.net\/66f9\/img\/services\/rss_36.png",
            "image_48": "https:\/\/slack.global.ssl.fastly.net\/66f9\/img\/services\/rss_48.png",
            "image_72": "https:\/\/slack.global.ssl.fastly.net\/205a\/img\/services\/rss_72.png"
        },
        "bot_id": "B0K75EKEC",
        "attachments": [
            {
                "text": "I have been using my developer instance 14030 and I noticed today that I had 0 days of inactivity left. I then noticed that it was marked as offline.",
                "fallback": "I have been using my developer instance 14030 and I noticed today that I had 0 days of inactivity left. I then noticed that it was marked as offline.",
                "from_url": "https:\/\/community.servicenow.com\/thread\/215734",
                "id": 1
            }
        ],
        "type": "message",
        "subtype": "bot_message",
        "ts": "1456077371.001220"
    },
    {
        "text": "<https:\/\/community.servicenow.com\/thread\/215748|My Dev instance dev18563 is showing as offline why?>\nMy Dev instance dev18563 is showing as offline why?",
        "username": "ServiceNow Community : All Content - All Communities",
        "icons": {
            "image_36": "https:\/\/slack.global.ssl.fastly.net\/66f9\/img\/services\/rss_36.png",
            "image_48": "https:\/\/slack.global.ssl.fastly.net\/66f9\/img\/services\/rss_48.png",
            "image_72": "https:\/\/slack.global.ssl.fastly.net\/205a\/img\/services\/rss_72.png"
        },
        "bot_id": "B0K75EKEC",
        "attachments": [
            {
                "text": "My Dev instance dev18563 is showing as offline why?",
                "fallback": "My Dev instance dev18563 is showing as offline why?",
                "from_url": "https:\/\/community.servicenow.com\/thread\/215748",
                "id": 1
            }
        ],
        "type": "message",
        "subtype": "bot_message",
        "ts": "1456077371.001221"
    },
    {
        "text": "<https:\/\/community.servicenow.com\/thread\/215720|Why is my hasRoleExactly command not working?>\nMy account has the grc_audit_reviewer role.    In my Client Script, this keeps evaluating as false, even though I have this role.  Also, I have the admin_dev role and that is why I am using hasRoleExactly().    var role =",
        "username": "ServiceNow Community : All Content - All Communities",
        "icons": {
            "image_36": "https:\/\/slack.global.ssl.fastly.net\/66f9\/img\/services\/rss_36.png",
            "image_48": "https:\/\/slack.global.ssl.fastly.net\/66f9\/img\/services\/rss_48.png",
            "image_72": "https:\/\/slack.global.ssl.fastly.net\/205a\/img\/services\/rss_72.png"
        },
        "bot_id": "B0K75EKEC",
        "attachments": [
            {
                "text": "My account has the grc_audit_reviewer role. In my Client Script, this keeps evaluating as false, even though I have this role.  Also, I have the",
                "fallback": "My account has the grc_audit_reviewer role. In my Client Script, this keeps evaluating as false, even though I have this role.  Also, I have the",
                "from_url": "https:\/\/community.servicenow.com\/thread\/215720",
                "id": 1
            }
        ],
        "type": "message",
        "subtype": "bot_message",
        "ts": "1456080370.001224"
    },
    {
        "text": "<https:\/\/community.servicenow.com\/thread\/215750|Columns selected in \"Personalized List Columns\" list do not always show up in the browser's list view.>\nHello,    We've just gone live with Geneva (fresh instances, not upgrades) and are noticing a strange but random issue.    A ServiceNow user will personalize the available columns for a list view (e.g. - adding a few more columns to the",
        "username": "ServiceNow Community : All Content - All Communities",
        "icons": {
            "image_36": "https:\/\/slack.global.ssl.fastly.net\/66f9\/img\/services\/rss_36.png",
            "image_48": "https:\/\/slack.global.ssl.fastly.net\/66f9\/img\/services\/rss_48.png",
            "image_72": "https:\/\/slack.global.ssl.fastly.net\/205a\/img\/services\/rss_72.png"
        },
        "bot_id": "B0K75EKEC",
        "attachments": [
            {
                "text": "Hello, We've just gone live with Geneva (fresh instances, not upgrades) and are noticing a strange but random issue. A ServiceNow user will",
                "fallback": "Hello, We've just gone live with Geneva (fresh instances, not upgrades) and are noticing a strange but random issue. A ServiceNow user will",
                "from_url": "https:\/\/community.servicenow.com\/thread\/215750",
                "id": 1
            }
        ],
        "type": "message",
        "subtype": "bot_message",
        "ts": "1456084269.001226"
    },
    {
        "text": "<https:\/\/community.servicenow.com\/events\/2512|Lunch &amp; Learn - Optimze your Business with a Service Management platform>\n12h30 Business Lunch  14h00 Welcome  About Plat4mation  Enterprise Service Management (ESM)  in the real world  IT Operation Management (ITOM) - Maximize Operational Agility  Break  15h20  Update on the current version of ServiceNow - Geneva",
        "username": "ServiceNow Community : All Content - All Communities",
        "icons": {
            "image_36": "https:\/\/slack.global.ssl.fastly.net\/66f9\/img\/services\/rss_36.png",
            "image_48": "https:\/\/slack.global.ssl.fastly.net\/66f9\/img\/services\/rss_48.png",
            "image_72": "https:\/\/slack.global.ssl.fastly.net\/205a\/img\/services\/rss_72.png"
        },
        "bot_id": "B0K75EKEC",
        "attachments": [
            {
                "text": "Engage, connect, collaborate, and co-create with your fellow experts on any ServiceNow products or solutions. Participate in our user groups, expert events, join the ongoing forum discussions in our communities to ask or answer questions.",
                "fallback": "Engage, connect, collaborate, and co-create with your fellow experts on any ServiceNow products or solutions. Participate in our user groups, expert events, join the ongoing forum discussions in our communities to ask or answer questions.",
                "from_url": "https:\/\/community.servicenow.com\/events\/2512",
                "id": 1
            }
        ],
        "type": "message",
        "subtype": "bot_message",
        "ts": "1456092671.001228"
    },
    {
        "text": "<https:\/\/community.servicenow.com\/events\/2513|Learn &amp; Lunch - Free Introduction Training on Performance Analytics>\nThis training will be hosted by Vincent Loffeld and Raphael Rodrigues, both official ATP trainers.     During this training attendees will learn about the benefits of Performance Analytics and how they can implement process improvements with Performance",
        "username": "ServiceNow Community : All Content - All Communities",
        "icons": {
            "image_36": "https:\/\/slack.global.ssl.fastly.net\/66f9\/img\/services\/rss_36.png",
            "image_48": "https:\/\/slack.global.ssl.fastly.net\/66f9\/img\/services\/rss_48.png",
            "image_72": "https:\/\/slack.global.ssl.fastly.net\/205a\/img\/services\/rss_72.png"
        },
        "bot_id": "B0K75EKEC",
        "attachments": [
            {
                "text": "Engage, connect, collaborate, and co-create with your fellow experts on any ServiceNow products or solutions. Participate in our user groups, expert events, join the ongoing forum discussions in our communities to ask or answer questions.",
                "fallback": "Engage, connect, collaborate, and co-create with your fellow experts on any ServiceNow products or solutions. Participate in our user groups, expert events, join the ongoing forum discussions in our communities to ask or answer questions.",
                "from_url": "https:\/\/community.servicenow.com\/events\/2513",
                "id": 1
            }
        ],
        "type": "message",
        "subtype": "bot_message",
        "ts": "1456092671.001229"
    },
    {
        "text": "<https:\/\/community.servicenow.com\/thread\/215721|Docs.servicenow crashes on iPad mini>\nON both chrome and native safari I can't read release notes for Geneva or access the rest of site it keeps crashing the browser...    any ideas?",
        "username": "ServiceNow Community : All Content - All Communities",
        "icons": {
            "image_36": "https:\/\/slack.global.ssl.fastly.net\/66f9\/img\/services\/rss_36.png",
            "image_48": "https:\/\/slack.global.ssl.fastly.net\/66f9\/img\/services\/rss_48.png",
            "image_72": "https:\/\/slack.global.ssl.fastly.net\/205a\/img\/services\/rss_72.png"
        },
        "bot_id": "B0K75EKEC",
        "attachments": [
            {
                "text": "ON both chrome and native safari I can't read release notes for Geneva or access the rest of site it keeps crashing the browser... any ideas?",
                "fallback": "ON both chrome and native safari I can't read release notes for Geneva or access the rest of site it keeps crashing the browser... any ideas?",
                "from_url": "https:\/\/community.servicenow.com\/thread\/215721",
                "id": 1
            }
        ],
        "type": "message",
        "subtype": "bot_message",
        "ts": "1456094471.001232"
    },
    {
        "text": "<https:\/\/community.servicenow.com\/thread\/215736|Champion Center:  Tools to elevate your ServiceNow program>\nHello SNUG Members-  It was great being part of your SNUG and having the opportunity to present to you on the new Champion Center!    Why do we call it Champion Enablement?   Because we are here to help you be a “Champion” for",
        "username": "ServiceNow Community : All Content - All Communities",
        "icons": {
            "image_36": "https:\/\/slack.global.ssl.fastly.net\/66f9\/img\/services\/rss_36.png",
            "image_48": "https:\/\/slack.global.ssl.fastly.net\/66f9\/img\/services\/rss_48.png",
            "image_72": "https:\/\/slack.global.ssl.fastly.net\/205a\/img\/services\/rss_72.png"
        },
        "bot_id": "B0K75EKEC",
        "attachments": [
            {
                "text": "Hello SNUG Members- It was great being part of your SNUG and having the opportunity to present to you on the new Champion Center! Why do we call it",
                "fallback": "Hello SNUG Members- It was great being part of your SNUG and having the opportunity to present to you on the new Champion Center! Why do we call it",
                "from_url": "https:\/\/community.servicenow.com\/thread\/215736",
                "id": 1
            }
        ],
        "type": "message",
        "subtype": "bot_message",
        "ts": "1456098371.001234"
    },
    {
        "text": "<https:\/\/community.servicenow.com\/thread\/215737|Champion Center:  Tools to elevate your ServiceNow program>\nHello SNUG Members-  It was great being part of your SNUG and having Rob Otto present to you on the new Champion Center!    Why do we call it Champion Enablement?   Because we are here to help you be a “Champion” for your",
        "username": "ServiceNow Community : All Content - All Communities",
        "icons": {
            "image_36": "https:\/\/slack.global.ssl.fastly.net\/66f9\/img\/services\/rss_36.png",
            "image_48": "https:\/\/slack.global.ssl.fastly.net\/66f9\/img\/services\/rss_48.png",
            "image_72": "https:\/\/slack.global.ssl.fastly.net\/205a\/img\/services\/rss_72.png"
        },
        "bot_id": "B0K75EKEC",
        "attachments": [
            {
                "text": "Hello SNUG Members- It was great being part of your SNUG and having Rob Otto present to you on the new Champion Center! Why do we call it Champion",
                "fallback": "Hello SNUG Members- It was great being part of your SNUG and having Rob Otto present to you on the new Champion Center! Why do we call it Champion",
                "from_url": "https:\/\/community.servicenow.com\/thread\/215737",
                "id": 1
            }
        ],
        "type": "message",
        "subtype": "bot_message",
        "ts": "1456098371.001235"
    },
    {
        "text": "<https:\/\/community.servicenow.com\/thread\/215758|Champion Center:  Tools to elevate your ServiceNow program>\nHello SNUG Members-  It was great being part of your SNUG and having the account team present to you on the new Champion Center!    Why do we call it Champion Enablement?   Because we are here to help you be a “Champion” for",
        "username": "ServiceNow Community : All Content - All Communities",
        "icons": {
            "image_36": "https:\/\/slack.global.ssl.fastly.net\/66f9\/img\/services\/rss_36.png",
            "image_48": "https:\/\/slack.global.ssl.fastly.net\/66f9\/img\/services\/rss_48.png",
            "image_72": "https:\/\/slack.global.ssl.fastly.net\/205a\/img\/services\/rss_72.png"
        },
        "bot_id": "B0K75EKEC",
        "attachments": [
            {
                "text": "Hello SNUG Members- It was great being part of your SNUG and having the account team present to you on the new Champion Center! Why do we call it",
                "fallback": "Hello SNUG Members- It was great being part of your SNUG and having the account team present to you on the new Champion Center! Why do we call it",
                "from_url": "https:\/\/community.servicenow.com\/thread\/215758",
                "id": 1
            }
        ],
        "type": "message",
        "subtype": "bot_message",
        "ts": "1456098371.001236"
    },
    {
        "text": "<https:\/\/community.servicenow.com\/thread\/215759|Champion Center:  Tools to elevate your ServiceNow program>\nHello SNUG Members-  It was great being part of your SNUG and having the account team present to you on the new Champion Center!    Why do we call it Champion Enablement?   Because we are here to help you be a “Champion” for",
        "username": "ServiceNow Community : All Content - All Communities",
        "icons": {
            "image_36": "https:\/\/slack.global.ssl.fastly.net\/66f9\/img\/services\/rss_36.png",
            "image_48": "https:\/\/slack.global.ssl.fastly.net\/66f9\/img\/services\/rss_48.png",
            "image_72": "https:\/\/slack.global.ssl.fastly.net\/205a\/img\/services\/rss_72.png"
        },
        "bot_id": "B0K75EKEC",
        "attachments": [
            {
                "text": "Hello SNUG Members- It was great being part of your SNUG and having the account team present to you on the new Champion Center! Why do we call it",
                "fallback": "Hello SNUG Members- It was great being part of your SNUG and having the account team present to you on the new Champion Center! Why do we call it",
                "from_url": "https:\/\/community.servicenow.com\/thread\/215759",
                "id": 1
            }
        ],
        "type": "message",
        "subtype": "bot_message",
        "ts": "1456099271.001240"
    },
    {
        "text": "<https:\/\/community.servicenow.com\/thread\/215751|New button missing from Menu Section list>\nHi,    I am working through the developer training, using a Geneva instance and currently on the Advanced UI module.  Early in the exercise you go to the Service Management homepage and are instructed to add a new Menu Section called Marketing",
        "username": "ServiceNow Community : All Content - All Communities",
        "icons": {
            "image_36": "https:\/\/slack.global.ssl.fastly.net\/66f9\/img\/services\/rss_36.png",
            "image_48": "https:\/\/slack.global.ssl.fastly.net\/66f9\/img\/services\/rss_48.png",
            "image_72": "https:\/\/slack.global.ssl.fastly.net\/205a\/img\/services\/rss_72.png"
        },
        "bot_id": "B0K75EKEC",
        "attachments": [
            {
                "text": "Hi, I am working through the developer training, using a Geneva instance and currently on the Advanced UI module.  Early in the exercise you go to the",
                "fallback": "Hi, I am working through the developer training, using a Geneva instance and currently on the Advanced UI module.  Early in the exercise you go to the",
                "from_url": "https:\/\/community.servicenow.com\/thread\/215751",
                "id": 1
            }
        ],
        "type": "message",
        "subtype": "bot_message",
        "ts": "1456104370.001242"
    },
    {
        "text": "<https:\/\/community.servicenow.com\/thread\/215761|My Groups Work, Group By State shows open requests under Closed>\nHello, when any user goes to the My Groups Work module under the Service Desk application,  then right clicks the State column and selects Group By State there are open requests shown under the State:Closed - Complete and State: Closed - Cancelled",
        "username": "ServiceNow Community : All Content - All Communities",
        "icons": {
            "image_36": "https:\/\/slack.global.ssl.fastly.net\/66f9\/img\/services\/rss_36.png",
            "image_48": "https:\/\/slack.global.ssl.fastly.net\/66f9\/img\/services\/rss_48.png",
            "image_72": "https:\/\/slack.global.ssl.fastly.net\/205a\/img\/services\/rss_72.png"
        },
        "bot_id": "B0K75EKEC",
        "attachments": [
            {
                "text": "Hello, when any user goes to the My Groups Work module under the Service Desk application, then right clicks the State column and selects Group By State",
                "fallback": "Hello, when any user goes to the My Groups Work module under the Service Desk application, then right clicks the State column and selects Group By State",
                "from_url": "https:\/\/community.servicenow.com\/thread\/215761",
                "id": 1
            }
        ],
        "type": "message",
        "subtype": "bot_message",
        "ts": "1456106172.001244"
    },
    {
        "text": "<https:\/\/community.servicenow.com\/thread\/215762|Who's going to K16?>\nKnowledge16 Conference | ServiceNow     Looking forward to another great event (will be my 9th)! Can recall my first where Me, Aleck aleck.lin and the Shaman (developer emeritus, whose name is held in reverence) of discovery Tom Dilatush, watched me",
        "username": "ServiceNow Community : All Content - All Communities",
        "icons": {
            "image_36": "https:\/\/slack.global.ssl.fastly.net\/66f9\/img\/services\/rss_36.png",
            "image_48": "https:\/\/slack.global.ssl.fastly.net\/66f9\/img\/services\/rss_48.png",
            "image_72": "https:\/\/slack.global.ssl.fastly.net\/205a\/img\/services\/rss_72.png"
        },
        "bot_id": "B0K75EKEC",
        "attachments": [
            {
                "text": "Knowledge16 Conference | ServiceNow Looking forward to another great event (will be my 9th)! Can recall my first where Me, Aleck and the Shaman",
                "fallback": "Knowledge16 Conference | ServiceNow Looking forward to another great event (will be my 9th)! Can recall my first where Me, Aleck and the Shaman",
                "from_url": "https:\/\/community.servicenow.com\/thread\/215762",
                "id": 1
            }
        ],
        "type": "message",
        "subtype": "bot_message",
        "ts": "1456112171.001246"
    },
    {
        "text": "<https:\/\/community.servicenow.com\/thread\/215752|Using g:ui_reference filtering with multiple tables in UI page>\nHi,    I'm trying to use ui:reference in a UI Page but need to filter the list to only returns the user that has a record of being any incident caller.  If the user has not been a caller of any incident, it should not be on the returned list.  I'm",
        "username": "ServiceNow Community : All Content - All Communities",
        "icons": {
            "image_36": "https:\/\/slack.global.ssl.fastly.net\/66f9\/img\/services\/rss_36.png",
            "image_48": "https:\/\/slack.global.ssl.fastly.net\/66f9\/img\/services\/rss_48.png",
            "image_72": "https:\/\/slack.global.ssl.fastly.net\/205a\/img\/services\/rss_72.png"
        },
        "bot_id": "B0K75EKEC",
        "attachments": [
            {
                "text": "Hi, I'm trying to use ui:reference in a UI Page but need to filter the list to only returns the user that has a record of being any incident caller.",
                "fallback": "Hi, I'm trying to use ui:reference in a UI Page but need to filter the list to only returns the user that has a record of being any incident caller.",
                "from_url": "https:\/\/community.servicenow.com\/thread\/215752",
                "id": 1
            }
        ],
        "type": "message",
        "subtype": "bot_message",
        "ts": "1456115172.001248"
    },
    {
        "text": "<https:\/\/community.servicenow.com\/thread\/215741|Validate field with space and character limit!>\nHello there,    I am trying to build some requirement here which goes like:-    i want to validate a particular field with minimum 6 characters without spaces.    I mean to say is if the user types \"abcdef\"(6 characters without space) or",
        "username": "ServiceNow Community : All Content - All Communities",
        "icons": {
            "image_36": "https:\/\/slack.global.ssl.fastly.net\/66f9\/img\/services\/rss_36.png",
            "image_48": "https:\/\/slack.global.ssl.fastly.net\/66f9\/img\/services\/rss_48.png",
            "image_72": "https:\/\/slack.global.ssl.fastly.net\/205a\/img\/services\/rss_72.png"
        },
        "bot_id": "B0K75EKEC",
        "attachments": [
            {
                "text": "Hello there, I am trying to build some requirement here which goes like:- i want to validate a particular field with minimum 6 characters without",
                "fallback": "Hello there, I am trying to build some requirement here which goes like:- i want to validate a particular field with minimum 6 characters without",
                "from_url": "https:\/\/community.servicenow.com\/thread\/215741",
                "id": 1
            }
        ],
        "type": "message",
        "subtype": "bot_message",
        "ts": "1456118169.001250"
    },
    {
        "text": "<https:\/\/community.servicenow.com\/thread\/215753|Is logIT() a function in servicenow>\nCan someone help me in understanding about logIT()??  Normally we use gs.log() in server side scripting to debug the functionality. gs.print() in background scripts.. however gs.log stores data in syslog table and gs.print will print the output on the",
        "username": "ServiceNow Community : All Content - All Communities",
        "icons": {
            "image_36": "https:\/\/slack.global.ssl.fastly.net\/66f9\/img\/services\/rss_36.png",
            "image_48": "https:\/\/slack.global.ssl.fastly.net\/66f9\/img\/services\/rss_48.png",
            "image_72": "https:\/\/slack.global.ssl.fastly.net\/205a\/img\/services\/rss_72.png"
        },
        "bot_id": "B0K75EKEC",
        "attachments": [
            {
                "text": "Can someone help me in understanding about logIT()?? Normally we use gs.log() in server side scripting to debug the functionality. gs.print() in",
                "fallback": "Can someone help me in understanding about logIT()?? Normally we use gs.log() in server side scripting to debug the functionality. gs.print() in",
                "from_url": "https:\/\/community.servicenow.com\/thread\/215753",
                "id": 1
            }
        ],
        "type": "message",
        "subtype": "bot_message",
        "ts": "1456121169.001252"
    },
    {
        "text": "<https:\/\/community.servicenow.com\/thread\/215754|ow can I fetch another table field value in List View on OnCellEdit>\nHi folks,    Just wondering anyone could assist with a Client Script questions,  In the client script it is a onCellEdit type which intends to perform a Ajax query on selected date value, this value however needs to be calculated based on",
        "username": "ServiceNow Community : All Content - All Communities",
        "icons": {
            "image_36": "https:\/\/slack.global.ssl.fastly.net\/66f9\/img\/services\/rss_36.png",
            "image_48": "https:\/\/slack.global.ssl.fastly.net\/66f9\/img\/services\/rss_48.png",
            "image_72": "https:\/\/slack.global.ssl.fastly.net\/205a\/img\/services\/rss_72.png"
        },
        "bot_id": "B0K75EKEC",
        "attachments": [
            {
                "text": "Hi folks, Just wondering anyone could assist with a Client Script questions,  In the client script it is a onCellEdit type which intends to perform a",
                "fallback": "Hi folks, Just wondering anyone could assist with a Client Script questions,  In the client script it is a onCellEdit type which intends to perform a",
                "from_url": "https:\/\/community.servicenow.com\/thread\/215754",
                "id": 1
            }
        ],
        "type": "message",
        "subtype": "bot_message",
        "ts": "1456122072.001254"
    },
    {
        "text": "<https:\/\/community.servicenow.com\/thread\/215763|Can I get a related list when a new record is created?>\nHello,         I would like to get a related list when a new record is being created,is there anyway I can link two tables before the record is created.    Thanks,  Sam",
        "username": "ServiceNow Community : All Content - All Communities",
        "icons": {
            "image_36": "https:\/\/slack.global.ssl.fastly.net\/66f9\/img\/services\/rss_36.png",
            "image_48": "https:\/\/slack.global.ssl.fastly.net\/66f9\/img\/services\/rss_48.png",
            "image_72": "https:\/\/slack.global.ssl.fastly.net\/205a\/img\/services\/rss_72.png"
        },
        "bot_id": "B0K75EKEC",
        "attachments": [
            {
                "text": "Hello,        I would like to get a related list when a new record is being created,is there anyway I can link two tables before the record is created.",
                "fallback": "Hello,        I would like to get a related list when a new record is being created,is there anyway I can link two tables before the record is created.",
                "from_url": "https:\/\/community.servicenow.com\/thread\/215763",
                "id": 1
            }
        ],
        "type": "message",
        "subtype": "bot_message",
        "ts": "1456123270.001256"
    },
    {
        "text": "<https:\/\/community.servicenow.com\/issues\/4296|My developer instance is offline, not able to open my dev13829>\nCan u plzz reclaim my dev instance 13829 ASAP.",
        "username": "ServiceNow Community : All Content - All Communities",
        "icons": {
            "image_36": "https:\/\/slack.global.ssl.fastly.net\/66f9\/img\/services\/rss_36.png",
            "image_48": "https:\/\/slack.global.ssl.fastly.net\/66f9\/img\/services\/rss_48.png",
            "image_72": "https:\/\/slack.global.ssl.fastly.net\/205a\/img\/services\/rss_72.png"
        },
        "bot_id": "B0K75EKEC",
        "attachments": [
            {
                "text": "Engage, connect, collaborate, and co-create with your fellow experts on any ServiceNow products or solutions. Participate in our user groups, expert events, join the ongoing forum discussions in our communities to ask or answer questions.",
                "fallback": "Engage, connect, collaborate, and co-create with your fellow experts on any ServiceNow products or solutions. Participate in our user groups, expert events, join the ongoing forum discussions in our communities to ask or answer questions.",
                "from_url": "https:\/\/community.servicenow.com\/issues\/4296",
                "id": 1
            }
        ],
        "type": "message",
        "subtype": "bot_message",
        "ts": "1456124171.001258"
    },
    {
        "text": "<https:\/\/community.servicenow.com\/thread\/215755|My developer instance is offline, not recording my training progress. dev13829>\nMy developer instance is offline, not recording my training progress. dev13829.Plzz tell me how to reclaim my instance",
        "username": "ServiceNow Community : All Content - All Communities",
        "icons": {
            "image_36": "https:\/\/slack.global.ssl.fastly.net\/66f9\/img\/services\/rss_36.png",
            "image_48": "https:\/\/slack.global.ssl.fastly.net\/66f9\/img\/services\/rss_48.png",
            "image_72": "https:\/\/slack.global.ssl.fastly.net\/205a\/img\/services\/rss_72.png"
        },
        "bot_id": "B0K75EKEC",
        "attachments": [
            {
                "text": "My developer instance is offline, not recording my training progress. dev13829.Plzz tell me how to reclaim my instance",
                "fallback": "My developer instance is offline, not recording my training progress. dev13829.Plzz tell me how to reclaim my instance",
                "from_url": "https:\/\/community.servicenow.com\/thread\/215755",
                "id": 1
            }
        ],
        "type": "message",
        "subtype": "bot_message",
        "ts": "1456124171.001259"
    },
    {
        "text": "<https:\/\/community.servicenow.com\/thread\/215764|•\tConsider any table and consider it to hold 15 fields. Admin should be able to see all 15 fields and ITIL should be able to see 14 fields only. Achieve this requirement with only 2 ACLs.>\nhi",
        "username": "ServiceNow Community : All Content - All Communities",
        "icons": {
            "image_36": "https:\/\/slack.global.ssl.fastly.net\/66f9\/img\/services\/rss_36.png",
            "image_48": "https:\/\/slack.global.ssl.fastly.net\/66f9\/img\/services\/rss_48.png",
            "image_72": "https:\/\/slack.global.ssl.fastly.net\/205a\/img\/services\/rss_72.png"
        },
        "bot_id": "B0K75EKEC",
        "attachments": [
            {
                "text": "hi",
                "fallback": "hi",
                "from_url": "https:\/\/community.servicenow.com\/thread\/215764",
                "id": 1
            }
        ],
        "type": "message",
        "subtype": "bot_message",
        "ts": "1456124171.001260"
    },
    {
        "text": "<https:\/\/community.servicenow.com\/thread\/215722|Integration of Release management with Project Portfolio Suite>\nHi All,    We have already implemented SDLC and Agile methodologies with Release module in our project. My customer now wants to utilize the Project Portfolio Management Suite, with all other modules integration seems to be fine.. but while relating",
        "username": "ServiceNow Community : All Content - All Communities",
        "icons": {
            "image_36": "https:\/\/slack.global.ssl.fastly.net\/66f9\/img\/services\/rss_36.png",
            "image_48": "https:\/\/slack.global.ssl.fastly.net\/66f9\/img\/services\/rss_48.png",
            "image_72": "https:\/\/slack.global.ssl.fastly.net\/205a\/img\/services\/rss_72.png"
        },
        "bot_id": "B0K75EKEC",
        "attachments": [
            {
                "text": "Hi All, We have already implemented SDLC and Agile methodologies with Release module in our project. My customer now wants to utilize the Project",
                "fallback": "Hi All, We have already implemented SDLC and Agile methodologies with Release module in our project. My customer now wants to utilize the Project",
                "from_url": "https:\/\/community.servicenow.com\/thread\/215722",
                "id": 1
            }
        ],
        "type": "message",
        "subtype": "bot_message",
        "ts": "1456125971.001264"
    }
]