[
    {
        "text": "<https:\/\/community.servicenow.com\/thread\/217645|Order Guides and Slushbuckets>\nGood morning,  I am wondering if anyone has done this or know if this is possible.  I have a slushbucket on my Order Guide and I want to loop through all selected items of the slushbucket and then use those results to add a catalog item to the order.",
        "username": "ServiceNow Community : All Content - All Communities",
        "icons": {
            "image_36": "https:\/\/slack.global.ssl.fastly.net\/66f9\/img\/services\/rss_36.png",
            "image_48": "https:\/\/slack.global.ssl.fastly.net\/66f9\/img\/services\/rss_48.png",
            "image_72": "https:\/\/slack.global.ssl.fastly.net\/205a\/img\/services\/rss_72.png"
        },
        "bot_id": "B0K75EKEC",
        "attachments": [
            {
                "title": "Order Guides and Slushbuckets | ServiceNow Community",
                "title_link": "https:\/\/community.servicenow.com\/thread\/217645",
                "text": "Good morning, I am wondering if anyone has done this or know if this is possible. I have a slushbucket on my Order Guide and I want to loop through all",
                "fallback": "Order Guides and Slushbuckets | ServiceNow Community",
                "from_url": "https:\/\/community.servicenow.com\/thread\/217645",
                "id": 1
            }
        ],
        "type": "message",
        "subtype": "bot_message",
        "ts": "1457881571.000014"
    },
    {
        "text": "<https:\/\/community.servicenow.com\/thread\/217646|HI ALL>\nHow to define on call escalations &amp; notifications in on-call scheduling Application?    Thanks in Advance",
        "username": "ServiceNow Community : All Content - All Communities",
        "icons": {
            "image_36": "https:\/\/slack.global.ssl.fastly.net\/66f9\/img\/services\/rss_36.png",
            "image_48": "https:\/\/slack.global.ssl.fastly.net\/66f9\/img\/services\/rss_48.png",
            "image_72": "https:\/\/slack.global.ssl.fastly.net\/205a\/img\/services\/rss_72.png"
        },
        "bot_id": "B0K75EKEC",
        "attachments": [
            {
                "title": "HI ALL | ServiceNow Community",
                "title_link": "https:\/\/community.servicenow.com\/thread\/217646",
                "text": "How to define on call escalations &amp; notifications in on-call scheduling Application? Thanks in Advance",
                "fallback": "HI ALL | ServiceNow Community",
                "from_url": "https:\/\/community.servicenow.com\/thread\/217646",
                "id": 1
            }
        ],
        "type": "message",
        "subtype": "bot_message",
        "ts": "1457884568.000016"
    },
    {
        "text": "<https:\/\/community.servicenow.com\/thread\/217663|Issue with Workflow Stages>\nHello All,    I am stuck with workflow stages since i need to hide OOB stage \"Request Approved\" to show up while a RITM has generated e.g. below :  My requirement also include to use two stages \"Complete\" and \"Completed &amp; Closed\" where",
        "username": "ServiceNow Community : All Content - All Communities",
        "icons": {
            "image_36": "https:\/\/slack.global.ssl.fastly.net\/66f9\/img\/services\/rss_36.png",
            "image_48": "https:\/\/slack.global.ssl.fastly.net\/66f9\/img\/services\/rss_48.png",
            "image_72": "https:\/\/slack.global.ssl.fastly.net\/205a\/img\/services\/rss_72.png"
        },
        "bot_id": "B0K75EKEC",
        "attachments": [
            {
                "title": "Issue with Workflow Stages | ServiceNow Community",
                "title_link": "https:\/\/community.servicenow.com\/thread\/217663",
                "text": "Hello All, I am stuck with workflow stages since i need to hide OOB stage \"Request Approved\" to show up while a RITM has generated e.g. below : My",
                "fallback": "Issue with Workflow Stages | ServiceNow Community",
                "from_url": "https:\/\/community.servicenow.com\/thread\/217663",
                "id": 1
            }
        ],
        "type": "message",
        "subtype": "bot_message",
        "ts": "1457885472.000018"
    },
    {
        "text": "<https:\/\/community.servicenow.com\/thread\/217668|How do I hide Annotations on Print View?>\nAdding sysparm_media=print to the URL provides a printable view . . . but all my annotations are on there and expanded, which takes up a lot of space on the form, and there's no icon to hide them.  Is there a string I can include in the URL to hide",
        "username": "ServiceNow Community : All Content - All Communities",
        "icons": {
            "image_36": "https:\/\/slack.global.ssl.fastly.net\/66f9\/img\/services\/rss_36.png",
            "image_48": "https:\/\/slack.global.ssl.fastly.net\/66f9\/img\/services\/rss_48.png",
            "image_72": "https:\/\/slack.global.ssl.fastly.net\/205a\/img\/services\/rss_72.png"
        },
        "bot_id": "B0K75EKEC",
        "attachments": [
            {
                "title": "How do I hide Annotations on Print View? | ServiceNow Community",
                "title_link": "https:\/\/community.servicenow.com\/thread\/217668",
                "text": "Adding sysparm_media=print to the URL provides a printable view . . . but all my annotations are on there and expanded, which takes up a lot of space on",
                "fallback": "How do I hide Annotations on Print View? | ServiceNow Community",
                "from_url": "https:\/\/community.servicenow.com\/thread\/217668",
                "id": 1
            }
        ],
        "type": "message",
        "subtype": "bot_message",
        "ts": "1457888469.000020"
    },
    {
        "text": "<https:\/\/community.servicenow.com\/thread\/217678|How do you attach to an Order guide and have that attachment available for all request items in that order guide?>\nI have an Order guide for onboarding.  My requirement is the user attaches a document on the order guide and upon submitting the order guide,  have this attachment copied over to all the items in the order guide.",
        "username": "ServiceNow Community : All Content - All Communities",
        "icons": {
            "image_36": "https:\/\/slack.global.ssl.fastly.net\/66f9\/img\/services\/rss_36.png",
            "image_48": "https:\/\/slack.global.ssl.fastly.net\/66f9\/img\/services\/rss_48.png",
            "image_72": "https:\/\/slack.global.ssl.fastly.net\/205a\/img\/services\/rss_72.png"
        },
        "bot_id": "B0K75EKEC",
        "attachments": [
            {
                "title": "How do you attach to an Order guide and have th... | ServiceNow Community",
                "title_link": "https:\/\/community.servicenow.com\/thread\/217678",
                "text": "I have an Order guide for onboarding.  My requirement is the user attaches a document on the order guide and upon submitting the order guide,  have this",
                "fallback": "How do you attach to an Order guide and have th... | ServiceNow Community",
                "from_url": "https:\/\/community.servicenow.com\/thread\/217678",
                "id": 1
            }
        ],
        "type": "message",
        "subtype": "bot_message",
        "ts": "1457893271.000022"
    },
    {
        "text": "<https:\/\/community.servicenow.com\/thread\/217669|How to edit next button functionality of wizard?>\nHi, where can i change functionality of next button of wizard? Thank you",
        "username": "ServiceNow Community : All Content - All Communities",
        "icons": {
            "image_36": "https:\/\/slack.global.ssl.fastly.net\/66f9\/img\/services\/rss_36.png",
            "image_48": "https:\/\/slack.global.ssl.fastly.net\/66f9\/img\/services\/rss_48.png",
            "image_72": "https:\/\/slack.global.ssl.fastly.net\/205a\/img\/services\/rss_72.png"
        },
        "bot_id": "B0K75EKEC",
        "attachments": [
            {
                "title": "How to edit next button functionality of wizard? | ServiceNow Community",
                "title_link": "https:\/\/community.servicenow.com\/thread\/217669",
                "text": "Hi, where can i change functionality of next button of wizard? Thank you",
                "fallback": "How to edit next button functionality of wizard? | ServiceNow Community",
                "from_url": "https:\/\/community.servicenow.com\/thread\/217669",
                "id": 1
            }
        ],
        "type": "message",
        "subtype": "bot_message",
        "ts": "1457913973.000024"
    },
    {
        "text": "<https:\/\/community.servicenow.com\/thread\/217665|Champion Center:  Tools to help you elevate your ServiceNow program>\nHello SNUG Members-    It was great being part of your March 10, 2016 SNUG and having the opportunity to present to you on the new Champion Center!    ServiceNow has launched a customer only center called Champion Enablement.  Why do we",
        "username": "ServiceNow Community : All Content - All Communities",
        "icons": {
            "image_36": "https:\/\/slack.global.ssl.fastly.net\/66f9\/img\/services\/rss_36.png",
            "image_48": "https:\/\/slack.global.ssl.fastly.net\/66f9\/img\/services\/rss_48.png",
            "image_72": "https:\/\/slack.global.ssl.fastly.net\/205a\/img\/services\/rss_72.png"
        },
        "bot_id": "B0K75EKEC",
        "attachments": [
            {
                "title": "Champion Center:  Tools to help you elevate you... | ServiceNow Community",
                "title_link": "https:\/\/community.servicenow.com\/thread\/217665",
                "text": "Hello SNUG Members- It was great being part of your March 10, 2016 SNUG and having the opportunity to present to you on the new Champion Center!",
                "fallback": "Champion Center:  Tools to help you elevate you... | ServiceNow Community",
                "from_url": "https:\/\/community.servicenow.com\/thread\/217665",
                "id": 1
            }
        ],
        "type": "message",
        "subtype": "bot_message",
        "ts": "1457913973.000025"
    },
    {
        "text": "<https:\/\/community.servicenow.com\/thread\/217653|Notification hidden field in sys_user table on sys_email>\nHi folks,     I have a notification question this time and hoping to get your help.    We know sys_user.notification is an OOTB field (choice list) 1: None, 2: Email.   When sys_user.notification sets to 1, it is expected no",
        "username": "ServiceNow Community : All Content - All Communities",
        "icons": {
            "image_36": "https:\/\/slack.global.ssl.fastly.net\/66f9\/img\/services\/rss_36.png",
            "image_48": "https:\/\/slack.global.ssl.fastly.net\/66f9\/img\/services\/rss_48.png",
            "image_72": "https:\/\/slack.global.ssl.fastly.net\/205a\/img\/services\/rss_72.png"
        },
        "bot_id": "B0K75EKEC",
        "attachments": [
            {
                "title": "Notification hidden field in sys_user table on ... | ServiceNow Community",
                "title_link": "https:\/\/community.servicenow.com\/thread\/217653",
                "text": "Hi folks, I have a notification question this time and hoping to get your help.    We know sys_user.notification is an OOTB field (choice list) 1:",
                "fallback": "Notification hidden field in sys_user table on ... | ServiceNow Community",
                "from_url": "https:\/\/community.servicenow.com\/thread\/217653",
                "id": 1
            }
        ],
        "type": "message",
        "subtype": "bot_message",
        "ts": "1457917873.000028"
    },
    {
        "text": "<https:\/\/community.servicenow.com\/thread\/217679|How do I get the name of the current Section showing>\nI have 5-6 sections on my form.  At any given time, I would like to know what Section is showing.",
        "username": "ServiceNow Community : All Content - All Communities",
        "icons": {
            "image_36": "https:\/\/slack.global.ssl.fastly.net\/66f9\/img\/services\/rss_36.png",
            "image_48": "https:\/\/slack.global.ssl.fastly.net\/66f9\/img\/services\/rss_48.png",
            "image_72": "https:\/\/slack.global.ssl.fastly.net\/205a\/img\/services\/rss_72.png"
        },
        "bot_id": "B0K75EKEC",
        "attachments": [
            {
                "title": "How do I get the name of the current Section sh... | ServiceNow Community",
                "title_link": "https:\/\/community.servicenow.com\/thread\/217679",
                "text": "I have 5-6 sections on my form.  At any given time, I would like to know what Section is showing.",
                "fallback": "How do I get the name of the current Section sh... | ServiceNow Community",
                "from_url": "https:\/\/community.servicenow.com\/thread\/217679",
                "id": 1
            }
        ],
        "type": "message",
        "subtype": "bot_message",
        "ts": "1457919969.000030"
    },
    {
        "text": "<https:\/\/community.servicenow.com\/thread\/217680|Add a form checkbox to turn email notification on and off>\nHi,    I would like to add a checkbox to the incident form that allows a user to turn off email notification for a particular incident record.  The reason for this is some users don't want to recevie a notification when an incident has been",
        "username": "ServiceNow Community : All Content - All Communities",
        "icons": {
            "image_36": "https:\/\/slack.global.ssl.fastly.net\/66f9\/img\/services\/rss_36.png",
            "image_48": "https:\/\/slack.global.ssl.fastly.net\/66f9\/img\/services\/rss_48.png",
            "image_72": "https:\/\/slack.global.ssl.fastly.net\/205a\/img\/services\/rss_72.png"
        },
        "bot_id": "B0K75EKEC",
        "attachments": [
            {
                "title": "Add a form checkbox to turn email notification ... | ServiceNow Community",
                "title_link": "https:\/\/community.servicenow.com\/thread\/217680",
                "text": "Hi, I would like to add a checkbox to the incident form that allows a user to turn off email notification for a particular incident record.  The reason",
                "fallback": "Add a form checkbox to turn email notification ... | ServiceNow Community",
                "from_url": "https:\/\/community.servicenow.com\/thread\/217680",
                "id": 1
            }
        ],
        "type": "message",
        "subtype": "bot_message",
        "ts": "1457924168.000032"
    },
    {
        "text": "<https:\/\/community.servicenow.com\/thread\/217666|Keep track of my question I have posted>\nHi can I keep track of the question I have posted here in community?  If yes, how.    Thanks,    Tadz",
        "username": "ServiceNow Community : All Content - All Communities",
        "icons": {
            "image_36": "https:\/\/slack.global.ssl.fastly.net\/66f9\/img\/services\/rss_36.png",
            "image_48": "https:\/\/slack.global.ssl.fastly.net\/66f9\/img\/services\/rss_48.png",
            "image_72": "https:\/\/slack.global.ssl.fastly.net\/205a\/img\/services\/rss_72.png"
        },
        "bot_id": "B0K75EKEC",
        "attachments": [
            {
                "title": "Keep track of my question I have posted | ServiceNow Community",
                "title_link": "https:\/\/community.servicenow.com\/thread\/217666",
                "text": "Hi can I keep track of the question I have posted here in community? If yes, how. Thanks, Tadz",
                "fallback": "Keep track of my question I have posted | ServiceNow Community",
                "from_url": "https:\/\/community.servicenow.com\/thread\/217666",
                "id": 1
            }
        ],
        "type": "message",
        "subtype": "bot_message",
        "ts": "1457925072.000034"
    },
    {
        "text": "<https:\/\/community.servicenow.com\/thread\/217681|how to change the case of watermark in an inbound action>\nhi all,    We recently started using Iphone email App which has a defect of changing all reply emails to lowercase. Result of which is, that the Watermark in the emails is also getting changed to lower case and is not recognised by servicenow",
        "username": "ServiceNow Community : All Content - All Communities",
        "icons": {
            "image_36": "https:\/\/slack.global.ssl.fastly.net\/66f9\/img\/services\/rss_36.png",
            "image_48": "https:\/\/slack.global.ssl.fastly.net\/66f9\/img\/services\/rss_48.png",
            "image_72": "https:\/\/slack.global.ssl.fastly.net\/205a\/img\/services\/rss_72.png"
        },
        "bot_id": "B0K75EKEC",
        "attachments": [
            {
                "title": "how to change the case of watermark in an inbou... | ServiceNow Community",
                "title_link": "https:\/\/community.servicenow.com\/thread\/217681",
                "text": "hi all, We recently started using Iphone email App which has a defect of changing all reply emails to lowercase. Result of which is, that the Watermark",
                "fallback": "how to change the case of watermark in an inbou... | ServiceNow Community",
                "from_url": "https:\/\/community.servicenow.com\/thread\/217681",
                "id": 1
            }
        ],
        "type": "message",
        "subtype": "bot_message",
        "ts": "1457925974.000036"
    },
    {
        "text": "<https:\/\/community.servicenow.com\/thread\/217682|Geneva UI16 avatar icon on top right>\nHi guys    I noticed that the avatar icon on top right in Geneva UI16 doesn't come from the \"photo\" in user profile record.  Rather it's from the profile photo in Live feed (see Live Feed UI Overview - ServiceNow Wiki )    This is the avatar",
        "username": "ServiceNow Community : All Content - All Communities",
        "icons": {
            "image_36": "https:\/\/slack.global.ssl.fastly.net\/66f9\/img\/services\/rss_36.png",
            "image_48": "https:\/\/slack.global.ssl.fastly.net\/66f9\/img\/services\/rss_48.png",
            "image_72": "https:\/\/slack.global.ssl.fastly.net\/205a\/img\/services\/rss_72.png"
        },
        "bot_id": "B0K75EKEC",
        "attachments": [
            {
                "title": "Geneva UI16 avatar icon on top right | ServiceNow Community",
                "title_link": "https:\/\/community.servicenow.com\/thread\/217682",
                "text": "Hi guys I noticed that the avatar icon on top right in Geneva UI16 doesn't come from the \"photo\" in user profile record. Rather it's from the profile",
                "fallback": "Geneva UI16 avatar icon on top right | ServiceNow Community",
                "from_url": "https:\/\/community.servicenow.com\/thread\/217682",
                "id": 1
            }
        ],
        "type": "message",
        "subtype": "bot_message",
        "ts": "1457928974.000038"
    },
    {
        "text": "<https:\/\/community.servicenow.com\/thread\/217683|Changing design CMS interface>\nHi! I need some advice about changing CMS interface to look different  from defult and edit the layout or fram so where can i have to config or coding, please give me some advice.  Thank you.",
        "username": "ServiceNow Community : All Content - All Communities",
        "icons": {
            "image_36": "https:\/\/slack.global.ssl.fastly.net\/66f9\/img\/services\/rss_36.png",
            "image_48": "https:\/\/slack.global.ssl.fastly.net\/66f9\/img\/services\/rss_48.png",
            "image_72": "https:\/\/slack.global.ssl.fastly.net\/205a\/img\/services\/rss_72.png"
        },
        "bot_id": "B0K75EKEC",
        "attachments": [
            {
                "title": "Changing design CMS interface | ServiceNow Community",
                "title_link": "https:\/\/community.servicenow.com\/thread\/217683",
                "text": "Hi! I need some advice about changing CMS interface to look different  from defult and edit the layout or fram so where can i have to config or coding,",
                "fallback": "Changing design CMS interface | ServiceNow Community",
                "from_url": "https:\/\/community.servicenow.com\/thread\/217683",
                "id": 1
            }
        ],
        "type": "message",
        "subtype": "bot_message",
        "ts": "1457931072.000040"
    },
    {
        "text": "<https:\/\/community.servicenow.com\/thread\/217667|Change the default search operator of a ServiceNow instance from ‘Greater than or equal to’ to ‘Contains’.>\nChange the default search operator of a ServiceNow instance from ‘Greater than or equal to’ to ‘Contains’.",
        "username": "ServiceNow Community : All Content - All Communities",
        "icons": {
            "image_36": "https:\/\/slack.global.ssl.fastly.net\/66f9\/img\/services\/rss_36.png",
            "image_48": "https:\/\/slack.global.ssl.fastly.net\/66f9\/img\/services\/rss_48.png",
            "image_72": "https:\/\/slack.global.ssl.fastly.net\/205a\/img\/services\/rss_72.png"
        },
        "bot_id": "B0K75EKEC",
        "attachments": [
            {
                "title": "Change the default search operator of a Service... | ServiceNow Community",
                "title_link": "https:\/\/community.servicenow.com\/thread\/217667",
                "text": "Change the default search operator of a ServiceNow instance from ‘Greater than or equal to’ to ‘Contains’.",
                "fallback": "Change the default search operator of a Service... | ServiceNow Community",
                "from_url": "https:\/\/community.servicenow.com\/thread\/217667",
                "id": 1
            }
        ],
        "type": "message",
        "subtype": "bot_message",
        "ts": "1457934972.000042"
    },
    {
        "text": "<https:\/\/community.servicenow.com\/thread\/217670|how to rollback the my company application related form-fields, i unknowingly deleted the all the from fields.... please can anyone provide me the solution.... when i click-on my  company application it is showing RECORDS NOT FOUND..>",
        "username": "ServiceNow Community : All Content - All Communities",
        "icons": {
            "image_36": "https:\/\/slack.global.ssl.fastly.net\/66f9\/img\/services\/rss_36.png",
            "image_48": "https:\/\/slack.global.ssl.fastly.net\/66f9\/img\/services\/rss_48.png",
            "image_72": "https:\/\/slack.global.ssl.fastly.net\/205a\/img\/services\/rss_72.png"
        },
        "bot_id": "B0K75EKEC",
        "attachments": [
            {
                "title": "how to rollback the my company application rela... | ServiceNow Community",
                "title_link": "https:\/\/community.servicenow.com\/thread\/217670",
                "text": "how to rollback the my company application related form-fields, i unknowingly deleted the all the from fields.... please can anyone provide me the",
                "fallback": "how to rollback the my company application rela... | ServiceNow Community",
                "from_url": "https:\/\/community.servicenow.com\/thread\/217670",
                "id": 1
            }
        ],
        "type": "message",
        "subtype": "bot_message",
        "ts": "1457934972.000043"
    },
    {
        "text": "<https:\/\/community.servicenow.com\/thread\/217688|Why do we receive error Reference field value for task.cmdb_ci rejected>\nHi ,    Can someone help me with error \"Reference field value for task.cmdb_ci rejected\".    Thanks",
        "username": "ServiceNow Community : All Content - All Communities",
        "icons": {
            "image_36": "https:\/\/slack.global.ssl.fastly.net\/66f9\/img\/services\/rss_36.png",
            "image_48": "https:\/\/slack.global.ssl.fastly.net\/66f9\/img\/services\/rss_48.png",
            "image_72": "https:\/\/slack.global.ssl.fastly.net\/205a\/img\/services\/rss_72.png"
        },
        "bot_id": "B0K75EKEC",
        "attachments": [
            {
                "title": "Why do we receive error Reference field value f... | ServiceNow Community",
                "title_link": "https:\/\/community.servicenow.com\/thread\/217688",
                "text": "Hi , Can someone help me with error \"Reference field value for task.cmdb_ci rejected\". Thanks",
                "fallback": "Why do we receive error Reference field value f... | ServiceNow Community",
                "from_url": "https:\/\/community.servicenow.com\/thread\/217688",
                "id": 1
            }
        ],
        "type": "message",
        "subtype": "bot_message",
        "ts": "1457934972.000044"
    },
    {
        "text": "<https:\/\/community.servicenow.com\/thread\/217689|Instance password reset>\nI'm unable to reset my instance password in my account, Please help on this.",
        "username": "ServiceNow Community : All Content - All Communities",
        "icons": {
            "image_36": "https:\/\/slack.global.ssl.fastly.net\/66f9\/img\/services\/rss_36.png",
            "image_48": "https:\/\/slack.global.ssl.fastly.net\/66f9\/img\/services\/rss_48.png",
            "image_72": "https:\/\/slack.global.ssl.fastly.net\/205a\/img\/services\/rss_72.png"
        },
        "bot_id": "B0K75EKEC",
        "attachments": [
            {
                "title": "Instance password reset | ServiceNow Community",
                "title_link": "https:\/\/community.servicenow.com\/thread\/217689",
                "text": "I'm unable to reset my instance password in my account, Please help on this.",
                "fallback": "Instance password reset | ServiceNow Community",
                "from_url": "https:\/\/community.servicenow.com\/thread\/217689",
                "id": 1
            }
        ],
        "type": "message",
        "subtype": "bot_message",
        "ts": "1457935872.000048"
    },
    {
        "text": "<https:\/\/community.servicenow.com\/thread\/217684|How do I check whether the opening object is just created?>\nHi, I'm new to ServiceNow. What I want to do is updating the incident form using predefined template only when the Incident is Create new for the first times. Is there any flag for that or any workaround way for me to do so. Thanks. Vinh",
        "username": "ServiceNow Community : All Content - All Communities",
        "icons": {
            "image_36": "https:\/\/slack.global.ssl.fastly.net\/66f9\/img\/services\/rss_36.png",
            "image_48": "https:\/\/slack.global.ssl.fastly.net\/66f9\/img\/services\/rss_48.png",
            "image_72": "https:\/\/slack.global.ssl.fastly.net\/205a\/img\/services\/rss_72.png"
        },
        "bot_id": "B0K75EKEC",
        "attachments": [
            {
                "title": "How do I check whether the opening object is ju... | ServiceNow Community",
                "title_link": "https:\/\/community.servicenow.com\/thread\/217684",
                "text": "Hi, I'm new to ServiceNow. What I want to do is updating the incident form using predefined template only when the Incident is Create new for the first",
                "fallback": "How do I check whether the opening object is ju... | ServiceNow Community",
                "from_url": "https:\/\/community.servicenow.com\/thread\/217684",
                "id": 1
            }
        ],
        "type": "message",
        "subtype": "bot_message",
        "ts": "1457938572.000050"
    },
    {
        "text": "<https:\/\/community.servicenow.com\/thread\/217685|Send report every 3 months>\nHi All,    I want to schedule a report 1st day of every third month.    example( i jan ----- 1 april-----July and so on.)    Question( if is set the scheduled report to periodically and Repeat Interval to 90 days. will it work as the month",
        "username": "ServiceNow Community : All Content - All Communities",
        "icons": {
            "image_36": "https:\/\/slack.global.ssl.fastly.net\/66f9\/img\/services\/rss_36.png",
            "image_48": "https:\/\/slack.global.ssl.fastly.net\/66f9\/img\/services\/rss_48.png",
            "image_72": "https:\/\/slack.global.ssl.fastly.net\/205a\/img\/services\/rss_72.png"
        },
        "bot_id": "B0K75EKEC",
        "attachments": [
            {
                "title": "Send report every 3 months | ServiceNow Community",
                "title_link": "https:\/\/community.servicenow.com\/thread\/217685",
                "text": "Hi All, I want to schedule a report 1st day of every third month. example( i jan ----- 1 april-----July and so on.) Question( if is set the",
                "fallback": "Send report every 3 months | ServiceNow Community",
                "from_url": "https:\/\/community.servicenow.com\/thread\/217685",
                "id": 1
            }
        ],
        "type": "message",
        "subtype": "bot_message",
        "ts": "1457938572.000051"
    }
]