[
    {
        "user": "U0E2H2X5G",
        "type": "message",
        "subtype": "channel_join",
        "text": "<@U0E2H2X5G|abey> has joined the channel",
        "ts": "1453575726.000002"
    },
    {
        "user": "U0E2H2X5G",
        "purpose": "RSS feed of ServiceNow community (BETA)",
        "type": "message",
        "subtype": "channel_purpose",
        "text": "<@U0E2H2X5G|abey> set the channel purpose: RSS feed of ServiceNow community (BETA)",
        "ts": "1453575727.000003"
    },
    {
        "text": "<https:\/\/community.servicenow.com\/thread\/213229|SOAPMessage API not working after upgrade from Eureka to Geneva>\nI have a very large and complex integration using Outbound SOAP via a MID Server running on Eureka. The integration is using custom and complex SOAP Messages that have multiple namespaces and is supported by a very large script include that processes the",
        "username": "ServiceNow Community : All Content - All Communities",
        "icons": {
            "image_36": "https:\/\/slack.global.ssl.fastly.net\/66f9\/img\/services\/rss_36.png",
            "image_48": "https:\/\/slack.global.ssl.fastly.net\/66f9\/img\/services\/rss_48.png",
            "image_72": "https:\/\/slack.global.ssl.fastly.net\/205a\/img\/services\/rss_72.png"
        },
        "bot_id": "B0K75EKEC",
        "attachments": [
            {
                "text": "I have a very large and complex integration using Outbound SOAP via a MID Server running on Eureka. The integration is using custom and complex SOAP",
                "fallback": "I have a very large and complex integration using Outbound SOAP via a MID Server running on Eureka. The integration is using custom and complex SOAP",
                "from_url": "https:\/\/community.servicenow.com\/thread\/213229",
                "id": 1
            }
        ],
        "type": "message",
        "subtype": "bot_message",
        "ts": "1453578972.000004"
    },
    {
        "user": "U0ELNCKSM",
        "type": "message",
        "subtype": "channel_join",
        "text": "<@U0ELNCKSM|nabil> has joined the channel",
        "ts": "1453580818.000006"
    },
    {
        "user": "U0E88P8F8",
        "type": "message",
        "subtype": "channel_join",
        "text": "<@U0E88P8F8|bshelley> has joined the channel",
        "ts": "1453581250.000007"
    },
    {
        "user": "U0EDHLAV8",
        "type": "message",
        "subtype": "channel_join",
        "text": "<@U0EDHLAV8|huntj06> has joined the channel",
        "ts": "1453581531.000008"
    },
    {
        "user": "U0EDZ1736",
        "type": "message",
        "subtype": "channel_join",
        "text": "<@U0EDZ1736|benson> has joined the channel",
        "ts": "1453581635.000009"
    },
    {
        "user": "U0E33U6BX",
        "type": "message",
        "subtype": "channel_join",
        "text": "<@U0E33U6BX|tomalday> has joined the channel",
        "ts": "1453583194.000010"
    },
    {
        "user": "U0JLGGRB7",
        "type": "message",
        "subtype": "channel_join",
        "text": "<@U0JLGGRB7|rbeijerling> has joined the channel",
        "ts": "1453583580.000011"
    },
    {
        "text": "<https:\/\/community.servicenow.com\/thread\/213197|Creating attachments using REST API - Fuji vs Geneva>\nI'm trying to create an attachment using Postman and REST API in Fuji and constantly getting an error: \"Unsupported value for header: Accept=*\/*\".        In fact, checking SN logs I do see that there is a  header value, which I didn't send with",
        "username": "ServiceNow Community : All Content - All Communities",
        "icons": {
            "image_36": "https:\/\/slack.global.ssl.fastly.net\/66f9\/img\/services\/rss_36.png",
            "image_48": "https:\/\/slack.global.ssl.fastly.net\/66f9\/img\/services\/rss_48.png",
            "image_72": "https:\/\/slack.global.ssl.fastly.net\/205a\/img\/services\/rss_72.png"
        },
        "bot_id": "B0K75EKEC",
        "attachments": [
            {
                "text": "I'm trying to create an attachment using Postman and REST API in Fuji and constantly getting an error: \"Unsupported value for header: Accept=*\/*\".",
                "fallback": "I'm trying to create an attachment using Postman and REST API in Fuji and constantly getting an error: \"Unsupported value for header: Accept=*\/*\".",
                "from_url": "https:\/\/community.servicenow.com\/thread\/213197",
                "id": 1
            }
        ],
        "type": "message",
        "subtype": "bot_message",
        "ts": "1453587077.000012"
    },
    {
        "text": "<https:\/\/community.servicenow.com\/thread\/213230|On a form with multiple EmbeddedLists, is there a way to auto fill some of those lists when the form initially loads?>\nHello Community;    I have an interesting request and thought I would ask if anyone had tried or found a way to do something similar.    I have a form that has 6 or 7 embedded lists on it, the requirement is that when this form is loaded (first",
        "username": "ServiceNow Community : All Content - All Communities",
        "icons": {
            "image_36": "https:\/\/slack.global.ssl.fastly.net\/66f9\/img\/services\/rss_36.png",
            "image_48": "https:\/\/slack.global.ssl.fastly.net\/66f9\/img\/services\/rss_48.png",
            "image_72": "https:\/\/slack.global.ssl.fastly.net\/205a\/img\/services\/rss_72.png"
        },
        "bot_id": "B0K75EKEC",
        "attachments": [
            {
                "text": "Hello Community; I have an interesting request and thought I would ask if anyone had tried or found a way to do something similar. I have a form",
                "fallback": "Hello Community; I have an interesting request and thought I would ask if anyone had tried or found a way to do something similar. I have a form",
                "from_url": "https:\/\/community.servicenow.com\/thread\/213230",
                "id": 1
            }
        ],
        "type": "message",
        "subtype": "bot_message",
        "ts": "1453595773.000014"
    },
    {
        "text": "<https:\/\/community.servicenow.com\/thread\/213212|How to set security code to upload an application in ServiceNow Store>\nHi to all of you! I've been researching and I have not found any information about applications security when you upload them in ServiceNow store! I would like to know what happens with all of the code behind an application? is it available for the",
        "username": "ServiceNow Community : All Content - All Communities",
        "icons": {
            "image_36": "https:\/\/slack.global.ssl.fastly.net\/66f9\/img\/services\/rss_36.png",
            "image_48": "https:\/\/slack.global.ssl.fastly.net\/66f9\/img\/services\/rss_48.png",
            "image_72": "https:\/\/slack.global.ssl.fastly.net\/205a\/img\/services\/rss_72.png"
        },
        "bot_id": "B0K75EKEC",
        "attachments": [
            {
                "text": "Hi to all of you! I've been researching and I have not found any information about applications security when you upload them in ServiceNow store! I would",
                "fallback": "Hi to all of you! I've been researching and I have not found any information about applications security when you upload them in ServiceNow store! I would",
                "from_url": "https:\/\/community.servicenow.com\/thread\/213212",
                "id": 1
            }
        ],
        "type": "message",
        "subtype": "bot_message",
        "ts": "1453607173.000016"
    },
    {
        "user": "U0K63FH8B",
        "type": "message",
        "subtype": "channel_join",
        "text": "<@U0K63FH8B|jchirinos> has joined the channel",
        "ts": "1453610746.000018"
    },
    {
        "text": "<https:\/\/community.servicenow.com\/thread\/213214|After upgrade from Calgary to Fuji(In service catalogs radio buttons variables mandatory field showing blank color )?>\nIn Service catalog radio button and reference fields mandatory color showing blank color insted of blank color. but when we hit on submit button its working fine.    We need Red color on the variables.    Please find the below snapshot.",
        "username": "ServiceNow Community : All Content - All Communities",
        "icons": {
            "image_36": "https:\/\/slack.global.ssl.fastly.net\/66f9\/img\/services\/rss_36.png",
            "image_48": "https:\/\/slack.global.ssl.fastly.net\/66f9\/img\/services\/rss_48.png",
            "image_72": "https:\/\/slack.global.ssl.fastly.net\/205a\/img\/services\/rss_72.png"
        },
        "bot_id": "B0K75EKEC",
        "attachments": [
            {
                "text": "In Service catalog radio button and reference fields mandatory color showing blank color insted of blank color. but when we hit on submit button its",
                "fallback": "In Service catalog radio button and reference fields mandatory color showing blank color insted of blank color. but when we hit on submit button its",
                "from_url": "https:\/\/community.servicenow.com\/thread\/213214",
                "id": 1
            }
        ],
        "type": "message",
        "subtype": "bot_message",
        "ts": "1453617974.000019"
    },
    {
        "text": "<https:\/\/community.servicenow.com\/thread\/213238|How to hide gear on list>\nI want to hide the gear icon on the list through which we can personalize the view of fields on the list.",
        "username": "ServiceNow Community : All Content - All Communities",
        "icons": {
            "image_36": "https:\/\/slack.global.ssl.fastly.net\/66f9\/img\/services\/rss_36.png",
            "image_48": "https:\/\/slack.global.ssl.fastly.net\/66f9\/img\/services\/rss_48.png",
            "image_72": "https:\/\/slack.global.ssl.fastly.net\/205a\/img\/services\/rss_72.png"
        },
        "bot_id": "B0K75EKEC",
        "attachments": [
            {
                "text": "I want to hide the gear icon on the list through which we can personalize the view of fields on the list.",
                "fallback": "I want to hide the gear icon on the list through which we can personalize the view of fields on the list.",
                "from_url": "https:\/\/community.servicenow.com\/thread\/213238",
                "id": 1
            }
        ],
        "type": "message",
        "subtype": "bot_message",
        "ts": "1453619171.000021"
    }
]