[
    {
        "text": "<https:\/\/community.servicenow.com\/thread\/221557|Assignment group changing access>\nHI,    I have a cmdb_ci   x  I have three assignment groups for  x, y and z  requirement is , For this cmdb_ci x,  I want users from x and y to have access to change the assignment to z.  No other users should have access to change to",
        "username": "ServiceNow Community : All Content - All Communities",
        "icons": {
            "image_36": "https:\/\/a.slack-edge.com\/66f9\/img\/services\/rss_36.png",
            "image_48": "https:\/\/a.slack-edge.com\/66f9\/img\/services\/rss_48.png",
            "image_72": "https:\/\/a.slack-edge.com\/205a\/img\/services\/rss_72.png"
        },
        "bot_id": "B0K75EKEC",
        "attachments": [
            {
                "title": "Assignment group changing access | ServiceNow Community",
                "title_link": "https:\/\/community.servicenow.com\/thread\/221557",
                "text": "HI, I have a cmdb_ci   x I have three assignment groups for  x, y and z requirement is , For this cmdb_ci x, I want users from x and y to have",
                "fallback": "Assignment group changing access | ServiceNow Community",
                "from_url": "https:\/\/community.servicenow.com\/thread\/221557",
                "id": 1
            }
        ],
        "type": "message",
        "subtype": "bot_message",
        "ts": "1461484569.001426"
    },
    {
        "text": "<https:\/\/community.servicenow.com\/thread\/221558|user criteria script>\nHi,    we need to create user criteria using a script.    I saw that there is a section of advanced, but i'm not sure how the \"return\" part should be written, for example:    var loc = gs.getUser().getRecord().getValue('location');  var",
        "username": "ServiceNow Community : All Content - All Communities",
        "icons": {
            "image_36": "https:\/\/a.slack-edge.com\/66f9\/img\/services\/rss_36.png",
            "image_48": "https:\/\/a.slack-edge.com\/66f9\/img\/services\/rss_48.png",
            "image_72": "https:\/\/a.slack-edge.com\/205a\/img\/services\/rss_72.png"
        },
        "bot_id": "B0K75EKEC",
        "attachments": [
            {
                "title": "user criteria script | ServiceNow Community",
                "title_link": "https:\/\/community.servicenow.com\/thread\/221558",
                "text": "Hi, we need to create user criteria using a script. I saw that there is a section of advanced, but i'm not sure how the \"return\" part should be",
                "fallback": "user criteria script | ServiceNow Community",
                "from_url": "https:\/\/community.servicenow.com\/thread\/221558",
                "id": 1
            }
        ],
        "type": "message",
        "subtype": "bot_message",
        "ts": "1461484569.001427"
    },
    {
        "text": "<https:\/\/community.servicenow.com\/thread\/221516|Incident - Display numbers of tickets beside the filter list>\nHello,  I need to show the amount of Closed, Open, Assigned and anything that appears on the list of Incidents that a Analyst might have. As below, the Analyst is asking for the number of Open calls to display in the area I have marked with a RED box.",
        "username": "ServiceNow Community : All Content - All Communities",
        "icons": {
            "image_36": "https:\/\/a.slack-edge.com\/66f9\/img\/services\/rss_36.png",
            "image_48": "https:\/\/a.slack-edge.com\/66f9\/img\/services\/rss_48.png",
            "image_72": "https:\/\/a.slack-edge.com\/205a\/img\/services\/rss_72.png"
        },
        "bot_id": "B0K75EKEC",
        "attachments": [
            {
                "title": "Incident - Display numbers of tickets beside th... | ServiceNow Community",
                "title_link": "https:\/\/community.servicenow.com\/thread\/221516",
                "text": "Hello, I need to show the amount of Closed, Open, Assigned and anything that appears on the list of Incidents that a Analyst might have. As below, the",
                "fallback": "Incident - Display numbers of tickets beside th... | ServiceNow Community",
                "from_url": "https:\/\/community.servicenow.com\/thread\/221516",
                "id": 1
            }
        ],
        "type": "message",
        "subtype": "bot_message",
        "ts": "1461510970.001430"
    },
    {
        "text": "<https:\/\/community.servicenow.com\/thread\/221543|Expand Catalog Category by Default>\nHow can I make a Catalog Category expanded by default so that user do not have to go the category page to click on the catalog item. Please see this image. I want the \"Office Category to be expanded as show in \"Cons\" category. Thanks  ",
        "username": "ServiceNow Community : All Content - All Communities",
        "icons": {
            "image_36": "https:\/\/a.slack-edge.com\/66f9\/img\/services\/rss_36.png",
            "image_48": "https:\/\/a.slack-edge.com\/66f9\/img\/services\/rss_48.png",
            "image_72": "https:\/\/a.slack-edge.com\/205a\/img\/services\/rss_72.png"
        },
        "bot_id": "B0K75EKEC",
        "attachments": [
            {
                "title": "Expand Catalog Category by Default | ServiceNow Community",
                "title_link": "https:\/\/community.servicenow.com\/thread\/221543",
                "text": "How can I make a Catalog Category expanded by default so that user do not have to go the category page to click on the catalog item. Please see this",
                "fallback": "Expand Catalog Category by Default | ServiceNow Community",
                "from_url": "https:\/\/community.servicenow.com\/thread\/221543",
                "id": 1
            }
        ],
        "type": "message",
        "subtype": "bot_message",
        "ts": "1461510970.001431"
    },
    {
        "text": "<https:\/\/community.servicenow.com\/thread\/221517|Bulk update set export?>\nHas anyone build a bulk update set export tool? We have an idea of how to build one, but before we put in the effort I wanted to see if it has already been done.    The scenario is mostly for backup purposes (for example, before merging a bunch of",
        "username": "ServiceNow Community : All Content - All Communities",
        "icons": {
            "image_36": "https:\/\/a.slack-edge.com\/66f9\/img\/services\/rss_36.png",
            "image_48": "https:\/\/a.slack-edge.com\/66f9\/img\/services\/rss_48.png",
            "image_72": "https:\/\/a.slack-edge.com\/205a\/img\/services\/rss_72.png"
        },
        "bot_id": "B0K75EKEC",
        "attachments": [
            {
                "title": "Bulk update set export? | ServiceNow Community",
                "title_link": "https:\/\/community.servicenow.com\/thread\/221517",
                "text": "Has anyone build a bulk update set export tool? We have an idea of how to build one, but before we put in the effort I wanted to see if it has already",
                "fallback": "Bulk update set export? | ServiceNow Community",
                "from_url": "https:\/\/community.servicenow.com\/thread\/221517",
                "id": 1
            }
        ],
        "type": "message",
        "subtype": "bot_message",
        "ts": "1461512771.001434"
    },
    {
        "text": "<https:\/\/community.servicenow.com\/thread\/221559|ajax from client script : Geneva>\nIf I were interested in doing an ajax service call from client script to services other than SN what would be the best way to accomplish this?  Strictly speaking from the javascript libraries available to a service catalog item point of view. ",
        "username": "ServiceNow Community : All Content - All Communities",
        "icons": {
            "image_36": "https:\/\/a.slack-edge.com\/66f9\/img\/services\/rss_36.png",
            "image_48": "https:\/\/a.slack-edge.com\/66f9\/img\/services\/rss_48.png",
            "image_72": "https:\/\/a.slack-edge.com\/205a\/img\/services\/rss_72.png"
        },
        "bot_id": "B0K75EKEC",
        "attachments": [
            {
                "title": "ajax from client script : Geneva | ServiceNow Community",
                "title_link": "https:\/\/community.servicenow.com\/thread\/221559",
                "text": "If I were interested in doing an ajax service call from client script to services other than SN what would be the best way to accomplish this?  Strictly",
                "fallback": "ajax from client script : Geneva | ServiceNow Community",
                "from_url": "https:\/\/community.servicenow.com\/thread\/221559",
                "id": 1
            }
        ],
        "type": "message",
        "subtype": "bot_message",
        "ts": "1461522671.001436"
    },
    {
        "text": "<https:\/\/community.servicenow.com\/thread\/221560|User criteria API>\nHi Everyone,    I was hoping to utilize user criteria records for an upcoming project. I was surprised to find that there isn't an immediately obvious way to do this from a user-generated script.    What I'm looking for is essentially the",
        "username": "ServiceNow Community : All Content - All Communities",
        "icons": {
            "image_36": "https:\/\/a.slack-edge.com\/66f9\/img\/services\/rss_36.png",
            "image_48": "https:\/\/a.slack-edge.com\/66f9\/img\/services\/rss_48.png",
            "image_72": "https:\/\/a.slack-edge.com\/205a\/img\/services\/rss_72.png"
        },
        "bot_id": "B0K75EKEC",
        "attachments": [
            {
                "title": "User criteria API | ServiceNow Community",
                "title_link": "https:\/\/community.servicenow.com\/thread\/221560",
                "text": "Hi Everyone, I was hoping to utilize user criteria records for an upcoming project. I was surprised to find that there isn't an immediately obvious way",
                "fallback": "User criteria API | ServiceNow Community",
                "from_url": "https:\/\/community.servicenow.com\/thread\/221560",
                "id": 1
            }
        ],
        "type": "message",
        "subtype": "bot_message",
        "ts": "1461523570.001438"
    },
    {
        "text": "<https:\/\/community.servicenow.com\/thread\/221568|Displaying group members in a UI page>\nHi Everyone,    I'm guessing\/hoping this is a question with a simple answer.    How can I display the members of a group in a UI page?    I currently display the name of the CI approver group like this on my catalog item:  ",
        "username": "ServiceNow Community : All Content - All Communities",
        "icons": {
            "image_36": "https:\/\/a.slack-edge.com\/66f9\/img\/services\/rss_36.png",
            "image_48": "https:\/\/a.slack-edge.com\/66f9\/img\/services\/rss_48.png",
            "image_72": "https:\/\/a.slack-edge.com\/205a\/img\/services\/rss_72.png"
        },
        "bot_id": "B0K75EKEC",
        "attachments": [
            {
                "title": "Displaying group members in a UI page | ServiceNow Community",
                "title_link": "https:\/\/community.servicenow.com\/thread\/221568",
                "text": "Hi Everyone, I'm guessing\/hoping this is a question with a simple answer. How can I display the members of a group in a UI page? I currently",
                "fallback": "Displaying group members in a UI page | ServiceNow Community",
                "from_url": "https:\/\/community.servicenow.com\/thread\/221568",
                "id": 1
            }
        ],
        "type": "message",
        "subtype": "bot_message",
        "ts": "1461523570.001439"
    },
    {
        "text": "<https:\/\/community.servicenow.com\/thread\/221561|Service Costing is an Enterprise Class Big Data Project>\nMature Service Management means tracking the cost,value, risk, quality and demand for services. Service Costing is often the first step on this journey, but many companies stumble , falter or just fail to launch. Here are the top things that prevent",
        "username": "ServiceNow Community : All Content - All Communities",
        "icons": {
            "image_36": "https:\/\/a.slack-edge.com\/66f9\/img\/services\/rss_36.png",
            "image_48": "https:\/\/a.slack-edge.com\/66f9\/img\/services\/rss_48.png",
            "image_72": "https:\/\/a.slack-edge.com\/205a\/img\/services\/rss_72.png"
        },
        "bot_id": "B0K75EKEC",
        "attachments": [
            {
                "title": "Service Costing is an Enterprise Class Big Data... | ServiceNow Community",
                "title_link": "https:\/\/community.servicenow.com\/thread\/221561",
                "text": "Mature Service Management means tracking the cost,value, risk, quality and demand for services. Service Costing is often the first step on this journey,",
                "fallback": "Service Costing is an Enterprise Class Big Data... | ServiceNow Community",
                "from_url": "https:\/\/community.servicenow.com\/thread\/221561",
                "id": 1
            }
        ],
        "type": "message",
        "subtype": "bot_message",
        "ts": "1461524470.001442"
    },
    {
        "text": "<https:\/\/community.servicenow.com\/blogs\/thavron\/2016\/04\/24\/service-costing-is-an-enterprise-class-big-data-project|Service Costing is an Enterprise Class Big Data Project>\nMature Service Management means tracking the cost,value, risk, quality and demand for services. Service Costing is often the first step on this journey, but many companies stumble , falter or just fail to launch. Here are the top things that prevent",
        "username": "ServiceNow Community : All Content - All Communities",
        "icons": {
            "image_36": "https:\/\/a.slack-edge.com\/66f9\/img\/services\/rss_36.png",
            "image_48": "https:\/\/a.slack-edge.com\/66f9\/img\/services\/rss_48.png",
            "image_72": "https:\/\/a.slack-edge.com\/205a\/img\/services\/rss_72.png"
        },
        "bot_id": "B0K75EKEC",
        "attachments": [
            {
                "title": "BS360: Service Costing is an Enterprise Class B... | ServiceNow Community",
                "title_link": "https:\/\/community.servicenow.com\/blogs\/thavron\/2016\/04\/24\/service-costing-is-an-enterprise-class-big-data-project",
                "text": "Mature Service Management means tracking the cost,value, risk, quality and demand for services. Service Costing is often the first step on this journey,",
                "fallback": "BS360: Service Costing is an Enterprise Class B... | ServiceNow Community",
                "from_url": "https:\/\/community.servicenow.com\/blogs\/thavron\/2016\/04\/24\/service-costing-is-an-enterprise-class-big-data-project",
                "id": 1
            }
        ],
        "type": "message",
        "subtype": "bot_message",
        "ts": "1461525369.001444"
    },
    {
        "text": "<https:\/\/community.servicenow.com\/thread\/221544|ServiceNow Project Training Guide>\nHello Project Subspace! Just wrapping up my second Project Go-Live, had to put together two training labs for PMs who had never touched the tool prior. Thought this might be useful for other starting off in the PM space.    Note that as you'd expect",
        "username": "ServiceNow Community : All Content - All Communities",
        "icons": {
            "image_36": "https:\/\/a.slack-edge.com\/66f9\/img\/services\/rss_36.png",
            "image_48": "https:\/\/a.slack-edge.com\/66f9\/img\/services\/rss_48.png",
            "image_72": "https:\/\/a.slack-edge.com\/205a\/img\/services\/rss_72.png"
        },
        "bot_id": "B0K75EKEC",
        "attachments": [
            {
                "title": "ServiceNow Project Training Guide | ServiceNow Community",
                "title_link": "https:\/\/community.servicenow.com\/thread\/221544",
                "text": "Hello Project Subspace! Just wrapping up my second Project Go-Live, had to put together two training labs for PMs who had never touched the tool prior.",
                "fallback": "ServiceNow Project Training Guide | ServiceNow Community",
                "from_url": "https:\/\/community.servicenow.com\/thread\/221544",
                "id": 1
            }
        ],
        "type": "message",
        "subtype": "bot_message",
        "ts": "1461527469.001446"
    },
    {
        "text": "<https:\/\/community.servicenow.com\/thread\/221545|SLA reset on record update>\nHi guys,  For reporting reasons (on follow up of CHG rec), we're trying to have an SLA reset everytime a CHG record is updated. (to ensure records aren't left too long without any update)  We've tried setting a retroactive start on update, reset",
        "username": "ServiceNow Community : All Content - All Communities",
        "icons": {
            "image_36": "https:\/\/a.slack-edge.com\/66f9\/img\/services\/rss_36.png",
            "image_48": "https:\/\/a.slack-edge.com\/66f9\/img\/services\/rss_48.png",
            "image_72": "https:\/\/a.slack-edge.com\/205a\/img\/services\/rss_72.png"
        },
        "bot_id": "B0K75EKEC",
        "attachments": [
            {
                "title": "SLA reset on record update | ServiceNow Community",
                "title_link": "https:\/\/community.servicenow.com\/thread\/221545",
                "text": "Hi guys, For reporting reasons (on follow up of CHG rec), we're trying to have an SLA reset everytime a CHG record is updated. (to ensure records aren't",
                "fallback": "SLA reset on record update | ServiceNow Community",
                "from_url": "https:\/\/community.servicenow.com\/thread\/221545",
                "id": 1
            }
        ],
        "type": "message",
        "subtype": "bot_message",
        "ts": "1461531368.001448"
    },
    {
        "text": "<https:\/\/community.servicenow.com\/thread\/221569|\"Call Center on Incident Management\" workflow always returns \"all agents are occupied\">\nI am trying to get incoming call to be assigned to one of the available members of the incident's assigned group.  Notify On-Call group is configured as \"Call Center for Incident Management\".    When I call twilio number, I choose \"1\" for existing",
        "username": "ServiceNow Community : All Content - All Communities",
        "icons": {
            "image_36": "https:\/\/a.slack-edge.com\/66f9\/img\/services\/rss_36.png",
            "image_48": "https:\/\/a.slack-edge.com\/66f9\/img\/services\/rss_48.png",
            "image_72": "https:\/\/a.slack-edge.com\/205a\/img\/services\/rss_72.png"
        },
        "bot_id": "B0K75EKEC",
        "attachments": [
            {
                "title": "\"Call Center on Incident Management\" workflow a... | ServiceNow Community",
                "title_link": "https:\/\/community.servicenow.com\/thread\/221569",
                "text": "I am trying to get incoming call to be assigned to one of the available members of the incident's assigned group. Notify On-Call group is configured as",
                "fallback": "\"Call Center on Incident Management\" workflow a... | ServiceNow Community",
                "from_url": "https:\/\/community.servicenow.com\/thread\/221569",
                "id": 1
            }
        ],
        "type": "message",
        "subtype": "bot_message",
        "ts": "1461540075.001450"
    },
    {
        "text": "<https:\/\/community.servicenow.com\/thread\/221563|I want to edit sites>\nHi,  I want to edit site but i don't know happenning on screen follow the image, what is it ?        Thanks,  Suchawadee",
        "username": "ServiceNow Community : All Content - All Communities",
        "icons": {
            "image_36": "https:\/\/a.slack-edge.com\/66f9\/img\/services\/rss_36.png",
            "image_48": "https:\/\/a.slack-edge.com\/66f9\/img\/services\/rss_48.png",
            "image_72": "https:\/\/a.slack-edge.com\/205a\/img\/services\/rss_72.png"
        },
        "bot_id": "B0K75EKEC",
        "attachments": [
            {
                "title": "I want to edit sites | ServiceNow Community",
                "title_link": "https:\/\/community.servicenow.com\/thread\/221563",
                "text": "Hi, I want to edit site but i don't know happenning on screen follow the image, what is it ? Thanks, Suchawadee",
                "fallback": "I want to edit sites | ServiceNow Community",
                "from_url": "https:\/\/community.servicenow.com\/thread\/221563",
                "id": 1
            }
        ],
        "type": "message",
        "subtype": "bot_message",
        "ts": "1461561369.001452"
    },
    {
        "text": "<https:\/\/community.servicenow.com\/community\/blogs\/blog\/2016\/04\/24\/using-incident-templates-on-calls|Using incident templates direct from calls>\nThis was one of my first post on my own blog and here comes an updated version of it. I've thrown out some client scripts etc.and build the functionality in business rules all together instead.    There isn't many things that I miss when we changed",
        "username": "ServiceNow Community : All Content - All Communities",
        "icons": {
            "image_36": "https:\/\/a.slack-edge.com\/66f9\/img\/services\/rss_36.png",
            "image_48": "https:\/\/a.slack-edge.com\/66f9\/img\/services\/rss_48.png",
            "image_72": "https:\/\/a.slack-edge.com\/205a\/img\/services\/rss_72.png"
        },
        "bot_id": "B0K75EKEC",
        "attachments": [
            {
                "title": "Blogs: Using incident templates direct from calls | ServiceNow Community",
                "title_link": "https:\/\/community.servicenow.com\/community\/blogs\/blog\/2016\/04\/24\/using-incident-templates-on-calls",
                "text": "This was one of my first post on my own blog and here comes an updated version of it. I've thrown out some client scripts etc.and build the functionality",
                "fallback": "Blogs: Using incident templates direct from calls | ServiceNow Community",
                "from_url": "https:\/\/community.servicenow.com\/community\/blogs\/blog\/2016\/04\/24\/using-incident-templates-on-calls",
                "id": 1
            }
        ],
        "type": "message",
        "subtype": "bot_message",
        "ts": "1461563169.001454"
    },
    {
        "text": "<https:\/\/community.servicenow.com\/thread\/221565|ComAround and ServiceNow integration>\nHi     Basic functionality lets you write something in «Short Description» and ServiceNow will automatically search in Knowledge Base, other incidents, problems, or changes that are relatetd to what’s written in «Short",
        "username": "ServiceNow Community : All Content - All Communities",
        "icons": {
            "image_36": "https:\/\/a.slack-edge.com\/66f9\/img\/services\/rss_36.png",
            "image_48": "https:\/\/a.slack-edge.com\/66f9\/img\/services\/rss_48.png",
            "image_72": "https:\/\/a.slack-edge.com\/205a\/img\/services\/rss_72.png"
        },
        "bot_id": "B0K75EKEC",
        "attachments": [
            {
                "title": "ComAround and ServiceNow integration | ServiceNow Community",
                "title_link": "https:\/\/community.servicenow.com\/thread\/221565",
                "text": "Hi Basic functionality lets you write something in «Short Description» and ServiceNow will automatically search in Knowledge Base, other incidents,",
                "fallback": "ComAround and ServiceNow integration | ServiceNow Community",
                "from_url": "https:\/\/community.servicenow.com\/thread\/221565",
                "id": 1
            }
        ],
        "type": "message",
        "subtype": "bot_message",
        "ts": "1461563170.001455"
    },
    {
        "text": "<https:\/\/community.servicenow.com\/thread\/221564|Why haven't my instance upgraded to Geneva yet?>\nHello,    I have upgraded my instance ServiceNow     Why haven't it been upgraded to Geneva and still looks like Fuji. I tried to <http:\/\/cache.do|cache.do> and empty my browser history but nothing worked. I logged in as admin and normal itil user. Is there a",
        "username": "ServiceNow Community : All Content - All Communities",
        "icons": {
            "image_36": "https:\/\/a.slack-edge.com\/66f9\/img\/services\/rss_36.png",
            "image_48": "https:\/\/a.slack-edge.com\/66f9\/img\/services\/rss_48.png",
            "image_72": "https:\/\/a.slack-edge.com\/205a\/img\/services\/rss_72.png"
        },
        "bot_id": "B0K75EKEC",
        "attachments": [
            {
                "title": "Why haven't my instance upgraded to Geneva yet? | ServiceNow Community",
                "title_link": "https:\/\/community.servicenow.com\/thread\/221564",
                "text": "Hello, I have upgraded my instance ServiceNow Why haven't it been upgraded to Geneva and still looks like Fuji. I tried to <http:\/\/cache.do|cache.do> and empty my",
                "fallback": "Why haven't my instance upgraded to Geneva yet? | ServiceNow Community",
                "from_url": "https:\/\/community.servicenow.com\/thread\/221564",
                "id": 1
            }
        ],
        "type": "message",
        "subtype": "bot_message",
        "ts": "1461563170.001456"
    },
    {
        "text": "<https:\/\/community.servicenow.com\/thread\/221570|Label became too simple>\nIn Geneva, labels of record producer become too simple without background color. Can we decorate it with some background color or font color?  Thanks.",
        "username": "ServiceNow Community : All Content - All Communities",
        "icons": {
            "image_36": "https:\/\/a.slack-edge.com\/66f9\/img\/services\/rss_36.png",
            "image_48": "https:\/\/a.slack-edge.com\/66f9\/img\/services\/rss_48.png",
            "image_72": "https:\/\/a.slack-edge.com\/205a\/img\/services\/rss_72.png"
        },
        "bot_id": "B0K75EKEC",
        "attachments": [
            {
                "title": "Label became too simple | ServiceNow Community",
                "title_link": "https:\/\/community.servicenow.com\/thread\/221570",
                "text": "In Geneva, labels of record producer become too simple without background color. Can we decorate it with some background color or font color? Thanks.",
                "fallback": "Label became too simple | ServiceNow Community",
                "from_url": "https:\/\/community.servicenow.com\/thread\/221570",
                "id": 1
            }
        ],
        "type": "message",
        "subtype": "bot_message",
        "ts": "1461564072.001460"
    },
    {
        "text": "<https:\/\/community.servicenow.com\/thread\/221534|How to get a detailed breakdown on response time for client scripts?>\nHi Everyone,    Does any one know how to get detailed breakdown on client scripts response time as it is shown on ServiceNow wiki.  I have captured the screenshot from wiki article as shown below.    Troubleshooting Performance - ServiceNow",
        "username": "ServiceNow Community : All Content - All Communities",
        "icons": {
            "image_36": "https:\/\/a.slack-edge.com\/66f9\/img\/services\/rss_36.png",
            "image_48": "https:\/\/a.slack-edge.com\/66f9\/img\/services\/rss_48.png",
            "image_72": "https:\/\/a.slack-edge.com\/205a\/img\/services\/rss_72.png"
        },
        "bot_id": "B0K75EKEC",
        "attachments": [
            {
                "title": "How to get a detailed breakdown on response tim... | ServiceNow Community",
                "title_link": "https:\/\/community.servicenow.com\/thread\/221534",
                "text": "Hi Everyone, Does any one know how to get detailed breakdown on client scripts response time as it is shown on ServiceNow wiki. I have captured the",
                "fallback": "How to get a detailed breakdown on response tim... | ServiceNow Community",
                "from_url": "https:\/\/community.servicenow.com\/thread\/221534",
                "id": 1
            }
        ],
        "type": "message",
        "subtype": "bot_message",
        "ts": "1461565273.001462"
    },
    {
        "text": "<https:\/\/community.servicenow.com\/thread\/221566|I am new. Doing Integration between Service-Now and Remedy.>\nI have 2 requirements.    1. Servicenow Inbound for Incident Record:              Third party is sending only employee number. Based  on that I need set Caller filed (Full name from User table)",
        "username": "ServiceNow Community : All Content - All Communities",
        "icons": {
            "image_36": "https:\/\/a.slack-edge.com\/66f9\/img\/services\/rss_36.png",
            "image_48": "https:\/\/a.slack-edge.com\/66f9\/img\/services\/rss_48.png",
            "image_72": "https:\/\/a.slack-edge.com\/205a\/img\/services\/rss_72.png"
        },
        "bot_id": "B0K75EKEC",
        "attachments": [
            {
                "title": "I am new. Doing Integration between Service-Now... | ServiceNow Community",
                "title_link": "https:\/\/community.servicenow.com\/thread\/221566",
                "text": "I have 2 requirements. 1. Servicenow Inbound for Incident Record:           Third party is sending only employee number. Based  on that I need set",
                "fallback": "I am new. Doing Integration between Service-Now... | ServiceNow Community",
                "from_url": "https:\/\/community.servicenow.com\/thread\/221566",
                "id": 1
            }
        ],
        "type": "message",
        "subtype": "bot_message",
        "ts": "1461567368.001464"
    },
    {
        "text": "<https:\/\/community.servicenow.com\/thread\/221535|How set value as like if caller set the then automatically on other field its show caller details \"like department ,mobile number \" and some other scenario please refer my screenshot.........>\nOn below screenshot details   1) I want to set value on user details if caller id (Name selected ) on that user details appear on user detials field (what I will use in this is this BR ,Clien Script or UI or something else)  Please provide script .",
        "username": "ServiceNow Community : All Content - All Communities",
        "icons": {
            "image_36": "https:\/\/a.slack-edge.com\/66f9\/img\/services\/rss_36.png",
            "image_48": "https:\/\/a.slack-edge.com\/66f9\/img\/services\/rss_48.png",
            "image_72": "https:\/\/a.slack-edge.com\/205a\/img\/services\/rss_72.png"
        },
        "bot_id": "B0K75EKEC",
        "attachments": [
            {
                "title": "How set value as like if caller set the then au... | ServiceNow Community",
                "title_link": "https:\/\/community.servicenow.com\/thread\/221535",
                "text": "On below screenshot details 1) I want to set value on user details if caller id (Name selected ) on that user details appear on user detials field (what",
                "fallback": "How set value as like if caller set the then au... | ServiceNow Community",
                "from_url": "https:\/\/community.servicenow.com\/thread\/221535",
                "id": 1
            }
        ],
        "type": "message",
        "subtype": "bot_message",
        "ts": "1461567368.001465"
    },
    {
        "text": "<https:\/\/community.servicenow.com\/thread\/221571|How to revert ACL settings to default>\nHi, I had done some changes in ACL setting on my instance and I forget where i did that. So is there is any option on service now that help me to revert back on default setting which service now provide.",
        "username": "ServiceNow Community : All Content - All Communities",
        "icons": {
            "image_36": "https:\/\/a.slack-edge.com\/66f9\/img\/services\/rss_36.png",
            "image_48": "https:\/\/a.slack-edge.com\/66f9\/img\/services\/rss_48.png",
            "image_72": "https:\/\/a.slack-edge.com\/205a\/img\/services\/rss_72.png"
        },
        "bot_id": "B0K75EKEC",
        "attachments": [
            {
                "title": "How to revert ACL settings to default | ServiceNow Community",
                "title_link": "https:\/\/community.servicenow.com\/thread\/221571",
                "text": "Hi, I had done some changes in ACL setting on my instance and I forget where i did that. So is there is any option on service now that help me to revert",
                "fallback": "How to revert ACL settings to default | ServiceNow Community",
                "from_url": "https:\/\/community.servicenow.com\/thread\/221571",
                "id": 1
            }
        ],
        "type": "message",
        "subtype": "bot_message",
        "ts": "1461567368.001467"
    },
    {
        "text": "<https:\/\/community.servicenow.com\/thread\/221567|Workflow not working>\nHi All,    All workflows associated to a service catalog no longer run no matter what condition. Initially I thought this may have been just an issue with our custom workflows, but even the the out of the box service catalog workflows will not",
        "username": "ServiceNow Community : All Content - All Communities",
        "icons": {
            "image_36": "https:\/\/a.slack-edge.com\/66f9\/img\/services\/rss_36.png",
            "image_48": "https:\/\/a.slack-edge.com\/66f9\/img\/services\/rss_48.png",
            "image_72": "https:\/\/a.slack-edge.com\/205a\/img\/services\/rss_72.png"
        },
        "bot_id": "B0K75EKEC",
        "attachments": [
            {
                "title": "Workflow not working | ServiceNow Community",
                "title_link": "https:\/\/community.servicenow.com\/thread\/221567",
                "text": "Hi All, All workflows associated to a service catalog no longer run no matter what condition. Initially I thought this may have been just an issue with",
                "fallback": "Workflow not working | ServiceNow Community",
                "from_url": "https:\/\/community.servicenow.com\/thread\/221567",
                "id": 1
            }
        ],
        "type": "message",
        "subtype": "bot_message",
        "ts": "1461567368.001468"
    }
]