[
    {
        "text": "<https:\/\/community.servicenow.com\/thread\/220770|workflow>\nhi. How i can set these values. Please, review the screenshots",
        "username": "ServiceNow Community : All Content - All Communities",
        "icons": {
            "image_36": "https:\/\/a.slack-edge.com\/66f9\/img\/services\/rss_36.png",
            "image_48": "https:\/\/a.slack-edge.com\/66f9\/img\/services\/rss_48.png",
            "image_72": "https:\/\/a.slack-edge.com\/205a\/img\/services\/rss_72.png"
        },
        "bot_id": "B0K75EKEC",
        "attachments": [
            {
                "title": "workflow | ServiceNow Community",
                "title_link": "https:\/\/community.servicenow.com\/thread\/220770",
                "text": "hi. How i can set these values. Please, review the screenshots",
                "fallback": "workflow | ServiceNow Community",
                "from_url": "https:\/\/community.servicenow.com\/thread\/220770",
                "id": 1
            }
        ],
        "type": "message",
        "subtype": "bot_message",
        "ts": "1460823672.000002"
    },
    {
        "text": "<https:\/\/community.servicenow.com\/thread\/220773|application table>\nHi. Please view this scrrenshot. I create calculator application. The choices in symbols are + - * and \/  . I want to relate results with number1, number 2 and symbols. I want to generate simple calculator action. I know that i need to apply basic",
        "username": "ServiceNow Community : All Content - All Communities",
        "icons": {
            "image_36": "https:\/\/a.slack-edge.com\/66f9\/img\/services\/rss_36.png",
            "image_48": "https:\/\/a.slack-edge.com\/66f9\/img\/services\/rss_48.png",
            "image_72": "https:\/\/a.slack-edge.com\/205a\/img\/services\/rss_72.png"
        },
        "bot_id": "B0K75EKEC",
        "attachments": [
            {
                "title": "application table | ServiceNow Community",
                "title_link": "https:\/\/community.servicenow.com\/thread\/220773",
                "text": "Hi. Please view this scrrenshot. I create calculator application. The choices in symbols are + - * and \/  . I want to relate results with number1, number",
                "fallback": "application table | ServiceNow Community",
                "from_url": "https:\/\/community.servicenow.com\/thread\/220773",
                "id": 1
            }
        ],
        "type": "message",
        "subtype": "bot_message",
        "ts": "1460829371.000004"
    },
    {
        "text": "<https:\/\/community.servicenow.com\/thread\/220774|MID server>\nHi. How i can use MID server on practise. Please, write some basic actions which i can apply. I already activated my mid server.",
        "username": "ServiceNow Community : All Content - All Communities",
        "icons": {
            "image_36": "https:\/\/a.slack-edge.com\/66f9\/img\/services\/rss_36.png",
            "image_48": "https:\/\/a.slack-edge.com\/66f9\/img\/services\/rss_48.png",
            "image_72": "https:\/\/a.slack-edge.com\/205a\/img\/services\/rss_72.png"
        },
        "bot_id": "B0K75EKEC",
        "attachments": [
            {
                "title": "MID server | ServiceNow Community",
                "title_link": "https:\/\/community.servicenow.com\/thread\/220774",
                "text": "Hi. How i can use MID server on practise. Please, write some basic actions which i can apply. I already activated my mid server.",
                "fallback": "MID server | ServiceNow Community",
                "from_url": "https:\/\/community.servicenow.com\/thread\/220774",
                "id": 1
            }
        ],
        "type": "message",
        "subtype": "bot_message",
        "ts": "1460831173.000006"
    },
    {
        "text": "<https:\/\/community.servicenow.com\/thread\/220779|I am unable to access my developer instance>\nI am unable to access my developer instance 13112. It just displays the top banner and keeps loading and loading forever.  Please help me resolve this issue and get me the access. I also tried doing flushing the cache instance but no luck.    Thank",
        "username": "ServiceNow Community : All Content - All Communities",
        "icons": {
            "image_36": "https:\/\/a.slack-edge.com\/66f9\/img\/services\/rss_36.png",
            "image_48": "https:\/\/a.slack-edge.com\/66f9\/img\/services\/rss_48.png",
            "image_72": "https:\/\/a.slack-edge.com\/205a\/img\/services\/rss_72.png"
        },
        "bot_id": "B0K75EKEC",
        "attachments": [
            {
                "title": "I am unable to access my developer instance | ServiceNow Community",
                "title_link": "https:\/\/community.servicenow.com\/thread\/220779",
                "text": "I am unable to access my developer instance 13112. It just displays the top banner and keeps loading and loading forever. Please help me resolve this",
                "fallback": "I am unable to access my developer instance | ServiceNow Community",
                "from_url": "https:\/\/community.servicenow.com\/thread\/220779",
                "id": 1
            }
        ],
        "type": "message",
        "subtype": "bot_message",
        "ts": "1460833273.000008"
    },
    {
        "text": "<https:\/\/community.servicenow.com\/thread\/220766|How populate the field with the user who changed the state>\nHello Experts,    I create one field on incident form named as Assigned By, this is read only and i used type as reference i.e sys_uesr to the field.  So How to populate the Assigned By field value with the user who changed the state from \"New\" by",
        "username": "ServiceNow Community : All Content - All Communities",
        "icons": {
            "image_36": "https:\/\/a.slack-edge.com\/66f9\/img\/services\/rss_36.png",
            "image_48": "https:\/\/a.slack-edge.com\/66f9\/img\/services\/rss_48.png",
            "image_72": "https:\/\/a.slack-edge.com\/205a\/img\/services\/rss_72.png"
        },
        "bot_id": "B0K75EKEC",
        "attachments": [
            {
                "title": "How populate the field with the user who change... | ServiceNow Community",
                "title_link": "https:\/\/community.servicenow.com\/thread\/220766",
                "text": "Hello Experts, I create one field on incident form named as Assigned By, this is read only and i used type as reference i.e sys_uesr to the field. So",
                "fallback": "How populate the field with the user who change... | ServiceNow Community",
                "from_url": "https:\/\/community.servicenow.com\/thread\/220766",
                "id": 1
            }
        ],
        "type": "message",
        "subtype": "bot_message",
        "ts": "1460834171.000010"
    },
    {
        "text": "<https:\/\/community.servicenow.com\/thread\/220752|Display parent attachments in sc_task>\nI want to make sure that attachments from a request item are visible on tasks.  I know I can easily copy them to the tasks, but unnecessary duplication and synchronizing issues make this less desirable.  I could display an info message with a link to any",
        "username": "ServiceNow Community : All Content - All Communities",
        "icons": {
            "image_36": "https:\/\/a.slack-edge.com\/66f9\/img\/services\/rss_36.png",
            "image_48": "https:\/\/a.slack-edge.com\/66f9\/img\/services\/rss_48.png",
            "image_72": "https:\/\/a.slack-edge.com\/205a\/img\/services\/rss_72.png"
        },
        "bot_id": "B0K75EKEC",
        "attachments": [
            {
                "title": "Display parent attachments in sc_task | ServiceNow Community",
                "title_link": "https:\/\/community.servicenow.com\/thread\/220752",
                "text": "I want to make sure that attachments from a request item are visible on tasks. I know I can easily copy them to the tasks, but unnecessary duplication",
                "fallback": "Display parent attachments in sc_task | ServiceNow Community",
                "from_url": "https:\/\/community.servicenow.com\/thread\/220752",
                "id": 1
            }
        ],
        "type": "message",
        "subtype": "bot_message",
        "ts": "1460836869.000012"
    },
    {
        "text": "<https:\/\/community.servicenow.com\/thread\/220780|Workflow issue>\nHi All,    I have a workflow on a form field(boolean) which makes it false after 5 secs.  The problem is first time it resets it properly and second time onwards it dont. Does it just run once?",
        "username": "ServiceNow Community : All Content - All Communities",
        "icons": {
            "image_36": "https:\/\/a.slack-edge.com\/66f9\/img\/services\/rss_36.png",
            "image_48": "https:\/\/a.slack-edge.com\/66f9\/img\/services\/rss_48.png",
            "image_72": "https:\/\/a.slack-edge.com\/205a\/img\/services\/rss_72.png"
        },
        "bot_id": "B0K75EKEC",
        "attachments": [
            {
                "title": "Workflow issue | ServiceNow Community",
                "title_link": "https:\/\/community.servicenow.com\/thread\/220780",
                "text": "Hi All, I have a workflow on a form field(boolean) which makes it false after 5 secs. The problem is first time it resets it properly and second time",
                "fallback": "Workflow issue | ServiceNow Community",
                "from_url": "https:\/\/community.servicenow.com\/thread\/220780",
                "id": 1
            }
        ],
        "type": "message",
        "subtype": "bot_message",
        "ts": "1460838672.000014"
    },
    {
        "text": "<https:\/\/community.servicenow.com\/thread\/220775|Reply Failure message - Inbound email actions>\nHi All    I am new to ServiceNow and currently kind of exploring new things...    I have gone through inbound email actions and we want to restrict users to send email with specific subject line e.g \"Submit Incident\", \"Submit Problem\" etc below",
        "username": "ServiceNow Community : All Content - All Communities",
        "icons": {
            "image_36": "https:\/\/a.slack-edge.com\/66f9\/img\/services\/rss_36.png",
            "image_48": "https:\/\/a.slack-edge.com\/66f9\/img\/services\/rss_48.png",
            "image_72": "https:\/\/a.slack-edge.com\/205a\/img\/services\/rss_72.png"
        },
        "bot_id": "B0K75EKEC",
        "attachments": [
            {
                "title": "Reply Failure message - Inbound email actions | ServiceNow Community",
                "title_link": "https:\/\/community.servicenow.com\/thread\/220775",
                "text": "Hi All I am new to ServiceNow and currently kind of exploring new things... I have gone through inbound email actions and we want to restrict users",
                "fallback": "Reply Failure message - Inbound email actions | ServiceNow Community",
                "from_url": "https:\/\/community.servicenow.com\/thread\/220775",
                "id": 1
            }
        ],
        "type": "message",
        "subtype": "bot_message",
        "ts": "1460843471.000016"
    },
    {
        "text": "<https:\/\/community.servicenow.com\/thread\/220776|Reference qualifier slowness>\nIn Department table we have company, department name , cost center and GL code fields.  Requirement is to create a catalog for tool request. I added some variables into the record producer and in that Department , Cost Center and GL code is also added as",
        "username": "ServiceNow Community : All Content - All Communities",
        "icons": {
            "image_36": "https:\/\/a.slack-edge.com\/66f9\/img\/services\/rss_36.png",
            "image_48": "https:\/\/a.slack-edge.com\/66f9\/img\/services\/rss_48.png",
            "image_72": "https:\/\/a.slack-edge.com\/205a\/img\/services\/rss_72.png"
        },
        "bot_id": "B0K75EKEC",
        "attachments": [
            {
                "title": "Reference qualifier slowness | ServiceNow Community",
                "title_link": "https:\/\/community.servicenow.com\/thread\/220776",
                "text": "In Department table we have company, department name , cost center and GL code fields. Requirement is to create a catalog for tool request. I added some",
                "fallback": "Reference qualifier slowness | ServiceNow Community",
                "from_url": "https:\/\/community.servicenow.com\/thread\/220776",
                "id": 1
            }
        ],
        "type": "message",
        "subtype": "bot_message",
        "ts": "1460844368.000018"
    },
    {
        "text": "<https:\/\/community.servicenow.com\/thread\/220753|Geneva Global Text Search - Keep Expanded?>\nWith the Geneva release, you have to click the Global Test Search (hourglass) to expand it before you can type into the search field. Has anyone found a way to just keep it expanded? It's annoying to have to click twice every time you want to search.",
        "username": "ServiceNow Community : All Content - All Communities",
        "icons": {
            "image_36": "https:\/\/a.slack-edge.com\/66f9\/img\/services\/rss_36.png",
            "image_48": "https:\/\/a.slack-edge.com\/66f9\/img\/services\/rss_48.png",
            "image_72": "https:\/\/a.slack-edge.com\/205a\/img\/services\/rss_72.png"
        },
        "bot_id": "B0K75EKEC",
        "attachments": [
            {
                "title": "Geneva Global Text Search - Keep Expanded? | ServiceNow Community",
                "title_link": "https:\/\/community.servicenow.com\/thread\/220753",
                "text": "With the Geneva release, you have to click the Global Test Search (hourglass) to expand it before you can type into the search field. Has anyone found a",
                "fallback": "Geneva Global Text Search - Keep Expanded? | ServiceNow Community",
                "from_url": "https:\/\/community.servicenow.com\/thread\/220753",
                "id": 1
            }
        ],
        "type": "message",
        "subtype": "bot_message",
        "ts": "1460857274.000020"
    },
    {
        "text": "<https:\/\/community.servicenow.com\/thread\/220777|Copy 'Related List' items, and remove duplicates.>\nHello,    I found the code below to copy the 'Affected CI's' (related list) to a new Incident record.  However, I believe there is rule\/action that always copies\/updates the Affected CI's related list with the current cmdb_ci value of the",
        "username": "ServiceNow Community : All Content - All Communities",
        "icons": {
            "image_36": "https:\/\/a.slack-edge.com\/66f9\/img\/services\/rss_36.png",
            "image_48": "https:\/\/a.slack-edge.com\/66f9\/img\/services\/rss_48.png",
            "image_72": "https:\/\/a.slack-edge.com\/205a\/img\/services\/rss_72.png"
        },
        "bot_id": "B0K75EKEC",
        "attachments": [
            {
                "title": "Copy 'Related List' items, and remove duplicates. | ServiceNow Community",
                "title_link": "https:\/\/community.servicenow.com\/thread\/220777",
                "text": "Hello,  I found the code below to copy the 'Affected CI's' (related list) to a new Incident record.  However, I believe there is rule\/action that always",
                "fallback": "Copy 'Related List' items, and remove duplicates. | ServiceNow Community",
                "from_url": "https:\/\/community.servicenow.com\/thread\/220777",
                "id": 1
            }
        ],
        "type": "message",
        "subtype": "bot_message",
        "ts": "1460863872.000022"
    },
    {
        "text": "<https:\/\/community.servicenow.com\/thread\/220788|How to set catalog variable value in the UI macro>\nHi Team,    I am using order guide and based on selection of the variable i wanna add the items the choose option(Using rule base to select items).  Here in order guide, i have created UI macro variable, In that i have check box with Image.  ",
        "username": "ServiceNow Community : All Content - All Communities",
        "icons": {
            "image_36": "https:\/\/a.slack-edge.com\/66f9\/img\/services\/rss_36.png",
            "image_48": "https:\/\/a.slack-edge.com\/66f9\/img\/services\/rss_48.png",
            "image_72": "https:\/\/a.slack-edge.com\/205a\/img\/services\/rss_72.png"
        },
        "bot_id": "B0K75EKEC",
        "attachments": [
            {
                "title": "How to set catalog variable value in the UI macro | ServiceNow Community",
                "title_link": "https:\/\/community.servicenow.com\/thread\/220788",
                "text": "Hi Team, I am using order guide and based on selection of the variable i wanna add the items the choose option(Using rule base to select items). Here",
                "fallback": "How to set catalog variable value in the UI macro | ServiceNow Community",
                "from_url": "https:\/\/community.servicenow.com\/thread\/220788",
                "id": 1
            }
        ],
        "type": "message",
        "subtype": "bot_message",
        "ts": "1460870467.000024"
    },
    {
        "text": "<https:\/\/community.servicenow.com\/thread\/220767|how can we create multiple selection field in record producer and map with table field having multiple selection>\nhi,  Thanks in advance   I have to create a field with multiple selection option(Eg: if a field having 4 options we have to select two or three or all four at a time but its not like list selection it should be like multiple check box selection at a",
        "username": "ServiceNow Community : All Content - All Communities",
        "icons": {
            "image_36": "https:\/\/a.slack-edge.com\/66f9\/img\/services\/rss_36.png",
            "image_48": "https:\/\/a.slack-edge.com\/66f9\/img\/services\/rss_48.png",
            "image_72": "https:\/\/a.slack-edge.com\/205a\/img\/services\/rss_72.png"
        },
        "bot_id": "B0K75EKEC",
        "attachments": [
            {
                "title": "how can we create multiple selection field in r... | ServiceNow Community",
                "title_link": "https:\/\/community.servicenow.com\/thread\/220767",
                "text": "hi, Thanks in advance I have to create a field with multiple selection option(Eg: if a field having 4 options we have to select two or three or all",
                "fallback": "how can we create multiple selection field in r... | ServiceNow Community",
                "from_url": "https:\/\/community.servicenow.com\/thread\/220767",
                "id": 1
            }
        ],
        "type": "message",
        "subtype": "bot_message",
        "ts": "1460876169.000026"
    }
]