[
    {
        "text": "<https:\/\/community.servicenow.com\/thread\/221514|how to pass value from function to another in script include>\nHi all ,    I am trying to fetch a value from one function to another,      here is my code    var CatalogDynamicValueTest = Class.create();  \/\/var blueId={};  CatalogDynamicValueTest.prototype = {         ",
        "username": "ServiceNow Community : All Content - All Communities",
        "icons": {
            "image_36": "https:\/\/a.slack-edge.com\/66f9\/img\/services\/rss_36.png",
            "image_48": "https:\/\/a.slack-edge.com\/66f9\/img\/services\/rss_48.png",
            "image_72": "https:\/\/a.slack-edge.com\/205a\/img\/services\/rss_72.png"
        },
        "bot_id": "B0K75EKEC",
        "attachments": [
            {
                "title": "how to pass value from function to another in s... | ServiceNow Community",
                "title_link": "https:\/\/community.servicenow.com\/thread\/221514",
                "text": "Hi all , I am trying to fetch a value from one function to another, here is my code var CatalogDynamicValueTest = Class.create(); \/\/var",
                "fallback": "how to pass value from function to another in s... | ServiceNow Community",
                "from_url": "https:\/\/community.servicenow.com\/thread\/221514",
                "id": 1
            }
        ],
        "type": "message",
        "subtype": "bot_message",
        "ts": "1461395473.001392"
    },
    {
        "text": "<https:\/\/community.servicenow.com\/thread\/221550|Self Service View Help>\nHi Everyone!!  I want to set no role user( ess user) (ie user without any roles in the user table) should be set Self Service View for Request.  This was working fine before that both Incident and Request from self service i can see both record view are",
        "username": "ServiceNow Community : All Content - All Communities",
        "icons": {
            "image_36": "https:\/\/a.slack-edge.com\/66f9\/img\/services\/rss_36.png",
            "image_48": "https:\/\/a.slack-edge.com\/66f9\/img\/services\/rss_48.png",
            "image_72": "https:\/\/a.slack-edge.com\/205a\/img\/services\/rss_72.png"
        },
        "bot_id": "B0K75EKEC",
        "attachments": [
            {
                "title": "Self Service View Help | ServiceNow Community",
                "title_link": "https:\/\/community.servicenow.com\/thread\/221550",
                "text": "Hi Everyone!! I want to set no role user( ess user) (ie user without any roles in the user table) should be set Self Service View for Request. This was",
                "fallback": "Self Service View Help | ServiceNow Community",
                "from_url": "https:\/\/community.servicenow.com\/thread\/221550",
                "id": 1
            }
        ],
        "type": "message",
        "subtype": "bot_message",
        "ts": "1461403270.001394"
    },
    {
        "text": "<https:\/\/community.servicenow.com\/thread\/221540|Survey notification>\nHi, I have to send a notification to the user if he didnt respond to the survey notification, in 2 days. We use both surveys and am looking for a way to achieve this. Can someone please help me in this?   Ex: Lets say an user's request is resolved. When",
        "username": "ServiceNow Community : All Content - All Communities",
        "icons": {
            "image_36": "https:\/\/a.slack-edge.com\/66f9\/img\/services\/rss_36.png",
            "image_48": "https:\/\/a.slack-edge.com\/66f9\/img\/services\/rss_48.png",
            "image_72": "https:\/\/a.slack-edge.com\/205a\/img\/services\/rss_72.png"
        },
        "bot_id": "B0K75EKEC",
        "attachments": [
            {
                "title": "Survey notification | ServiceNow Community",
                "title_link": "https:\/\/community.servicenow.com\/thread\/221540",
                "text": "Hi, I have to send a notification to the user if he didnt respond to the survey notification, in 2 days. We use both surveys and am looking for a way to",
                "fallback": "Survey notification | ServiceNow Community",
                "from_url": "https:\/\/community.servicenow.com\/thread\/221540",
                "id": 1
            }
        ],
        "type": "message",
        "subtype": "bot_message",
        "ts": "1461404172.001396"
    },
    {
        "text": "<https:\/\/community.servicenow.com\/blogs\/deepakingale\/2016\/04\/23\/servicenow-orchestration-and-powershell-setup-your-virtual-ad-server|ServiceNow Orchestration and Powershell :  Setup your virtual AD server>\nMicrosoft has built a very Powerful scripting interface \"PowerShell\" . We can not only interact with windows server but also with the other infrastructure related components like VMware, NetApp storage.  The only thing we require is to add cmdlets",
        "username": "ServiceNow Community : All Content - All Communities",
        "icons": {
            "image_36": "https:\/\/a.slack-edge.com\/66f9\/img\/services\/rss_36.png",
            "image_48": "https:\/\/a.slack-edge.com\/66f9\/img\/services\/rss_48.png",
            "image_72": "https:\/\/a.slack-edge.com\/205a\/img\/services\/rss_72.png"
        },
        "bot_id": "B0K75EKEC",
        "attachments": [
            {
                "title": "Deepak Ingale's Blog: ServiceNow Orchestration ... | ServiceNow Community",
                "title_link": "https:\/\/community.servicenow.com\/blogs\/deepakingale\/2016\/04\/23\/servicenow-orchestration-and-powershell-setup-your-virtual-ad-server",
                "text": "Microsoft has built a very Powerful scripting interface \"PowerShell\" . We can not only interact with windows server but also with the other infrastructure",
                "fallback": "Deepak Ingale's Blog: ServiceNow Orchestration ... | ServiceNow Community",
                "from_url": "https:\/\/community.servicenow.com\/blogs\/deepakingale\/2016\/04\/23\/servicenow-orchestration-and-powershell-setup-your-virtual-ad-server",
                "id": 1
            }
        ],
        "type": "message",
        "subtype": "bot_message",
        "ts": "1461411073.001398"
    },
    {
        "text": "<https:\/\/community.servicenow.com\/thread\/221541|Outbound SOAP message - variable substitution and scripting.>\nHello all,    I'm writing a business rule to generate an outbound SOAP message to a third party.   I've generated a SOAP message function using the WSDL provided by the third party.   I want to use setStringParameter() to set the value of variables,",
        "username": "ServiceNow Community : All Content - All Communities",
        "icons": {
            "image_36": "https:\/\/a.slack-edge.com\/66f9\/img\/services\/rss_36.png",
            "image_48": "https:\/\/a.slack-edge.com\/66f9\/img\/services\/rss_48.png",
            "image_72": "https:\/\/a.slack-edge.com\/205a\/img\/services\/rss_72.png"
        },
        "bot_id": "B0K75EKEC",
        "attachments": [
            {
                "title": "Outbound SOAP message - variable substitution a... | ServiceNow Community",
                "title_link": "https:\/\/community.servicenow.com\/thread\/221541",
                "text": "Hello all, I'm writing a business rule to generate an outbound SOAP message to a third party. I've generated a SOAP message function using the WSDL",
                "fallback": "Outbound SOAP message - variable substitution a... | ServiceNow Community",
                "from_url": "https:\/\/community.servicenow.com\/thread\/221541",
                "id": 1
            }
        ],
        "type": "message",
        "subtype": "bot_message",
        "ts": "1461418268.001400"
    },
    {
        "text": "<https:\/\/community.servicenow.com\/thread\/221551|Hi, Question regarding, How to generate a child ticket automatically ?>\nI am trying to generate a child ticket when an incident is generated by using the schedule job?. I tried to right some business rule on schedule job, but it's not working properly.     Should i right a business rule on incident table or on the",
        "username": "ServiceNow Community : All Content - All Communities",
        "icons": {
            "image_36": "https:\/\/a.slack-edge.com\/66f9\/img\/services\/rss_36.png",
            "image_48": "https:\/\/a.slack-edge.com\/66f9\/img\/services\/rss_48.png",
            "image_72": "https:\/\/a.slack-edge.com\/205a\/img\/services\/rss_72.png"
        },
        "bot_id": "B0K75EKEC",
        "attachments": [
            {
                "title": "Hi, Question regarding, How to generate a child... | ServiceNow Community",
                "title_link": "https:\/\/community.servicenow.com\/thread\/221551",
                "text": "I am trying to generate a child ticket when an incident is generated by using the schedule job?. I tried to right some business rule on schedule job, but",
                "fallback": "Hi, Question regarding, How to generate a child... | ServiceNow Community",
                "from_url": "https:\/\/community.servicenow.com\/thread\/221551",
                "id": 1
            }
        ],
        "type": "message",
        "subtype": "bot_message",
        "ts": "1461429969.001402"
    },
    {
        "text": "<https:\/\/community.servicenow.com\/thread\/221552|Is there a State Government Special Interest Group?>\nWas looking for SIG like Knowledge Mgmt that is targeted towards State Government on the Community. Looking to connect with other State Government entities and need help to connect.   thanks",
        "username": "ServiceNow Community : All Content - All Communities",
        "icons": {
            "image_36": "https:\/\/a.slack-edge.com\/66f9\/img\/services\/rss_36.png",
            "image_48": "https:\/\/a.slack-edge.com\/66f9\/img\/services\/rss_48.png",
            "image_72": "https:\/\/a.slack-edge.com\/205a\/img\/services\/rss_72.png"
        },
        "bot_id": "B0K75EKEC",
        "attachments": [
            {
                "title": "Is there a State Government Special Interest Gr... | ServiceNow Community",
                "title_link": "https:\/\/community.servicenow.com\/thread\/221552",
                "text": "Was looking for SIG like Knowledge Mgmt that is targeted towards State Government on the Community. Looking to connect with other State Government",
                "fallback": "Is there a State Government Special Interest Gr... | ServiceNow Community",
                "from_url": "https:\/\/community.servicenow.com\/thread\/221552",
                "id": 1
            }
        ],
        "type": "message",
        "subtype": "bot_message",
        "ts": "1461430870.001404"
    },
    {
        "text": "<https:\/\/community.servicenow.com\/thread\/221553|Service Interruption: This instance is unavailable.>\nWhats wrong with my instance? Its down for past 2-3 days now.",
        "username": "ServiceNow Community : All Content - All Communities",
        "icons": {
            "image_36": "https:\/\/a.slack-edge.com\/66f9\/img\/services\/rss_36.png",
            "image_48": "https:\/\/a.slack-edge.com\/66f9\/img\/services\/rss_48.png",
            "image_72": "https:\/\/a.slack-edge.com\/205a\/img\/services\/rss_72.png"
        },
        "bot_id": "B0K75EKEC",
        "attachments": [
            {
                "title": "Service Interruption: This instance is unavaila... | ServiceNow Community",
                "title_link": "https:\/\/community.servicenow.com\/thread\/221553",
                "text": "Whats wrong with my instance? Its down for past 2-3 days now.",
                "fallback": "Service Interruption: This instance is unavaila... | ServiceNow Community",
                "from_url": "https:\/\/community.servicenow.com\/thread\/221553",
                "id": 1
            }
        ],
        "type": "message",
        "subtype": "bot_message",
        "ts": "1461436869.001406"
    },
    {
        "text": "<https:\/\/community.servicenow.com\/thread\/221555|Change Freeze Scheduling - What are your Best practices around growth and stability?>\nInterested in comparing notes\/benchmarking around the topic of change window be\/change freeze practice, to promote stability, primarily around key activities such as enterprise financial close.     Do you implement a change freeze? How many days for",
        "username": "ServiceNow Community : All Content - All Communities",
        "icons": {
            "image_36": "https:\/\/a.slack-edge.com\/66f9\/img\/services\/rss_36.png",
            "image_48": "https:\/\/a.slack-edge.com\/66f9\/img\/services\/rss_48.png",
            "image_72": "https:\/\/a.slack-edge.com\/205a\/img\/services\/rss_72.png"
        },
        "bot_id": "B0K75EKEC",
        "attachments": [
            {
                "title": "Change Freeze Scheduling - What are your Best p... | ServiceNow Community",
                "title_link": "https:\/\/community.servicenow.com\/thread\/221555",
                "text": "Interested in comparing notes\/benchmarking around the topic of change window be\/change freeze practice, to promote stability, primarily around key",
                "fallback": "Change Freeze Scheduling - What are your Best p... | ServiceNow Community",
                "from_url": "https:\/\/community.servicenow.com\/thread\/221555",
                "id": 1
            }
        ],
        "type": "message",
        "subtype": "bot_message",
        "ts": "1461440474.001408"
    },
    {
        "text": "<https:\/\/community.servicenow.com\/thread\/221542|doesn't email.addAddress() work for email client templates?>\nI'm having a problem with mail script and email client templates.    For example if I have a mail_script that just looks like this:    (function runMailScript(current, template, email, email_action, event) {  template.print(\"my testing\");",
        "username": "ServiceNow Community : All Content - All Communities",
        "icons": {
            "image_36": "https:\/\/a.slack-edge.com\/66f9\/img\/services\/rss_36.png",
            "image_48": "https:\/\/a.slack-edge.com\/66f9\/img\/services\/rss_48.png",
            "image_72": "https:\/\/a.slack-edge.com\/205a\/img\/services\/rss_72.png"
        },
        "bot_id": "B0K75EKEC",
        "attachments": [
            {
                "title": "doesn't email.addAddress() work for email clien... | ServiceNow Community",
                "title_link": "https:\/\/community.servicenow.com\/thread\/221542",
                "text": "I'm having a problem with mail script and email client templates. For example if I have a mail_script that just looks like this: (function",
                "fallback": "doesn't email.addAddress() work for email clien... | ServiceNow Community",
                "from_url": "https:\/\/community.servicenow.com\/thread\/221542",
                "id": 1
            }
        ],
        "type": "message",
        "subtype": "bot_message",
        "ts": "1461444370.001410"
    },
    {
        "text": "<https:\/\/community.servicenow.com\/docs\/DOC-4942|Featured Knowledge Alumni: Eric Braun>\nEric Braun | 6th year of Knowledge    Senior Services Architect | Logicalis            Eric Braun's Profile | ServiceNow Community       Which year of Knowledge was your favorite, and why?",
        "username": "ServiceNow Community : All Content - All Communities",
        "icons": {
            "image_36": "https:\/\/a.slack-edge.com\/66f9\/img\/services\/rss_36.png",
            "image_48": "https:\/\/a.slack-edge.com\/66f9\/img\/services\/rss_48.png",
            "image_72": "https:\/\/a.slack-edge.com\/205a\/img\/services\/rss_72.png"
        },
        "bot_id": "B0K75EKEC",
        "attachments": [
            {
                "title": "Featured Knowledge Alumni: Eric Braun | ServiceNow Community",
                "title_link": "https:\/\/community.servicenow.com\/docs\/DOC-4942",
                "text": "Eric Braun | 6th year of Knowledge    Senior Services Architect | Logicalis         Eric Braun's Profile | ServiceNow Community Which year of",
                "fallback": "Featured Knowledge Alumni: Eric Braun | ServiceNow Community",
                "from_url": "https:\/\/community.servicenow.com\/docs\/DOC-4942",
                "id": 1
            }
        ],
        "type": "message",
        "subtype": "bot_message",
        "ts": "1461455172.001412"
    },
    {
        "text": "<https:\/\/community.servicenow.com\/docs\/DOC-4943|Featured Knowledge Alumni: Robert Fedoruk>\nRobert Fedoruk | 6th year of Knowledge     Founder | WolfPack Cloud Services        Robert Fedoruk's Profile | ServiceNow Community       Which year of Knowledge was your favorite, and why?   ",
        "username": "ServiceNow Community : All Content - All Communities",
        "icons": {
            "image_36": "https:\/\/a.slack-edge.com\/66f9\/img\/services\/rss_36.png",
            "image_48": "https:\/\/a.slack-edge.com\/66f9\/img\/services\/rss_48.png",
            "image_72": "https:\/\/a.slack-edge.com\/205a\/img\/services\/rss_72.png"
        },
        "bot_id": "B0K75EKEC",
        "attachments": [
            {
                "title": "Featured Knowledge Alumni: Robert Fedoruk | ServiceNow Community",
                "title_link": "https:\/\/community.servicenow.com\/docs\/DOC-4943",
                "text": "Robert Fedoruk | 6th year of Knowledge     Founder | WolfPack Cloud Services     Robert Fedoruk's Profile | ServiceNow Community Which year of",
                "fallback": "Featured Knowledge Alumni: Robert Fedoruk | ServiceNow Community",
                "from_url": "https:\/\/community.servicenow.com\/docs\/DOC-4943",
                "id": 1
            }
        ],
        "type": "message",
        "subtype": "bot_message",
        "ts": "1461455173.001413"
    },
    {
        "text": "<https:\/\/community.servicenow.com\/docs\/DOC-4944|Featuring Knowledge first timer: Richard Lauderbaugh>\n    Richard Lauderbaugh | First time attendee               Systems Analyst | Ohio Health  ",
        "username": "ServiceNow Community : All Content - All Communities",
        "icons": {
            "image_36": "https:\/\/a.slack-edge.com\/66f9\/img\/services\/rss_36.png",
            "image_48": "https:\/\/a.slack-edge.com\/66f9\/img\/services\/rss_48.png",
            "image_72": "https:\/\/a.slack-edge.com\/205a\/img\/services\/rss_72.png"
        },
        "bot_id": "B0K75EKEC",
        "attachments": [
            {
                "title": "Featuring Knowledge first timer: Richard Lauder... | ServiceNow Community",
                "title_link": "https:\/\/community.servicenow.com\/docs\/DOC-4944",
                "text": "Richard Lauderbaugh | First time attendee               Systems Analyst | Ohio Health                      Richard Lauderbaugh's Profile | ServiceNow",
                "fallback": "Featuring Knowledge first timer: Richard Lauder... | ServiceNow Community",
                "from_url": "https:\/\/community.servicenow.com\/docs\/DOC-4944",
                "id": 1
            }
        ],
        "type": "message",
        "subtype": "bot_message",
        "ts": "1461455173.001414"
    },
    {
        "text": "<https:\/\/community.servicenow.com\/docs\/DOC-4945|Knowledge First Timer: Ashton Sheppard>\n  Ashton Sheppard | First time attendee Support Specialist | British Columbia Automobile Association                   Ashton Sheppard's Profile | ServiceNow Community  ",
        "username": "ServiceNow Community : All Content - All Communities",
        "icons": {
            "image_36": "https:\/\/a.slack-edge.com\/66f9\/img\/services\/rss_36.png",
            "image_48": "https:\/\/a.slack-edge.com\/66f9\/img\/services\/rss_48.png",
            "image_72": "https:\/\/a.slack-edge.com\/205a\/img\/services\/rss_72.png"
        },
        "bot_id": "B0K75EKEC",
        "attachments": [
            {
                "title": "Knowledge First Timer: Ashton Sheppard | ServiceNow Community",
                "title_link": "https:\/\/community.servicenow.com\/docs\/DOC-4945",
                "text": "Ashton Sheppard | First time attendee Support Specialist | British Columbia Automobile Association                Ashton Sheppard's Profile |",
                "fallback": "Knowledge First Timer: Ashton Sheppard | ServiceNow Community",
                "from_url": "https:\/\/community.servicenow.com\/docs\/DOC-4945",
                "id": 1
            }
        ],
        "type": "message",
        "subtype": "bot_message",
        "ts": "1461455173.001415"
    },
    {
        "text": "<https:\/\/community.servicenow.com\/docs\/DOC-4946|Knowledge First Timer: Harsh Chhajer>\nHarsh Chhajer | First time attendee        Senior Consultant | Las Vegas Sands Corp.         Harsh Chhajer's Profile | ServiceNow Community       What are you most looking forward to",
        "username": "ServiceNow Community : All Content - All Communities",
        "icons": {
            "image_36": "https:\/\/a.slack-edge.com\/66f9\/img\/services\/rss_36.png",
            "image_48": "https:\/\/a.slack-edge.com\/66f9\/img\/services\/rss_48.png",
            "image_72": "https:\/\/a.slack-edge.com\/205a\/img\/services\/rss_72.png"
        },
        "bot_id": "B0K75EKEC",
        "attachments": [
            {
                "title": "Knowledge First Timer: Harsh Chhajer | ServiceNow Community",
                "title_link": "https:\/\/community.servicenow.com\/docs\/DOC-4946",
                "text": "Harsh Chhajer | First time attendee        Senior Consultant | Las Vegas Sands Corp.      Harsh Chhajer's Profile | ServiceNow Community What are",
                "fallback": "Knowledge First Timer: Harsh Chhajer | ServiceNow Community",
                "from_url": "https:\/\/community.servicenow.com\/docs\/DOC-4946",
                "id": 1
            }
        ],
        "type": "message",
        "subtype": "bot_message",
        "ts": "1461455173.001416"
    },
    {
        "text": "<https:\/\/community.servicenow.com\/docs\/DOC-4947|Knowledge first timer: Samir Vyas>\nSamir Vyas | First time attendee               ServiceNow Architect | Iconectiv              Samir Vyas's Profile | ServiceNow Community",
        "username": "ServiceNow Community : All Content - All Communities",
        "icons": {
            "image_36": "https:\/\/a.slack-edge.com\/66f9\/img\/services\/rss_36.png",
            "image_48": "https:\/\/a.slack-edge.com\/66f9\/img\/services\/rss_48.png",
            "image_72": "https:\/\/a.slack-edge.com\/205a\/img\/services\/rss_72.png"
        },
        "bot_id": "B0K75EKEC",
        "attachments": [
            {
                "title": "Knowledge first timer: Samir Vyas | ServiceNow Community",
                "title_link": "https:\/\/community.servicenow.com\/docs\/DOC-4947",
                "text": "Samir Vyas | First time attendee               ServiceNow Architect | Iconectiv           Samir Vyas's Profile | ServiceNow Community What are",
                "fallback": "Knowledge first timer: Samir Vyas | ServiceNow Community",
                "from_url": "https:\/\/community.servicenow.com\/docs\/DOC-4947",
                "id": 1
            }
        ],
        "type": "message",
        "subtype": "bot_message",
        "ts": "1461455174.001417"
    },
    {
        "text": "<https:\/\/community.servicenow.com\/thread\/221556|hi all , i am trying to display a tooltip \"on mouse over\" for span id's ..so i used \"$$('#my table td').invoke('observe', 'mouseover', function(event) {  var innerHtml = $(this).innerHTML; if(innerHtml.indexOf('status.type') &gt;0)  {  alert('Naveen Velagapu>\nhi all , i am trying to display a tooltip \"on mouse over\" for span id's ..so i used \"$$('#my table td').invoke('observe', 'mouseover', function(event) {  var innerHtml = $(this).innerHTML; if(innerHtml.indexOf('status.type') &gt;0)  { ",
        "username": "ServiceNow Community : All Content - All Communities",
        "icons": {
            "image_36": "https:\/\/a.slack-edge.com\/66f9\/img\/services\/rss_36.png",
            "image_48": "https:\/\/a.slack-edge.com\/66f9\/img\/services\/rss_48.png",
            "image_72": "https:\/\/a.slack-edge.com\/205a\/img\/services\/rss_72.png"
        },
        "bot_id": "B0K75EKEC",
        "attachments": [
            {
                "title": "hi all , i am trying to display a tooltip \"on m... | ServiceNow Community",
                "title_link": "https:\/\/community.servicenow.com\/thread\/221556",
                "text": "hi all , i am trying to display a tooltip \"on mouse over\" for span id's ..so i used \"$$('#my table td').invoke('observe', 'mouseover', function(event) { ",
                "fallback": "hi all , i am trying to display a tooltip \"on m... | ServiceNow Community",
                "from_url": "https:\/\/community.servicenow.com\/thread\/221556",
                "id": 1
            }
        ],
        "type": "message",
        "subtype": "bot_message",
        "ts": "1461464170.001424"
    }
]