[
    {
        "user": "U3FQD4RMW",
        "text": "<@U3FQD4RMW|cwhiteside> has joined the channel",
        "type": "message",
        "subtype": "channel_join",
        "ts": "1482153591.000991"
    },
    {
        "user": "U3H6D12JJ",
        "text": "<@U3H6D12JJ|mgreen89> has joined the channel",
        "type": "message",
        "subtype": "channel_join",
        "ts": "1482153917.000992"
    },
    {
        "user": "U3H7JPQSK",
        "text": "<@U3H7JPQSK|am.washingtonfrank> has joined the channel",
        "type": "message",
        "subtype": "channel_join",
        "ts": "1482158042.000993"
    },
    {
        "user": "U3H7LKM3R",
        "text": "<@U3H7LKM3R|s.pfeiffer> has joined the channel",
        "type": "message",
        "subtype": "channel_join",
        "ts": "1482158283.000994"
    },
    {
        "type": "message",
        "user": "U0X0BA76U",
        "text": "mornos randos!",
        "ts": "1482166687.000995"
    },
    {
        "type": "message",
        "user": "U0Y6QC8NL",
        "text": "good evening!",
        "ts": "1482166697.000996"
    },
    {
        "type": "message",
        "user": "U0V9PD50R",
        "text": "bendy bendy!",
        "ts": "1482167774.000997"
    },
    {
        "type": "message",
        "user": "U0X0BA76U",
        "text": "morning evening afternoon - it's all beer o'clock somewhere",
        "ts": "1482167823.000998"
    },
    {
        "type": "message",
        "user": "U0X0BA76U",
        "text": "allo mercho - how's the grind?",
        "ts": "1482167857.000999"
    },
    {
        "type": "message",
        "user": "U0V9PD50R",
        "text": "same as always...grindy...lol",
        "ts": "1482167877.001000"
    },
    {
        "type": "message",
        "user": "U0X0BA76U",
        "text": "",
        "bot_id": "B0NUYRN04",
        "attachments": [
            {
                "fallback": "giphy: http:\/\/giphy.com\/gifs\/echoboom-echoboom-sports-we-are-blood-l0MYCdoIZI0DLE0xO",
                "image_url": "http:\/\/media.giphy.com\/media\/l0MYCdoIZI0DLE0xO\/giphy-tumblr.gif",
                "image_width": 480,
                "image_height": 270,
                "image_bytes": 1884421,
                "is_animated": true,
                "title": "grind",
                "footer": "Posted using \/giphy | GIF by <https:\/\/giphy.com\/echoboom\/|EchoBoom Sports>",
                "id": 1,
                "title_link": "http:\/\/giphy.com\/gifs\/echoboom-echoboom-sports-we-are-blood-l0MYCdoIZI0DLE0xO"
            }
        ],
        "ts": "1482168533.001002"
    },
    {
        "type": "message",
        "user": "U0X0BA76U",
        "text": "you right now",
        "ts": "1482168537.001003"
    },
    {
        "type": "message",
        "user": "U104Y4770",
        "text": "Kevin, Montana, population 174",
        "ts": "1482170966.001004"
    },
    {
        "type": "message",
        "user": "U235A44S0",
        "text": "I am a very small city unto myself",
        "ts": "1482171078.001005"
    },
    {
        "user": "U3GJMJHJ7",
        "text": "<@U3GJMJHJ7|jdsouza> has joined the channel",
        "type": "message",
        "subtype": "channel_join",
        "ts": "1482172941.001006"
    },
    {
        "type": "message",
        "user": "U0X0BA76U",
        "text": "ok something's broken - it took me about 20 seconds just now to remember that Slack was called Slack",
        "ts": "1482186706.001007"
    },
    {
        "user": "U3GN6NMB5",
        "text": "<@U3GN6NMB5|calebfrancis5991> has joined the channel",
        "type": "message",
        "subtype": "channel_join",
        "ts": "1482188321.001008"
    },
    {
        "user": "U3G43VA4Q",
        "text": "<@U3G43VA4Q|scott.hall> has joined the channel",
        "type": "message",
        "subtype": "channel_join",
        "ts": "1482192899.001009"
    }
]