[
    {
        "user": "U24SPFUSJ",
        "text": "<@U24SPFUSJ|nathan> has joined the channel",
        "type": "message",
        "subtype": "channel_join",
        "ts": "1472127113.003517"
    },
    {
        "user": "U24T9B3FX",
        "text": "<@U24T9B3FX|jcruzdelrio> has joined the channel",
        "type": "message",
        "subtype": "channel_join",
        "ts": "1472129655.003518"
    },
    {
        "type": "message",
        "user": "U1ALM3K24",
        "text": "<@U0N4RBF7W> How is the new keyboard working out? What type of switches are in it?",
        "ts": "1472132224.003519"
    },
    {
        "type": "message",
        "user": "U0N4RBF7W",
        "text": "Cherry MX Red keys and I love it",
        "ts": "1472132359.003520"
    },
    {
        "type": "message",
        "user": "U1ALM3K24",
        "text": ":slightly_smiling_face:",
        "ts": "1472132834.003521"
    },
    {
        "type": "message",
        "user": "U0N4RBF7W",
        "text": "I feel like I'm hitting bricks with my work keyboard, it's that much different",
        "ts": "1472133347.003522"
    },
    {
        "type": "message",
        "user": "U24SPFUSJ",
        "text": "<@U0N4RBF7W> what did you have before?",
        "ts": "1472133991.003523"
    },
    {
        "type": "message",
        "user": "U0N4RBF7W",
        "text": "Logitech G15 1st Generation",
        "ts": "1472134014.003524"
    },
    {
        "type": "message",
        "user": "U0FNZLMCP",
        "text": "Tab or 4 Spaces",
        "edited": {
            "user": "U0FNZLMCP",
            "ts": "1472134075.000000"
        },
        "ts": "1472134062.003525"
    },
    {
        "type": "message",
        "user": "U24SPFUSJ",
        "text": "ahh...I love my mechanical keyboard...",
        "ts": "1472134078.003527"
    },
    {
        "type": "message",
        "user": "U24SPFUSJ",
        "text": "<@U0FNZLMCP> I personally use 2 spaces...started doing it years ago when I was programming with a guy who had done it for years...the only reason I never changes is because it makes my code more compact...I hate using word wrap",
        "ts": "1472134183.003528"
    },
    {
        "type": "message",
        "user": "U0N4RBF7W",
        "text": "Tab, fo' sho'!",
        "ts": "1472134228.003529"
    },
    {
        "type": "message",
        "user": "U24SPFUSJ",
        "text": "most editors can interpret back and forth either way...",
        "ts": "1472134356.003530"
    },
    {
        "type": "message",
        "user": "U0XCXA90A",
        "text": "\/giphy silicon valley tabs or spaces",
        "attachments": [
            {
                "fallback": "giphy: <http:\/\/giphy.com\/gifs\/silicon-valley-matt-ross-hbo-ZBOcP3TvSI62c>",
                "image_url": "http:\/\/media0.giphy.com\/media\/ZBOcP3TvSI62c\/giphy.gif",
                "image_width": 245,
                "image_height": 192,
                "image_bytes": 838523,
                "is_animated": true,
                "title": "silicon valley tabs or spaces",
                "id": 1,
                "title_link": "http:\/\/giphy.com\/gifs\/silicon-valley-matt-ross-hbo-ZBOcP3TvSI62c"
            }
        ],
        "ts": "1472134799.003531",
        "reactions": [
            {
                "name": "+1",
                "users": [
                    "U0E93BL9F"
                ],
                "count": 1
            }
        ]
    },
    {
        "type": "message",
        "user": "U0XCXA90A",
        "text": "giphy--",
        "ts": "1472134809.003532"
    },
    {
        "type": "message",
        "user": "U1ALM3K24",
        "text": "I wonder how close the CHerry MX Silent switches are to the red?",
        "ts": "1472135588.003533"
    },
    {
        "type": "message",
        "user": "U0N4RBF7W",
        "text": "Buy a trial keypad and try them all",
        "ts": "1472135616.003534"
    },
    {
        "type": "message",
        "user": "U1ALM3K24",
        "text": "You've mentioend that",
        "ts": "1472135624.003535"
    },
    {
        "type": "message",
        "user": "U1ALM3K24",
        "text": "I really like that one that I think <@U0EKK4BTP> recommended",
        "ts": "1472135642.003536"
    },
    {
        "type": "message",
        "user": "U1ALM3K24",
        "text": "Corsair Straife RGB",
        "ts": "1472135657.003537"
    },
    {
        "type": "message",
        "user": "U1ALM3K24",
        "text": "It was $90 from Best Buy, and has the Cherry MX switches",
        "ts": "1472135681.003538"
    },
    {
        "type": "message",
        "user": "U0V9PD50R",
        "text": "music - go! i need something to listen to, and spotify wants to listen to stuff to suggest stuff...",
        "ts": "1472138836.003539"
    },
    {
        "type": "message",
        "user": "U1YKMMSG0",
        "text": "Particular style?",
        "ts": "1472138875.003540"
    },
    {
        "type": "message",
        "user": "U0FNZLMCP",
        "text": "Go all 90’s",
        "ts": "1472138887.003541"
    },
    {
        "type": "message",
        "user": "U15LF2CTD",
        "text": "Shiny Toy Guns is what I’m listening too...",
        "ts": "1472138888.003542"
    },
    {
        "type": "message",
        "user": "U0FNZLMCP",
        "text": "or better still; ServiceNow have their own spotify playlist….",
        "ts": "1472138950.003543"
    },
    {
        "type": "message",
        "user": "U1YKMMSG0",
        "text": "Black Pistol Fire, Bones of J.R. Jones, DMB, Gov't Mule, Howlin' Wolf, Davy Knowles",
        "ts": "1472138953.003544"
    },
    {
        "type": "message",
        "user": "U1YKMMSG0",
        "text": "Is it a bunch of hold music?",
        "ts": "1472138960.003545"
    },
    {
        "type": "message",
        "user": "U1YKMMSG0",
        "text": "<https:\/\/www.youtube.com\/watch?v=6g4dkBF5anU>",
        "attachments": [
            {
                "service_name": "YouTube",
                "service_url": "https:\/\/www.youtube.com\/",
                "title": "One Hour of Cisco CallManager Default Hold Music",
                "title_link": "https:\/\/www.youtube.com\/watch?v=6g4dkBF5anU",
                "author_name": "ricksslickpicks",
                "author_link": "https:\/\/www.youtube.com\/user\/ricksslickpicks",
                "thumb_url": "https:\/\/i.ytimg.com\/vi\/6g4dkBF5anU\/hqdefault.jpg",
                "thumb_width": 480,
                "thumb_height": 360,
                "fallback": "YouTube Video: One Hour of Cisco CallManager Default Hold Music",
                "video_html": "<iframe width=\"400\" height=\"300\" src=\"https:\/\/www.youtube.com\/embed\/6g4dkBF5anU?feature=oembed&autoplay=1&iv_load_policy=3\" frameborder=\"0\" allowfullscreen><\/iframe>",
                "video_html_width": 400,
                "video_html_height": 300,
                "from_url": "https:\/\/www.youtube.com\/watch?v=6g4dkBF5anU",
                "service_icon": "https:\/\/a.slack-edge.com\/2089\/img\/unfurl_icons\/youtube.png",
                "id": 1
            }
        ],
        "ts": "1472138973.003546"
    },
    {
        "type": "message",
        "user": "U0FNZLMCP",
        "text": "<https:\/\/open.spotify.com\/user\/servicenow\/playlist\/50iQTnJlCsCHVCdydXTDad>",
        "attachments": [
            {
                "service_name": "Spotify",
                "service_url": "https:\/\/www.spotify.com",
                "title": "Knowledge16",
                "title_link": "https:\/\/open.spotify.com\/user\/servicenow\/playlist\/50iQTnJlCsCHVCdydXTDad",
                "thumb_url": "https:\/\/d3rt1990lpmkn.cloudfront.net\/300\/220656f2ec6969e9d28030c185d34d833a2c6c67211d593876d09c7e1284f5684da563feb720970eb4afc67aa71d11a5b123a4666f063cc647d615f0431f817c6e7deb8a5736c50c1119758c6adcfb85",
                "thumb_width": 300,
                "thumb_height": 300,
                "fallback": "Spotify Audio: Link: Knowledge16",
                "audio_html": "<iframe src=\"https:\/\/embed.spotify.com\/?uri=spotify:user:servicenow:playlist:50iQTnJlCsCHVCdydXTDad\" width=\"300\" height=\"380\" frameborder=\"0\" allowtransparency=\"true\"><\/iframe>",
                "audio_html_width": 300,
                "audio_html_height": 380,
                "from_url": "https:\/\/open.spotify.com\/user\/servicenow\/playlist\/50iQTnJlCsCHVCdydXTDad",
                "service_icon": "https:\/\/a.slack-edge.com\/e8ef6\/img\/unfurl_icons\/spotify.png",
                "id": 1
            }
        ],
        "ts": "1472139040.003548"
    },
    {
        "type": "message",
        "user": "U0FNZLMCP",
        "text": "<https:\/\/open.spotify.com\/user\/servicenow\/playlist\/5BdEtlXXVU8V05qtzIBB35>",
        "attachments": [
            {
                "service_name": "Spotify",
                "service_url": "https:\/\/www.spotify.com",
                "title": "CreatorCon 2016",
                "title_link": "https:\/\/open.spotify.com\/user\/servicenow\/playlist\/5BdEtlXXVU8V05qtzIBB35",
                "thumb_url": "https:\/\/d3rt1990lpmkn.cloudfront.net\/300\/ab1c5b1b87767e4b98dbc5f9915f4b34c04de29786ca5298bb90a3fae8db147f289c217c6527a46c75d7787e5cb1f0a6f755a053e446099b78788e46f56bd46bebd857fb7d846604e820291b41050944",
                "thumb_width": 300,
                "thumb_height": 300,
                "fallback": "Spotify Audio: Link: CreatorCon 2016",
                "audio_html": "<iframe src=\"https:\/\/embed.spotify.com\/?uri=spotify:user:servicenow:playlist:5BdEtlXXVU8V05qtzIBB35\" width=\"300\" height=\"380\" frameborder=\"0\" allowtransparency=\"true\"><\/iframe>",
                "audio_html_width": 300,
                "audio_html_height": 380,
                "from_url": "https:\/\/open.spotify.com\/user\/servicenow\/playlist\/5BdEtlXXVU8V05qtzIBB35",
                "service_icon": "https:\/\/a.slack-edge.com\/e8ef6\/img\/unfurl_icons\/spotify.png",
                "id": 1
            }
        ],
        "ts": "1472139127.003550"
    },
    {
        "type": "message",
        "user": "U1YKMMSG0",
        "text": "Actually not a bad list",
        "ts": "1472139148.003552"
    },
    {
        "type": "message",
        "user": "U0XCXA90A",
        "text": "Tomorrow I’m flying from Los Angeles to Bangalore. Not sure how good the wifi access is on the plane, but I am assuming it wont be “stream netflix” quality. Any suggestions for ways to amuse myself for 17 hours?",
        "ts": "1472139280.003553"
    },
    {
        "type": "message",
        "user": "U0V9PD50R",
        "text": "hmmm...",
        "ts": "1472139441.003554"
    },
    {
        "type": "message",
        "user": "U0V9PD50R",
        "text": "the music is….uhhh eclectic to be sure",
        "ts": "1472139456.003555"
    },
    {
        "type": "message",
        "user": "U0V9PD50R",
        "text": "there’s a few bands i recognize…lol",
        "ts": "1472139465.003556"
    },
    {
        "type": "message",
        "user": "U0V9PD50R",
        "text": "ratatat is always a good choice…lol",
        "ts": "1472139477.003557"
    },
    {
        "type": "message",
        "user": "U0V9PD50R",
        "text": "baio went heavy at my house for awhile...",
        "ts": "1472139523.003558"
    },
    {
        "text": "checking out the playlists",
        "type": "message",
        "subtype": "me_message",
        "user": "U0V9PD50R",
        "ts": "1472139635.003559"
    },
    {
        "type": "message",
        "user": "U1YKMMSG0",
        "text": "Amazon Movies allows you offline a lot of their movies or shows.",
        "ts": "1472139672.003560"
    },
    {
        "type": "message",
        "user": "U1YKMMSG0",
        "text": "If you have Prime can be a free and easy way for a few.",
        "ts": "1472139687.003561"
    },
    {
        "type": "message",
        "user": "U0XCXA90A",
        "text": "I do have Prime. I’ll have to check that out.",
        "ts": "1472139737.003562"
    },
    {
        "type": "message",
        "user": "U0E88P8F8",
        "text": "1,000,000 bottles of beer on the wall, 1,000,000 bottles of beer....",
        "ts": "1472139750.003563"
    },
    {
        "type": "message",
        "user": "U0V9PD50R",
        "text": "17 hours huh, maybe 2 rounds of tylenol PM",
        "edited": {
            "user": "U0V9PD50R",
            "ts": "1472139820.000000"
        },
        "ts": "1472139807.003564"
    },
    {
        "type": "message",
        "user": "U0V9PD50R",
        "text": "hahaha",
        "ts": "1472139808.003565"
    },
    {
        "type": "message",
        "user": "U0XCXA90A",
        "text": "The old 'pass out and hope someone shakes you awake when you get there’ routine.",
        "ts": "1472139902.003567"
    },
    {
        "type": "message",
        "user": "U0V9PD50R",
        "text": "yeah",
        "ts": "1472139919.003568"
    },
    {
        "type": "message",
        "user": "U1YKMMSG0",
        "text": "Yea I find a few series and download them for the coast to coast trips. But for 17 hours.. yea. That's tough.",
        "ts": "1472139925.003569"
    },
    {
        "type": "message",
        "user": "U0V9PD50R",
        "text": "i think there are two seasons of a recent comedy with ted danson on prime…let me find it, i found it utterly hilarious",
        "ts": "1472139964.003570"
    },
    {
        "type": "message",
        "user": "U0V9PD50R",
        "text": "<http:\/\/www.imdb.com\/title\/tt1255913\/>",
        "attachments": [
            {
                "service_name": "IMDb",
                "title": "Bored to Death (TV Series 2009–2011)",
                "title_link": "http:\/\/www.imdb.com\/title\/tt1255913\/",
                "text": "Created by Jonathan Ames. With Jason Schwartzman, Zach Galifianakis, Ted Danson, Heather Burns. A well-meaning but struggling writer decides to lead a sort of double life by pretending to be a private detective using the methods he read about in old detective novels.",
                "fallback": "IMDb: Bored to Death (TV Series 2009–2011)",
                "from_url": "http:\/\/www.imdb.com\/title\/tt1255913\/",
                "service_icon": "http:\/\/www.imdb.com\/favicon.ico",
                "id": 1
            }
        ],
        "ts": "1472139990.003571"
    },
    {
        "type": "message",
        "user": "U0V9PD50R",
        "text": "looks like there’s 3 seasons...",
        "ts": "1472140009.003573"
    },
    {
        "type": "message",
        "user": "U15LF2CTD",
        "text": "<@U0XCXA90A> it depends on the plane, but some have movies available for you.  Our flight to and from London we were able to watch movies the whole time on their little screen",
        "ts": "1472140178.003574"
    },
    {
        "type": "message",
        "user": "U0XCXA90A",
        "text": "<@U1YKMMSG0> <@U0V9PD50R> do you download these on your laptop? Just looking into it, but the list of supported devices for offline viewing appears to be Fire tablets, android or iOS phones.",
        "ts": "1472140391.003575"
    },
    {
        "type": "message",
        "user": "U1YKMMSG0",
        "text": "I use a fire tablet when traveling",
        "ts": "1472140419.003576"
    },
    {
        "type": "message",
        "user": "U1YKMMSG0",
        "text": "So didn't think about that being restricted.",
        "ts": "1472140428.003577"
    },
    {
        "type": "message",
        "user": "U0V9PD50R",
        "text": "dunno…i’ve never downloaded anything…i have an iphone…but just never done it",
        "ts": "1472140431.003578"
    },
    {
        "type": "message",
        "user": "U0V9PD50R",
        "text": "i don’t travel much….5 kids don’t travel well",
        "ts": "1472140452.003579"
    },
    {
        "type": "message",
        "user": "U0V9PD50R",
        "text": "lol",
        "ts": "1472140462.003580"
    },
    {
        "type": "message",
        "user": "U1YKMMSG0",
        "text": "Yea, I download movies to my tablet and phone with the amazon app. Never really use my laptop much when airborne.",
        "ts": "1472140483.003581"
    },
    {
        "user": "U24U6CA9Z",
        "text": "<@U24U6CA9Z|chrisyork> has joined the channel",
        "type": "message",
        "subtype": "channel_join",
        "ts": "1472141496.003582"
    },
    {
        "type": "message",
        "user": "U0E36J5EU",
        "text": "such a good lunch! too bad my after lunch work call makes me so sad :stuck_out_tongue:",
        "ts": "1472146336.003583"
    },
    {
        "user": "U251FENDT",
        "text": "<@U251FENDT|bernpolo> has joined the channel",
        "type": "message",
        "subtype": "channel_join",
        "ts": "1472146369.003584"
    },
    {
        "type": "message",
        "user": "U19MYKF2N",
        "text": "<@U0XCXA90A> are you flying business class?",
        "ts": "1472148852.003585"
    },
    {
        "type": "message",
        "user": "U0XCXA90A",
        "text": "I wish",
        "ts": "1472148860.003586"
    },
    {
        "type": "message",
        "user": "U0XCXA90A",
        "text": "the business class upgrade is $1k, one-way",
        "ts": "1472148874.003587"
    },
    {
        "type": "message",
        "user": "U0XCXA90A",
        "text": "I… am not rich.",
        "ts": "1472148880.003588"
    },
    {
        "type": "message",
        "user": "U19MYKF2N",
        "text": "$1K isn't that bad (well, depending on what your starting ticket price is).  Business class tickets to the middle east, at least, seem to run between 5-8. about the same going to Asia",
        "ts": "1472148954.003589"
    },
    {
        "type": "message",
        "user": "U19MYKF2N",
        "text": "well, I wouldn't trust international wifi. On the six flights I've had with it, it's been unavailable 50% of the time.",
        "ts": "1472148999.003590"
    },
    {
        "type": "message",
        "user": "U19MYKF2N",
        "text": "a couple of flights it was just out",
        "ts": "1472149018.003591"
    },
    {
        "type": "message",
        "user": "U19MYKF2N",
        "text": "and there are certainly dead areas",
        "ts": "1472149024.003592"
    },
    {
        "type": "message",
        "user": "U19MYKF2N",
        "text": "What airline you flying?",
        "ts": "1472149030.003593"
    },
    {
        "type": "message",
        "user": "U1YKMMSG0",
        "text": "Yea usually it is when you are in the dead spot above the oceans between air space",
        "ts": "1472149109.003594"
    },
    {
        "type": "message",
        "user": "U19MYKF2N",
        "text": "the international wifi that I've used seems to be satellite based. So I was going DFW-HKG. I log into the wifi and google blocks my default login because it didn't think I could get from texas to germany in 15 minutes",
        "ts": "1472149247.003595"
    },
    {
        "type": "message",
        "user": "U0XCXA90A",
        "text": "Emirates. I agree $1k isn’t _that_ bad, but it’s more than I can afford for either round of the round-trip, let alone getting an upgrade for both.",
        "ts": "1472149350.003596"
    },
    {
        "type": "message",
        "user": "U19MYKF2N",
        "text": "Emirates should treat you pretty nice. I think each seat, even in coach, has some form of in flight entertainment",
        "ts": "1472149401.003597"
    },
    {
        "type": "message",
        "user": "U19MYKF2N",
        "text": "they probably also provide a universal power jack (at worst per row in coach). You can check the web site for that. The thing to be careful of is if you have a laptop power brick that draws more than 90W, you may trip the safety on the plug.",
        "ts": "1472149496.003598"
    },
    {
        "type": "message",
        "user": "U1YKMMSG0",
        "text": "Yea most coast to coast and international all have tv's on the seat backs now",
        "ts": "1472149665.003599"
    },
    {
        "type": "message",
        "user": "U15LF2CTD",
        "text": "I just paid for extra leg room instead of a full upgrade",
        "ts": "1472149676.003600"
    },
    {
        "type": "message",
        "user": "U1YKMMSG0",
        "text": "Yea just that little upgrade is well worth it, plus usually free drinks :slightly_smiling_face:",
        "ts": "1472149694.003601"
    },
    {
        "type": "message",
        "user": "U15LF2CTD",
        "text": "Oh it was definitely worth it…and not crazy expensive.",
        "ts": "1472149750.003602"
    },
    {
        "type": "message",
        "user": "U0XCXA90A",
        "text": "I would happily sacrifice an inch of legroom for an inch of wide-room.",
        "ts": "1472149751.003603"
    },
    {
        "type": "message",
        "user": "U15LF2CTD",
        "text": "I had enough room to stand up and walk a bit in front of my seat",
        "ts": "1472149758.003604"
    },
    {
        "type": "message",
        "user": "U19MYKF2N",
        "text": "For the 14+ flights, having a lie flat bed with some degree of personal space is really nice",
        "ts": "1472149794.003605"
    },
    {
        "type": "message",
        "user": "U0XCXA90A",
        "text": "but I’ll ask at the check-in counter, see if they’ve got an upgrade offers that wouldn’t cover half my mortgage.",
        "ts": "1472149799.003606"
    },
    {
        "type": "message",
        "user": "U15LF2CTD",
        "text": "Lol",
        "ts": "1472149809.003607"
    },
    {
        "type": "message",
        "user": "U19MYKF2N",
        "text": "don't forgot to also ask how full the flight is and can you get a seat without anyone next to you",
        "ts": "1472149968.003608"
    },
    {
        "type": "message",
        "user": "U19MYKF2N",
        "text": "<http:\/\/seatguru.com|seatguru.com> also gives some recommendations of 'better' or 'worse' seats",
        "ts": "1472150001.003609"
    },
    {
        "type": "message",
        "user": "U15LF2CTD",
        "text": "^^ That!  Just don’t get stuck on a row with someone that immediately decides to stretch out across all the sets and practically rests their head on your lap.  Cause that’s not awkward… -.-",
        "ts": "1472150612.003610"
    },
    {
        "type": "message",
        "user": "U0E88P8F8",
        "text": "$1k for a business upgrade in Emirates? They treat you like royalty. It'd be worth it at least one way just to experience it (then write it off as a business expense...you can do that right?)",
        "ts": "1472150712.003611"
    },
    {
        "type": "message",
        "user": "U235A44S0",
        "text": "If you have a client there to discuss business with while on the flight",
        "ts": "1472150738.003612"
    },
    {
        "type": "message",
        "user": "U19MYKF2N",
        "text": "not being a tax attorney, you might be able to get away with it as an unreimbursed business expense",
        "ts": "1472150745.003613"
    },
    {
        "type": "message",
        "user": "U0E88P8F8",
        "text": "do a WebEx with a client that's a friend then lol",
        "ts": "1472150763.003614"
    },
    {
        "type": "message",
        "user": "U235A44S0",
        "text": "ROFL",
        "ts": "1472150770.003615"
    },
    {
        "type": "message",
        "user": "U235A44S0",
        "text": "business expense on the sly",
        "ts": "1472150783.003616"
    },
    {
        "type": "message",
        "user": "U0E88P8F8",
        "text": "or one of us, we'll pick your brain for a bit",
        "ts": "1472150784.003617"
    },
    {
        "type": "message",
        "user": "U19MYKF2N",
        "text": "but yeah, having flown business on Qatar Airways, it really makes the trip suck a lot less. Plus, you should get lounge access for your stopover and the departing airports.  So $1000 for 17 hrs is less than $60\/hr  If you count the time waiting in the airport lounges and such, it becomes even cheaper. :slightly_smiling_face:",
        "ts": "1472151141.003618"
    },
    {
        "type": "message",
        "user": "U0Y6QC8NL",
        "text": "you can get business for $1k?",
        "ts": "1472151284.003619"
    },
    {
        "type": "message",
        "user": "U0XCXA90A",
        "text": "that was the upgrade price they offered when I checked in online",
        "ts": "1472153186.003620"
    },
    {
        "type": "message",
        "user": "U0XCXA90A",
        "text": "I’ll definitely see if there is anything I can get when I get my boarding pass and\/or at the gate",
        "ts": "1472153213.003621"
    },
    {
        "type": "message",
        "user": "U0E36J5EU",
        "text": "normally can’t get as good of a rate via phone call or boarding pass area vs online checking &amp; gate",
        "ts": "1472153314.003622"
    },
    {
        "type": "message",
        "user": "U1YKMMSG0",
        "text": "Yea, normally it is a better deal before you are at the gate since it gives them time to move other reservations around.",
        "ts": "1472153342.003623"
    },
    {
        "type": "message",
        "user": "U15LF2CTD",
        "text": "<@U0E36J5EU> … you didn’t tell me you could take a train from Raleigh to Orlando :anguished: OMG!  I could get to disney world for cheaps.",
        "ts": "1472154379.003624"
    },
    {
        "type": "message",
        "user": "U1YKMMSG0",
        "text": "Like 10 hours :smile:",
        "ts": "1472154396.003625"
    },
    {
        "type": "message",
        "user": "U1YKMMSG0",
        "text": "But Non-stop flights from CLT - ORL are pretty cheap",
        "ts": "1472154405.003626"
    },
    {
        "type": "message",
        "user": "U0E36J5EU",
        "text": "yeah, flights are normally even cheaper, though I prefer trains",
        "ts": "1472154556.003627"
    },
    {
        "type": "message",
        "user": "U0E36J5EU",
        "text": "I like to use the train between Raleigh&lt;-&gt;Greensboro&lt;-&gt;Charlotte",
        "ts": "1472154591.003628"
    },
    {
        "type": "message",
        "user": "U1YKMMSG0",
        "text": "Yea, very nice ride and same amount of time.",
        "ts": "1472154632.003629"
    },
    {
        "type": "message",
        "user": "U15LF2CTD",
        "text": "We like trains...",
        "ts": "1472154910.003630"
    },
    {
        "type": "message",
        "user": "U15LF2CTD",
        "text": "Planes aren’t bad, for sure… but something is soothing about a train",
        "ts": "1472154923.003631"
    },
    {
        "type": "message",
        "user": "U0N4RBF7W",
        "text": "It's on the ground as well",
        "ts": "1472154940.003632"
    },
    {
        "type": "message",
        "user": "U0N4RBF7W",
        "text": ":+1: ",
        "ts": "1472154946.003633"
    },
    {
        "type": "message",
        "user": "U0N4RBF7W",
        "text": "And there's no customs or holding bags or that",
        "ts": "1472154974.003634"
    },
    {
        "type": "message",
        "user": "U15LF2CTD",
        "text": "Heh.  True.  We took a train in England from London to Stone Henge.  That was nice.  Got to see all the pretty green hills",
        "ts": "1472155004.003635"
    },
    {
        "type": "message",
        "user": "U235A44S0",
        "text": "That would be great. I enjoy the drive from Nashville to Knoxville. Lots of lovely green mountains",
        "ts": "1472155668.003636"
    },
    {
        "type": "message",
        "user": "U235A44S0",
        "text": "It is absolutely beautiful when the leaves start changing color",
        "ts": "1472155688.003637"
    },
    {
        "type": "message",
        "user": "U15LF2CTD",
        "text": "Ooo I bet!",
        "ts": "1472155861.003638"
    },
    {
        "type": "message",
        "user": "U0V9PD50R",
        "text": "I miss the east coast country side, utah is not as pretty as the likes of the shenandoah valley, places like that",
        "ts": "1472156151.003639"
    },
    {
        "type": "message",
        "user": "U0Y6QC8NL",
        "text": "just go one state east",
        "ts": "1472156177.003640"
    },
    {
        "type": "message",
        "user": "U0V9PD50R",
        "text": "“that John Dever’s full of s###\"",
        "ts": "1472156201.003641"
    },
    {
        "type": "message",
        "user": "U0V9PD50R",
        "text": "funny enough, i’ve never been to colorado…i’ve been to everything west…just not east",
        "ts": "1472156241.003642"
    },
    {
        "type": "message",
        "user": "U0V9PD50R",
        "text": "\/giphy dumb and dumber",
        "attachments": [
            {
                "fallback": "giphy: <http:\/\/giphy.com\/gifs\/jim-carrey-cold-dumb-and-dumber-PEKztVNo5AMyk>",
                "image_url": "http:\/\/media.giphy.com\/media\/PEKztVNo5AMyk\/giphy-tumblr.gif",
                "image_width": 250,
                "image_height": 185,
                "image_bytes": 965606,
                "is_animated": true,
                "title": "dumb and dumber",
                "id": 1,
                "title_link": "http:\/\/giphy.com\/gifs\/jim-carrey-cold-dumb-and-dumber-PEKztVNo5AMyk"
            }
        ],
        "ts": "1472156261.003643"
    },
    {
        "type": "message",
        "user": "U0V9PD50R",
        "text": "oh perfect",
        "ts": "1472156268.003644"
    },
    {
        "type": "message",
        "user": "U0V9PD50R",
        "text": "\/strewth giphy +10",
        "ts": "1472156280.003645"
    },
    {
        "text": "giphy has 50 points",
        "bot_id": "B1C1V71EF",
        "type": "message",
        "subtype": "bot_message",
        "ts": "1472156280.003646"
    },
    {
        "type": "message",
        "user": "U0V949JCB",
        "text": "haha",
        "ts": "1472156344.003647"
    },
    {
        "type": "message",
        "user": "U0Y6QC8NL",
        "text": "\/strewth dstur +1",
        "ts": "1472159026.003648"
    },
    {
        "text": "dstur has 1 point",
        "bot_id": "B1C1V71EF",
        "type": "message",
        "subtype": "bot_message",
        "ts": "1472159026.003649"
    },
    {
        "type": "message",
        "user": "U0N4RBF7W",
        "text": "points for the poor? :disappointed:",
        "ts": "1472159106.003650"
    },
    {
        "type": "message",
        "user": "U104Y4770",
        "text": "what was the point for and, that can’t really be <@U0N4RBF7W>’s first point",
        "ts": "1472159158.003651"
    },
    {
        "type": "message",
        "user": "U0E36J5EU",
        "text": "\/strewth <@U0N4RBF7W|dstur> -10",
        "ts": "1472159178.003652"
    },
    {
        "text": "dstur has -9 points",
        "bot_id": "B1C1V71EF",
        "type": "message",
        "subtype": "bot_message",
        "ts": "1472159178.003653"
    },
    {
        "type": "message",
        "user": "U0E36J5EU",
        "text": "there, thats better",
        "ts": "1472159182.003654"
    },
    {
        "type": "message",
        "user": "U104Y4770",
        "text": "\/giphy you are one pathetic loser",
        "attachments": [
            {
                "fallback": "giphy: <http:\/\/giphy.com\/gifs\/pathetic-j1J6Cm1lXdJCM>",
                "image_url": "http:\/\/media1.giphy.com\/media\/j1J6Cm1lXdJCM\/giphy.gif",
                "image_width": 320,
                "image_height": 176,
                "image_bytes": 1944991,
                "is_animated": true,
                "title": "you are one pathetic loser",
                "id": 1,
                "title_link": "http:\/\/giphy.com\/gifs\/pathetic-j1J6Cm1lXdJCM"
            }
        ],
        "ts": "1472159203.003655",
        "reactions": [
            {
                "name": "+1",
                "users": [
                    "U0N4RBF7W"
                ],
                "count": 1
            }
        ]
    },
    {
        "type": "message",
        "user": "U0E36J5EU",
        "text": "he cleared out his points, which I shall award him -10 points for doing so.",
        "ts": "1472159207.003656"
    },
    {
        "type": "message",
        "user": "U104Y4770",
        "text": "I don’t really think that, just thought we could keep the dumb and dumber theme going",
        "ts": "1472159245.003657"
    },
    {
        "type": "message",
        "user": "U0N4RBF7W",
        "text": "And giphy delivered too!",
        "ts": "1472159261.003658"
    },
    {
        "type": "message",
        "user": "U104Y4770",
        "text": "\/strewth giphy +5",
        "ts": "1472159283.003659"
    },
    {
        "text": "giphy has 55 points",
        "bot_id": "B1C1V71EF",
        "type": "message",
        "subtype": "bot_message",
        "ts": "1472159283.003660"
    },
    {
        "type": "message",
        "user": "U0Y6QC8NL",
        "text": "dstur trailing to giphy by 64 points",
        "ts": "1472159302.003661"
    },
    {
        "type": "message",
        "user": "U0N4RBF7W",
        "text": "I'll throw it a couple of curve balls tomorrow",
        "ts": "1472159587.003662"
    },
    {
        "type": "message",
        "user": "U0N4RBF7W",
        "text": "We'll see",
        "ts": "1472159592.003663"
    },
    {
        "type": "message",
        "user": "U0N4RBF7W",
        "text": "We'll see...",
        "ts": "1472159597.003664"
    },
    {
        "type": "message",
        "user": "U104Y4770",
        "text": "\/giphy we’ll see",
        "attachments": [
            {
                "fallback": "giphy: <http:\/\/giphy.com\/gifs\/scream-queens-screamqueensedit-sqedit-Wnx2urk31xjLG>",
                "image_url": "http:\/\/media0.giphy.com\/media\/Wnx2urk31xjLG\/giphy.gif",
                "image_width": 245,
                "image_height": 245,
                "image_bytes": 1800994,
                "is_animated": true,
                "title": "we'll see",
                "id": 1,
                "title_link": "http:\/\/giphy.com\/gifs\/scream-queens-screamqueensedit-sqedit-Wnx2urk31xjLG"
            }
        ],
        "ts": "1472159613.003665"
    },
    {
        "type": "message",
        "user": "U0Y6QC8NL",
        "text": "\/strewth giphy +5",
        "ts": "1472159622.003666"
    },
    {
        "text": "giphy has 60 points",
        "bot_id": "B1C1V71EF",
        "type": "message",
        "subtype": "bot_message",
        "ts": "1472159622.003667"
    },
    {
        "type": "message",
        "user": "U0N4RBF7W",
        "text": "Damn you giphy!",
        "ts": "1472159622.003668"
    },
    {
        "type": "message",
        "user": "U104Y4770",
        "text": "\/giphy giphy",
        "attachments": [
            {
                "fallback": "giphy: <http:\/\/giphy.com\/gifs\/thisisgiphy-tinder-l2JIgwo6EHUps9fRm>",
                "image_url": "http:\/\/media4.giphy.com\/media\/l2JIgwo6EHUps9fRm\/giphy.gif",
                "image_width": 600,
                "image_height": 471,
                "image_bytes": 1883841,
                "is_animated": true,
                "title": "giphy",
                "id": 1,
                "title_link": "http:\/\/giphy.com\/gifs\/thisisgiphy-tinder-l2JIgwo6EHUps9fRm"
            }
        ],
        "ts": "1472159649.003669"
    },
    {
        "type": "message",
        "user": "U104Y4770",
        "text": "giphy inception",
        "ts": "1472159654.003670"
    },
    {
        "type": "message",
        "user": "U0V9PD50R",
        "text": "\/giphy inception",
        "attachments": [
            {
                "fallback": "giphy: <http:\/\/giphy.com\/gifs\/mad-charlie-johnny-TxfsRmr3uGk36>",
                "image_url": "http:\/\/media2.giphy.com\/media\/TxfsRmr3uGk36\/giphy.gif",
                "image_width": 250,
                "image_height": 119,
                "image_bytes": 484367,
                "is_animated": true,
                "title": "inception",
                "id": 1,
                "title_link": "http:\/\/giphy.com\/gifs\/mad-charlie-johnny-TxfsRmr3uGk36"
            }
        ],
        "ts": "1472162132.003671"
    },
    {
        "type": "message",
        "user": "U0V9PD50R",
        "text": "that looks a lot like looper",
        "ts": "1472162151.003672"
    },
    {
        "type": "message",
        "user": "U0V949JCB",
        "text": "it is",
        "ts": "1472162153.003673"
    },
    {
        "type": "message",
        "user": "U0V949JCB",
        "text": "JGL himself",
        "ts": "1472162160.003674"
    },
    {
        "type": "message",
        "user": "U0V9PD50R",
        "text": "\/strewth giphy -10",
        "ts": "1472162160.003675"
    },
    {
        "text": "giphy has 50 points",
        "bot_id": "B1C1V71EF",
        "type": "message",
        "subtype": "bot_message",
        "ts": "1472162160.003676"
    },
    {
        "type": "message",
        "user": "U104Y4770",
        "text": "looper was better than I expected",
        "ts": "1472162228.003677"
    },
    {
        "type": "message",
        "user": "U0V9PD50R",
        "text": "it’s no blade runner",
        "ts": "1472162290.003678"
    },
    {
        "type": "message",
        "user": "U0V9PD50R",
        "text": "lol",
        "ts": "1472162299.003679"
    },
    {
        "type": "message",
        "user": "U0V949JCB",
        "text": "\/giphy blade runner",
        "attachments": [
            {
                "fallback": "giphy: <http:\/\/giphy.com\/gifs\/cinemagraph-blade-runner-Wtz5d9ociA7wA>",
                "image_url": "http:\/\/media3.giphy.com\/media\/Wtz5d9ociA7wA\/giphy.gif",
                "image_width": 500,
                "image_height": 223,
                "image_bytes": 506546,
                "is_animated": true,
                "title": "blade runner",
                "id": 1,
                "title_link": "http:\/\/giphy.com\/gifs\/cinemagraph-blade-runner-Wtz5d9ociA7wA"
            }
        ],
        "ts": "1472162348.003680"
    },
    {
        "user": "U252ZDRGT",
        "text": "<@U252ZDRGT|chip> has joined the channel",
        "type": "message",
        "subtype": "channel_join",
        "ts": "1472162391.003681"
    },
    {
        "type": "message",
        "user": "U0N4RBF7W",
        "text": "Any Prodigy fans here?",
        "ts": "1472164079.003682"
    },
    {
        "type": "message",
        "user": "U0N4RBF7W",
        "text": "Just taking my time to finally listen to The Day Is My Enemy",
        "ts": "1472164152.003683"
    },
    {
        "type": "message",
        "user": "U0E93BL9F",
        "text": "you mean The Prodigy",
        "ts": "1472164155.003684"
    },
    {
        "type": "message",
        "user": "U0N4RBF7W",
        "text": "I do, are you a fan or just commenting that?",
        "ts": "1472164195.003685"
    },
    {
        "type": "message",
        "user": "U0XCXA90A",
        "text": "I thought you meant the 1990's ISP",
        "ts": "1472164204.003686"
    },
    {
        "type": "message",
        "user": "U0XCXA90A",
        "text": "I was a big fan.",
        "ts": "1472164207.003687"
    },
    {
        "type": "message",
        "user": "U0E93BL9F",
        "text": "<@U0XCXA90A> haha",
        "ts": "1472164223.003688"
    },
    {
        "type": "message",
        "user": "U0N4RBF7W",
        "text": "Earliest I have is Experience",
        "ts": "1472164241.003689"
    },
    {
        "type": "message",
        "user": "U0E93BL9F",
        "text": "<@U0N4RBF7W> I like that type of music, but I'm not a huge ... i NEED music type a guy",
        "ts": "1472164255.003690"
    },
    {
        "type": "message",
        "user": "U0E93BL9F",
        "text": "I have diverse taste in music.  I seem to recall some good stuff from them.",
        "ts": "1472164275.003691"
    },
    {
        "type": "message",
        "user": "U0N4RBF7W",
        "text": "It sounds weird to say but I'm a big fan but not listened to their latest album until now haha",
        "ts": "1472164306.003692"
    },
    {
        "type": "message",
        "user": "U0E93BL9F",
        "text": "give me a good song or two and I'll go check it out.",
        "ts": "1472164343.003693"
    },
    {
        "type": "message",
        "user": "U0N4RBF7W",
        "text": "Most people have a diverse taste, I think gone are the 90\/00s where music was a massive part of your identity or camp",
        "ts": "1472164354.003694"
    },
    {
        "type": "message",
        "user": "U0E93BL9F",
        "text": "I'm just hanging here, waiting for <@U1GQX1WKZ> while he's doing real work :slightly_smiling_face:",
        "ts": "1472164371.003695"
    },
    {
        "type": "message",
        "user": "U0N4RBF7W",
        "text": "Haha",
        "ts": "1472164375.003696"
    },
    {
        "type": "message",
        "user": "U1GQX1WKZ",
        "text": ".\/o\\",
        "ts": "1472164389.003697"
    },
    {
        "type": "message",
        "user": "U0N4RBF7W",
        "text": "Something slightly different:",
        "ts": "1472164397.003698"
    },
    {
        "type": "message",
        "user": "U0N4RBF7W",
        "text": "<https:\/\/www.youtube.com\/watch?v=HI9LC1tTMBQ>",
        "attachments": [
            {
                "service_name": "YouTube",
                "service_url": "https:\/\/www.youtube.com\/",
                "title": "Anika Nilles - \"Synergy\" [official Video]",
                "title_link": "https:\/\/www.youtube.com\/watch?v=HI9LC1tTMBQ",
                "author_name": "Anika Nilles",
                "author_link": "https:\/\/www.youtube.com\/user\/anykmusic",
                "thumb_url": "https:\/\/i.ytimg.com\/vi\/HI9LC1tTMBQ\/hqdefault.jpg",
                "thumb_width": 480,
                "thumb_height": 360,
                "fallback": "YouTube Video: Anika Nilles - \"Synergy\" [official Video]",
                "video_html": "<iframe width=\"400\" height=\"225\" src=\"https:\/\/www.youtube.com\/embed\/HI9LC1tTMBQ?feature=oembed&autoplay=1&iv_load_policy=3\" frameborder=\"0\" allowfullscreen><\/iframe>",
                "video_html_width": 400,
                "video_html_height": 225,
                "from_url": "https:\/\/www.youtube.com\/watch?v=HI9LC1tTMBQ",
                "service_icon": "https:\/\/a.slack-edge.com\/2089\/img\/unfurl_icons\/youtube.png",
                "id": 1
            }
        ],
        "ts": "1472164415.003699"
    },
    {
        "type": "message",
        "user": "U0V9PD50R",
        "text": "experience was a good album",
        "ts": "1472164421.003701"
    },
    {
        "type": "message",
        "user": "U0N4RBF7W",
        "text": "I think their weakest album I own is Always Outnumbered, Never Outgunned and that album is pretty good",
        "ts": "1472164454.003702"
    },
    {
        "type": "message",
        "user": "U0V9PD50R",
        "text": "i owned experience and the one with smack my b$$$$ up…but alas, someone broke into my car in the mid 90’s and stole all my cds...",
        "ts": "1472164527.003703"
    },
    {
        "type": "message",
        "user": "U0N4RBF7W",
        "text": "Ugh",
        "ts": "1472164536.003704"
    },
    {
        "type": "message",
        "user": "U0E93BL9F",
        "text": "I'm gonna listen <@U0N4RBF7W> once I'm done with <@U1GQX1WKZ> . thx...",
        "ts": "1472164685.003705"
    },
    {
        "type": "message",
        "user": "U0E93BL9F",
        "text": "fired it up in another browser window now...listening",
        "ts": "1472164723.003706"
    },
    {
        "type": "message",
        "user": "U104Y4770",
        "text": "<https:\/\/open.spotify.com\/user\/rmedved84\/playlist\/6o9pjk7rfAeD93iInoXiXj>",
        "attachments": [
            {
                "service_name": "Spotify",
                "service_url": "https:\/\/www.spotify.com",
                "title": "Rivers and Canyons",
                "title_link": "https:\/\/open.spotify.com\/user\/rmedved84\/playlist\/6o9pjk7rfAeD93iInoXiXj",
                "thumb_url": "https:\/\/d3rt1990lpmkn.cloudfront.net\/300\/376dc13dc4abe2f1f70b5751378220cedde640e3ce3c3a8a9e045227bf32b1e18e34d2c64a2e9c4c2118f769ead814230fed04a0c65d591192d40903c73a84a0dbe2792a136497547103cad7be7da145",
                "thumb_width": 300,
                "thumb_height": 300,
                "fallback": "Spotify Audio: Link: Rivers and Canyons",
                "audio_html": "<iframe src=\"https:\/\/embed.spotify.com\/?uri=spotify:user:rmedved84:playlist:6o9pjk7rfAeD93iInoXiXj\" width=\"300\" height=\"380\" frameborder=\"0\" allowtransparency=\"true\"><\/iframe>",
                "audio_html_width": 300,
                "audio_html_height": 380,
                "from_url": "https:\/\/open.spotify.com\/user\/rmedved84\/playlist\/6o9pjk7rfAeD93iInoXiXj",
                "service_icon": "https:\/\/a.slack-edge.com\/e8ef6\/img\/unfurl_icons\/spotify.png",
                "id": 1
            }
        ],
        "ts": "1472164857.003707"
    },
    {
        "type": "message",
        "user": "U104Y4770",
        "text": "^my afternoon playlist",
        "ts": "1472164871.003709"
    },
    {
        "type": "message",
        "user": "U0N4RBF7W",
        "text": "@:robm my  girlfriends brother always goes on about an artist called My Morning Jacket, you might like them",
        "ts": "1472164983.003710"
    },
    {
        "type": "message",
        "user": "U104Y4770",
        "text": "I’m not a huge fan but I like the stuff of theirs I’ve listened to",
        "ts": "1472165013.003711"
    },
    {
        "type": "message",
        "user": "U0N4RBF7W",
        "text": "Less Country than that by a long shot (just played a few other tracks!)",
        "ts": "1472165016.003712"
    },
    {
        "type": "message",
        "user": "U0N4RBF7W",
        "text": "I just picked up Google Play unlimited today, man I should have done it sooner",
        "ts": "1472165051.003713"
    },
    {
        "type": "message",
        "user": "U104Y4770",
        "text": "I’ve considered it, but I’ve been on Spotify for a long time",
        "ts": "1472165073.003714"
    },
    {
        "type": "message",
        "user": "U104Y4770",
        "text": "with not much incentive to switch",
        "ts": "1472165082.003715"
    },
    {
        "type": "message",
        "user": "U104Y4770",
        "text": "I do use google play to store things that spotify doesn’t have",
        "ts": "1472165089.003716"
    },
    {
        "type": "message",
        "user": "U104Y4770",
        "text": "like live stuff",
        "ts": "1472165094.003717"
    },
    {
        "type": "message",
        "user": "U0N4RBF7W",
        "text": "I got the choice of platform and given I'm very heavily on the Google wagon anyway it made sense. Plus 90 days free so at worst I don't use it and get Spotify",
        "ts": "1472165110.003718"
    },
    {
        "type": "message",
        "user": "U104Y4770",
        "text": "These days, pretty much all platforms have virutally the same music catalog so it’s more about features",
        "ts": "1472165174.003719"
    },
    {
        "type": "message",
        "user": "U104Y4770",
        "text": "I enjoy some of spotify’s curated playlists",
        "ts": "1472165185.003720"
    },
    {
        "type": "message",
        "user": "U0N4RBF7W",
        "text": "I see Google has mood playlists, different ones show based on time of day\/week",
        "ts": "1472165243.003721"
    },
    {
        "type": "message",
        "user": "U0N4RBF7W",
        "text": "So I might see how well those work, is that the same kind of curated playlists?",
        "ts": "1472165263.003722"
    },
    {
        "type": "message",
        "user": "U104Y4770",
        "text": "and their “Discover Weekly” is freakishly good",
        "edited": {
            "user": "U104Y4770",
            "ts": "1472165272.000000"
        },
        "ts": "1472165264.003723"
    },
    {
        "type": "message",
        "user": "U0N4RBF7W",
        "text": "On spotify?",
        "ts": "1472165276.003725"
    },
    {
        "type": "message",
        "user": "U104Y4770",
        "text": "yeah",
        "ts": "1472165279.003726"
    },
    {
        "type": "message",
        "user": "U104Y4770",
        "text": "if you’ve never checked it out, you should",
        "ts": "1472165287.003727"
    },
    {
        "type": "message",
        "user": "U0N4RBF7W",
        "text": "Yeah I can already see that discovering new stuff might be trickier on this platform",
        "ts": "1472165303.003728"
    },
    {
        "type": "message",
        "user": "U104Y4770",
        "text": "It’s basically “here’s a stuff similar to what you’ve been listening to lately but have never heard\"",
        "ts": "1472165307.003729"
    },
    {
        "type": "message",
        "user": "U0N4RBF7W",
        "text": "Oh nice!",
        "ts": "1472165313.003730"
    },
    {
        "type": "message",
        "user": "U0N4RBF7W",
        "text": "I love that kind of thing",
        "ts": "1472165328.003731"
    },
    {
        "type": "message",
        "user": "U104Y4770",
        "text": "and since their radio feature isn’t that great, I’m surprised at how good the discover weekly is",
        "ts": "1472165332.003732"
    },
    {
        "type": "message",
        "user": "U0N4RBF7W",
        "text": "Yeah apparently Google wins that department, Spotify has limited track skips or something?",
        "ts": "1472165369.003733"
    },
    {
        "type": "message",
        "user": "U104Y4770",
        "text": "I dunno, more just the quality and quantity of the stuff they choose. No one can beat Pandora for that",
        "edited": {
            "user": "U104Y4770",
            "ts": "1472166197.000000"
        },
        "ts": "1472165400.003734"
    },
    {
        "type": "message",
        "user": "U0N4RBF7W",
        "text": "Ahh okay",
        "ts": "1472165416.003736"
    }
]