[
    {
        "type": "message",
        "user": "U1H19HH9D",
        "text": "<@U0Y6QC8NL>  ah ha, yeah I thought it was focus! Southwark is a cool place, some good pubs :slightly_smiling_face: \nLet us know when you land, maybe we can all grab a beer! \n<@U0N4RBF7W>  too.",
        "ts": "1475737752.003405"
    },
    {
        "type": "message",
        "user": "U0N4RBF7W",
        "text": "That's the plan!",
        "ts": "1475738661.003406"
    },
    {
        "user": "U2L5EDUJ2",
        "text": "<@U2L5EDUJ2|boriest> has joined the channel",
        "type": "message",
        "subtype": "channel_join",
        "ts": "1475760144.003407"
    },
    {
        "user": "U2L5JAB60",
        "text": "<@U2L5JAB60|gallen> has joined the channel",
        "type": "message",
        "subtype": "channel_join",
        "ts": "1475761130.003408"
    },
    {
        "type": "message",
        "user": "U0Y6QC8NL",
        "text": "<@U0N4RBF7W> some erotic viewing for your morning: <http:\/\/i.imgur.com\/V8i59If.jpg>",
        "attachments": [
            {
                "fallback": "1000x667px image",
                "image_url": "http:\/\/i.imgur.com\/V8i59If.jpg",
                "image_width": 1000,
                "image_height": 667,
                "image_bytes": 102982,
                "from_url": "http:\/\/i.imgur.com\/V8i59If.jpg",
                "id": 1
            }
        ],
        "ts": "1475765016.003409"
    },
    {
        "type": "message",
        "user": "U0N4RBF7W",
        "text": "Oh man",
        "ts": "1475765133.003411"
    },
    {
        "type": "message",
        "user": "U264S71NG",
        "text": "I spy open ports.",
        "ts": "1475765186.003412"
    },
    {
        "type": "message",
        "user": "U0N4RBF7W",
        "text": "How can you see that?",
        "ts": "1475765217.003413"
    },
    {
        "type": "message",
        "user": "U0N4RBF7W",
        "text": "Like I can't see the lights from that image",
        "ts": "1475765327.003414"
    },
    {
        "type": "message",
        "user": "U0N4RBF7W",
        "text": "SOAP or REST?",
        "ts": "1475765825.003415"
    },
    {
        "type": "message",
        "user": "U0N4RBF7W",
        "text": ":one: SOAP\n:two:  REST",
        "ts": "1475765843.003416",
        "reactions": [
            {
                "name": "two",
                "users": [
                    "U0E96U52M",
                    "U0Y6QC8NL",
                    "U0E93BL9F",
                    "U104Y4770",
                    "U2DFYU8UT"
                ],
                "count": 5
            }
        ]
    },
    {
        "type": "message",
        "user": "U0N4RBF7W",
        "text": ":one: :two:",
        "edited": {
            "user": "U0N4RBF7W",
            "ts": "1475765861.000000"
        },
        "ts": "1475765854.003417"
    },
    {
        "type": "message",
        "user": "U0N4RBF7W",
        "text": "What do people use regularly for web services?",
        "ts": "1475765869.003419"
    },
    {
        "type": "message",
        "user": "U0Y6QC8NL",
        "text": "I think these days you only use soap if youre forced to",
        "ts": "1475766625.003420"
    },
    {
        "type": "message",
        "user": "U0N4RBF7W",
        "text": "Oh really? Why's that?",
        "ts": "1475766647.003421"
    },
    {
        "type": "message",
        "user": "U0Y6QC8NL",
        "text": "well, probably a couple reasons",
        "ts": "1475766701.003422"
    },
    {
        "type": "message",
        "user": "U0Y6QC8NL",
        "text": "soap always returns XML, which means you need some sort of XML parser (SN handles it for you, but still. its nicer to just get JSON back)",
        "ts": "1475766721.003423"
    },
    {
        "type": "message",
        "user": "U0Y6QC8NL",
        "text": "soap is almost always more complicated to write and read",
        "ts": "1475766744.003424"
    },
    {
        "type": "message",
        "user": "U0N4RBF7W",
        "text": "I thought XML might be preferred, ha",
        "ts": "1475766744.003425"
    },
    {
        "type": "message",
        "user": "U0Y6QC8NL",
        "text": "JSON is basically native JS. why wouldnt you want it?",
        "ts": "1475766761.003426"
    },
    {
        "type": "message",
        "user": "U22F57FPZ",
        "text": "it's also faster :slightly_smiling_face: (less markup)",
        "ts": "1475766860.003427"
    },
    {
        "type": "message",
        "user": "U0Y6QC8NL",
        "text": "true that",
        "ts": "1475766871.003428"
    },
    {
        "type": "message",
        "user": "U0Y6QC8NL",
        "text": "`name: 'dstur'` is less bytes than `&lt;name&gt;dstur&lt;\/name&gt;`",
        "ts": "1475766883.003429"
    },
    {
        "type": "message",
        "user": "U0N4RBF7W",
        "text": "Very good points",
        "ts": "1475766932.003430"
    },
    {
        "type": "message",
        "user": "U0N4RBF7W",
        "text": "Thank you :slightly_smiling_face:",
        "ts": "1475766991.003431"
    },
    {
        "type": "message",
        "user": "U0Y6QC8NL",
        "text": "also REST can return a number of formats. doesnt have to be json",
        "ts": "1475766994.003432"
    },
    {
        "type": "message",
        "user": "U0Y6QC8NL",
        "text": "sometimes its just text",
        "ts": "1475766997.003433",
        "reactions": [
            {
                "name": "+1",
                "users": [
                    "U0E93BL9F"
                ],
                "count": 1
            }
        ]
    },
    {
        "type": "message",
        "user": "U0Y6QC8NL",
        "text": "and no parsing is necessary!",
        "ts": "1475767002.003434"
    },
    {
        "type": "message",
        "user": "U0E93BL9F",
        "text": "<@U0Y6QC8NL> had to laugh at your picture from earlier...was thinking that must be the back of your gaming machine (or maybe <@U0N4RBF7W> or <@U0EKK4BTP>  machine)",
        "ts": "1475767311.003435"
    },
    {
        "type": "message",
        "user": "U0N4RBF7W",
        "text": "Please... It's not an AMD card in my machine!",
        "ts": "1475767339.003436"
    },
    {
        "type": "message",
        "user": "U0N4RBF7W",
        "text": "\/giphy power hungry",
        "attachments": [
            {
                "fallback": "giphy: <http:\/\/giphy.com\/gifs\/colbertlateshow-colbert-hungry-for-power-games-flickerman-3oEjHTFEtkP0TKk8gw>",
                "image_url": "http:\/\/media.giphy.com\/media\/3oEjHTFEtkP0TKk8gw\/giphy-tumblr.gif",
                "image_width": 250,
                "image_height": 140,
                "image_bytes": 570161,
                "is_animated": true,
                "title": "power hungry",
                "id": 1,
                "title_link": "http:\/\/giphy.com\/gifs\/colbertlateshow-colbert-hungry-for-power-games-flickerman-3oEjHTFEtkP0TKk8gw"
            }
        ],
        "ts": "1475767386.003437"
    },
    {
        "type": "message",
        "user": "U0Y6QC8NL",
        "text": "lol dstur",
        "ts": "1475767411.003438"
    },
    {
        "type": "message",
        "user": "U0E88P8F8",
        "text": "there's something very satisfying about seeing a well cabled patch panel",
        "ts": "1475769321.003439"
    },
    {
        "type": "message",
        "subtype": "file_share",
        "text": "<@U104Y4770|robm> uploaded a file: <https:\/\/sndevs.slack.com\/files\/robm\/F2L89UFJT\/pasted_image_at_2016_10_06_08_57_am.png|Pasted image at 2016-10-06, 8:57 AM> and commented: You mean like this?",
        "file": {
            "id": "F2L89UFJT",
            "created": 1475769469,
            "timestamp": 1475769469,
            "name": "Pasted image at 2016_10_06 08_57 AM.png",
            "title": "Pasted image at 2016-10-06, 8:57 AM",
            "mimetype": "image\/png",
            "filetype": "png",
            "pretty_type": "PNG",
            "user": "U104Y4770",
            "editable": false,
            "size": 717625,
            "mode": "hosted",
            "is_external": false,
            "external_type": "",
            "is_public": true,
            "public_url_shared": false,
            "display_as_bot": false,
            "username": "",
            "url_private": "https:\/\/files.slack.com\/files-pri\/T0E2AD6AY-F2L89UFJT\/pasted_image_at_2016_10_06_08_57_am.png?t=xoxe-14078448372-167243557781-166475819265-182f5ebf49",
            "url_private_download": "https:\/\/files.slack.com\/files-pri\/T0E2AD6AY-F2L89UFJT\/download\/pasted_image_at_2016_10_06_08_57_am.png?t=xoxe-14078448372-167243557781-166475819265-182f5ebf49",
            "thumb_64": "https:\/\/files.slack.com\/files-tmb\/T0E2AD6AY-F2L89UFJT-bec3adec08\/pasted_image_at_2016_10_06_08_57_am_64.png?t=xoxe-14078448372-167243557781-166475819265-182f5ebf49",
            "thumb_80": "https:\/\/files.slack.com\/files-tmb\/T0E2AD6AY-F2L89UFJT-bec3adec08\/pasted_image_at_2016_10_06_08_57_am_80.png?t=xoxe-14078448372-167243557781-166475819265-182f5ebf49",
            "thumb_360": "https:\/\/files.slack.com\/files-tmb\/T0E2AD6AY-F2L89UFJT-bec3adec08\/pasted_image_at_2016_10_06_08_57_am_360.png?t=xoxe-14078448372-167243557781-166475819265-182f5ebf49",
            "thumb_360_w": 270,
            "thumb_360_h": 360,
            "thumb_480": "https:\/\/files.slack.com\/files-tmb\/T0E2AD6AY-F2L89UFJT-bec3adec08\/pasted_image_at_2016_10_06_08_57_am_480.png?t=xoxe-14078448372-167243557781-166475819265-182f5ebf49",
            "thumb_480_w": 360,
            "thumb_480_h": 480,
            "thumb_160": "https:\/\/files.slack.com\/files-tmb\/T0E2AD6AY-F2L89UFJT-bec3adec08\/pasted_image_at_2016_10_06_08_57_am_160.png?t=xoxe-14078448372-167243557781-166475819265-182f5ebf49",
            "image_exif_rotation": 1,
            "original_w": 480,
            "original_h": 640,
            "permalink": "https:\/\/sndevs.slack.com\/files\/robm\/F2L89UFJT\/pasted_image_at_2016_10_06_08_57_am.png",
            "permalink_public": "https:\/\/slack-files.com\/T0E2AD6AY-F2L89UFJT-7f2c78eade",
            "channels": [
                "C0E2AD6BE"
            ],
            "groups": [],
            "ims": [],
            "comments_count": 1,
            "initial_comment": {
                "id": "Fc2L7ZAWTS",
                "created": 1475769469,
                "timestamp": 1475769469,
                "user": "U104Y4770",
                "is_intro": true,
                "comment": "You mean like this?",
                "channel": ""
            },
            "reactions": [
                {
                    "name": "laughing",
                    "users": [
                        "U0E93BL9F"
                    ],
                    "count": 1
                }
            ]
        },
        "user": "U104Y4770",
        "upload": true,
        "display_as_bot": false,
        "username": "robm",
        "bot_id": null,
        "ts": "1475769472.003440"
    },
    {
        "type": "message",
        "user": "U0Y6QC8NL",
        "text": "I just threw up in my mouth",
        "ts": "1475769523.003441"
    },
    {
        "type": "message",
        "user": "U104Y4770",
        "text": "May or may not be a real photo taken where I work… 10 years ago",
        "ts": "1475769645.003442"
    },
    {
        "type": "message",
        "user": "U22F57FPZ",
        "text": "if the cables are too tidy, engineers lose jobs",
        "ts": "1475769651.003443"
    },
    {
        "type": "message",
        "user": "U104Y4770",
        "text": "<https:\/\/www.wired.com\/2016\/10\/amazon-adds-free-books-ever-growing-list-prime-benefits\/>",
        "attachments": [
            {
                "service_name": "WIRED",
                "title": "Amazon Adds Free Books to the Ever-Growing List of Prime Benefits",
                "title_link": "https:\/\/www.wired.com\/2016\/10\/amazon-adds-free-books-ever-growing-list-prime-benefits\/",
                "text": "US Prime members can now get unlimited access to a rotating selection of reading materials.",
                "fallback": "WIRED: Amazon Adds Free Books to the Ever-Growing List of Prime Benefits",
                "image_url": "https:\/\/www.wired.com\/wp-content\/uploads\/2016\/10\/AmazonPrimeReadingHP-660x330.jpg",
                "image_width": 500,
                "image_height": 250,
                "from_url": "https:\/\/www.wired.com\/2016\/10\/amazon-adds-free-books-ever-growing-list-prime-benefits\/",
                "image_bytes": 32031,
                "service_icon": "https:\/\/www.wired.com\/wp-content\/themes\/Phoenix\/assets\/images\/apple-touch-icon.png",
                "id": 1
            }
        ],
        "ts": "1475771334.003445"
    },
    {
        "type": "message",
        "user": "U0Y6QC8NL",
        "text": "<@U0X0BA76U> can you comment on the accuracy of this:",
        "ts": "1475772125.003447"
    },
    {
        "type": "message",
        "subtype": "file_share",
        "text": "<@U0Y6QC8NL|ksherm> uploaded a file: <https:\/\/sndevs.slack.com\/files\/ksherm\/F2L8WGB1T\/pasted_image_at_2016_10_06_10_42_am.png|Pasted image at 2016-10-06, 10:42 AM>",
        "file": {
            "id": "F2L8WGB1T",
            "created": 1475772127,
            "timestamp": 1475772127,
            "name": "Pasted image at 2016_10_06 10_42 AM.png",
            "title": "Pasted image at 2016-10-06, 10:42 AM",
            "mimetype": "image\/png",
            "filetype": "png",
            "pretty_type": "PNG",
            "user": "U0Y6QC8NL",
            "editable": false,
            "size": 191964,
            "mode": "hosted",
            "is_external": false,
            "external_type": "",
            "is_public": true,
            "public_url_shared": false,
            "display_as_bot": false,
            "username": "",
            "url_private": "https:\/\/files.slack.com\/files-pri\/T0E2AD6AY-F2L8WGB1T\/pasted_image_at_2016_10_06_10_42_am.png?t=xoxe-14078448372-167243557781-166475819265-182f5ebf49",
            "url_private_download": "https:\/\/files.slack.com\/files-pri\/T0E2AD6AY-F2L8WGB1T\/download\/pasted_image_at_2016_10_06_10_42_am.png?t=xoxe-14078448372-167243557781-166475819265-182f5ebf49",
            "thumb_64": "https:\/\/files.slack.com\/files-tmb\/T0E2AD6AY-F2L8WGB1T-070b40eac8\/pasted_image_at_2016_10_06_10_42_am_64.png?t=xoxe-14078448372-167243557781-166475819265-182f5ebf49",
            "thumb_80": "https:\/\/files.slack.com\/files-tmb\/T0E2AD6AY-F2L8WGB1T-070b40eac8\/pasted_image_at_2016_10_06_10_42_am_80.png?t=xoxe-14078448372-167243557781-166475819265-182f5ebf49",
            "thumb_360": "https:\/\/files.slack.com\/files-tmb\/T0E2AD6AY-F2L8WGB1T-070b40eac8\/pasted_image_at_2016_10_06_10_42_am_360.png?t=xoxe-14078448372-167243557781-166475819265-182f5ebf49",
            "thumb_360_w": 360,
            "thumb_360_h": 293,
            "thumb_480": "https:\/\/files.slack.com\/files-tmb\/T0E2AD6AY-F2L8WGB1T-070b40eac8\/pasted_image_at_2016_10_06_10_42_am_480.png?t=xoxe-14078448372-167243557781-166475819265-182f5ebf49",
            "thumb_480_w": 480,
            "thumb_480_h": 391,
            "thumb_160": "https:\/\/files.slack.com\/files-tmb\/T0E2AD6AY-F2L8WGB1T-070b40eac8\/pasted_image_at_2016_10_06_10_42_am_160.png?t=xoxe-14078448372-167243557781-166475819265-182f5ebf49",
            "image_exif_rotation": 1,
            "original_w": 640,
            "original_h": 521,
            "permalink": "https:\/\/sndevs.slack.com\/files\/ksherm\/F2L8WGB1T\/pasted_image_at_2016_10_06_10_42_am.png",
            "permalink_public": "https:\/\/slack-files.com\/T0E2AD6AY-F2L8WGB1T-c578ab7743",
            "channels": [
                "C0E2AD6BE"
            ],
            "groups": [],
            "ims": [],
            "comments_count": 0
        },
        "user": "U0Y6QC8NL",
        "upload": true,
        "display_as_bot": false,
        "username": "ksherm",
        "bot_id": null,
        "ts": "1475772129.003448"
    },
    {
        "type": "message",
        "user": "U235A44S0",
        "text": "I saw that and thought it was hilarious",
        "ts": "1475772146.003449"
    },
    {
        "type": "message",
        "user": "U0XCXA90A",
        "text": "Not bad, but Sasquatches would probably stretch more to the south into those ??’s and less to the east. Not a lot of forests to hide a ‘Quatch on the great plains.",
        "ts": "1475772528.003450"
    },
    {
        "type": "message",
        "user": "U0X0BA76U",
        "text": "<@U0Y6QC8NL> probably a good representation of how an Australian would think about it",
        "ts": "1475773239.003451"
    },
    {
        "type": "message",
        "user": "U0X0BA76U",
        "text": "not sure I would have put GTA so far up",
        "ts": "1475773253.003452"
    },
    {
        "type": "message",
        "user": "U0X0BA76U",
        "text": "Florida is definitely the wang",
        "ts": "1475773286.003453"
    },
    {
        "type": "message",
        "user": "U0Y6QC8NL",
        "text": "even americans think that",
        "ts": "1475773294.003454"
    },
    {
        "type": "message",
        "user": "U235A44S0",
        "text": "The wang is about to get washed and showered by a hurricane",
        "ts": "1475773524.003455"
    },
    {
        "type": "message",
        "user": "U0X0BA76U",
        "text": "yeah :confused:",
        "ts": "1475773533.003456"
    },
    {
        "type": "message",
        "user": "U235A44S0",
        "text": "as gross as that statement was",
        "ts": "1475773547.003457"
    },
    {
        "type": "message",
        "user": "U0X0BA76U",
        "text": "ha!",
        "ts": "1475773553.003458"
    },
    {
        "type": "message",
        "user": "U235A44S0",
        "text": "Welcome to <#C0E2AD6BE|random>!",
        "ts": "1475773563.003459"
    },
    {
        "type": "message",
        "user": "U0Y6QC8NL",
        "text": "im both disturbed and amused by that metaphor",
        "ts": "1475773570.003460"
    },
    {
        "type": "message",
        "user": "U235A44S0",
        "text": "It is the little boy in all of us",
        "ts": "1475773588.003461"
    },
    {
        "type": "message",
        "user": "U104Y4770",
        "text": "Yeah, that comment was equal parts inappropriate and funny",
        "ts": "1475773908.003462"
    },
    {
        "type": "message",
        "user": "U235A44S0",
        "text": "Yeah, well, I did not say I am always appropriate",
        "ts": "1475773930.003463"
    },
    {
        "type": "message",
        "user": "U104Y4770",
        "text": "my internal dialogue was pretty much “I can’t believe he said that… that’s pretty funny actually\"",
        "ts": "1475773941.003464"
    },
    {
        "user": "U2L9G7U06",
        "text": "<@U2L9G7U06|fredd> has joined the channel",
        "type": "message",
        "subtype": "channel_join",
        "ts": "1475774901.003465"
    },
    {
        "type": "message",
        "user": "U0E36J5EU",
        "text": "I should really stop playing slither io",
        "ts": "1475776443.003466"
    },
    {
        "type": "message",
        "user": "U0E96U52M",
        "text": "ajb arent you between things at the moment?",
        "ts": "1475777003.003467"
    },
    {
        "type": "message",
        "user": "U0E96U52M",
        "text": "you should log off",
        "ts": "1475777008.003468"
    },
    {
        "type": "message",
        "user": "U0E96U52M",
        "text": "and get some fresh air :smile:",
        "ts": "1475777014.003469",
        "reactions": [
            {
                "name": "cloud",
                "users": [
                    "U104Y4770"
                ],
                "count": 1
            },
            {
                "name": "evergreen_tree",
                "users": [
                    "U0XCXA90A"
                ],
                "count": 1
            }
        ]
    },
    {
        "type": "message",
        "user": "U0E36J5EU",
        "text": "I am outside in fresh air, playing slither io :stuck_out_tongue:",
        "ts": "1475777241.003470"
    },
    {
        "type": "message",
        "user": "U1H19HH9D",
        "text": "Rest is cool, I think SOAP has more security and other features though. \nI've used soap for numerous Integrations with scom, etc",
        "ts": "1475777328.003471"
    },
    {
        "type": "message",
        "user": "U0Y6QC8NL",
        "text": "my work machine isnt good enough to play <http:\/\/slither.io|slither.io>",
        "ts": "1475779910.003472"
    },
    {
        "type": "message",
        "user": "U0Y6QC8NL",
        "text": "thats probably a good thing",
        "ts": "1475779913.003473"
    },
    {
        "type": "message",
        "subtype": "file_share",
        "text": "<@U0Y6QC8NL|ksherm> uploaded a file: <https:\/\/sndevs.slack.com\/files\/ksherm\/F2LB4N08M\/pasted_image_at_2016_10_06_01_01_pm.png|Pasted image at 2016 10 06 01 01 PM> and commented: <@U0X0BA76U> this is how I see aus",
        "file": {
            "id": "F2LB4N08M",
            "created": 1475780522,
            "timestamp": 1475780522,
            "name": "Pasted image at 2016_10_06 01_01 PM.png",
            "title": "Pasted image at 2016 10 06 01 01 PM",
            "mimetype": "image\/png",
            "filetype": "png",
            "pretty_type": "PNG",
            "user": "U0Y6QC8NL",
            "editable": false,
            "size": 39635,
            "mode": "hosted",
            "is_external": false,
            "external_type": "",
            "is_public": true,
            "public_url_shared": false,
            "display_as_bot": false,
            "username": "",
            "url_private": "https:\/\/files.slack.com\/files-pri\/T0E2AD6AY-F2LB4N08M\/pasted_image_at_2016_10_06_01_01_pm.png?t=xoxe-14078448372-167243557781-166475819265-182f5ebf49",
            "url_private_download": "https:\/\/files.slack.com\/files-pri\/T0E2AD6AY-F2LB4N08M\/download\/pasted_image_at_2016_10_06_01_01_pm.png?t=xoxe-14078448372-167243557781-166475819265-182f5ebf49",
            "thumb_64": "https:\/\/files.slack.com\/files-tmb\/T0E2AD6AY-F2LB4N08M-bf1bfe8d61\/pasted_image_at_2016_10_06_01_01_pm_64.png?t=xoxe-14078448372-167243557781-166475819265-182f5ebf49",
            "thumb_80": "https:\/\/files.slack.com\/files-tmb\/T0E2AD6AY-F2LB4N08M-bf1bfe8d61\/pasted_image_at_2016_10_06_01_01_pm_80.png?t=xoxe-14078448372-167243557781-166475819265-182f5ebf49",
            "thumb_360": "https:\/\/files.slack.com\/files-tmb\/T0E2AD6AY-F2LB4N08M-bf1bfe8d61\/pasted_image_at_2016_10_06_01_01_pm_360.png?t=xoxe-14078448372-167243557781-166475819265-182f5ebf49",
            "thumb_360_w": 360,
            "thumb_360_h": 208,
            "thumb_480": "https:\/\/files.slack.com\/files-tmb\/T0E2AD6AY-F2LB4N08M-bf1bfe8d61\/pasted_image_at_2016_10_06_01_01_pm_480.png?t=xoxe-14078448372-167243557781-166475819265-182f5ebf49",
            "thumb_480_w": 480,
            "thumb_480_h": 277,
            "thumb_160": "https:\/\/files.slack.com\/files-tmb\/T0E2AD6AY-F2LB4N08M-bf1bfe8d61\/pasted_image_at_2016_10_06_01_01_pm_160.png?t=xoxe-14078448372-167243557781-166475819265-182f5ebf49",
            "thumb_720": "https:\/\/files.slack.com\/files-tmb\/T0E2AD6AY-F2LB4N08M-bf1bfe8d61\/pasted_image_at_2016_10_06_01_01_pm_720.png?t=xoxe-14078448372-167243557781-166475819265-182f5ebf49",
            "thumb_720_w": 720,
            "thumb_720_h": 415,
            "image_exif_rotation": 1,
            "original_w": 728,
            "original_h": 420,
            "permalink": "https:\/\/sndevs.slack.com\/files\/ksherm\/F2LB4N08M\/pasted_image_at_2016_10_06_01_01_pm.png",
            "permalink_public": "https:\/\/slack-files.com\/T0E2AD6AY-F2LB4N08M-5d199244af",
            "channels": [
                "C0E2AD6BE"
            ],
            "groups": [],
            "ims": [],
            "comments_count": 1,
            "initial_comment": {
                "id": "Fc2LAZALGN",
                "created": 1475780522,
                "timestamp": 1475780522,
                "user": "U0Y6QC8NL",
                "is_intro": true,
                "comment": "<@U0X0BA76U> this is how I see aus",
                "channel": ""
            }
        },
        "user": "U0Y6QC8NL",
        "upload": true,
        "display_as_bot": false,
        "username": "ksherm",
        "bot_id": null,
        "ts": "1475780524.003474"
    },
    {
        "type": "message",
        "user": "U104Y4770",
        "text": "Is the misspelling of Melbourne intentional?",
        "ts": "1475780842.003475"
    },
    {
        "type": "message",
        "user": "U0Y6QC8NL",
        "text": "nope.",
        "ts": "1475780848.003476"
    },
    {
        "type": "message",
        "user": "U0X0BA76U",
        "text": "remarkably accurate",
        "ts": "1475781171.003477"
    },
    {
        "type": "message",
        "user": "U0Y6QC8NL",
        "text": "here's my britain:",
        "ts": "1475781250.003478"
    },
    {
        "type": "message",
        "subtype": "file_share",
        "text": "<@U0Y6QC8NL|ksherm> uploaded a file: <https:\/\/sndevs.slack.com\/files\/ksherm\/F2LBN416E\/pasted_image_at_2016_10_06_01_14_pm.png|Pasted image at 2016-10-06, 1:14 PM>",
        "file": {
            "id": "F2LBN416E",
            "created": 1475781252,
            "timestamp": 1475781252,
            "name": "Pasted image at 2016_10_06 01_14 PM.png",
            "title": "Pasted image at 2016-10-06, 1:14 PM",
            "mimetype": "image\/png",
            "filetype": "png",
            "pretty_type": "PNG",
            "user": "U0Y6QC8NL",
            "editable": false,
            "size": 38549,
            "mode": "hosted",
            "is_external": false,
            "external_type": "",
            "is_public": true,
            "public_url_shared": false,
            "display_as_bot": false,
            "username": "",
            "url_private": "https:\/\/files.slack.com\/files-pri\/T0E2AD6AY-F2LBN416E\/pasted_image_at_2016_10_06_01_14_pm.png?t=xoxe-14078448372-167243557781-166475819265-182f5ebf49",
            "url_private_download": "https:\/\/files.slack.com\/files-pri\/T0E2AD6AY-F2LBN416E\/download\/pasted_image_at_2016_10_06_01_14_pm.png?t=xoxe-14078448372-167243557781-166475819265-182f5ebf49",
            "thumb_64": "https:\/\/files.slack.com\/files-tmb\/T0E2AD6AY-F2LBN416E-45c005b66b\/pasted_image_at_2016_10_06_01_14_pm_64.png?t=xoxe-14078448372-167243557781-166475819265-182f5ebf49",
            "thumb_80": "https:\/\/files.slack.com\/files-tmb\/T0E2AD6AY-F2LBN416E-45c005b66b\/pasted_image_at_2016_10_06_01_14_pm_80.png?t=xoxe-14078448372-167243557781-166475819265-182f5ebf49",
            "thumb_360": "https:\/\/files.slack.com\/files-tmb\/T0E2AD6AY-F2LBN416E-45c005b66b\/pasted_image_at_2016_10_06_01_14_pm_360.png?t=xoxe-14078448372-167243557781-166475819265-182f5ebf49",
            "thumb_360_w": 208,
            "thumb_360_h": 360,
            "thumb_480": "https:\/\/files.slack.com\/files-tmb\/T0E2AD6AY-F2LBN416E-45c005b66b\/pasted_image_at_2016_10_06_01_14_pm_480.png?t=xoxe-14078448372-167243557781-166475819265-182f5ebf49",
            "thumb_480_w": 277,
            "thumb_480_h": 480,
            "thumb_160": "https:\/\/files.slack.com\/files-tmb\/T0E2AD6AY-F2LBN416E-45c005b66b\/pasted_image_at_2016_10_06_01_14_pm_160.png?t=xoxe-14078448372-167243557781-166475819265-182f5ebf49",
            "thumb_720": "https:\/\/files.slack.com\/files-tmb\/T0E2AD6AY-F2LBN416E-45c005b66b\/pasted_image_at_2016_10_06_01_14_pm_720.png?t=xoxe-14078448372-167243557781-166475819265-182f5ebf49",
            "thumb_720_w": 415,
            "thumb_720_h": 720,
            "image_exif_rotation": 1,
            "original_w": 420,
            "original_h": 728,
            "permalink": "https:\/\/sndevs.slack.com\/files\/ksherm\/F2LBN416E\/pasted_image_at_2016_10_06_01_14_pm.png",
            "permalink_public": "https:\/\/slack-files.com\/T0E2AD6AY-F2LBN416E-548391ca9c",
            "channels": [
                "C0E2AD6BE"
            ],
            "groups": [],
            "ims": [],
            "comments_count": 0
        },
        "user": "U0Y6QC8NL",
        "upload": true,
        "display_as_bot": false,
        "username": "ksherm",
        "bot_id": null,
        "ts": "1475781254.003479"
    },
    {
        "type": "message",
        "user": "U0Y6QC8NL",
        "text": "I guess thats not really \"how I see britain\". just... britain from memory.",
        "ts": "1475781361.003480"
    },
    {
        "type": "message",
        "user": "U0Y6QC8NL",
        "text": "(can anyone tell I'm bored?)",
        "ts": "1475781367.003481"
    },
    {
        "type": "message",
        "user": "U0X0BA76U",
        "text": "I am in prime procrastination mode today",
        "ts": "1475781391.003482"
    },
    {
        "type": "message",
        "user": "U104Y4770",
        "text": "<@U0Y6QC8NL> Short timers disease?",
        "ts": "1475781437.003483"
    },
    {
        "type": "message",
        "user": "U0X0BA76U",
        "text": "I have a 4 day weekend in southern california coming up (yay canyon carving!!)",
        "ts": "1475781438.003484"
    },
    {
        "type": "message",
        "user": "U0X0BA76U",
        "text": "and probably should get ahead of the game for next week",
        "ts": "1475781456.003485"
    },
    {
        "type": "message",
        "user": "U0X0BA76U",
        "text": "but... I'm busy finding roads I might like to drive on",
        "ts": "1475781467.003486"
    },
    {
        "type": "message",
        "user": "U0Y6QC8NL",
        "text": "<@U104Y4770> there were a bunch of projects that I was on that I am no longer on...",
        "ts": "1475781523.003487"
    },
    {
        "type": "message",
        "user": "U104Y4770",
        "text": "sounds nice",
        "ts": "1475781545.003488"
    },
    {
        "type": "message",
        "user": "U0Y6QC8NL",
        "text": "eh just gonna get reassigned to smaller ones",
        "ts": "1475781555.003489"
    },
    {
        "type": "message",
        "user": "U0Y6QC8NL",
        "text": "but for the afternoon... literally 0 things to do",
        "ts": "1475781561.003490"
    },
    {
        "type": "message",
        "user": "U0X0BA76U",
        "text": "you could take the one line emails I get from my customers and turn them in to meaningful requirements for me?",
        "ts": "1475781617.003491"
    },
    {
        "type": "message",
        "user": "U0Y6QC8NL",
        "text": "im better at turning complicated things into 1 liners",
        "ts": "1475781633.003492",
        "reactions": [
            {
                "name": "tada",
                "users": [
                    "U104Y4770",
                    "U0N4RBF7W"
                ],
                "count": 2
            }
        ]
    },
    {
        "type": "message",
        "user": "U0X0BA76U",
        "text": "that's perfect",
        "ts": "1475782261.003493"
    },
    {
        "type": "message",
        "user": "U0X0BA76U",
        "text": "turn these one liners in to meaningful one liners :smile:",
        "ts": "1475782267.003494"
    },
    {
        "type": "message",
        "user": "U0X0BA76U",
        "text": "my clothes dryer has three settings",
        "ts": "1475782273.003495"
    },
    {
        "type": "message",
        "user": "U0X0BA76U",
        "text": "more dry",
        "ts": "1475782275.003496"
    },
    {
        "type": "message",
        "user": "U0X0BA76U",
        "text": "optimum dry",
        "ts": "1475782276.003497"
    },
    {
        "type": "message",
        "user": "U0X0BA76U",
        "text": "less dry",
        "ts": "1475782278.003498"
    },
    {
        "type": "message",
        "user": "U0X0BA76U",
        "text": "why would you choose anything other than optimum dry?",
        "ts": "1475782284.003499"
    },
    {
        "type": "message",
        "user": "U0X0BA76U",
        "text": "\"oh i'll take my clothes damp today\"",
        "ts": "1475782345.003500"
    },
    {
        "type": "message",
        "user": "U104Y4770",
        "text": "maybe you want to get some wrinkles out, but then then air dry",
        "ts": "1475782356.003501"
    },
    {
        "type": "message",
        "user": "U104Y4770",
        "text": "also, maybe it’s really cold out so you want to make your clothes piping hot before putting them on",
        "ts": "1475782376.003502"
    },
    {
        "type": "message",
        "user": "U0X0BA76U",
        "text": "look at you and your logic.. there's no place for that in my household :smile:",
        "ts": "1475782394.003503"
    },
    {
        "type": "message",
        "user": "U0X0BA76U",
        "text": "air dry 4 life",
        "ts": "1475782402.003504"
    },
    {
        "type": "message",
        "user": "U0E36J5EU",
        "text": "well all of those are optimum, the key is the dryer likely doesn't agree with you on what optimum is in context.",
        "ts": "1475782412.003505",
        "reactions": [
            {
                "name": "star",
                "users": [
                    "U104Y4770"
                ],
                "count": 1
            }
        ]
    },
    {
        "type": "message",
        "subtype": "file_share",
        "text": "<@U0X0BA76U|bendyamin> uploaded a file: <https:\/\/sndevs.slack.com\/files\/bendyamin\/F2LBM9537\/pasted_image_at_2016_10_06_12_34_pm.png|Pasted image at 2016-10-06, 12:34 PM>",
        "file": {
            "id": "F2LBM9537",
            "created": 1475782466,
            "timestamp": 1475782466,
            "name": "Pasted image at 2016_10_06 12_34 PM.png",
            "title": "Pasted image at 2016-10-06, 12:34 PM",
            "mimetype": "image\/png",
            "filetype": "png",
            "pretty_type": "PNG",
            "user": "U0X0BA76U",
            "editable": false,
            "size": 506458,
            "mode": "hosted",
            "is_external": false,
            "external_type": "",
            "is_public": true,
            "public_url_shared": false,
            "display_as_bot": false,
            "username": "",
            "url_private": "https:\/\/files.slack.com\/files-pri\/T0E2AD6AY-F2LBM9537\/pasted_image_at_2016_10_06_12_34_pm.png?t=xoxe-14078448372-167243557781-166475819265-182f5ebf49",
            "url_private_download": "https:\/\/files.slack.com\/files-pri\/T0E2AD6AY-F2LBM9537\/download\/pasted_image_at_2016_10_06_12_34_pm.png?t=xoxe-14078448372-167243557781-166475819265-182f5ebf49",
            "thumb_64": "https:\/\/files.slack.com\/files-tmb\/T0E2AD6AY-F2LBM9537-c420f8e474\/pasted_image_at_2016_10_06_12_34_pm_64.png?t=xoxe-14078448372-167243557781-166475819265-182f5ebf49",
            "thumb_80": "https:\/\/files.slack.com\/files-tmb\/T0E2AD6AY-F2LBM9537-c420f8e474\/pasted_image_at_2016_10_06_12_34_pm_80.png?t=xoxe-14078448372-167243557781-166475819265-182f5ebf49",
            "thumb_360": "https:\/\/files.slack.com\/files-tmb\/T0E2AD6AY-F2LBM9537-c420f8e474\/pasted_image_at_2016_10_06_12_34_pm_360.png?t=xoxe-14078448372-167243557781-166475819265-182f5ebf49",
            "thumb_360_w": 360,
            "thumb_360_h": 203,
            "thumb_480": "https:\/\/files.slack.com\/files-tmb\/T0E2AD6AY-F2LBM9537-c420f8e474\/pasted_image_at_2016_10_06_12_34_pm_480.png?t=xoxe-14078448372-167243557781-166475819265-182f5ebf49",
            "thumb_480_w": 480,
            "thumb_480_h": 270,
            "thumb_160": "https:\/\/files.slack.com\/files-tmb\/T0E2AD6AY-F2LBM9537-c420f8e474\/pasted_image_at_2016_10_06_12_34_pm_160.png?t=xoxe-14078448372-167243557781-166475819265-182f5ebf49",
            "image_exif_rotation": 1,
            "original_w": 650,
            "original_h": 366,
            "permalink": "https:\/\/sndevs.slack.com\/files\/bendyamin\/F2LBM9537\/pasted_image_at_2016_10_06_12_34_pm.png",
            "permalink_public": "https:\/\/slack-files.com\/T0E2AD6AY-F2LBM9537-36fc831707",
            "channels": [
                "C0E2AD6BE"
            ],
            "groups": [],
            "ims": [],
            "comments_count": 0
        },
        "user": "U0X0BA76U",
        "upload": true,
        "display_as_bot": false,
        "username": "bendyamin",
        "bot_id": null,
        "ts": "1475782470.003506"
    },
    {
        "type": "message",
        "user": "U0X0BA76U",
        "text": "can't play \"goon of fortune\" with a clothes dryer",
        "ts": "1475782500.003507"
    },
    {
        "type": "message",
        "subtype": "file_share",
        "text": "<@U0X0BA76U|bendyamin> uploaded a file: <https:\/\/sndevs.slack.com\/files\/bendyamin\/F2LBCBC5S\/pasted_image_at_2016_10_06_12_35_pm.png|Pasted image at 2016-10-06, 12:35 PM>",
        "file": {
            "id": "F2LBCBC5S",
            "created": 1475782555,
            "timestamp": 1475782555,
            "name": "Pasted image at 2016_10_06 12_35 PM.png",
            "title": "Pasted image at 2016-10-06, 12:35 PM",
            "mimetype": "image\/png",
            "filetype": "png",
            "pretty_type": "PNG",
            "user": "U0X0BA76U",
            "editable": false,
            "size": 137149,
            "mode": "hosted",
            "is_external": false,
            "external_type": "",
            "is_public": true,
            "public_url_shared": false,
            "display_as_bot": false,
            "username": "",
            "url_private": "https:\/\/files.slack.com\/files-pri\/T0E2AD6AY-F2LBCBC5S\/pasted_image_at_2016_10_06_12_35_pm.png?t=xoxe-14078448372-167243557781-166475819265-182f5ebf49",
            "url_private_download": "https:\/\/files.slack.com\/files-pri\/T0E2AD6AY-F2LBCBC5S\/download\/pasted_image_at_2016_10_06_12_35_pm.png?t=xoxe-14078448372-167243557781-166475819265-182f5ebf49",
            "thumb_64": "https:\/\/files.slack.com\/files-tmb\/T0E2AD6AY-F2LBCBC5S-cb0d4680f5\/pasted_image_at_2016_10_06_12_35_pm_64.png?t=xoxe-14078448372-167243557781-166475819265-182f5ebf49",
            "thumb_80": "https:\/\/files.slack.com\/files-tmb\/T0E2AD6AY-F2LBCBC5S-cb0d4680f5\/pasted_image_at_2016_10_06_12_35_pm_80.png?t=xoxe-14078448372-167243557781-166475819265-182f5ebf49",
            "thumb_360": "https:\/\/files.slack.com\/files-tmb\/T0E2AD6AY-F2LBCBC5S-cb0d4680f5\/pasted_image_at_2016_10_06_12_35_pm_360.png?t=xoxe-14078448372-167243557781-166475819265-182f5ebf49",
            "thumb_360_w": 360,
            "thumb_360_h": 202,
            "thumb_480": "https:\/\/files.slack.com\/files-tmb\/T0E2AD6AY-F2LBCBC5S-cb0d4680f5\/pasted_image_at_2016_10_06_12_35_pm_480.png?t=xoxe-14078448372-167243557781-166475819265-182f5ebf49",
            "thumb_480_w": 480,
            "thumb_480_h": 269,
            "thumb_160": "https:\/\/files.slack.com\/files-tmb\/T0E2AD6AY-F2LBCBC5S-cb0d4680f5\/pasted_image_at_2016_10_06_12_35_pm_160.png?t=xoxe-14078448372-167243557781-166475819265-182f5ebf49",
            "image_exif_rotation": 1,
            "original_w": 620,
            "original_h": 348,
            "permalink": "https:\/\/sndevs.slack.com\/files\/bendyamin\/F2LBCBC5S\/pasted_image_at_2016_10_06_12_35_pm.png",
            "permalink_public": "https:\/\/slack-files.com\/T0E2AD6AY-F2LBCBC5S-aee5df68ed",
            "channels": [
                "C0E2AD6BE"
            ],
            "groups": [],
            "ims": [],
            "comments_count": 0,
            "reactions": [
                {
                    "name": "wine_glass",
                    "users": [
                        "U104Y4770"
                    ],
                    "count": 1
                },
                {
                    "name": "thinking_face",
                    "users": [
                        "U0XCXA90A"
                    ],
                    "count": 1
                }
            ]
        },
        "user": "U0X0BA76U",
        "upload": true,
        "display_as_bot": false,
        "username": "bendyamin",
        "bot_id": null,
        "ts": "1475782558.003508"
    },
    {
        "type": "message",
        "user": "U104Y4770",
        "text": "I live in Washington, clotheslines aren’t an option 10.5 months out of the year",
        "ts": "1475782572.003509"
    },
    {
        "type": "message",
        "user": "U0X0BA76U",
        "text": "more logic",
        "ts": "1475782622.003511"
    },
    {
        "type": "message",
        "user": "U0X0BA76U",
        "text": "you win these rounds, <@U104Y4770>",
        "ts": "1475782724.003512"
    },
    {
        "type": "message",
        "user": "U0X0BA76U",
        "text": "and .. future rounds",
        "ts": "1475782727.003513"
    },
    {
        "type": "message",
        "user": "U0Y6QC8NL",
        "text": "things you never thought you'd hear on a servicenow project: \"oh yeah, animal euthanasia would be a great place to start!\"",
        "ts": "1475788616.003515"
    },
    {
        "type": "message",
        "user": "U0Y6QC8NL",
        "text": "doing an implementation for our Office of Animal Research",
        "ts": "1475788631.003516"
    },
    {
        "type": "message",
        "user": "U0E96U52M",
        "text": "\/giphy sad",
        "attachments": [
            {
                "fallback": "giphy: <http:\/\/giphy.com\/gifs\/sad-baby-crying-8ykJ4yAnwgK2I>",
                "image_url": "http:\/\/media3.giphy.com\/media\/8ykJ4yAnwgK2I\/giphy.gif",
                "image_width": 245,
                "image_height": 200,
                "image_bytes": 824177,
                "is_animated": true,
                "title": "sad",
                "id": 1,
                "title_link": "http:\/\/giphy.com\/gifs\/sad-baby-crying-8ykJ4yAnwgK2I"
            }
        ],
        "ts": "1475789692.003517"
    },
    {
        "type": "message",
        "user": "U0V9PD50R",
        "text": "oh man i know this - my 2yr old does it when mom walks out the door...",
        "ts": "1475790793.003518"
    },
    {
        "type": "message",
        "user": "U0E96U52M",
        "text": "mine too",
        "ts": "1475790821.003519"
    },
    {
        "type": "message",
        "user": "U0E96U52M",
        "text": "its why i try to leave before she wakes",
        "ts": "1475790826.003520"
    },
    {
        "type": "message",
        "user": "U0V9PD50R",
        "text": "lol",
        "ts": "1475790906.003521"
    },
    {
        "type": "message",
        "user": "U0V9PD50R",
        "text": "she doesn’t care if i leave…only mom…but i get home i get rushed",
        "ts": "1475790963.003522"
    },
    {
        "type": "message",
        "subtype": "file_share",
        "text": "<@U0X0BA76U|bendyamin> uploaded a file: <https:\/\/sndevs.slack.com\/files\/bendyamin\/F2LCFEKHR\/pasted_image_at_2016_10_06_03_50_pm.png|Pasted image at 2016-10-06, 3:50 PM> and commented: just packed the car for the weekend and picked up a loaner lens wooooooooop",
        "file": {
            "id": "F2LCFEKHR",
            "created": 1475794257,
            "timestamp": 1475794257,
            "name": "Pasted image at 2016_10_06 03_50 PM.png",
            "title": "Pasted image at 2016-10-06, 3:50 PM",
            "mimetype": "image\/png",
            "filetype": "png",
            "pretty_type": "PNG",
            "user": "U0X0BA76U",
            "editable": false,
            "size": 3645580,
            "mode": "hosted",
            "is_external": false,
            "external_type": "",
            "is_public": true,
            "public_url_shared": false,
            "display_as_bot": false,
            "username": "",
            "url_private": "https:\/\/files.slack.com\/files-pri\/T0E2AD6AY-F2LCFEKHR\/pasted_image_at_2016_10_06_03_50_pm.png?t=xoxe-14078448372-167243557781-166475819265-182f5ebf49",
            "url_private_download": "https:\/\/files.slack.com\/files-pri\/T0E2AD6AY-F2LCFEKHR\/download\/pasted_image_at_2016_10_06_03_50_pm.png?t=xoxe-14078448372-167243557781-166475819265-182f5ebf49",
            "thumb_64": "https:\/\/files.slack.com\/files-tmb\/T0E2AD6AY-F2LCFEKHR-b69591430d\/pasted_image_at_2016_10_06_03_50_pm_64.png?t=xoxe-14078448372-167243557781-166475819265-182f5ebf49",
            "thumb_80": "https:\/\/files.slack.com\/files-tmb\/T0E2AD6AY-F2LCFEKHR-b69591430d\/pasted_image_at_2016_10_06_03_50_pm_80.png?t=xoxe-14078448372-167243557781-166475819265-182f5ebf49",
            "thumb_360": "https:\/\/files.slack.com\/files-tmb\/T0E2AD6AY-F2LCFEKHR-b69591430d\/pasted_image_at_2016_10_06_03_50_pm_360.png?t=xoxe-14078448372-167243557781-166475819265-182f5ebf49",
            "thumb_360_w": 203,
            "thumb_360_h": 360,
            "thumb_480": "https:\/\/files.slack.com\/files-tmb\/T0E2AD6AY-F2LCFEKHR-b69591430d\/pasted_image_at_2016_10_06_03_50_pm_480.png?t=xoxe-14078448372-167243557781-166475819265-182f5ebf49",
            "thumb_480_w": 270,
            "thumb_480_h": 480,
            "thumb_160": "https:\/\/files.slack.com\/files-tmb\/T0E2AD6AY-F2LCFEKHR-b69591430d\/pasted_image_at_2016_10_06_03_50_pm_160.png?t=xoxe-14078448372-167243557781-166475819265-182f5ebf49",
            "thumb_720": "https:\/\/files.slack.com\/files-tmb\/T0E2AD6AY-F2LCFEKHR-b69591430d\/pasted_image_at_2016_10_06_03_50_pm_720.png?t=xoxe-14078448372-167243557781-166475819265-182f5ebf49",
            "thumb_720_w": 405,
            "thumb_720_h": 720,
            "thumb_960": "https:\/\/files.slack.com\/files-tmb\/T0E2AD6AY-F2LCFEKHR-b69591430d\/pasted_image_at_2016_10_06_03_50_pm_960.png?t=xoxe-14078448372-167243557781-166475819265-182f5ebf49",
            "thumb_960_w": 540,
            "thumb_960_h": 960,
            "thumb_1024": "https:\/\/files.slack.com\/files-tmb\/T0E2AD6AY-F2LCFEKHR-b69591430d\/pasted_image_at_2016_10_06_03_50_pm_1024.png?t=xoxe-14078448372-167243557781-166475819265-182f5ebf49",
            "thumb_1024_w": 576,
            "thumb_1024_h": 1024,
            "image_exif_rotation": 1,
            "original_w": 1152,
            "original_h": 2048,
            "permalink": "https:\/\/sndevs.slack.com\/files\/bendyamin\/F2LCFEKHR\/pasted_image_at_2016_10_06_03_50_pm.png",
            "permalink_public": "https:\/\/slack-files.com\/T0E2AD6AY-F2LCFEKHR-b00777d3c9",
            "channels": [
                "C0E2AD6BE"
            ],
            "groups": [],
            "ims": [],
            "comments_count": 1,
            "initial_comment": {
                "id": "Fc2LDU7H8U",
                "created": 1475794257,
                "timestamp": 1475794257,
                "user": "U0X0BA76U",
                "is_intro": true,
                "comment": "just packed the car for the weekend and picked up a loaner lens wooooooooop",
                "channel": ""
            }
        },
        "user": "U0X0BA76U",
        "upload": true,
        "display_as_bot": false,
        "username": "bendyamin",
        "bot_id": null,
        "ts": "1475794263.003523"
    },
    {
        "type": "message",
        "user": "U0X0BA76U",
        "text": "now send me good, calm baby vibes for the 6 hour drive south tomorrow morning",
        "ts": "1475794314.003524"
    },
    {
        "type": "message",
        "user": "U0E36J5EU",
        "text": "holy **** they are not playing around on the news for this hurricane.",
        "ts": "1475804774.003525"
    },
    {
        "type": "message",
        "user": "U0E36J5EU",
        "text": "I hope any of you in the path of the storm are getting out of the way.",
        "ts": "1475804786.003526",
        "reactions": [
            {
                "name": "+1",
                "users": [
                    "U0Y6D2Z8U"
                ],
                "count": 1
            }
        ]
    },
    {
        "type": "message",
        "user": "U0EA00QCB",
        "text": "It actually is predicting to take a hard easterly turn. Now we're just barely outside the cone. We're heading inland anyway.",
        "ts": "1475804976.003527"
    },
    {
        "type": "message",
        "user": "U0XDHEL8Y",
        "text": "run away, run away",
        "ts": "1475813341.003528"
    },
    {
        "type": "message",
        "user": "U0Y6QC8NL",
        "text": "hope all our Florida brothers\/sisters are safe tonight and onwards. scary stuff",
        "ts": "1475815429.003529"
    }
]