[
    {
        "user": "U148PRJMD",
        "type": "message",
        "subtype": "channel_join",
        "text": "<@U148PRJMD|szolper> has joined the channel",
        "ts": "1461778423.000008"
    },
    {
        "user": "U14BP2YUD",
        "type": "message",
        "subtype": "channel_join",
        "text": "<@U14BP2YUD|lombardo> has joined the channel",
        "ts": "1461796488.000009"
    },
    {
        "user": "U14C3HXB9",
        "type": "message",
        "subtype": "channel_join",
        "text": "<@U14C3HXB9|mripa> has joined the channel",
        "ts": "1461800960.000010"
    }
]