[
    {
        "user": "U1XNZPGSZ",
        "text": "<@U1XNZPGSZ|saurabhkolte22> has joined the channel",
        "type": "message",
        "subtype": "channel_join",
        "ts": "1470216090.001584"
    },
    {
        "user": "U1XND3D3M",
        "text": "<@U1XND3D3M|taygun> has joined the channel",
        "type": "message",
        "subtype": "channel_join",
        "ts": "1470224915.001585"
    },
    {
        "type": "message",
        "user": "U0FNZLMCP",
        "text": "Its an illusion",
        "ts": "1470228117.001586"
    },
    {
        "type": "message",
        "user": "U0E36J5EU",
        "text": "its a lovely morning here in NC - how about you sir flexsite?",
        "ts": "1470228149.001587"
    },
    {
        "type": "message",
        "user": "U0FNZLMCP",
        "text": "enjoying the ability to work from home <@U0E36J5EU>",
        "ts": "1470228221.001588"
    },
    {
        "type": "message",
        "user": "U0E36J5EU",
        "text": "and really multi dimensional array sorting, thats cute :stuck_out_tongue:",
        "ts": "1470228236.001589"
    },
    {
        "type": "message",
        "user": "U0FNZLMCP",
        "text": "I’m trying to crack the coding for some messed up Inbound Email Actions",
        "ts": "1470228256.001590"
    },
    {
        "type": "message",
        "user": "U0N4RBF7W",
        "text": "Wasn't me!",
        "ts": "1470228269.001591"
    },
    {
        "type": "message",
        "user": "U0E36J5EU",
        "text": "well, take it up into general - I am the inbound wizard.",
        "ts": "1470228279.001592"
    },
    {
        "type": "message",
        "user": "U0E36J5EU",
        "text": "didn’t want to be, but it just happened.",
        "ts": "1470228313.001593"
    },
    {
        "type": "message",
        "user": "U0FNZLMCP",
        "text": "I have the coding sorted now; its just a pig",
        "ts": "1470228476.001594"
    },
    {
        "type": "message",
        "user": "U0FNZLMCP",
        "text": "beauty of working from home",
        "ts": "1470228484.001595"
    },
    {
        "type": "message",
        "user": "U0N4RBF7W",
        "text": "Looking forward to having it as an option for me",
        "ts": "1470228510.001596"
    },
    {
        "type": "message",
        "user": "U15LF2CTD",
        "text": "I love WFH… Sometimes I’m a little to easily distracted, but as long the setup is right, I’m just dandy.",
        "ts": "1470232049.001597"
    },
    {
        "type": "message",
        "user": "U0N4RBF7W",
        "text": "Anyone here currently using power over ethernet?",
        "ts": "1470236830.001598"
    },
    {
        "type": "message",
        "user": "U15LF2CTD",
        "text": "We do for our IP phones...",
        "ts": "1470237020.001600"
    },
    {
        "type": "message",
        "user": "U15LF2CTD",
        "text": "But I dunno anything about it...",
        "ts": "1470237029.001601"
    },
    {
        "type": "message",
        "user": "U0N4RBF7W",
        "text": "Ahh okay,  I was thinking more domestic :smile:",
        "ts": "1470237123.001602"
    },
    {
        "type": "message",
        "user": "U15LF2CTD",
        "text": "Ohhhh yea no",
        "ts": "1470237164.001603"
    },
    {
        "type": "message",
        "user": "U0E36J5EU",
        "text": "none domestically sir.",
        "ts": "1470237202.001604"
    },
    {
        "type": "message",
        "user": "U0Y6QC8NL",
        "text": "I've used Ethernet over power. does that count?",
        "ts": "1470237700.001605"
    },
    {
        "type": "message",
        "user": "U0N4RBF7W",
        "text": "Yeah, that's what I meant!",
        "ts": "1470237772.001606"
    },
    {
        "type": "message",
        "user": "U0N4RBF7W",
        "text": "I thought the name was wrong in my head",
        "ts": "1470237778.001607"
    },
    {
        "type": "message",
        "user": "U0E36J5EU",
        "text": "they both exist you know :stuck_out_tongue:",
        "ts": "1470237804.001608"
    },
    {
        "type": "message",
        "user": "U0N4RBF7W",
        "text": "how good is it? I looked at it when it was first around and there were issues with bad packets",
        "ts": "1470237807.001609"
    },
    {
        "type": "message",
        "user": "U0N4RBF7W",
        "text": "Yeah I use PoE at work, totally mixed it up :disappointed:",
        "ts": "1470237816.001610"
    },
    {
        "type": "message",
        "user": "U0Y6QC8NL",
        "text": "yeah, worked terribly in my old shabby house but lovely in my modern, well-wired apartment",
        "ts": "1470237829.001611"
    },
    {
        "type": "message",
        "user": "U0E36J5EU",
        "text": "I would imagine it would be based on how well wired the house is - as ksherm says  - which is why I didn’t try it at mine.",
        "ts": "1470237862.001612"
    },
    {
        "type": "message",
        "user": "U15LF2CTD",
        "text": "We have fiber :smile:",
        "ts": "1470237887.001613"
    },
    {
        "type": "message",
        "user": "U0N4RBF7W",
        "text": "Hmm... It's not a new build here but it's been re-done",
        "ts": "1470237890.001614"
    },
    {
        "type": "message",
        "user": "U0N4RBF7W",
        "text": "Yeah <@U15LF2CTD> it's more once it's in the house here :stuck_out_tongue:",
        "ts": "1470237907.001615"
    },
    {
        "type": "message",
        "user": "U0E36J5EU",
        "text": "so far, I have been happy with my wifi in my new house",
        "ts": "1470237915.001616"
    },
    {
        "type": "message",
        "user": "U15LF2CTD",
        "text": "Ohhh we pay a pretty penny for it, but the box is also in our back yard … so we get some crazy awesome speed",
        "ts": "1470237932.001617"
    },
    {
        "type": "message",
        "user": "U0E36J5EU",
        "text": "thought I might need a 2nd node - but have good coverage",
        "ts": "1470237942.001618"
    },
    {
        "type": "message",
        "user": "U0N4RBF7W",
        "text": "So we have the entry point for the ISP at the otherside of the flat, even a good wireless unit will not provide amazing coverage",
        "ts": "1470238015.001619"
    },
    {
        "type": "message",
        "user": "U0N4RBF7W",
        "text": "So I was thinking I either get a stupidly long ethernet cable and wire it along the house or look at ethernet over power",
        "ts": "1470238037.001620"
    },
    {
        "type": "message",
        "user": "U0Y6QC8NL",
        "text": "try the Ethernet over power. if it turns out you have bad wiring, return it!",
        "ts": "1470238077.001621"
    },
    {
        "type": "message",
        "user": "U15LF2CTD",
        "text": "Though I’d find the stupidly long ethernet cable to be a bit amusing.",
        "ts": "1470238105.001622"
    },
    {
        "type": "message",
        "user": "U0N4RBF7W",
        "text": "I'll do it if I need to!",
        "ts": "1470238119.001623"
    },
    {
        "type": "message",
        "user": "U0E36J5EU",
        "text": "how long is your flat? I have my drop at one corner of my house, and the wifi has good coverage for my whole house",
        "ts": "1470238138.001624"
    },
    {
        "type": "message",
        "user": "U0E36J5EU",
        "text": "I thought it would suck at the other end, but its actually pretty good - not amazing, but more than enough",
        "ts": "1470238161.001625"
    },
    {
        "type": "message",
        "user": "U0N4RBF7W",
        "text": "long enough, the wall that it passes through has the boiler in it",
        "ts": "1470238169.001626"
    },
    {
        "type": "message",
        "user": "U15LF2CTD",
        "text": "Oooo",
        "ts": "1470238178.001627"
    },
    {
        "type": "message",
        "user": "U0N4RBF7W",
        "text": "So copper piping... :+1:",
        "ts": "1470238193.001628"
    },
    {
        "type": "message",
        "user": "U15LF2CTD",
        "text": "Just rip it out...",
        "ts": "1470238205.001629"
    },
    {
        "type": "message",
        "user": "U0Y6QC8NL",
        "text": "I've heard copper is selling well these days",
        "ts": "1470238267.001630"
    },
    {
        "type": "message",
        "user": "U0N4RBF7W",
        "text": "Hahaha",
        "ts": "1470238271.001631"
    },
    {
        "type": "message",
        "user": "U0N4RBF7W",
        "text": "I used to be on a train line where you'd occasionally have no trains running because gypsies took the copper wiring on the train line",
        "ts": "1470238327.001632"
    },
    {
        "type": "message",
        "user": "U0Y6QC8NL",
        "text": "exactly",
        "ts": "1470238361.001633"
    },
    {
        "type": "message",
        "user": "U19MYKF2N",
        "text": "I did ethernet over power 10 years ago. so hopefully technology has changed but I was getting like 3 Mbit until my wife turned on the vacuum cleaner. then I got about 300 baud. :slightly_smiling_face:",
        "ts": "1470238968.001634"
    },
    {
        "type": "message",
        "user": "U19MYKF2N",
        "text": "so then i just ran the ethernet cable",
        "ts": "1470238984.001635"
    },
    {
        "type": "message",
        "user": "U19MYKF2N",
        "text": "heard some good things about <https:\/\/eero.com\/> but no first hand experience",
        "attachments": [
            {
                "title": "eero - Finally, WiFi that works",
                "title_link": "https:\/\/eero.com\/",
                "text": "eero is the world’s first home WiFi system. A set of three eeros covers the typical home. They work in perfect unison to deliver hyper-fast, super-stable WiFi to every square foot. It’s simple to set up. Easy to manage. And gets better over time with new features and improved performance. Stream video, get work done, or swipe right in any room — not just next to your router. Finally. WiFi that actually works.",
                "fallback": "eero - Finally, WiFi that works",
                "image_url": "https:\/\/d2vw57jh8139vw.cloudfront.net\/img\/og_img.jpg",
                "from_url": "https:\/\/eero.com\/",
                "image_width": 375,
                "image_height": 250,
                "image_bytes": 460100,
                "service_icon": "https:\/\/eero.com\/favicon.ico",
                "service_name": "eero.com",
                "id": 1
            }
        ],
        "ts": "1470239040.001636"
    },
    {
        "type": "message",
        "user": "U0E88P8F8",
        "text": "ubiquiti is the answer :smile:",
        "ts": "1470240231.001638"
    },
    {
        "type": "message",
        "user": "U0N4RBF7W",
        "text": "Haha",
        "ts": "1470240509.001639"
    },
    {
        "type": "message",
        "user": "U0N4RBF7W",
        "text": "If I'm doing that I'm going with Meraki",
        "ts": "1470240521.001640"
    },
    {
        "type": "message",
        "user": "U104Y4770",
        "text": "working from home today. Gotta say, listening to music on real speakers is much preferable to headphones",
        "ts": "1470244954.001641"
    },
    {
        "type": "message",
        "user": "U1ALM3K24",
        "text": "I'm probably going to get one of these as my cable modem \/ router combo is downstairs and we spend 95% of our time UPstairs",
        "ts": "1470250903.001643"
    },
    {
        "type": "message",
        "user": "U1ALM3K24",
        "text": "<http:\/\/www.tp-link.com\/en\/products\/details\/cat-10_RE200.html>",
        "ts": "1470250904.001644"
    },
    {
        "type": "message",
        "user": "U1ALM3K24",
        "text": "Anyone have any experience with range extenders?",
        "ts": "1470250911.001645"
    },
    {
        "type": "message",
        "user": "U1ALM3K24",
        "text": "Is that basically what this eero is?",
        "ts": "1470250968.001646"
    },
    {
        "type": "message",
        "user": "U0Y6QC8NL",
        "text": "my parents use those tp-;link things. they seem to work well enough",
        "ts": "1470251189.001647"
    },
    {
        "type": "message",
        "user": "U0Y6QC8NL",
        "text": "maybe not great for streaming, but good enough for standard browsing",
        "ts": "1470251199.001648"
    },
    {
        "type": "message",
        "user": "U1ALM3K24",
        "text": "these eero's are $350!",
        "ts": "1470251229.001649"
    },
    {
        "type": "message",
        "user": "U0E88P8F8",
        "text": "only 2x2 band",
        "ts": "1470254608.001650"
    },
    {
        "type": "message",
        "user": "U0E88P8F8",
        "text": "Meraki is a Cisco product? forget it",
        "ts": "1470254638.001651"
    },
    {
        "type": "message",
        "user": "U0N4RBF7W",
        "text": "What? Why forget it?!",
        "ts": "1470257712.001652"
    },
    {
        "type": "message",
        "user": "U0E88P8F8",
        "text": "Cisco is like, the only vendor we don't support haha",
        "ts": "1470258283.001653"
    },
    {
        "type": "message",
        "user": "U0E88P8F8",
        "text": "plus my friends that are wireless engineers would kill me. They  just don't like them",
        "ts": "1470258298.001654"
    },
    {
        "type": "message",
        "user": "U104Y4770",
        "text": "to be fair, Meraki was making great products before they were bought by Cisco",
        "ts": "1470258602.001655"
    },
    {
        "type": "message",
        "user": "U0Y6QC8NL",
        "text": "guys, I found out who to support for president",
        "ts": "1470260863.001656"
    },
    {
        "type": "message",
        "user": "U0Y6QC8NL",
        "text": "<https:\/\/twitter.com\/MaddowBlog\/status\/748323285604007936>",
        "ts": "1470260864.001657"
    },
    {
        "type": "message",
        "subtype": "file_share",
        "text": "<@U104Y4770|robm> uploaded a file: <https:\/\/sndevs.slack.com\/files\/robm\/F1Y1PFQ1X\/pasted_image_at_2016_08_03_02_49_pm.png|Pasted image at 2016-08-03, 2:49 PM> and commented: that would be a wasted vote",
        "file": {
            "id": "F1Y1PFQ1X",
            "created": 1470260981,
            "timestamp": 1470260981,
            "name": "Pasted image at 2016_08_03 02_49 PM.png",
            "title": "Pasted image at 2016-08-03, 2:49 PM",
            "mimetype": "image\/png",
            "filetype": "png",
            "pretty_type": "PNG",
            "user": "U104Y4770",
            "editable": false,
            "size": 39569,
            "mode": "hosted",
            "is_external": false,
            "external_type": "",
            "is_public": true,
            "public_url_shared": false,
            "display_as_bot": false,
            "username": "",
            "url_private": "https:\/\/files.slack.com\/files-pri\/T0E2AD6AY-F1Y1PFQ1X\/pasted_image_at_2016_08_03_02_49_pm.png?t=xoxe-14078448372-167243557781-166475819265-182f5ebf49",
            "url_private_download": "https:\/\/files.slack.com\/files-pri\/T0E2AD6AY-F1Y1PFQ1X\/download\/pasted_image_at_2016_08_03_02_49_pm.png?t=xoxe-14078448372-167243557781-166475819265-182f5ebf49",
            "thumb_64": "https:\/\/files.slack.com\/files-tmb\/T0E2AD6AY-F1Y1PFQ1X-070baf3eb2\/pasted_image_at_2016_08_03_02_49_pm_64.png?t=xoxe-14078448372-167243557781-166475819265-182f5ebf49",
            "thumb_80": "https:\/\/files.slack.com\/files-tmb\/T0E2AD6AY-F1Y1PFQ1X-070baf3eb2\/pasted_image_at_2016_08_03_02_49_pm_80.png?t=xoxe-14078448372-167243557781-166475819265-182f5ebf49",
            "thumb_360": "https:\/\/files.slack.com\/files-tmb\/T0E2AD6AY-F1Y1PFQ1X-070baf3eb2\/pasted_image_at_2016_08_03_02_49_pm_360.png?t=xoxe-14078448372-167243557781-166475819265-182f5ebf49",
            "thumb_360_w": 235,
            "thumb_360_h": 214,
            "thumb_160": "https:\/\/files.slack.com\/files-tmb\/T0E2AD6AY-F1Y1PFQ1X-070baf3eb2\/pasted_image_at_2016_08_03_02_49_pm_160.png?t=xoxe-14078448372-167243557781-166475819265-182f5ebf49",
            "image_exif_rotation": 1,
            "original_w": 235,
            "original_h": 214,
            "permalink": "https:\/\/sndevs.slack.com\/files\/robm\/F1Y1PFQ1X\/pasted_image_at_2016_08_03_02_49_pm.png",
            "permalink_public": "https:\/\/slack-files.com\/T0E2AD6AY-F1Y1PFQ1X-6af2aba619",
            "channels": [
                "C0E2AD6BE"
            ],
            "groups": [],
            "ims": [],
            "comments_count": 1,
            "initial_comment": {
                "id": "Fc1Y1UF7CJ",
                "created": 1470260981,
                "timestamp": 1470260981,
                "user": "U104Y4770",
                "is_intro": true,
                "comment": "that would be a wasted vote",
                "channel": ""
            }
        },
        "user": "U104Y4770",
        "upload": true,
        "display_as_bot": false,
        "username": "robm",
        "bot_id": null,
        "ts": "1470260982.001658"
    },
    {
        "type": "message",
        "user": "U15LF2CTD",
        "text": "I’ll take it!!!",
        "edited": {
            "user": "U15LF2CTD",
            "ts": "1470261277.000000"
        },
        "ts": "1470261216.001659"
    },
    {
        "type": "message",
        "user": "U15LF2CTD",
        "text": "I live in Oklahoma… Oklahoma will go Red anyway.  I could vote for anyone...",
        "ts": "1470261235.001660"
    },
    {
        "type": "message",
        "user": "U15LF2CTD",
        "text": "Meteor for president!",
        "ts": "1470261250.001661"
    },
    {
        "type": "message",
        "user": "U0Y6QC8NL",
        "text": "im definitely voting giant meteor",
        "ts": "1470261748.001663"
    },
    {
        "type": "message",
        "user": "U104Y4770",
        "text": "Pretty much everyone in a non-swing state should just vote third party… then maybe we can finally end the two party system",
        "ts": "1470261905.001664"
    },
    {
        "type": "message",
        "user": "U104Y4770",
        "text": "Upgrading Prod to Helsinki in two hours",
        "ts": "1470268850.001665"
    },
    {
        "type": "message",
        "user": "U104Y4770",
        "text": "\/giphy fingers crossed",
        "attachments": [
            {
                "fallback": "giphy: <http:\/\/giphy.com\/gifs\/anyway-you-got-this-i-hope-cheered-up-h4PIfCJaqGstW>",
                "image_url": "http:\/\/media2.giphy.com\/media\/h4PIfCJaqGstW\/giphy.gif",
                "image_width": 500,
                "image_height": 281,
                "image_bytes": 398360,
                "is_animated": true,
                "title": "fingers crossed",
                "id": 1,
                "title_link": "http:\/\/giphy.com\/gifs\/anyway-you-got-this-i-hope-cheered-up-h4PIfCJaqGstW"
            }
        ],
        "ts": "1470268855.001666"
    },
    {
        "type": "message",
        "user": "U0Y6QC8NL",
        "text": "\/giphy rip",
        "attachments": [
            {
                "fallback": "giphy: <http:\/\/giphy.com\/gifs\/prince-rip-xT1XGLm7CJknNZKVS8>",
                "image_url": "http:\/\/media.giphy.com\/media\/xT1XGLm7CJknNZKVS8\/giphy-tumblr.gif",
                "image_width": 250,
                "image_height": 200,
                "image_bytes": 637898,
                "is_animated": true,
                "title": "rip",
                "id": 1,
                "title_link": "http:\/\/giphy.com\/gifs\/prince-rip-xT1XGLm7CJknNZKVS8"
            }
        ],
        "ts": "1470268866.001667",
        "reactions": [
            {
                "name": "joy",
                "users": [
                    "U0N4RBF7W"
                ],
                "count": 1
            }
        ]
    },
    {
        "type": "message",
        "user": "U0Y6QC8NL",
        "text": "...",
        "ts": "1470268868.001668"
    },
    {
        "type": "message",
        "user": "U104Y4770",
        "text": ":disappointed:",
        "ts": "1470268911.001669"
    },
    {
        "type": "message",
        "user": "U0XCXA90A",
        "text": "Helsinki is great! You'll love it.",
        "ts": "1470282334.001670"
    }
]