[
    {
        "type": "message",
        "user": "U0N4RBF7W",
        "text": "That worrying thought in the background when you see an update set called \"AppX_injection_v2\"",
        "ts": "1478269654.006699"
    },
    {
        "type": "message",
        "user": "U0N4RBF7W",
        "text": ":confused:",
        "ts": "1478269655.006700"
    },
    {
        "type": "message",
        "user": "U0V9PD50R",
        "text": "that sounds....like fun just waiting to happen",
        "ts": "1478269724.006701"
    },
    {
        "type": "message",
        "user": "U0N4RBF7W",
        "text": "\/giphy App X",
        "bot_id": "B0NUYRN04",
        "attachments": [
            {
                "fallback": "giphy: <http:\/\/giphy.com\/gifs\/christmas-netflix-and-chill-x-mas-pug-YIZ4deTVQW6Va>",
                "image_url": "http:\/\/media1.giphy.com\/media\/YIZ4deTVQW6Va\/giphy.gif",
                "image_width": 500,
                "image_height": 441,
                "image_bytes": 1760274,
                "is_animated": true,
                "title": "App X",
                "id": 1,
                "title_link": "http:\/\/giphy.com\/gifs\/christmas-netflix-and-chill-x-mas-pug-YIZ4deTVQW6Va"
            }
        ],
        "ts": "1478269890.006702"
    },
    {
        "type": "message",
        "user": "U0N4RBF7W",
        "text": "Turns out it's innocent",
        "ts": "1478269897.006703"
    },
    {
        "type": "message",
        "user": "U0N4RBF7W",
        "text": ":smile:",
        "ts": "1478269900.006704"
    },
    {
        "type": "message",
        "user": "U0N4RBF7W",
        "text": "Also - That's a high quality gif!",
        "ts": "1478269911.006705"
    },
    {
        "type": "message",
        "user": "U0FNZLMCP",
        "text": "I'm getting psyched up to do my free laptop surgery tomorrow",
        "ts": "1478269912.006706"
    },
    {
        "type": "message",
        "user": "U0N4RBF7W",
        "text": "laptop surgery - wuh?",
        "ts": "1478269926.006707"
    },
    {
        "type": "message",
        "user": "U0FNZLMCP",
        "text": "For the last 7 years, I have run a Free Laptop Surgery where members of the public bring along their devices and I help fix them.  (Except for Physical things like cracked screens as I don't have the relevant insurance for that)",
        "ts": "1478269988.006708"
    },
    {
        "type": "message",
        "user": "U22F57FPZ",
        "text": "you must have the patience of a saint",
        "ts": "1478270118.006709"
    },
    {
        "type": "message",
        "user": "U0N4RBF7W",
        "text": "Sounds quite fun, do you do it on your own?",
        "ts": "1478270139.006710"
    },
    {
        "type": "message",
        "user": "U0FNZLMCP",
        "text": "For a while I did, then one of my BCS chums came along to help with Training questions so that I get the technical ones",
        "ts": "1478270193.006711"
    },
    {
        "type": "message",
        "user": "U0FNZLMCP",
        "text": "and if only I had the patience of a saint <@U22F57FPZ>",
        "ts": "1478270219.006712"
    },
    {
        "type": "message",
        "user": "U0FNZLMCP",
        "text": "Its good training for maintaining the Customer Service Techniques that you sometimes lose when you dont work on the Service Desk anymore",
        "ts": "1478270262.006713"
    },
    {
        "type": "message",
        "user": "U22F57FPZ",
        "text": "I guess you must get to meet all sorts of people too. Do people ever offer their trade for free to you in return?",
        "ts": "1478270335.006714"
    },
    {
        "type": "message",
        "user": "U0FNZLMCP",
        "text": "No, but most of them ask me if I will do paid support work for them; one lady was so grateful that I had helped her out but not taken anything in return that she came back the next month with a toy puzzle for my daughter instead.",
        "ts": "1478270504.006715"
    },
    {
        "type": "message",
        "user": "U22F57FPZ",
        "text": "that's awesome :slightly_smiling_face:",
        "ts": "1478270762.006716"
    },
    {
        "type": "message",
        "user": "U15LF2CTD",
        "text": "I agree… that takes some patience.  Even if you are benefiting from it.  We do free health checks (same concepts) for all of our students.  They can bring in any device and we will fix it up for them (short of hardware).  Sometimes it’s incredibly painful.",
        "ts": "1478270914.006717"
    },
    {
        "type": "message",
        "user": "U0FNZLMCP",
        "text": "I know the feeling <@U15LF2CTD>",
        "ts": "1478270938.006718"
    },
    {
        "type": "message",
        "user": "U22F57FPZ",
        "text": "oh hey, you work for FGE. You guys were our delivery partners",
        "ts": "1478271081.006719"
    },
    {
        "type": "message",
        "user": "U0N4RBF7W",
        "text": "HIDE",
        "ts": "1478271098.006720"
    },
    {
        "type": "message",
        "user": "U0N4RBF7W",
        "text": "\/giphy abandon ship",
        "bot_id": "B0NUYRN04",
        "attachments": [
            {
                "fallback": "giphy: <http:\/\/giphy.com\/gifs\/abandon-ship-3o6ZtihIv0pJqdp3H2>",
                "image_url": "http:\/\/media3.giphy.com\/media\/3o6ZtihIv0pJqdp3H2\/giphy-tumblr.gif",
                "image_width": 250,
                "image_height": 106,
                "image_bytes": 541345,
                "is_animated": true,
                "title": "abandon ship",
                "id": 1,
                "title_link": "http:\/\/giphy.com\/gifs\/abandon-ship-3o6ZtihIv0pJqdp3H2"
            }
        ],
        "ts": "1478271102.006721"
    },
    {
        "type": "message",
        "user": "U0FNZLMCP",
        "text": "RUUUNNNN",
        "ts": "1478271104.006722"
    },
    {
        "type": "message",
        "user": "U0FNZLMCP",
        "text": "Who do you work for <@U22F57FPZ>",
        "ts": "1478271115.006723"
    },
    {
        "type": "message",
        "user": "U22F57FPZ",
        "text": "CableCom Networking",
        "ts": "1478271129.006724"
    },
    {
        "type": "message",
        "user": "U0FNZLMCP",
        "text": "Thats right we did",
        "ts": "1478271138.006725"
    },
    {
        "type": "message",
        "user": "U22F57FPZ",
        "text": "'were'. still are.",
        "ts": "1478271313.006726"
    },
    {
        "type": "message",
        "user": "U0FNZLMCP",
        "text": "I work in the Managed Services Team at FGE, so we haven't had the pleasure as yet;",
        "ts": "1478271364.006727"
    },
    {
        "type": "message",
        "user": "U22F57FPZ",
        "text": "Indeed. How do you find it there?",
        "ts": "1478271453.006728"
    },
    {
        "type": "message",
        "user": "U0FNZLMCP",
        "text": "Its fun and bubbly",
        "ts": "1478271651.006729"
    },
    {
        "type": "message",
        "user": "U15LF2CTD",
        "text": "I wish I could be as easily entertained as a baby.  Just lay on a mat and stare at things for an hour.",
        "ts": "1478271811.006730"
    },
    {
        "type": "message",
        "user": "U0FNZLMCP",
        "text": "you can, just lay on a mat and stare at things for an hour",
        "ts": "1478271834.006731"
    },
    {
        "type": "message",
        "user": "U15LF2CTD",
        "text": "Yea, I would NOT find that entertaining",
        "ts": "1478272090.006732"
    },
    {
        "type": "message",
        "user": "U1ALM3K24",
        "text": "This is my last day at my current client",
        "ts": "1478272602.006733"
    },
    {
        "type": "message",
        "user": "U1ALM3K24",
        "text": "And, I don't know what to do with myself - all my work has been transitioned...",
        "ts": "1478272624.006734"
    },
    {
        "type": "message",
        "user": "U0E36J5EU",
        "text": "document, and eat cake",
        "ts": "1478272813.006735"
    },
    {
        "type": "message",
        "user": "U0E36J5EU",
        "text": "almost more documentation you can provide",
        "ts": "1478272822.006736",
        "reactions": [
            {
                "name": "+1",
                "users": [
                    "U15LF2CTD"
                ],
                "count": 1
            }
        ]
    },
    {
        "type": "message",
        "user": "U0N4RBF7W",
        "text": "And :log:",
        "ts": "1478272971.006737"
    },
    {
        "type": "message",
        "user": "U0E93BL9F",
        "text": "and stare out the window for an hour",
        "ts": "1478272988.006738"
    },
    {
        "type": "message",
        "user": "U0N4RBF7W",
        "text": "just add logs everywhere, with your initials on them",
        "ts": "1478272989.006739"
    },
    {
        "type": "message",
        "user": "U0N4RBF7W",
        "text": "<@U15LF2CTD> recommends laying on the floor and staring at the ceiling",
        "ts": "1478273007.006740"
    },
    {
        "type": "message",
        "user": "U0N4RBF7W",
        "text": "Study of 1 confirms it is in fact fun",
        "ts": "1478273020.006741"
    },
    {
        "type": "message",
        "user": "U15LF2CTD",
        "text": "hahaha",
        "ts": "1478273021.006742"
    },
    {
        "type": "message",
        "user": "U0E93BL9F",
        "text": "yeah, I saw that",
        "ts": "1478273026.006743"
    },
    {
        "type": "message",
        "user": "U0E93BL9F",
        "text": "looking out the window is better",
        "ts": "1478273034.006744"
    },
    {
        "type": "message",
        "user": "U15LF2CTD",
        "text": "Technically…it’s “stare at the pretty colors\"",
        "ts": "1478273037.006745"
    },
    {
        "type": "message",
        "user": "U15LF2CTD",
        "text": "And at yourself in a mirror",
        "ts": "1478273048.006746"
    },
    {
        "type": "message",
        "user": "U0E93BL9F",
        "text": "better yet, get outside and walk to a nice scenic spot...and just stare",
        "ts": "1478273052.006747"
    },
    {
        "type": "message",
        "user": "U0E36J5EU",
        "text": "I wonder when I shall get bored of my view...",
        "ts": "1478273077.006748"
    },
    {
        "type": "message",
        "user": "U0E36J5EU",
        "text": "not today he said.",
        "ts": "1478273083.006749"
    },
    {
        "type": "message",
        "user": "U0E93BL9F",
        "text": "I'm gonna be staring at some <http:\/\/slither.io|slither.io> tonight. _thanks <@U0E36J5EU> _",
        "ts": "1478273127.006750"
    },
    {
        "type": "message",
        "user": "U0E93BL9F",
        "text": "Im officially addicted to it",
        "ts": "1478273145.006751"
    },
    {
        "type": "message",
        "user": "U0E36J5EU",
        "text": "that game is the devil :stuck_out_tongue: I love it",
        "ts": "1478273150.006752"
    },
    {
        "type": "message",
        "user": "U0E93BL9F",
        "text": "i know, right?!",
        "ts": "1478273159.006753"
    },
    {
        "type": "message",
        "user": "U0E36J5EU",
        "text": "whats your high score?",
        "ts": "1478273165.006754"
    },
    {
        "type": "message",
        "user": "U0E93BL9F",
        "text": "I hit 25K last night",
        "ts": "1478273172.006755"
    },
    {
        "type": "message",
        "user": "U0E93BL9F",
        "text": "then I started trying to screen capture to put on youtube and the best I could do was 10K",
        "ts": "1478273191.006756"
    },
    {
        "type": "message",
        "user": "U0E36J5EU",
        "text": "I love trapping like 10 people at once when I get over 40k",
        "ts": "1478273197.006757"
    },
    {
        "type": "message",
        "user": "U0E36J5EU",
        "text": "just do a really really big loop",
        "ts": "1478273213.006758"
    },
    {
        "type": "message",
        "user": "U0E93BL9F",
        "text": "oh, man...that's when I got killed.  some huge guy trapped me",
        "ts": "1478273225.006759"
    },
    {
        "type": "message",
        "user": "U0FNZLMCP",
        "text": "<@U15LF2CTD> if you have a Vinyl Record Turntable, I recommend sitting a teddy bear on it and set it going on low speed",
        "ts": "1478273261.006760"
    },
    {
        "type": "message",
        "user": "U0E36J5EU",
        "text": "getting looped by someone you can't even see, is well my idea of fun for other people",
        "ts": "1478273264.006761"
    },
    {
        "type": "message",
        "user": "U0FNZLMCP",
        "text": "that will occupy the babies attention for ages",
        "ts": "1478273274.006762"
    },
    {
        "type": "message",
        "user": "U0E93BL9F",
        "text": "haha!",
        "ts": "1478273276.006763"
    },
    {
        "type": "message",
        "user": "U0N4RBF7W",
        "text": "<@U0FNZLMCP> <@U15LF2CTD> Or just white noise on the television, that is the silver bullet",
        "ts": "1478273287.006764"
    },
    {
        "type": "message",
        "user": "U0E93BL9F",
        "text": "<@U0E36J5EU> what's your top score?",
        "ts": "1478273293.006765"
    },
    {
        "type": "message",
        "user": "U0E36J5EU",
        "text": "53k or so",
        "ts": "1478273322.006766"
    },
    {
        "type": "message",
        "user": "U15LF2CTD",
        "text": "Ha…we dont… but we do have tons of white noise..",
        "ts": "1478273327.006767"
    },
    {
        "type": "message",
        "user": "U0E93BL9F",
        "text": "I was once on a game where there was a 100K guy out there.  didn't see him, but he was out there somewhere",
        "ts": "1478273355.006768"
    },
    {
        "type": "message",
        "user": "U15LF2CTD",
        "text": "He also totally digs ceiling fans at the moment",
        "ts": "1478273357.006769"
    },
    {
        "type": "message",
        "user": "U0E36J5EU",
        "text": "never seen that",
        "ts": "1478273370.006770"
    },
    {
        "type": "message",
        "user": "U0E96U52M",
        "text": "he's a fan of fans",
        "ts": "1478273376.006771"
    },
    {
        "type": "message",
        "user": "U0E96U52M",
        "text": "so wasmy daughter, we loved it",
        "ts": "1478273390.006772"
    },
    {
        "type": "message",
        "user": "U15LF2CTD",
        "text": "Lol I’ve made that joke",
        "ts": "1478273398.006773"
    },
    {
        "type": "message",
        "user": "U0E96U52M",
        "text": "but you could say",
        "ts": "1478273418.006774",
        "reactions": [
            {
                "name": "the_horns",
                "users": [
                    "U2V15S3MF"
                ],
                "count": 1
            }
        ]
    },
    {
        "type": "message",
        "user": "U0E96U52M",
        "text": "he's a fanboy",
        "ts": "1478273420.006775"
    },
    {
        "type": "message",
        "user": "U0E96U52M",
        "text": "lol",
        "ts": "1478273421.006776"
    },
    {
        "type": "message",
        "user": "U0E96U52M",
        "text": ":D",
        "ts": "1478273423.006777"
    },
    {
        "type": "message",
        "user": "U15LF2CTD",
        "text": "haaa",
        "ts": "1478273424.006778"
    },
    {
        "type": "message",
        "user": "U0E36J5EU",
        "text": "11k atm",
        "ts": "1478273549.006779"
    },
    {
        "type": "message",
        "user": "U0E36J5EU",
        "text": "awe, died at 15k",
        "ts": "1478273644.006780"
    },
    {
        "type": "message",
        "user": "U22F57FPZ",
        "text": "sigh. goodbye productivity",
        "ts": "1478273704.006781"
    },
    {
        "type": "message",
        "user": "U22F57FPZ",
        "text": "thanks",
        "ts": "1478273707.006782"
    },
    {
        "type": "message",
        "user": "U0E36J5EU",
        "text": ":heart:",
        "ts": "1478273739.006783"
    },
    {
        "type": "message",
        "user": "U15LF2CTD",
        "text": "Ohh I went through “ooo slither” months ago…so I’m already well past that!  Woo!",
        "ts": "1478274042.006784"
    },
    {
        "user": "U2XN553A4",
        "text": "<@U2XN553A4|charleskirsch> has joined the channel",
        "type": "message",
        "subtype": "channel_join",
        "ts": "1478274883.006785"
    },
    {
        "type": "message",
        "user": "U0X0BA76U",
        "text": "mornos randos",
        "ts": "1478277474.006786"
    },
    {
        "type": "message",
        "user": "U0N4RBF7W",
        "text": "G'day!",
        "ts": "1478277511.006787",
        "reactions": [
            {
                "name": "koala",
                "users": [
                    "U0X0BA76U"
                ],
                "count": 1
            }
        ]
    },
    {
        "type": "message",
        "user": "U104Y4770",
        "text": "\/giphy friday",
        "bot_id": "B0NUYRN04",
        "attachments": [
            {
                "fallback": "giphy: <http:\/\/giphy.com\/gifs\/lifetimetelly-friday-anCaU60aw8ld6>",
                "image_url": "http:\/\/media.giphy.com\/media\/anCaU60aw8ld6\/giphy-tumblr.gif",
                "image_width": 250,
                "image_height": 140,
                "image_bytes": 615104,
                "is_animated": true,
                "title": "friday",
                "id": 1,
                "title_link": "http:\/\/giphy.com\/gifs\/lifetimetelly-friday-anCaU60aw8ld6"
            }
        ],
        "ts": "1478277524.006788"
    },
    {
        "type": "message",
        "user": "U0X0BA76U",
        "text": "\/giphy get down",
        "bot_id": "B0NUYRN04",
        "attachments": [
            {
                "fallback": "giphy: <http:\/\/giphy.com\/gifs\/music-video-rick-james-superfreak-mVxn6DYzTlC24>",
                "image_url": "http:\/\/media1.giphy.com\/media\/mVxn6DYzTlC24\/giphy.gif",
                "image_width": 439,
                "image_height": 333,
                "image_bytes": 1573038,
                "is_animated": true,
                "title": "get down",
                "id": 1,
                "title_link": "http:\/\/giphy.com\/gifs\/music-video-rick-james-superfreak-mVxn6DYzTlC24"
            }
        ],
        "ts": "1478277572.006789"
    },
    {
        "type": "message",
        "user": "U104Y4770",
        "text": "I don’t know what that is but for some reason it made me laugh",
        "ts": "1478277598.006790"
    },
    {
        "type": "message",
        "user": "U104Y4770",
        "text": "@giphy++",
        "ts": "1478277603.006791"
    },
    {
        "text": "Woot! [@giphy++, now at <https:\/\/plusplus.chat\/t\/sndevs\/action\/845574|15 points>] :cake:",
        "username": "PlusPlus",
        "icons": {
            "image_48": "https:\/\/s3-us-west-2.amazonaws.com\/slack-files2\/bot_icons\/2016-09-16\/80562777124_48.png"
        },
        "bot_id": "B2CGY1171",
        "type": "message",
        "subtype": "bot_message",
        "ts": "1478277603.006792"
    },
    {
        "type": "message",
        "user": "U235A44S0",
        "text": "I laughed as well ",
        "ts": "1478277674.006793"
    },
    {
        "type": "message",
        "user": "U235A44S0",
        "text": "Fail ",
        "ts": "1478277711.006796"
    },
    {
        "type": "message",
        "user": "U0X0BA76U",
        "text": "so I am playing through firewatch ... beautiful game",
        "ts": "1478278703.006797"
    },
    {
        "type": "message",
        "user": "U0X0BA76U",
        "text": "good feels journey",
        "ts": "1478278751.006798"
    },
    {
        "text": "recommends",
        "type": "message",
        "subtype": "me_message",
        "user": "U0X0BA76U",
        "ts": "1478278755.006799"
    },
    {
        "type": "message",
        "user": "U0N4RBF7W",
        "text": "Storytelling game, right?",
        "ts": "1478278865.006800"
    },
    {
        "type": "message",
        "user": "U0N4RBF7W",
        "text": "That's what I heard",
        "ts": "1478278866.006801"
    },
    {
        "type": "message",
        "user": "U0X0BA76U",
        "text": "yeah",
        "ts": "1478278929.006802"
    },
    {
        "type": "message",
        "user": "U0X0BA76U",
        "text": "although I have heard it referred to as a \"walking simulator\" :laughing:",
        "ts": "1478278944.006803"
    },
    {
        "type": "message",
        "user": "U0N4RBF7W",
        "text": "Yeah, pretty much what I heard then :smile:",
        "ts": "1478278977.006804"
    },
    {
        "type": "message",
        "user": "U0X0BA76U",
        "text": "it's an interesting form of entertainment - kinda like a semi-interactive movie format",
        "ts": "1478279026.006805"
    },
    {
        "type": "message",
        "user": "U0X0BA76U",
        "text": "apparently it's only about 3-4 hours of gameplay",
        "ts": "1478279034.006806"
    },
    {
        "type": "message",
        "user": "U0X0BA76U",
        "text": "I dig it though",
        "ts": "1478279059.006807"
    },
    {
        "type": "message",
        "user": "U0X0BA76U",
        "text": "and it's like $12 on steam this weekend",
        "ts": "1478279089.006808"
    },
    {
        "type": "message",
        "user": "U235A44S0",
        "text": "when I try to launch <http:\/\/slither.io|slither.io>, it just spins purple and green for me in the middle of the page",
        "ts": "1478280120.006809"
    },
    {
        "type": "message",
        "user": "U0Y6QC8NL",
        "text": "good morning americans!",
        "ts": "1478280153.006810"
    },
    {
        "type": "message",
        "user": "U0Y6QC8NL",
        "text": "itll take me a bit to get tired of saying that",
        "ts": "1478280172.006811"
    },
    {
        "type": "message",
        "user": "U235A44S0",
        "text": "Good morning American in another country!",
        "ts": "1478280172.006812"
    },
    {
        "type": "message",
        "user": "U104Y4770",
        "text": "I tried to think of a snarky response but came up with nothing",
        "ts": "1478280198.006813"
    },
    {
        "type": "message",
        "user": "U0Y6QC8NL",
        "text": "ill wait",
        "ts": "1478280241.006814"
    },
    {
        "type": "message",
        "user": "U1ALM3K24",
        "text": "<@U0Y6QC8NL> I need you to do an official \"study\" for me to determine if the Guiness in the UK tastes better than the Guiness in America.",
        "ts": "1478280320.006815"
    },
    {
        "type": "message",
        "user": "U1ALM3K24",
        "text": "I have heard rumors, but can't substantiate them",
        "ts": "1478280332.006816"
    },
    {
        "type": "message",
        "user": "U0Y6QC8NL",
        "text": "i might need to go to dublin for that... you know, for science.",
        "ts": "1478280341.006817"
    },
    {
        "type": "message",
        "user": "U235A44S0",
        "text": "This sounds like a worthy cause",
        "ts": "1478280346.006818"
    },
    {
        "type": "message",
        "user": "U1ALM3K24",
        "text": "In the name of SCIENCE!",
        "ts": "1478280351.006819",
        "reactions": [
            {
                "name": "norm",
                "users": [
                    "U235A44S0"
                ],
                "count": 1
            }
        ]
    },
    {
        "type": "message",
        "user": "U0N4RBF7W",
        "text": "Irish friend of mine confirms it's: ``` Ireland &gt; UK &gt; rest of the world``` for Guiness quality",
        "ts": "1478280370.006820",
        "reactions": [
            {
                "name": "beers",
                "users": [
                    "U235A44S0"
                ],
                "count": 1
            }
        ]
    },
    {
        "type": "message",
        "user": "U0Y6QC8NL",
        "text": "makes an amount of sense really",
        "ts": "1478280461.006821"
    },
    {
        "type": "message",
        "user": "U235A44S0",
        "text": "I think several pints full amount of sense",
        "ts": "1478280474.006822"
    },
    {
        "type": "message",
        "user": "U0Y6QC8NL",
        "text": "I imagine shipping can have an effect on quality",
        "ts": "1478280482.006823"
    },
    {
        "type": "message",
        "user": "U0XCXA90A",
        "text": "ksherm is now an expat.",
        "ts": "1478280533.006824"
    },
    {
        "type": "message",
        "user": "U0Y6QC8NL",
        "text": "huh",
        "ts": "1478280600.006825"
    },
    {
        "type": "message",
        "user": "U0Y6QC8NL",
        "text": "i guess thats technically true",
        "ts": "1478280603.006826"
    },
    {
        "type": "message",
        "user": "U0Y6QC8NL",
        "text": "I thought an expat meant you revoked your citizenship",
        "ts": "1478280615.006827"
    },
    {
        "type": "message",
        "user": "U0Y6QC8NL",
        "text": "looks like its just someone living in a place they arent a citizen of",
        "ts": "1478280629.006828"
    },
    {
        "type": "message",
        "user": "U0XCXA90A",
        "text": "yeah, just means “(living) out of home country\"",
        "ts": "1478280652.006829"
    },
    {
        "type": "message",
        "user": "U0Y6QC8NL",
        "text": "whats the difference between an expat and an immigrant?",
        "ts": "1478280653.006830"
    },
    {
        "type": "message",
        "user": "U0N4RBF7W",
        "text": "^^^ Actually don't know",
        "ts": "1478280678.006831"
    },
    {
        "type": "message",
        "user": "U0E36J5EU",
        "text": "one talks about where you came from, the other talks about the place you are at",
        "ts": "1478280691.006833"
    },
    {
        "type": "message",
        "user": "U0Y6QC8NL",
        "text": "that makes sense",
        "ts": "1478280699.006835"
    },
    {
        "type": "message",
        "user": "U0Y6QC8NL",
        "text": "an american expat, a british migrant",
        "ts": "1478280704.006836"
    },
    {
        "type": "message",
        "user": "U0X0BA76U",
        "text": "<@U0Y6QC8NL>",
        "ts": "1478280739.006837"
    },
    {
        "type": "message",
        "user": "U0X0BA76U",
        "text": "\/giphy what about me",
        "bot_id": "B0NUYRN04",
        "attachments": [
            {
                "fallback": "giphy: <http:\/\/giphy.com\/gifs\/outlander-season-2-starz-l3V0H7tnF3zNoHazm>",
                "image_url": "http:\/\/media.giphy.com\/media\/l3V0H7tnF3zNoHazm\/giphy-tumblr.gif",
                "image_width": 250,
                "image_height": 140,
                "image_bytes": 477848,
                "is_animated": true,
                "title": "what about me",
                "id": 1,
                "title_link": "http:\/\/giphy.com\/gifs\/outlander-season-2-starz-l3V0H7tnF3zNoHazm"
            }
        ],
        "ts": "1478280741.006838"
    },
    {
        "type": "message",
        "user": "U0Y6QC8NL",
        "text": "youre a citizen of ameristralya",
        "ts": "1478280769.006839"
    },
    {
        "type": "message",
        "user": "U0Y6QC8NL",
        "text": "nothing has changed for you",
        "ts": "1478280773.006840"
    },
    {
        "type": "message",
        "user": "U0X0BA76U",
        "text": "actually I think I'm an australian expat and an american non-immigrant (according to USCIS)",
        "ts": "1478280778.006841"
    },
    {
        "type": "message",
        "user": "U235A44S0",
        "text": "You fit under all kinds of classifications",
        "ts": "1478280795.006842"
    },
    {
        "type": "message",
        "user": "U0Y6QC8NL",
        "text": "non-immigrant?",
        "ts": "1478280801.006843"
    },
    {
        "type": "message",
        "user": "U0X0BA76U",
        "text": "correct",
        "ts": "1478280810.006844"
    },
    {
        "type": "message",
        "user": "U0X0BA76U",
        "text": "I am temporary",
        "ts": "1478280816.006845"
    },
    {
        "type": "message",
        "user": "U0E36J5EU",
        "text": "yeah, if you don't want to stay there long term",
        "ts": "1478280828.006846"
    },
    {
        "type": "message",
        "user": "U0X0BA76U",
        "text": "my visa class is considered 'nomimmigrant'",
        "ts": "1478280832.006847"
    },
    {
        "type": "message",
        "user": "U0X0BA76U",
        "text": "and if I do anything to indicate I want to stay long term, technically my visa is voided",
        "ts": "1478280850.006848"
    },
    {
        "type": "message",
        "user": "U0Y6QC8NL",
        "text": "huh. weird",
        "ts": "1478280884.006849"
    },
    {
        "type": "message",
        "user": "U235A44S0",
        "text": "wow",
        "ts": "1478280885.006850"
    },
    {
        "type": "message",
        "user": "U0X0BA76U",
        "text": "yeah",
        "ts": "1478280890.006851"
    },
    {
        "type": "message",
        "user": "U0X0BA76U",
        "text": "so when i rock up to my visa interview in a couple of weeks",
        "ts": "1478280899.006852"
    },
    {
        "type": "message",
        "user": "U235A44S0",
        "text": "I saw nothing!",
        "ts": "1478280900.006853"
    },
    {
        "type": "message",
        "user": "U0X0BA76U",
        "text": "I have to prove ties to home",
        "ts": "1478280907.006854"
    },
    {
        "type": "message",
        "user": "U0Y6QC8NL",
        "text": "just ramp up the aussie accent",
        "ts": "1478280922.006856"
    },
    {
        "type": "message",
        "user": "U0X0BA76U",
        "text": "STREWTH ME CRIKEY",
        "ts": "1478280927.006857"
    },
    {
        "type": "message",
        "user": "U0X0BA76U",
        "text": "I'm doing the interview in melbourne as part of the 'proof of ties'",
        "ts": "1478280939.006859"
    },
    {
        "type": "message",
        "user": "U0X0BA76U",
        "text": "I was going to go to barbados or vancouver but lawyers suggested it's harder to prove ties in a third country interview",
        "ts": "1478280969.006860"
    },
    {
        "type": "message",
        "user": "U0Y6QC8NL",
        "text": "not sure if america is worth it mate",
        "ts": "1478280994.006861"
    },
    {
        "type": "message",
        "user": "U0Y6QC8NL",
        "text": ":uk:",
        "ts": "1478281001.006862"
    },
    {
        "type": "message",
        "user": "U0X0BA76U",
        "text": "haha",
        "ts": "1478281004.006863"
    },
    {
        "type": "message",
        "user": "U0X0BA76U",
        "text": "well, I will move back home one day",
        "ts": "1478281008.006864"
    },
    {
        "type": "message",
        "user": "U0X0BA76U",
        "text": "I'm not here permanently",
        "ts": "1478281012.006865"
    },
    {
        "type": "message",
        "user": "U0Y6QC8NL",
        "text": "or at least, thats what we tell the USCIS :wink:",
        "ts": "1478281033.006866"
    },
    {
        "type": "message",
        "user": "U0X0BA76U",
        "text": "I think once :baby: is getting closer to school age",
        "ts": "1478281105.006867"
    },
    {
        "type": "message",
        "user": "U0X0BA76U",
        "text": "and\/or americans stop wanting to hire my wife or I on visa based employment",
        "ts": "1478281148.006868"
    },
    {
        "type": "message",
        "user": "U0X0BA76U",
        "text": "or Trump's inauguration",
        "ts": "1478281160.006869"
    },
    {
        "type": "message",
        "user": "U0X0BA76U",
        "text": "\/giphy good luck with that",
        "bot_id": "B0NUYRN04",
        "attachments": [
            {
                "fallback": "giphy: <http:\/\/giphy.com\/gifs\/thehills-3orif0e4vVLemmgjn2>",
                "image_url": "https:\/\/media.giphy.com\/media\/3orif0e4vVLemmgjn2\/giphy-tumblr.gif",
                "image_width": 250,
                "image_height": 142,
                "image_bytes": 827643,
                "is_animated": true,
                "title": "good luck with that",
                "id": 1,
                "title_link": "http:\/\/giphy.com\/gifs\/thehills-3orif0e4vVLemmgjn2"
            }
        ],
        "ts": "1478281169.006870"
    },
    {
        "type": "message",
        "user": "U235A44S0",
        "text": "\/giphy You can do it",
        "bot_id": "B0NUYRN04",
        "attachments": [
            {
                "fallback": "giphy: <http:\/\/giphy.com\/gifs\/the-grinder-fox-the-grinder-26FPGx0DlC41diyGI>",
                "image_url": "http:\/\/media0.giphy.com\/media\/26FPGx0DlC41diyGI\/giphy.gif",
                "image_width": 500,
                "image_height": 281,
                "image_bytes": 1839424,
                "is_animated": true,
                "title": "You can do it",
                "id": 1,
                "title_link": "http:\/\/giphy.com\/gifs\/the-grinder-fox-the-grinder-26FPGx0DlC41diyGI"
            }
        ],
        "ts": "1478281254.006871"
    },
    {
        "type": "message",
        "user": "U235A44S0",
        "text": "Was thinking more of Rob Schneider in Happy Gilmore",
        "ts": "1478281276.006872"
    },
    {
        "type": "message",
        "user": "U104Y4770",
        "text": "I think you mean Water Boy",
        "ts": "1478281336.006873",
        "reactions": [
            {
                "name": "water_buffalo",
                "users": [
                    "U0Y6QC8NL"
                ],
                "count": 1
            }
        ]
    },
    {
        "type": "message",
        "user": "U235A44S0",
        "text": "You are correct",
        "ts": "1478281346.006874"
    },
    {
        "type": "message",
        "user": "U0Y6QC8NL",
        "text": "games are so cheap here",
        "ts": "1478281730.006875"
    },
    {
        "type": "message",
        "user": "U0Y6QC8NL",
        "text": "new AAA games are 40 GBP",
        "ts": "1478281737.006876"
    },
    {
        "type": "message",
        "user": "U0Y6QC8NL",
        "text": "which is 50$",
        "ts": "1478281743.006877"
    },
    {
        "type": "message",
        "user": "U0Y6QC8NL",
        "text": "except for CIV 6, which is 50£...",
        "ts": "1478281790.006878"
    },
    {
        "type": "message",
        "user": "U0X0BA76U",
        "text": "worth it",
        "ts": "1478282848.006879"
    },
    {
        "type": "message",
        "user": "U0Y6QC8NL",
        "text": "is it _that_ much different than civ5?",
        "ts": "1478282911.006880"
    },
    {
        "type": "message",
        "user": "U0Y6QC8NL",
        "text": "I think I might pick it up after the modding gets going",
        "ts": "1478282918.006881"
    },
    {
        "type": "message",
        "user": "U0X0BA76U",
        "text": "different enough - there are some things I don't like (production queue is gone is a big one)",
        "ts": "1478283825.006882"
    },
    {
        "type": "message",
        "user": "U0X0BA76U",
        "text": "but civics stuff is awesome; diplomacy is more detailed; city states are a bigger deal in the game",
        "ts": "1478283847.006883"
    },
    {
        "type": "message",
        "user": "U0X0BA76U",
        "text": "and with the district mechanic cities become much more sprawly",
        "ts": "1478283868.006884"
    },
    {
        "type": "message",
        "user": "U0X0BA76U",
        "text": "and where you place districts has strategy implications",
        "ts": "1478283880.006885"
    },
    {
        "type": "message",
        "user": "U0X0BA76U",
        "text": "it has more depth, for sure",
        "ts": "1478283898.006886"
    },
    {
        "type": "message",
        "user": "U0X0BA76U",
        "text": "I've only played 2 games on standard speed so far but I'm itching to start another one this weekend",
        "ts": "1478283919.006887"
    },
    {
        "type": "message",
        "user": "U0X0BA76U",
        "text": "there's a handful of mods moving at <http:\/\/civfanatics.com|civfanatics.com>; once the sdk is out and steam workshop integration happens it will come thick and fast I'm sure",
        "ts": "1478284023.006888"
    },
    {
        "type": "message",
        "user": "U0X0BA76U",
        "text": "WHAT'S THE COLOUR OF A TWO CENT PIECE",
        "ts": "1478287584.006889"
    },
    {
        "type": "message",
        "user": "U0X0BA76U",
        "text": "\/giphy copper",
        "bot_id": "B0NUYRN04",
        "attachments": [
            {
                "fallback": "giphy: <http:\/\/giphy.com\/gifs\/ice-copper-dry-2O0hb6EM4PIDS>",
                "image_url": "https:\/\/media.giphy.com\/media\/2O0hb6EM4PIDS\/giphy-tumblr.gif",
                "image_width": 250,
                "image_height": 140,
                "image_bytes": 1350434,
                "is_animated": true,
                "title": "copper",
                "id": 1,
                "title_link": "http:\/\/giphy.com\/gifs\/ice-copper-dry-2O0hb6EM4PIDS"
            }
        ],
        "ts": "1478287587.006890"
    },
    {
        "type": "message",
        "user": "U0X0BA76U",
        "text": "\/giphy copper",
        "bot_id": "B0NUYRN04",
        "attachments": [
            {
                "fallback": "giphy: <http:\/\/giphy.com\/gifs\/ice-copper-dry-2O0hb6EM4PIDS>",
                "image_url": "https:\/\/media.giphy.com\/media\/2O0hb6EM4PIDS\/giphy-tumblr.gif",
                "image_width": 250,
                "image_height": 140,
                "image_bytes": 1350434,
                "is_animated": true,
                "title": "copper",
                "id": 1,
                "title_link": "http:\/\/giphy.com\/gifs\/ice-copper-dry-2O0hb6EM4PIDS"
            }
        ],
        "ts": "1478287592.006891"
    },
    {
        "type": "message",
        "user": "U0X0BA76U",
        "text": "\/giphy police officer",
        "bot_id": "B0NUYRN04",
        "attachments": [
            {
                "fallback": "giphy: <http:\/\/giphy.com\/gifs\/empire-xTiTnBPxUOQDj5Zccw>",
                "image_url": "http:\/\/media1.giphy.com\/media\/xTiTnBPxUOQDj5Zccw\/giphy.gif",
                "image_width": 500,
                "image_height": 281,
                "image_bytes": 1312585,
                "is_animated": true,
                "title": "police officer",
                "id": 1,
                "title_link": "http:\/\/giphy.com\/gifs\/empire-xTiTnBPxUOQDj5Zccw"
            }
        ],
        "ts": "1478287600.006892"
    },
    {
        "type": "message",
        "user": "U0X0BA76U",
        "text": "weekend movie recommendation, randos - The Hard Word <http:\/\/www.imdb.com\/title\/tt0280490\/>",
        "attachments": [
            {
                "service_name": "IMDb",
                "title": "The Hard Word (2002)",
                "title_link": "http:\/\/www.imdb.com\/title\/tt0280490\/",
                "text": "Directed by Scott Roberts. With Guy Pearce, Rachel Griffiths, Joel Edgerton, Damien Richardson. Three fraternal bank robbers languishing in jail, discover a profitable (if not dodgy) way to spend their time. Crime can most certainly pay, if you \"know wot I mean?\" However when sex and greed rear-up between the good crims and the bad cops, the consequences are both bizarre and fatal.",
                "fallback": "IMDb: The Hard Word (2002)",
                "image_url": "https:\/\/images-na.ssl-images-amazon.com\/images\/M\/MV5BMWY4MGU0ZDItZWJiNS00MzVlLTg3NWItZWFjYzM1YmZjZGI5XkEyXkFqcGdeQXVyMDM3ODU0Nw@@._V1_UY1200_CR107,0,630,1200_AL_.jpg",
                "from_url": "http:\/\/www.imdb.com\/title\/tt0280490\/",
                "image_width": 131,
                "image_height": 250,
                "image_bytes": 124954,
                "service_icon": "http:\/\/www.imdb.com\/favicon.ico",
                "id": 1
            }
        ],
        "ts": "1478287957.006893"
    },
    {
        "type": "message",
        "subtype": "file_share",
        "text": "<@U0EKK4BTP|josh> uploaded a file: <https:\/\/sndevs.slack.com\/files\/josh\/F2YGFSCH1\/cwb7wl2wiaaiohd.jpg|Cubs Victory Rally>",
        "file": {
            "id": "F2YGFSCH1",
            "created": 1478288243,
            "timestamp": 1478288243,
            "name": "Cwb7WL2WIAAIoHd.jpg",
            "title": "Cubs Victory Rally",
            "mimetype": "image\/jpeg",
            "filetype": "jpg",
            "pretty_type": "JPEG",
            "user": "U0EKK4BTP",
            "editable": false,
            "size": 174778,
            "mode": "hosted",
            "is_external": false,
            "external_type": "",
            "is_public": true,
            "public_url_shared": false,
            "display_as_bot": false,
            "username": "",
            "url_private": "https:\/\/files.slack.com\/files-pri\/T0E2AD6AY-F2YGFSCH1\/cwb7wl2wiaaiohd.jpg?t=xoxe-14078448372-167243557781-166475819265-182f5ebf49",
            "url_private_download": "https:\/\/files.slack.com\/files-pri\/T0E2AD6AY-F2YGFSCH1\/download\/cwb7wl2wiaaiohd.jpg?t=xoxe-14078448372-167243557781-166475819265-182f5ebf49",
            "thumb_64": "https:\/\/files.slack.com\/files-tmb\/T0E2AD6AY-F2YGFSCH1-2db0ac4192\/cwb7wl2wiaaiohd_64.jpg?t=xoxe-14078448372-167243557781-166475819265-182f5ebf49",
            "thumb_80": "https:\/\/files.slack.com\/files-tmb\/T0E2AD6AY-F2YGFSCH1-2db0ac4192\/cwb7wl2wiaaiohd_80.jpg?t=xoxe-14078448372-167243557781-166475819265-182f5ebf49",
            "thumb_360": "https:\/\/files.slack.com\/files-tmb\/T0E2AD6AY-F2YGFSCH1-2db0ac4192\/cwb7wl2wiaaiohd_360.jpg?t=xoxe-14078448372-167243557781-166475819265-182f5ebf49",
            "thumb_360_w": 360,
            "thumb_360_h": 125,
            "thumb_480": "https:\/\/files.slack.com\/files-tmb\/T0E2AD6AY-F2YGFSCH1-2db0ac4192\/cwb7wl2wiaaiohd_480.jpg?t=xoxe-14078448372-167243557781-166475819265-182f5ebf49",
            "thumb_480_w": 480,
            "thumb_480_h": 166,
            "thumb_160": "https:\/\/files.slack.com\/files-tmb\/T0E2AD6AY-F2YGFSCH1-2db0ac4192\/cwb7wl2wiaaiohd_160.jpg?t=xoxe-14078448372-167243557781-166475819265-182f5ebf49",
            "thumb_720": "https:\/\/files.slack.com\/files-tmb\/T0E2AD6AY-F2YGFSCH1-2db0ac4192\/cwb7wl2wiaaiohd_720.jpg?t=xoxe-14078448372-167243557781-166475819265-182f5ebf49",
            "thumb_720_w": 720,
            "thumb_720_h": 250,
            "thumb_960": "https:\/\/files.slack.com\/files-tmb\/T0E2AD6AY-F2YGFSCH1-2db0ac4192\/cwb7wl2wiaaiohd_960.jpg?t=xoxe-14078448372-167243557781-166475819265-182f5ebf49",
            "thumb_960_w": 960,
            "thumb_960_h": 333,
            "thumb_1024": "https:\/\/files.slack.com\/files-tmb\/T0E2AD6AY-F2YGFSCH1-2db0ac4192\/cwb7wl2wiaaiohd_1024.jpg?t=xoxe-14078448372-167243557781-166475819265-182f5ebf49",
            "thumb_1024_w": 1024,
            "thumb_1024_h": 355,
            "image_exif_rotation": 1,
            "original_w": 1200,
            "original_h": 416,
            "permalink": "https:\/\/sndevs.slack.com\/files\/josh\/F2YGFSCH1\/cwb7wl2wiaaiohd.jpg",
            "permalink_public": "https:\/\/slack-files.com\/T0E2AD6AY-F2YGFSCH1-d9cedd80b5",
            "channels": [
                "C0E2AD6BE"
            ],
            "groups": [],
            "ims": [],
            "comments_count": 0
        },
        "user": "U0EKK4BTP",
        "upload": true,
        "display_as_bot": false,
        "username": "josh",
        "bot_id": null,
        "ts": "1478288246.006895"
    },
    {
        "type": "message",
        "user": "U0EKK4BTP",
        "text": "Kinda wish I went, kinda glad I didn’t.",
        "ts": "1478288254.006896"
    },
    {
        "type": "message",
        "user": "U104Y4770",
        "text": "impressive",
        "ts": "1478288266.006897"
    },
    {
        "type": "message",
        "user": "U104Y4770",
        "text": "that’s how I felt for the Seahawks Superbowl parade a few years ago",
        "ts": "1478288281.006898"
    },
    {
        "type": "message",
        "user": "U0E96U52M",
        "text": "that looks crowded",
        "ts": "1478288285.006899"
    },
    {
        "type": "message",
        "user": "U104Y4770",
        "text": "especially cause it was super cold that day",
        "ts": "1478288292.006900"
    },
    {
        "type": "message",
        "user": "U0E96U52M",
        "text": "<@U104Y4770> how cold could it have been?",
        "ts": "1478288308.006901"
    },
    {
        "type": "message",
        "user": "U0EKK4BTP",
        "text": "somehow, it’s 60F in November so it’s a perfect day for it",
        "ts": "1478288318.006902"
    },
    {
        "type": "message",
        "user": "U0X0BA76U",
        "text": "wowsers",
        "ts": "1478288319.006903"
    },
    {
        "type": "message",
        "user": "U0X0BA76U",
        "text": "looks like a beautiful day too",
        "ts": "1478288325.006904"
    },
    {
        "type": "message",
        "user": "U0E96U52M",
        "text": "sorry, just moved from wa, so now im being spiteful",
        "ts": "1478288331.006905"
    },
    {
        "type": "message",
        "user": "U0E96U52M",
        "text": "i miss the weather",
        "ts": "1478288337.006906"
    },
    {
        "type": "message",
        "user": "U104Y4770",
        "text": "Trying to find a news article that has the temp",
        "ts": "1478288385.006907"
    },
    {
        "type": "message",
        "user": "U104Y4770",
        "text": "it was below freezing",
        "ts": "1478288388.006908"
    },
    {
        "type": "message",
        "user": "U104Y4770",
        "text": "so like -10 in Seattle terms",
        "ts": "1478288394.006909"
    },
    {
        "type": "message",
        "user": "U104Y4770",
        "text": "mid twenties",
        "ts": "1478288429.006910"
    },
    {
        "type": "message",
        "user": "U104Y4770",
        "text": "according to Seattle Times",
        "ts": "1478288436.006911"
    },
    {
        "type": "message",
        "user": "U104Y4770",
        "text": "where you at <@U0E96U52M> Minnesota?",
        "ts": "1478288527.006912"
    },
    {
        "type": "message",
        "user": "U0E96U52M",
        "text": "<@U104Y4770> yea moved back for family",
        "ts": "1478289032.006913"
    },
    {
        "type": "message",
        "user": "U0E96U52M",
        "text": "its been like 30's 40's last few mornings",
        "ts": "1478289052.006914"
    },
    {
        "type": "message",
        "user": "U0E96U52M",
        "text": "but i know 2 years of seattle weather",
        "ts": "1478289064.006915"
    },
    {
        "type": "message",
        "user": "U0E96U52M",
        "text": "and it was glorius",
        "ts": "1478289068.006916"
    },
    {
        "type": "message",
        "user": "U0E36J5EU",
        "text": "well its :beer: \/30 have a great weekend all!",
        "ts": "1478291150.006917"
    },
    {
        "type": "message",
        "user": "U0XCXA90A",
        "text": "have a good weekend",
        "ts": "1478291267.006918"
    },
    {
        "type": "message",
        "user": "U104Y4770",
        "text": ":beers:",
        "ts": "1478291908.006919"
    }
]