[
    {
        "type": "message",
        "user": "U0FNZLMCP",
        "text": "I'm in the Lounge area in the middle of the ExpoHall ATM",
        "ts": "1477553986.005456"
    },
    {
        "type": "message",
        "user": "U19DPC7D4",
        "text": "I'm in the ACL hands-on lab",
        "ts": "1477564047.005459"
    },
    {
        "type": "message",
        "user": "U0N4RBF7W",
        "text": "When's that finishing up?",
        "ts": "1477566321.005460"
    },
    {
        "type": "message",
        "user": "U0E36J5EU",
        "text": "wasn't me!",
        "ts": "1477566506.005461"
    },
    {
        "type": "message",
        "user": "U0E36J5EU",
        "text": "hope you are having fun at the forum :stuck_out_tongue:",
        "ts": "1477566520.005462"
    },
    {
        "type": "message",
        "user": "U0N4RBF7W",
        "text": "Going alright! ",
        "ts": "1477567044.005463"
    },
    {
        "type": "message",
        "user": "U13UCKNKY",
        "text": "shrug? ¯\\_(ツ)_\/¯",
        "ts": "1477570181.005464"
    },
    {
        "type": "message",
        "user": "U13UCKNKY",
        "text": "oh was testing the slack tips",
        "ts": "1477570198.005465"
    },
    {
        "user": "U2V15S3MF",
        "text": "<@U2V15S3MF|t1mb0b> has joined the channel",
        "type": "message",
        "subtype": "channel_join",
        "ts": "1477575905.005466"
    },
    {
        "type": "message",
        "user": "U0XCXA90A",
        "text": "New version of Slack has tweaked the UI in minor ways. For some reason, I hate it.",
        "ts": "1477576077.005467"
    },
    {
        "type": "message",
        "user": "U0FNZLMCP",
        "text": "it looks ok so far to me <@U0XCXA90A>",
        "ts": "1477576252.005468"
    },
    {
        "type": "message",
        "user": "U0XCXA90A",
        "text": "I can’t articulate why I am having this reaction. I mean, it has basically all the same elements in the same places. And yet.... It’s off-putting. Maybe I just need time to get used to it.",
        "ts": "1477576307.005469"
    },
    {
        "type": "message",
        "user": "U0E88P8F8",
        "text": "I didn't even notice that the UI changed",
        "ts": "1477576343.005470"
    },
    {
        "type": "message",
        "user": "U0XCXA90A",
        "text": "it’s in the uncanny valley. It looks like Slack, but slightly wrong. That must be it- I just need to stare at it for a day or so until it becomes the new normal.",
        "ts": "1477576406.005471"
    },
    {
        "type": "message",
        "user": "U235A44S0",
        "text": "The plus sign next to the message has new Google Drive options",
        "ts": "1477576524.005472"
    },
    {
        "type": "message",
        "user": "U0XCXA90A",
        "text": "Good way to reduce hosting duties on their side- push the Google drive option.",
        "ts": "1477576583.005473"
    },
    {
        "type": "message",
        "user": "U0N4RBF7W",
        "text": "Don't like that snippet is now file",
        "ts": "1477576888.005474"
    },
    {
        "type": "message",
        "subtype": "file_share",
        "text": "<@U0XCXA90A|pheedbaq> uploaded a file: <https:\/\/sndevs.slack.com\/files\/pheedbaq\/F2V1LLKTP\/-.js|Untitled> and commented: Does this still render the same?",
        "file": {
            "id": "F2V1LLKTP",
            "created": 1477578081,
            "timestamp": 1477578081,
            "name": "-.js",
            "title": "Untitled",
            "mimetype": "text\/plain",
            "filetype": "javascript",
            "pretty_type": "JavaScript\/JSON",
            "user": "U0XCXA90A",
            "editable": true,
            "size": 37,
            "mode": "snippet",
            "is_external": false,
            "external_type": "",
            "is_public": true,
            "public_url_shared": false,
            "display_as_bot": false,
            "username": "",
            "url_private": "https:\/\/files.slack.com\/files-pri\/T0E2AD6AY-F2V1LLKTP\/-.js?t=xoxe-14078448372-167243557781-166475819265-182f5ebf49",
            "url_private_download": "https:\/\/files.slack.com\/files-pri\/T0E2AD6AY-F2V1LLKTP\/download\/-.js?t=xoxe-14078448372-167243557781-166475819265-182f5ebf49",
            "permalink": "https:\/\/sndevs.slack.com\/files\/pheedbaq\/F2V1LLKTP\/-.js",
            "permalink_public": "https:\/\/slack-files.com\/T0E2AD6AY-F2V1LLKTP-a19207057a",
            "edit_link": "https:\/\/sndevs.slack.com\/files\/pheedbaq\/F2V1LLKTP\/-.js\/edit",
            "preview": "function testSnippet() {\r\n\treturn;\r\n}",
            "preview_highlight": "<div class=\"CodeMirror cm-s-default CodeMirrorServer\" oncopy=\"if(event.clipboardData){event.clipboardData.setData('text\/plain',window.getSelection().toString().replace(\/\\u200b\/g,''));event.preventDefault();event.stopPropagation();}\">\n<div class=\"CodeMirror-code\">\n<div><pre><span class=\"cm-keyword\">function<\/span> <span class=\"cm-def\">testSnippet<\/span>() {<\/pre><\/div>\n<div><pre>\t<span class=\"cm-keyword\">return<\/span>;<\/pre><\/div>\n<div><pre>}<\/pre><\/div>\n<\/div>\n<\/div>\n",
            "lines": 3,
            "lines_more": 0,
            "preview_is_truncated": false,
            "channels": [
                "C0E2AD6BE"
            ],
            "groups": [],
            "ims": [],
            "comments_count": 1,
            "initial_comment": {
                "id": "Fc2V1LLWGM",
                "created": 1477578081,
                "timestamp": 1477578081,
                "user": "U0XCXA90A",
                "is_intro": true,
                "comment": "Does this still render the same?",
                "channel": ""
            }
        },
        "user": "U0XCXA90A",
        "upload": true,
        "display_as_bot": false,
        "username": "pheedbaq",
        "bot_id": null,
        "ts": "1477578082.005475"
    },
    {
        "type": "message",
        "user": "U0N4RBF7W",
        "text": "Looks like it to me",
        "ts": "1477578197.005476"
    },
    {
        "type": "message",
        "user": "U0X0BA76U",
        "text": "happy Little Friday, folks",
        "ts": "1477578695.005477"
    },
    {
        "type": "message",
        "user": "U0KNNNPFX",
        "text": "Stalking dstur in the service portal talk at London now forum",
        "ts": "1477578955.005478"
    },
    {
        "type": "message",
        "user": "U0N4RBF7W",
        "text": "Whaaaaaa?!",
        "ts": "1477578966.005479"
    },
    {
        "type": "message",
        "user": "U0N4RBF7W",
        "text": "Where are you? SHOW YOURSELF",
        "ts": "1477578978.005480"
    },
    {
        "type": "message",
        "user": "U0FNZLMCP",
        "text": "Im 4th row from the front",
        "edited": {
            "user": "U0FNZLMCP",
            "ts": "1477579012.000000"
        },
        "ts": "1477578998.005481"
    },
    {
        "type": "message",
        "user": "U0KNNNPFX",
        "text": "Hahaha\nSecret",
        "ts": "1477579004.005482"
    },
    {
        "type": "message",
        "user": "U0N4RBF7W",
        "text": "I feel like I'm being hunted by the predator :disappointed:",
        "ts": "1477579015.005484",
        "reactions": [
            {
                "name": "grin",
                "users": [
                    "U0FNZLMCP"
                ],
                "count": 1
            },
            {
                "name": "lion_face",
                "users": [
                    "U0EKK4BTP"
                ],
                "count": 1
            },
            {
                "name": "helicopter",
                "users": [
                    "U0E88P8F8"
                ],
                "count": 1
            }
        ]
    },
    {
        "type": "message",
        "user": "U0FNZLMCP",
        "text": "Anyone else finished the lab?",
        "ts": "1477579045.005485"
    },
    {
        "type": "message",
        "user": "U0KNNNPFX",
        "text": "Haha nope I haven't even brought a laptop... Genius I know",
        "ts": "1477579079.005486"
    },
    {
        "type": "message",
        "user": "U0KNNNPFX",
        "text": "Me and 3 other colleagues sharing one laptop",
        "ts": "1477579090.005487"
    },
    {
        "type": "message",
        "user": "U0N4RBF7W",
        "text": "I've been... distracted",
        "ts": "1477579096.005488"
    },
    {
        "type": "message",
        "user": "U0N4RBF7W",
        "text": "&gt;.&gt;",
        "ts": "1477579098.005489"
    },
    {
        "type": "message",
        "user": "U0N4RBF7W",
        "text": "Guess where?",
        "ts": "1477579100.005490"
    },
    {
        "type": "message",
        "user": "U0FNZLMCP",
        "text": "I can't see behind me",
        "ts": "1477579112.005491"
    },
    {
        "type": "message",
        "user": "U0KNNNPFX",
        "text": "Dstur looking around trying to find me",
        "ts": "1477579116.005492"
    },
    {
        "type": "message",
        "user": "U0KNNNPFX",
        "text": "Hahahah",
        "ts": "1477579118.005493"
    },
    {
        "type": "message",
        "user": "U0N4RBF7W",
        "text": "Fuck you lol",
        "ts": "1477579122.005494"
    },
    {
        "type": "message",
        "user": "U0N4RBF7W",
        "text": "Trying to be discrete",
        "ts": "1477579126.005495"
    },
    {
        "type": "message",
        "user": "U0KNNNPFX",
        "text": "Hahaha sorry",
        "ts": "1477579127.005496"
    },
    {
        "type": "message",
        "user": "U0N4RBF7W",
        "text": "Not working? :stuck_out_tongue:",
        "ts": "1477579131.005497"
    },
    {
        "type": "message",
        "user": "U0XCXA90A",
        "text": "You guys are clearly paying attention.",
        "ts": "1477579141.005498"
    },
    {
        "type": "message",
        "user": "U0XCXA90A",
        "text": "I wonder if the speaker is also hanging out in this channel.",
        "ts": "1477579156.005499"
    },
    {
        "type": "message",
        "user": "U0N4RBF7W",
        "text": "Well they said it was \"no code\" service portal",
        "ts": "1477579162.005500"
    },
    {
        "type": "message",
        "user": "U0N4RBF7W",
        "text": "interest just dived",
        "ts": "1477579168.005501"
    },
    {
        "type": "message",
        "user": "U0FNZLMCP",
        "text": "I dont think Chris Hann is on this forum",
        "ts": "1477579190.005502"
    },
    {
        "type": "message",
        "user": "U0FNZLMCP",
        "text": "Thank God",
        "edited": {
            "user": "U0FNZLMCP",
            "ts": "1477579289.000000"
        },
        "ts": "1477579281.005503"
    },
    {
        "type": "message",
        "user": "U0N4RBF7W",
        "text": "I checked too",
        "ts": "1477579343.005505",
        "reactions": [
            {
                "name": "+1",
                "users": [
                    "U0FNZLMCP"
                ],
                "count": 1
            }
        ]
    },
    {
        "type": "message",
        "user": "U0N4RBF7W",
        "text": ":smile:",
        "ts": "1477579349.005506"
    },
    {
        "type": "message",
        "user": "U0FNZLMCP",
        "text": "Now Im being stalked by <@U0N4RBF7W>",
        "ts": "1477579383.005507"
    },
    {
        "type": "message",
        "user": "U0N4RBF7W",
        "text": "I'm afraid to look around :disappointed:",
        "ts": "1477579387.005508"
    },
    {
        "type": "message",
        "user": "U0FNZLMCP",
        "text": "I've seen my mate Greg in here as well... I'm afraid to turn around and find him",
        "ts": "1477579459.005509"
    },
    {
        "type": "message",
        "user": "U0N4RBF7W",
        "text": "Who's Greg?",
        "ts": "1477579538.005510"
    },
    {
        "type": "message",
        "user": "U0FNZLMCP",
        "text": "Greg Dabrowski",
        "ts": "1477579591.005511"
    },
    {
        "type": "message",
        "user": "U0FNZLMCP",
        "text": "Hes not on the forum to my knowledge",
        "ts": "1477579602.005512"
    },
    {
        "type": "message",
        "user": "U0EA00QCB",
        "text": "i hope we can have all this London madness in December when I get there",
        "ts": "1477579669.005513"
    },
    {
        "type": "message",
        "user": "U0EA00QCB",
        "text": "I have to figure out a hotel and book it all today",
        "ts": "1477579688.005514"
    },
    {
        "type": "message",
        "user": "U0FNZLMCP",
        "text": "I saw that you will be joining us at the SN Devs Meetup <@U0EA00QCB>",
        "ts": "1477579715.005515"
    },
    {
        "type": "message",
        "user": "U0EA00QCB",
        "text": "looking at the geography of the various events, looks like Tower of London \/ Whitechapel is the part of town to stay",
        "ts": "1477579741.005516"
    },
    {
        "type": "message",
        "user": "U0EA00QCB",
        "text": "there has not been any new outbreaks of Jack the Ripper lately, right?",
        "ts": "1477579783.005517"
    },
    {
        "type": "message",
        "user": "U0EA00QCB",
        "text": "<@U0FNZLMCP> yep, I'll do the new developer tools roadshow",
        "ts": "1477579803.005518"
    },
    {
        "type": "message",
        "user": "U0N4RBF7W",
        "text": "Only the Jack the Ripper tour!",
        "ts": "1477579838.005519"
    },
    {
        "type": "message",
        "user": "U0N4RBF7W",
        "text": "Mate I can't see you",
        "ts": "1477580090.005520"
    },
    {
        "type": "message",
        "user": "U0FNZLMCP",
        "text": "You talking to me <@U0N4RBF7W>",
        "ts": "1477580106.005521"
    },
    {
        "type": "message",
        "user": "U0N4RBF7W",
        "text": "No <@U0KNNNPFX>",
        "ts": "1477580110.005522"
    },
    {
        "type": "message",
        "user": "U19DPC7D4",
        "text": "Well now I know who <@U0N4RBF7W> is... I saw someone nearly doing a full 360 rotation in their chair, looking around",
        "ts": "1477580185.005523"
    },
    {
        "type": "message",
        "user": "U0FNZLMCP",
        "text": "haha",
        "ts": "1477580192.005524"
    },
    {
        "type": "message",
        "user": "U0N4RBF7W",
        "text": "I actually don't know anymore...",
        "ts": "1477580207.005525"
    },
    {
        "type": "message",
        "user": "U0N4RBF7W",
        "text": "COME ON!",
        "ts": "1477580209.005526"
    },
    {
        "type": "message",
        "user": "U0N4RBF7W",
        "text": "I looked for people around one laptop and there's a 1:1 ratio!",
        "ts": "1477580228.005527"
    },
    {
        "type": "message",
        "user": "U235A44S0",
        "text": "You should write your #slack handle on a piece of paper and just hold it over your head",
        "ts": "1477580644.005528"
    },
    {
        "type": "message",
        "user": "U0X0BA76U",
        "text": "ok done",
        "ts": "1477580851.005529"
    },
    {
        "type": "message",
        "user": "U0X0BA76U",
        "text": "now what",
        "ts": "1477580853.005530"
    },
    {
        "type": "message",
        "user": "U0X0BA76U",
        "text": "the few people who are in the office at this time of the day are looking at me very strangely",
        "ts": "1477580863.005531"
    },
    {
        "type": "message",
        "user": "U0N4RBF7W",
        "text": "Haha",
        "ts": "1477580867.005532"
    },
    {
        "type": "message",
        "user": "U0N4RBF7W",
        "text": "Manager tells me this guy is the nuts when it comes to CMS stuff",
        "ts": "1477581097.005533"
    },
    {
        "type": "message",
        "user": "U0N4RBF7W",
        "text": "Done loads and loads of implementations",
        "ts": "1477581124.005534"
    },
    {
        "type": "message",
        "user": "U0N4RBF7W",
        "text": "Pro-tip right there!",
        "ts": "1477581224.005535"
    },
    {
        "type": "message",
        "user": "U0N4RBF7W",
        "text": "Putting HTML Template text in `${text}` brackets so it'll be translatable",
        "ts": "1477581319.005536"
    },
    {
        "type": "message",
        "user": "U0XCXA90A",
        "text": "bendyamin:\n1. Write #slack handle on piece of paper.\n2. Hold it over your head.\n3. ????\n4. Profit\n\nYou’re on step 3, which has always been a mystery. But when you get to step 4, you’ll be happy.",
        "ts": "1477581328.005537"
    },
    {
        "type": "message",
        "user": "U0X0BA76U",
        "text": "appreciate the guidance - will let you know when I get there",
        "ts": "1477581352.005538"
    },
    {
        "type": "message",
        "user": "U0EA00QCB",
        "text": "OK UK friends (chaps?)",
        "ts": "1477582488.005539"
    },
    {
        "type": "message",
        "user": "U0EA00QCB",
        "text": "I need advice, I'm not a world traveller",
        "ts": "1477582494.005540"
    },
    {
        "type": "message",
        "user": "U0EA00QCB",
        "text": "I'm leaving London and visiting my cousin in Barcelona",
        "ts": "1477582512.005541"
    },
    {
        "type": "message",
        "user": "U0EA00QCB",
        "text": "I see that Ryanair has a very cheap round trip but it leaves from Stansted",
        "ts": "1477582538.005542"
    },
    {
        "type": "message",
        "user": "U0XCXA90A",
        "text": "daveslusher you can’t just go changing your profile pick like that, how do we know it’s really you?",
        "ts": "1477582573.005543"
    },
    {
        "type": "message",
        "user": "U0EA00QCB",
        "text": "is it feasible to leave the Hackathon around 5 PM and get to Luton in time for an 8 PM flight to spain or is that basically impossible?",
        "ts": "1477582587.005544"
    },
    {
        "type": "message",
        "user": "U0EA00QCB",
        "text": "<@U0XCXA90A> branding",
        "ts": "1477582596.005545"
    },
    {
        "type": "message",
        "user": "U0EA00QCB",
        "text": "consistent messaging! plus, I just paid for those",
        "ts": "1477582610.005546"
    },
    {
        "type": "message",
        "user": "U0EA00QCB",
        "text": "and then I need to get myself from Stansted to Heathrow on the return.",
        "edited": {
            "user": "U0EA00QCB",
            "ts": "1477582650.000000"
        },
        "ts": "1477582633.005547"
    },
    {
        "type": "message",
        "user": "U235A44S0",
        "text": "<@U0EA00QCB> is a world traveler!",
        "ts": "1477582744.005549"
    },
    {
        "type": "message",
        "user": "U0EA00QCB",
        "text": "I will be, I'm not now",
        "ts": "1477582755.005550"
    },
    {
        "type": "message",
        "user": "U0EA00QCB",
        "text": "I don't want to book something and find out I can't possibly make that timing because central London to suburbs traffic is too bad",
        "ts": "1477582784.005551"
    },
    {
        "type": "message",
        "user": "U235A44S0",
        "text": "Just need a motorcycle and jump up on the sidewalk to get past traffic",
        "ts": "1477582812.005552"
    },
    {
        "type": "message",
        "user": "U235A44S0",
        "text": "_toot toot! Out of the way, I need to get to a hackathon!_",
        "ts": "1477582836.005553"
    },
    {
        "type": "message",
        "user": "U0XCXA90A",
        "text": "Wasn’t there a Top Gear race specifically about this?",
        "ts": "1477583026.005554"
    },
    {
        "type": "message",
        "user": "U235A44S0",
        "text": "There was",
        "ts": "1477583035.005555"
    },
    {
        "type": "message",
        "user": "U0XCXA90A",
        "text": "I think we learned that the fastest way is by boat.",
        "ts": "1477583037.005556"
    },
    {
        "type": "message",
        "user": "U0XCXA90A",
        "text": "Or possibly bicycle? I think the Stig lost on public transport, but that’s because he doesn’t understand the concept.",
        "edited": {
            "user": "U0XCXA90A",
            "ts": "1477583071.000000"
        },
        "ts": "1477583063.005557"
    },
    {
        "type": "message",
        "user": "U1R5SC6GZ",
        "text": "National Express has coach travel between the London airports, you should check their schedule.",
        "ts": "1477584970.005559"
    },
    {
        "type": "message",
        "user": "U0XCXA90A",
        "text": "I may have derailed daveslusher’s legitimate question.",
        "ts": "1477585210.005560"
    },
    {
        "type": "message",
        "user": "U0EA00QCB",
        "text": "<@U1R5SC6GZ> I did see that, seems like it's about an hour so I'm OK on the idea of getting between them",
        "ts": "1477585261.005561"
    },
    {
        "type": "message",
        "user": "U0EA00QCB",
        "text": "so now my real question is: realistic to get from Whitechapel to Luton at 5 PM on a Thursday in time for an 8 PM flight? <@U0N4RBF7W> <@U0FNZLMCP> <@U2E8L49KM> <@U19DPC7D4> anyone ? also I have no idea the overhead involved in getting an American on a plane to Spain in London",
        "ts": "1477585364.005562"
    },
    {
        "type": "message",
        "user": "U2E8L49KM",
        "text": "Guys, honestly, avoid Luton at all costs. Heathrow all the way or London City ",
        "ts": "1477585574.005563"
    },
    {
        "type": "message",
        "user": "U2E8L49KM",
        "text": "You'll spend more in time and frustration than you might save :)",
        "ts": "1477585606.005564"
    },
    {
        "type": "message",
        "user": "U0EA00QCB",
        "text": "ok",
        "ts": "1477585608.005565"
    },
    {
        "type": "message",
        "user": "U0EA00QCB",
        "text": "on paper it looked better because the flight is later and cheaper, but that's why I'm asking y'all",
        "ts": "1477585630.005566"
    },
    {
        "type": "message",
        "user": "U2E8L49KM",
        "text": "Having said that you can get from St Pancras to Luton directly and then a 5 min taxi from the station to the airport",
        "ts": "1477585645.005567"
    },
    {
        "type": "message",
        "user": "U2E8L49KM",
        "text": "Sure. Need to allow about 1.5 hours travel time I'd say",
        "ts": "1477585705.005568"
    },
    {
        "type": "message",
        "user": "U0EA00QCB",
        "text": "I may have to be sensible and fly the first one out Friday morning. it costs a little family time but will lower my stress",
        "ts": "1477585743.005569"
    },
    {
        "type": "message",
        "user": "U2E8L49KM",
        "text": "That's always a good option in my experience :)",
        "ts": "1477585761.005570"
    },
    {
        "type": "message",
        "user": "U0EA00QCB",
        "text": "if I do the roundtrip out of LHR than it is way easier to return",
        "ts": "1477585779.005571"
    },
    {
        "type": "message",
        "user": "U0EA00QCB",
        "text": "ok, thanks for the advice. looking forward to seeing everyone",
        "ts": "1477585835.005572"
    },
    {
        "type": "message",
        "user": "U2E8L49KM",
        "text": "NP good stuff ",
        "ts": "1477585868.005573"
    },
    {
        "type": "message",
        "user": "U1R5SC6GZ",
        "text": "Leaving London with US passport is easy. The arrival is the slow part.",
        "ts": "1477585926.005574"
    },
    {
        "type": "message",
        "user": "U0EA00QCB",
        "text": "ok, that helps too",
        "ts": "1477586143.005575"
    },
    {
        "type": "message",
        "user": "U0EA00QCB",
        "text": "am I going to have a hard time arriving from Spain in order to leave again? It won't be a connection since I've got personally booked flight BCN -&gt; LHR then the company booked one home",
        "ts": "1477586196.005576"
    },
    {
        "type": "message",
        "user": "U1R5SC6GZ",
        "text": "You arrive back at Stansted?",
        "ts": "1477586223.005577"
    },
    {
        "type": "message",
        "user": "U2E8L49KM",
        "text": "You may have to switch terminals at LHR",
        "ts": "1477586231.005578"
    },
    {
        "type": "message",
        "user": "U0EA00QCB",
        "text": "if i do LHR",
        "ts": "1477586232.005579"
    },
    {
        "type": "message",
        "user": "U0EA00QCB",
        "text": "do I need to do some customs thing between the two flights?",
        "ts": "1477586248.005580"
    },
    {
        "type": "message",
        "user": "U1R5SC6GZ",
        "text": "Either way you'll have to go through immigration ",
        "ts": "1477586251.005581"
    },
    {
        "type": "message",
        "user": "U1R5SC6GZ",
        "text": "And probably have to change terminals ",
        "ts": "1477586261.005582"
    },
    {
        "type": "message",
        "user": "U1R5SC6GZ",
        "text": "But still easier than transferring airports ",
        "ts": "1477586271.005583"
    },
    {
        "type": "message",
        "user": "U0EA00QCB",
        "text": "this might imply I should do the last flight at night rather than put myself in a position to have a delay be catastrophic",
        "ts": "1477586292.005584"
    },
    {
        "type": "message",
        "user": "U0EA00QCB",
        "text": "if I miss my 12:30 PM flight back to the US I am hosed",
        "ts": "1477586302.005585"
    },
    {
        "type": "message",
        "user": "U1R5SC6GZ",
        "text": "Get travel insurance!",
        "ts": "1477586314.005586"
    },
    {
        "type": "message",
        "user": "U0X0BA76U",
        "text": "<https:\/\/www.youtube.com\/watch?v=OjL07JQ5cLo> today's theme song",
        "attachments": [
            {
                "service_name": "YouTube",
                "service_url": "https:\/\/www.youtube.com\/",
                "title": "Cake - Some people like to make life a little tougher....",
                "title_link": "https:\/\/www.youtube.com\/watch?v=OjL07JQ5cLo",
                "author_name": "Tom Mot",
                "author_link": "https:\/\/www.youtube.com\/user\/Tomthatsit",
                "thumb_url": "https:\/\/i.ytimg.com\/vi\/OjL07JQ5cLo\/hqdefault.jpg",
                "thumb_width": 480,
                "thumb_height": 360,
                "fallback": "YouTube Video: Cake - Some people like to make life a little tougher....",
                "video_html": "<iframe width=\"400\" height=\"300\" src=\"https:\/\/www.youtube.com\/embed\/OjL07JQ5cLo?feature=oembed&autoplay=1&iv_load_policy=3\" frameborder=\"0\" allowfullscreen><\/iframe>",
                "video_html_width": 400,
                "video_html_height": 300,
                "from_url": "https:\/\/www.youtube.com\/watch?v=OjL07JQ5cLo",
                "service_icon": "https:\/\/a.slack-edge.com\/2089\/img\/unfurl_icons\/youtube.png",
                "id": 1
            }
        ],
        "ts": "1477589873.005587"
    },
    {
        "type": "message",
        "user": "U0X0BA76U",
        "text": "relating to today's work",
        "ts": "1477589903.005589"
    },
    {
        "user": "U2V5DFTEZ",
        "text": "<@U2V5DFTEZ|rgoode> has joined the channel",
        "type": "message",
        "subtype": "channel_join",
        "ts": "1477590891.005590"
    },
    {
        "type": "message",
        "user": "U0KNNNPFX",
        "text": "Haha <@U0N4RBF7W> we left early as we had to catch a train ",
        "ts": "1477591493.005591"
    },
    {
        "type": "message",
        "user": "U0EA00QCB",
        "text": "<@U2E8L49KM> <@U1R5SC6GZ> I was confusing Stansted and Luton. Does that change any of this calculus? Is Stansted any better an option for Thursday night, or am I better off going Heathrow Friday morning no matter what?",
        "ts": "1477594730.005592"
    },
    {
        "type": "message",
        "user": "U1R5SC6GZ",
        "text": "I believe travel wise they are similar but I've had shorted immigration lines at Stansted",
        "ts": "1477595373.005593"
    },
    {
        "type": "message",
        "user": "U1R5SC6GZ",
        "text": "shorter",
        "ts": "1477595379.005594"
    },
    {
        "type": "message",
        "user": "U1R5SC6GZ",
        "text": "if you arrive thursday night you have plenty of time to get to heathrow Friday from any of the london airports though",
        "ts": "1477595442.005595"
    },
    {
        "type": "message",
        "user": "U0EA00QCB",
        "text": "I would be leaving Thursday night at 8 PM from Stansted if I did that",
        "ts": "1477597160.005596"
    },
    {
        "type": "message",
        "user": "U0EA00QCB",
        "text": "otherwise, I'd do it first thing Friday morning",
        "ts": "1477597170.005597"
    },
    {
        "type": "message",
        "user": "U0EA00QCB",
        "text": "I'm just worried about travel to the airport taking too long and I don't want to have to be in a rush to leave the hackathon",
        "ts": "1477597200.005598"
    },
    {
        "type": "message",
        "user": "U0EA00QCB",
        "text": "I've probably answered my own question here",
        "ts": "1477597211.005599"
    },
    {
        "type": "message",
        "user": "U0EA00QCB",
        "text": "have a leisurely Thursday night and fly Friday morning",
        "ts": "1477597226.005600"
    },
    {
        "type": "message",
        "user": "U0EA00QCB",
        "text": "the only thing that would change is whether I sleep in England or Spain thursday night",
        "ts": "1477597255.005601"
    },
    {
        "type": "message",
        "user": "U0J4KKK0V",
        "text": "I have the following instances to remember: \n```Client 1 \n--Prod\n--Dev\n--UAT\n--HI\n\nClient 2\n--Prod\n--Dev\n--UAT\n--QA\n--Test\n-HI\n\nClient 3\n--Prod\n--Dev\n(Continue for 3 more clients). ```\n\nIf I use a password manager, whether it's Chrome's password manager, or LastPass, it always seems to try to auto-fill one client's credentials into another client's instance, or worse-- overwrite a user's password and even name with MY information when I visit a profile on the sys_user table!! God help me if I don't notice, and save the record. \n\nSo instead, rather than using the same password for each instance (which is not a good idea, and very often not possible) or trying to remember two dozen separate passwords, I simply use bookmark folders to organize instances by client, then I create bookmarklets with names like \"Prod\" and \"Dev\". \nSo in my \"_Client 1_\" bookmark folder, I'll have bookmarks for prod, dev, UAT, and HI. \nEach of these bookmarks will have within them, a hex-encoded version of my username and password. \nWhile hex-encoding is not exactly a secure form of encryption, I use Chrome, which means that all of my bookmarks are heavily encrypted and backed-up in the cloud. \nI wrote a tool to generate these sorts of bookmarklets using hex-encoded values for your credentials, which you can see here: <http:\/\/snprotips.com\/login-bookmarklet\/>\nYou can fully inspect the code and even use the functional version of this tool that I've put up over at codepen: <http:\/\/codepen.io\/thisnameissoclever\/pen\/BLWxBa>",
        "attachments": [
            {
                "service_name": "SN Pro Tips",
                "title": "Login Link Generator",
                "title_link": "http:\/\/snprotips.com\/login-bookmarklet\/",
                "text": "This tool, provided by The SN Guys, will generate ",
                "fallback": "SN Pro Tips: Login Link Generator",
                "thumb_url": "http:\/\/static1.squarespace.com\/static\/56709605c647ada061ec9ed8\/t\/567aecad57eb8d11d1836a1a\/1475963778742\/?format=1000w",
                "from_url": "http:\/\/snprotips.com\/login-bookmarklet\/",
                "thumb_width": 158,
                "thumb_height": 158,
                "service_icon": "http:\/\/snprotips.com\/favicon.ico",
                "id": 1
            },
            {
                "service_name": "CodePen",
                "title": "SN Login Link Generator",
                "title_link": "http:\/\/codepen.io\/thisnameissoclever\/pen\/BLWxBa",
                "text": "...",
                "fallback": "CodePen: SN Login Link Generator",
                "image_url": "http:\/\/s3-us-west-2.amazonaws.com\/i.cdpn.io\/828047.BLWxBa.3276a979-c785-4825-a7c5-2a04390e63a8.png",
                "from_url": "http:\/\/codepen.io\/thisnameissoclever\/pen\/BLWxBa",
                "image_width": 427,
                "image_height": 250,
                "image_bytes": 27773,
                "service_icon": "http:\/\/codepen.io\/favicon.ico",
                "id": 2
            }
        ],
        "ts": "1477597601.005602",
        "reactions": [
            {
                "name": "star",
                "users": [
                    "U104Y4770"
                ],
                "count": 1
            }
        ]
    },
    {
        "user": "U2V776F2A",
        "text": "<@U2V776F2A|hidi511> has joined the channel",
        "type": "message",
        "subtype": "channel_join",
        "ts": "1477597935.005604"
    },
    {
        "type": "message",
        "user": "U1V1NGP0S",
        "text": "that name is so clever!",
        "ts": "1477598790.005605"
    },
    {
        "type": "message",
        "user": "U0J4KKK0V",
        "text": "Thank ye :stuck_out_tongue:",
        "ts": "1477599622.005606"
    },
    {
        "type": "message",
        "user": "U235A44S0",
        "text": "<@U0J4KKK0V>++ I have needed something like this as I am having the same issue with my instances whenever I modify a user record it overwrites their information",
        "ts": "1477614814.005607"
    },
    {
        "text": "Woot! [<@U0J4KKK0V>++, now at <https:\/\/plusplus.chat\/t\/sndevs\/action\/824820|1 point>] ",
        "username": "PlusPlus",
        "icons": {
            "image_48": "https:\/\/s3-us-west-2.amazonaws.com\/slack-files2\/bot_icons\/2016-09-16\/80562777124_48.png"
        },
        "bot_id": "B2CGY1171",
        "type": "message",
        "subtype": "bot_message",
        "ts": "1477614814.005608"
    },
    {
        "type": "message",
        "user": "U235A44S0",
        "text": "Only 1 point?",
        "ts": "1477615157.005609"
    },
    {
        "type": "message",
        "user": "U235A44S0",
        "text": "I am surprised you do not have more points by now",
        "ts": "1477615167.005610"
    },
    {
        "type": "message",
        "user": "U0J4KKK0V",
        "text": "I haven't been contributing much recently; working 3 jobs, running a company, and writing a book :stuck_out_tongue:",
        "ts": "1477615262.005611"
    },
    {
        "type": "message",
        "user": "U235A44S0",
        "text": "Yeah, its ok. We all have lives. You just have four lives going on in one person right now",
        "ts": "1477616317.005612"
    },
    {
        "user": "U2VC93NBC",
        "text": "<@U2VC93NBC|hayley> has joined the channel",
        "type": "message",
        "subtype": "channel_join",
        "ts": "1477627920.005613"
    }
]