[
    {
        "type": "message",
        "user": "U235A44S0",
        "text": "I thought I saw a listing of hotels from the Knowledge '17 web site for the Orlando area and pricing. However, I am having difficulty finding it. Does anyone know where this is?",
        "ts": "1486128103.005769"
    },
    {
        "type": "message",
        "user": "U0E36J5EU",
        "text": "<http:\/\/knowledge.servicenow.com\/accommodations.html>",
        "attachments": [
            {
                "title": "Knowledge17 Conference | Hotel Accommodations | ServiceNow",
                "title_link": "http:\/\/knowledge.servicenow.com\/accommodations.html",
                "text": "ServiceNow has special rates from choice hotels in Orlando for attendees of the Knowledge17 Conference. Book your room now!",
                "fallback": "Knowledge17 Conference | Hotel Accommodations | ServiceNow",
                "from_url": "http:\/\/knowledge.servicenow.com\/accommodations.html",
                "service_icon": "http:\/\/www.servicenow.com\/etc\/designs\/servicenow\/favicon.ico",
                "service_name": "knowledge.servicenow.com",
                "id": 1
            }
        ],
        "ts": "1486128289.005770",
        "reactions": [
            {
                "name": "+1::skin-tone-3",
                "users": [
                    "U235A44S0"
                ],
                "count": 1
            }
        ]
    },
    {
        "type": "message",
        "user": "U3C6H5S04",
        "text": "**Principal** Solution Architect",
        "ts": "1486130210.005772"
    },
    {
        "type": "message",
        "user": "U3C6H5S04",
        "text": "are these titles completely out of control or what?",
        "ts": "1486130220.005773"
    },
    {
        "type": "message",
        "user": "U0N4RBF7W",
        "text": "Principal is the level in the company",
        "ts": "1486130373.005774"
    },
    {
        "type": "message",
        "user": "U0N4RBF7W",
        "text": "Solution architect is the job role",
        "ts": "1486130381.005775"
    },
    {
        "type": "message",
        "user": "U0J8LAG2V",
        "text": "I hope the asterisks are there in an official manner",
        "ts": "1486130388.005776"
    },
    {
        "type": "message",
        "user": "U0N4RBF7W",
        "text": "Haha, emphasis on the title",
        "ts": "1486130402.005777"
    },
    {
        "type": "message",
        "user": "U3C6H5S04",
        "text": "right",
        "ts": "1486130405.005778"
    },
    {
        "type": "message",
        "user": "U0N4RBF7W",
        "text": "*****MANAGER*****",
        "ts": "1486130411.005779"
    },
    {
        "type": "message",
        "user": "U0J8LAG2V",
        "text": "*Junior* System Administrator",
        "ts": "1486130414.005780"
    },
    {
        "type": "message",
        "user": "U3C6H5S04",
        "text": "i meant to bold it actually",
        "ts": "1486130419.005781"
    },
    {
        "type": "message",
        "user": "U3C6H5S04",
        "text": "no offense but how do people consider themselves a principal architect with &lt;4 years exp",
        "ts": "1486130486.005782"
    },
    {
        "type": "message",
        "user": "U0N4RBF7W",
        "text": "Link to job spec?",
        "ts": "1486130511.005783"
    },
    {
        "type": "message",
        "user": "U3C6H5S04",
        "text": "it was a person recommended on LinkedIn",
        "ts": "1486130531.005784"
    },
    {
        "type": "message",
        "user": "U0ELNCKSM",
        "text": "time is only one factor that contributes to a person’s capabilities",
        "ts": "1486130574.005785"
    },
    {
        "type": "message",
        "user": "U3C6H5S04",
        "text": "in my past life it took me a year just to get the JR off my title",
        "ts": "1486130575.005786"
    },
    {
        "type": "message",
        "user": "U0N4RBF7W",
        "text": "Does it say you have to have 4 years total or just SN?",
        "ts": "1486130609.005787"
    },
    {
        "type": "message",
        "user": "U3C6H5S04",
        "text": "<@U0ELNCKSM> thats true but i see these people and i know them and I KNOW their capabilities",
        "ts": "1486130623.005788"
    },
    {
        "type": "message",
        "user": "U0ELNCKSM",
        "text": "lololol that is another issue :sweat_smile:",
        "ts": "1486130635.005789"
    },
    {
        "type": "message",
        "user": "U3C6H5S04",
        "text": "<@U0N4RBF7W> this was a title someone has already",
        "ts": "1486130642.005790"
    },
    {
        "type": "message",
        "user": "U3C6H5S04",
        "text": "not a job desc",
        "ts": "1486130645.005792"
    },
    {
        "type": "message",
        "user": "U0ELNCKSM",
        "text": "also, at least in consulting, titles are more for the client",
        "ts": "1486130655.005793"
    },
    {
        "type": "message",
        "user": "U0ELNCKSM",
        "text": "vs holding any meaning within the company lol",
        "ts": "1486130666.005794"
    },
    {
        "type": "message",
        "user": "U3C6H5S04",
        "text": "are we in a titles arms race though",
        "ts": "1486130671.005795"
    },
    {
        "type": "message",
        "user": "U0N4RBF7W",
        "text": "Principal suggests it's an internal title",
        "ts": "1486130683.005796"
    },
    {
        "type": "message",
        "user": "U0ELNCKSM",
        "text": "‘oh yeah sure we’ll slap 4 principle architects and a god level PM , you’re our #1 priority'",
        "ts": "1486130685.005797"
    },
    {
        "type": "message",
        "user": "U3C6H5S04",
        "text": "first everyone was Senior",
        "ts": "1486130688.005798"
    },
    {
        "type": "message",
        "user": "U3C6H5S04",
        "text": "ffs",
        "ts": "1486130695.005799"
    },
    {
        "type": "message",
        "user": "U3C6H5S04",
        "text": "ok I am changing my title to 'Technical Fellow'",
        "ts": "1486130706.005800"
    },
    {
        "type": "message",
        "user": "U0N4RBF7W",
        "text": ":+1: ",
        "ts": "1486130762.005801"
    },
    {
        "type": "message",
        "user": "U1R5SC6GZ",
        "text": "Principal is a common consulting title",
        "ts": "1486131165.005802"
    },
    {
        "type": "message",
        "user": "U1R5SC6GZ",
        "text": "Jr Sr Principal often come with escalating hourly rates, too",
        "ts": "1486131332.005803"
    },
    {
        "type": "message",
        "user": "U3C6H5S04",
        "text": "no i know that, my point is that people keep escalating titles",
        "ts": "1486131864.005804"
    },
    {
        "type": "message",
        "user": "U1R5SC6GZ",
        "text": "maturity of the market",
        "ts": "1486131877.005805"
    },
    {
        "type": "message",
        "user": "U1R5SC6GZ",
        "text": "adding nuance",
        "ts": "1486131883.005806"
    },
    {
        "type": "message",
        "user": "U3C6H5S04",
        "text": "inflating egos",
        "ts": "1486131899.005807"
    },
    {
        "type": "message",
        "user": "U0FNZLMCP",
        "text": "Luckily enough I’m outside that game",
        "ts": "1486131958.005808"
    },
    {
        "type": "message",
        "user": "U1R5SC6GZ",
        "text": "Not going to be a Senior Principal Lead Manager?",
        "edited": {
            "user": "U1R5SC6GZ",
            "ts": "1486132148.000000"
        },
        "ts": "1486132124.005809"
    },
    {
        "type": "message",
        "user": "U0FNZLMCP",
        "text": "No, I’m currently 'Managed Services Technical Lead'",
        "ts": "1486132145.005810"
    },
    {
        "type": "message",
        "user": "U1R5SC6GZ",
        "text": "Chief Principal Consulting Officer",
        "ts": "1486132170.005812"
    },
    {
        "type": "message",
        "user": "U1R5SC6GZ",
        "text": "*now that's what you call inflating titles*",
        "ts": "1486132206.005813"
    },
    {
        "type": "message",
        "user": "U0FNZLMCP",
        "text": "Thats insane",
        "ts": "1486132399.005814"
    },
    {
        "type": "message",
        "user": "U1R5SC6GZ",
        "text": "one place I worked had a chief everything officer",
        "ts": "1486132434.005815"
    },
    {
        "type": "message",
        "user": "U0FNZLMCP",
        "text": "C Level madness",
        "ts": "1486132446.005816"
    },
    {
        "type": "message",
        "user": "U1R5SC6GZ",
        "text": "risk, audit, fianance, information, technology, information security, operations, marketing, digital, etc. etc.",
        "ts": "1486132457.005817"
    },
    {
        "type": "message",
        "user": "U0E36J5EU",
        "text": "banks - everyone is a VP :stuck_out_tongue:",
        "ts": "1486132459.005818"
    },
    {
        "type": "message",
        "user": "U1R5SC6GZ",
        "text": "it was a bank of course",
        "ts": "1486132466.005819"
    },
    {
        "type": "message",
        "user": "U1R5SC6GZ",
        "text": "chief commercial banking officer, chief retail banking officer, chief credit officer",
        "ts": "1486132487.005820"
    },
    {
        "type": "message",
        "user": "U0FNZLMCP",
        "text": "chief bum inspector",
        "ts": "1486132506.005821"
    },
    {
        "text": "dances",
        "type": "message",
        "subtype": "me_message",
        "user": "U0E36J5EU",
        "ts": "1486132543.005822"
    },
    {
        "type": "message",
        "user": "U235A44S0",
        "text": "is that a poopy dance for the bum inspector?",
        "ts": "1486132634.005823"
    },
    {
        "type": "message",
        "user": "U0E36J5EU",
        "text": "there is always the Supreme Allied Commander, Europe",
        "ts": "1486132634.005824"
    },
    {
        "type": "message",
        "user": "U0XCXA90A",
        "text": "Interesting fact: George Washington always holds one rank higher than the highest American military rank. If he ever comes back as a zombie, he would be answerable only to the President.",
        "ts": "1486133808.005825"
    },
    {
        "type": "message",
        "user": "U0Y6QC8NL",
        "text": "it would be a more interesting fact if george washington did indeed come  back as a zombie",
        "ts": "1486133849.005826"
    },
    {
        "type": "message",
        "user": "U0XCXA90A",
        "text": "I am sure it’s being worked on.",
        "ts": "1486133933.005827"
    },
    {
        "type": "message",
        "user": "U0F4B2B4H",
        "text": "Zombie Washington 2020. Start your PAC's now gentleman.",
        "ts": "1486133938.005828"
    },
    {
        "type": "message",
        "user": "U0Y6QC8NL",
        "text": "futurama style",
        "ts": "1486133940.005829"
    },
    {
        "type": "message",
        "user": "U0XCXA90A",
        "text": "We’d have to let him know that we’re _totally cool with the English now_ though.",
        "ts": "1486133971.005830"
    },
    {
        "type": "message",
        "user": "U235A44S0",
        "text": "I am more interested in the floating head in a jar aspect where they can still talk",
        "ts": "1486134024.005831"
    },
    {
        "type": "message",
        "user": "U0Y6QC8NL",
        "text": "are we though....",
        "ts": "1486134071.005832"
    },
    {
        "type": "message",
        "user": "U0Y6QC8NL",
        "text": "*cough* flexsite *cough*",
        "ts": "1486134077.005833"
    },
    {
        "type": "message",
        "user": "U0FNZLMCP",
        "text": "I’m always cool; mellow yellow",
        "ts": "1486134134.005834"
    },
    {
        "type": "message",
        "user": "U0XCXA90A",
        "text": "<@U0Y6QC8NL> good to see that you’re taking your role as sleeper agent provocateur seriously. Keep innocently stirring up that trouble!",
        "ts": "1486134241.005835",
        "reactions": [
            {
                "name": "+1",
                "users": [
                    "U0FNZLMCP"
                ],
                "count": 1
            }
        ]
    },
    {
        "type": "message",
        "user": "U0Y6QC8NL",
        "text": "btw has anyone noticed that tea in britain sucks?",
        "ts": "1486134271.005836"
    },
    {
        "type": "message",
        "user": "U3C6H5S04",
        "text": "<@U1R5SC6GZ> \"Chief Principal Consulting Officer\" :laughing:",
        "ts": "1486134355.005837"
    },
    {
        "type": "message",
        "user": "U0F4B2B4H",
        "text": "We don't know who struck first, us or them. But we do know that it started with a comment about tea in a random servicenow developer slack channel.",
        "ts": "1486134375.005838",
        "reactions": [
            {
                "name": "fire",
                "users": [
                    "U0Y6QC8NL",
                    "U0E36J5EU",
                    "U0FNZLMCP"
                ],
                "count": 3
            },
            {
                "name": "sadparrot",
                "users": [
                    "U3C6H5S04",
                    "U0FNZLMCP"
                ],
                "count": 2
            },
            {
                "name": "mushroom",
                "users": [
                    "U0XCXA90A",
                    "U235A44S0"
                ],
                "count": 2
            },
            {
                "name": "cloud",
                "users": [
                    "U0XCXA90A"
                ],
                "count": 1
            },
            {
                "name": "coffin",
                "users": [
                    "U0XCXA90A"
                ],
                "count": 1
            },
            {
                "name": "coffee_parrot",
                "users": [
                    "U0E36J5EU"
                ],
                "count": 1
            }
        ]
    },
    {
        "type": "message",
        "user": "U0F4B2B4H",
        "text": "These are the best reactions I've ever received.",
        "ts": "1486134496.005839",
        "reactions": [
            {
                "name": "taco",
                "users": [
                    "U0XCXA90A"
                ],
                "count": 1
            },
            {
                "name": "watch",
                "users": [
                    "U0FNZLMCP"
                ],
                "count": 1
            },
            {
                "name": "cookie",
                "users": [
                    "U0E36J5EU"
                ],
                "count": 1
            }
        ]
    },
    {
        "user": "U41CJFELX",
        "text": "<@U41CJFELX|latentchange> has joined the channel",
        "type": "message",
        "subtype": "channel_join",
        "ts": "1486139885.005840"
    },
    {
        "type": "message",
        "user": "U0V949JCB",
        "text": "re: those hotels for knowledge: Loews portofino bay hotel… that hotel is fantastic… CRAZY pricey but oh man, so nice to stay at.",
        "ts": "1486140117.005841"
    },
    {
        "type": "message",
        "user": "U0V949JCB",
        "text": "stayed there in 2015 for a week when i went to harry potter world and disney world for vacation… it was a magical time.",
        "ts": "1486140142.005842"
    },
    {
        "type": "message",
        "user": "U0V949JCB",
        "text": "every night we had a lady right outside our window who sang opera. literally singing opera.",
        "ts": "1486140177.005843"
    },
    {
        "type": "message",
        "user": "U235A44S0",
        "text": "wow",
        "ts": "1486140232.005844"
    },
    {
        "type": "message",
        "user": "U235A44S0",
        "text": "Yeah, looking for budget\/sudo nice",
        "ts": "1486140248.005845"
    },
    {
        "type": "message",
        "user": "U235A44S0",
        "text": "Not extravagant. Thinking of the Rosen Hotel",
        "ts": "1486140269.005846"
    },
    {
        "type": "message",
        "user": "U0F4B2B4H",
        "text": "The conference rate for Portofino actually isn't too bad",
        "ts": "1486140270.005847"
    },
    {
        "type": "message",
        "user": "U235A44S0",
        "text": "Not too far away. Definitely within walking distance",
        "ts": "1486140288.005848"
    },
    {
        "type": "message",
        "user": "U0F4B2B4H",
        "text": "Rosen Hotel is ok, stayed there once for about 8 hours total. Clean, seemed safe, good convenience store\/breakfast place on site",
        "ts": "1486140330.005849"
    },
    {
        "type": "message",
        "user": "U0V949JCB",
        "text": "they’re right on a canal that has a little boat that takes you to universal studios too :smile:",
        "ts": "1486140353.005850"
    },
    {
        "type": "message",
        "user": "U0V949JCB",
        "text": "for after hours, of course. :smile:",
        "ts": "1486140362.005851"
    },
    {
        "type": "message",
        "user": "U235A44S0",
        "text": "Had a ServiceNow User Group at the Rosen Hotel",
        "ts": "1486140364.005852"
    },
    {
        "type": "message",
        "user": "U235A44S0",
        "text": "Yeah",
        "ts": "1486140367.005853"
    },
    {
        "type": "message",
        "user": "U0V949JCB",
        "text": "Rosen doesn’t seem too bad",
        "ts": "1486140385.005854"
    },
    {
        "type": "message",
        "user": "U0F4B2B4H",
        "text": "My bad, I meant Rosen Inn. Not sure if you were talking about it or the Plaza\/Centre options",
        "ts": "1486140694.005855"
    },
    {
        "type": "message",
        "user": "U0F4B2B4H",
        "text": "Both the Plaza\/Centre are real nice.",
        "ts": "1486140703.005856"
    },
    {
        "type": "message",
        "user": "U235A44S0",
        "text": "I was speaking to the Plaza or the Centre",
        "ts": "1486141312.005857"
    },
    {
        "type": "message",
        "user": "U0F4B2B4H",
        "text": "Gotcha. Those are actually pretty solid. Stayed in the Centre way back in the day and it was nice then.",
        "ts": "1486141336.005858"
    },
    {
        "user": "U40QFGB28",
        "text": "<@U40QFGB28|tom> has joined the channel",
        "type": "message",
        "subtype": "channel_join",
        "ts": "1486141529.005859"
    },
    {
        "type": "message",
        "user": "U104Y4770",
        "text": "<@U0VRZSSPQ> I’ll probably be focusing on ServicePortal and Automated Testing",
        "ts": "1486143276.005860"
    },
    {
        "type": "message",
        "user": "U0VRZSSPQ",
        "text": "<@U104Y4770> have you seen what's available for pre-conference training? I haven't been able to find a list yet and can't remember if you only see the list when you actually register?",
        "ts": "1486143634.005861"
    },
    {
        "type": "message",
        "user": "U104Y4770",
        "text": "No, they haven’t released that yet. Rumor is sessions should be out in the next couple weeks",
        "ts": "1486143703.005862"
    },
    {
        "type": "message",
        "user": "U0V949JCB",
        "text": "something i was just looking at said they were aiming for 2\/14 release date for class listings",
        "ts": "1486143923.005863"
    },
    {
        "type": "message",
        "user": "U0V949JCB",
        "text": "\"One selected pre-conference course and training materials if applicable; course catalog targeted for release on 2\/14\"",
        "ts": "1486143966.005864",
        "reactions": [
            {
                "name": "star",
                "users": [
                    "U104Y4770",
                    "U235A44S0"
                ],
                "count": 2
            }
        ]
    },
    {
        "user": "U40MPEQCT",
        "text": "<@U40MPEQCT|tlgross> has joined the channel",
        "type": "message",
        "subtype": "channel_join",
        "ts": "1486146840.005865"
    },
    {
        "type": "message",
        "user": "U235A44S0",
        "text": "Yeah, it says that on the registration page",
        "ts": "1486148809.005866"
    },
    {
        "type": "message",
        "user": "U1ALM3K24",
        "text": "Has anyone heard of VueJS?",
        "ts": "1486149209.005867"
    },
    {
        "type": "message",
        "user": "U1ALM3K24",
        "text": "Or used it?",
        "ts": "1486149217.005868"
    },
    {
        "type": "message",
        "user": "U0F4B2B4H",
        "text": "Heard of it, haven't messed with it yet.",
        "ts": "1486149309.005869"
    },
    {
        "type": "message",
        "user": "U1ALM3K24",
        "text": "I just came across it when I posted that, so _literally_ 5 minutes ago",
        "ts": "1486149546.005870"
    },
    {
        "type": "message",
        "user": "U235A44S0",
        "text": "I heard of it as well. The local developers in Orlando tell me, I should start with VueJS, instead of React or Angular to really start learning JS",
        "ts": "1486149808.005871",
        "reactions": [
            {
                "name": "thinking_face",
                "users": [
                    "U104Y4770"
                ],
                "count": 1
            }
        ]
    },
    {
        "type": "message",
        "user": "U235A44S0",
        "text": "They said this due to the simplicity of VueJS to learn. I have not messed with any of them that much yet. I am focusing on learning vanilla JS first.",
        "ts": "1486149924.005872",
        "reactions": [
            {
                "name": "+1",
                "users": [
                    "U0F4B2B4H",
                    "U104Y4770",
                    "U1ALM3K24"
                ],
                "count": 3
            }
        ]
    },
    {
        "type": "message",
        "user": "U104Y4770",
        "text": "unusually quite in <#C0E2AD6BE|random> for a Friday",
        "ts": "1486150963.005873"
    },
    {
        "type": "message",
        "user": "U0E96U52M",
        "text": "yep",
        "ts": "1486151452.005874"
    },
    {
        "type": "message",
        "user": "U104Y4770",
        "text": "",
        "bot_id": "B0NUYRN04",
        "attachments": [
            {
                "fallback": "giphy: http:\/\/giphy.com\/gifs\/male-model-s-dP9dy2ts9n1mg",
                "image_url": "http:\/\/media4.giphy.com\/media\/dP9dy2ts9n1mg\/giphy-tumblr.gif",
                "image_width": 320,
                "image_height": 137,
                "image_bytes": 666203,
                "is_animated": true,
                "title": "but why male models",
                "footer": "Posted using \/giphy",
                "id": 1,
                "title_link": "http:\/\/giphy.com\/gifs\/male-model-s-dP9dy2ts9n1mg"
            }
        ],
        "ts": "1486151476.005876"
    },
    {
        "type": "message",
        "user": "U3C6H5S04",
        "text": "<@U1ALM3K24> im your huckleberry (re Vue)",
        "ts": "1486151562.005878"
    },
    {
        "type": "message",
        "user": "U0E96U52M",
        "text": "",
        "bot_id": "B0NUYRN04",
        "attachments": [
            {
                "fallback": "giphy: http:\/\/giphy.com\/gifs\/leon-luc-besson-the-professional-eMNZW9s9iUL6g",
                "image_url": "http:\/\/media1.giphy.com\/media\/eMNZW9s9iUL6g\/giphy.gif",
                "image_width": 450,
                "image_height": 190,
                "image_bytes": 1776060,
                "is_animated": true,
                "title": "calm before the storm",
                "footer": "Posted using \/giphy",
                "id": 1,
                "title_link": "http:\/\/giphy.com\/gifs\/leon-luc-besson-the-professional-eMNZW9s9iUL6g"
            }
        ],
        "ts": "1486151574.005879"
    },
    {
        "type": "message",
        "user": "U3C6H5S04",
        "text": "<https:\/\/66.media.tumblr.com\/b8524013ceb4d3f27d3553c376279e56\/tumblr_o9tg8vVy0A1rvcjd7o1_500.gif>",
        "attachments": [
            {
                "fallback": "500x206px image",
                "image_url": "https:\/\/66.media.tumblr.com\/b8524013ceb4d3f27d3553c376279e56\/tumblr_o9tg8vVy0A1rvcjd7o1_500.gif",
                "image_width": 500,
                "image_height": 206,
                "image_bytes": 1761873,
                "is_animated": true,
                "from_url": "https:\/\/66.media.tumblr.com\/b8524013ceb4d3f27d3553c376279e56\/tumblr_o9tg8vVy0A1rvcjd7o1_500.gif",
                "id": 1
            }
        ],
        "ts": "1486151630.005880"
    },
    {
        "type": "message",
        "user": "U1ALM3K24",
        "text": "Maybe one should be learning Vue before learning Angular??? I got stuck on Angular before SP was around, but it definitely gave me a good reason to learn it more fervently",
        "ts": "1486151666.005882"
    },
    {
        "type": "message",
        "user": "U1ALM3K24",
        "text": "I don't see a reason to learn Vue, unless someone wanted to get into web programming, as SP uses Angular. Or am I way off base here?",
        "ts": "1486151709.005883"
    },
    {
        "type": "message",
        "user": "U3C6H5S04",
        "text": "customized angular",
        "ts": "1486151757.005884"
    },
    {
        "type": "message",
        "user": "U0E96U52M",
        "text": "what do you all think of react?",
        "ts": "1486151787.005885"
    },
    {
        "type": "message",
        "user": "U3C6H5S04",
        "text": "i...",
        "ts": "1486151823.005886"
    },
    {
        "type": "message",
        "user": "U3C6H5S04",
        "text": "i dunno",
        "ts": "1486151825.005887"
    },
    {
        "type": "message",
        "user": "U3C6H5S04",
        "text": "i feel like i am a bit fatigued with js frameworks tbh",
        "ts": "1486151835.005888"
    },
    {
        "type": "message",
        "user": "U0E96U52M",
        "text": "presonally, all these things taht need .. to be compiled transpiled to use es6 is silly",
        "ts": "1486151844.005889"
    },
    {
        "type": "message",
        "user": "U3C6H5S04",
        "text": "<@U1ALM3K24> i would absolutely invest all my efforts into Angular",
        "ts": "1486151856.005890"
    },
    {
        "type": "message",
        "user": "U0E96U52M",
        "text": "that def. includes react, and angular2",
        "ts": "1486151864.005891"
    },
    {
        "type": "message",
        "user": "U3C6H5S04",
        "text": "i wasted my time with an \"easy\" framework in Knockout and it was a waste",
        "ts": "1486151875.005892"
    },
    {
        "type": "message",
        "user": "U3C6H5S04",
        "text": "however, after learning angular, other frameworks come a lot easier",
        "ts": "1486151887.005893"
    },
    {
        "type": "message",
        "user": "U1ALM3K24",
        "text": "Glad I'm not off-base, otherwise I might get tagged out :stuck_out_tongue:",
        "ts": "1486151893.005894"
    },
    {
        "type": "message",
        "user": "U0E96U52M",
        "text": "<@U3C6H5S04> 1 or 2?",
        "ts": "1486151900.005895"
    },
    {
        "type": "message",
        "user": "U3C6H5S04",
        "text": "exactly",
        "ts": "1486151911.005896"
    },
    {
        "type": "message",
        "user": "U1ALM3K24",
        "text": "I'm soly focused on Angular1, HTML5, CSS3",
        "ts": "1486151912.005897"
    },
    {
        "type": "message",
        "user": "U3C6H5S04",
        "text": "1 id say",
        "ts": "1486151916.005898"
    },
    {
        "type": "message",
        "user": "U3C6H5S04",
        "text": "since that will be most applicable",
        "ts": "1486151922.005899"
    },
    {
        "type": "message",
        "user": "U1ALM3K24",
        "text": "I've \"heard\" that SP won't be getting ng2 for a long time, so just stick with Angular 1 (e.g. Angular)",
        "edited": {
            "user": "U1ALM3K24",
            "ts": "1486151942.000000"
        },
        "ts": "1486151936.005900"
    },
    {
        "type": "message",
        "user": "U3C6H5S04",
        "text": "but dont mislead yourself, knowing how to use SP is not knowing how to use angular",
        "ts": "1486151939.005901",
        "reactions": [
            {
                "name": "+1",
                "users": [
                    "U1ALM3K24"
                ],
                "count": 1
            }
        ]
    },
    {
        "type": "message",
        "user": "U0E96U52M",
        "text": "angular is great, i like it, but i just gotta try out the other things",
        "ts": "1486151948.005903"
    },
    {
        "type": "message",
        "user": "U1ALM3K24",
        "text": "SP uses a simplified version of Angular, from what I've found, and it's been a bit tough to port the Angular concepts I'm learning on Pluralsight and <http:\/\/Egghead.io|Egghead.io> into SP",
        "edited": {
            "user": "U1ALM3K24",
            "ts": "1486152019.000000"
        },
        "ts": "1486151991.005906"
    },
    {
        "type": "message",
        "user": "U3C6H5S04",
        "text": "my main thing is gonna be Meteor though",
        "ts": "1486152001.005907"
    },
    {
        "type": "message",
        "user": "U3C6H5S04",
        "text": "yea",
        "ts": "1486152027.005909"
    },
    {
        "type": "message",
        "user": "U1ALM3K24",
        "text": "Meteor? why, may I ask?",
        "ts": "1486152032.005910"
    },
    {
        "type": "message",
        "user": "U0E96U52M",
        "text": "meteor is pretty epic",
        "ts": "1486152045.005911"
    },
    {
        "type": "message",
        "user": "U3C6H5S04",
        "text": "it just my focus is building an App, not just individual pages",
        "ts": "1486152110.005912"
    },
    {
        "type": "message",
        "user": "U3C6H5S04",
        "text": "so you really need the whole solution",
        "ts": "1486152127.005913"
    },
    {
        "type": "message",
        "user": "U0E96U52M",
        "text": "do you drop jade for angular on meteor?",
        "ts": "1486152135.005914"
    },
    {
        "type": "message",
        "user": "U3C6H5S04",
        "text": "i didnt actually",
        "ts": "1486152152.005915"
    },
    {
        "type": "message",
        "user": "U1ALM3K24",
        "text": "is that street slang <@U0E96U52M> ? That sounds like you're trying to buy something very inappropriate :stuck_out_tongue:",
        "ts": "1486152175.005916"
    },
    {
        "type": "message",
        "user": "U0E96U52M",
        "text": "haha <@U1ALM3K24>",
        "ts": "1486152184.005917"
    },
    {
        "type": "message",
        "user": "U3C6H5S04",
        "text": "i think i know where you are going with that and i am basically putting all my trust in meteor",
        "ts": "1486152200.005918"
    },
    {
        "type": "message",
        "user": "U1ALM3K24",
        "text": "<@U3C6H5S04>  <https:\/\/www.sitepoint.com\/7-reasons-develop-next-web-app-meteor\/>",
        "attachments": [
            {
                "service_name": "SitePoint",
                "title": "7 Reasons to Develop Your Next Web App with Meteor",
                "title_link": "https:\/\/www.sitepoint.com\/7-reasons-develop-next-web-app-meteor\/",
                "text": "This article lists seven reasons why the author thinks Meteor is a fantastic framework, worthy of consideration in your next project.",
                "fallback": "SitePoint: 7 Reasons to Develop Your Next Web App with Meteor",
                "thumb_url": "https:\/\/www.sitepoint.com\/wp-content\/themes\/sitepoint\/assets\/images\/icon.javascript.png",
                "ts": 1405944015,
                "from_url": "https:\/\/www.sitepoint.com\/7-reasons-develop-next-web-app-meteor\/",
                "thumb_width": 710,
                "thumb_height": 710,
                "service_icon": "https:\/\/www.sitepoint.com\/wp-content\/themes\/sitepoint\/assets\/images\/apple-touch-icon-57x57-precomposed.png",
                "id": 1
            }
        ],
        "edited": {
            "user": "U1ALM3K24",
            "ts": "1486152233.000000"
        },
        "ts": "1486152223.005919"
    },
    {
        "type": "message",
        "user": "U0E96U52M",
        "text": "<https:\/\/guide.meteor.com\/blaze.html>\n<https:\/\/guide.meteor.com\/angular.html>",
        "ts": "1486152229.005921"
    },
    {
        "type": "message",
        "user": "U0E96U52M",
        "text": "blaze\/jade = same same",
        "ts": "1486152236.005923"
    },
    {
        "type": "message",
        "user": "U0E96U52M",
        "text": "when i messed w\/meteor i used jade\/blaze too",
        "ts": "1486152248.005924"
    },
    {
        "type": "message",
        "user": "U0E96U52M",
        "text": "it was fine",
        "ts": "1486152250.005925"
    },
    {
        "type": "message",
        "user": "U3C6H5S04",
        "text": "they do have react too",
        "ts": "1486152253.005926"
    },
    {
        "type": "message",
        "user": "U0E96U52M",
        "text": "its true",
        "ts": "1486152257.005927"
    },
    {
        "type": "message",
        "user": "U0E96U52M",
        "text": "react hurts my head",
        "ts": "1486152262.005928"
    },
    {
        "type": "message",
        "user": "U0E96U52M",
        "text": "w\/their weird jsx",
        "ts": "1486152266.005929"
    },
    {
        "type": "message",
        "user": "U0E96U52M",
        "text": "nonquoted things",
        "ts": "1486152272.005930"
    },
    {
        "type": "message",
        "user": "U1ALM3K24",
        "text": "Sounds like Meteor replaces Rails?",
        "ts": "1486152276.005931"
    },
    {
        "type": "message",
        "user": "U0E96U52M",
        "text": "meteor is a whole stack",
        "ts": "1486152286.005932"
    },
    {
        "type": "message",
        "user": "U1ALM3K24",
        "text": "It's used to build full-scale web apps from top-bottom",
        "ts": "1486152289.005933"
    },
    {
        "type": "message",
        "user": "U3C6H5S04",
        "text": "its ISOMORPHIC!",
        "ts": "1486152292.005934"
    },
    {
        "type": "message",
        "user": "U1ALM3K24",
        "text": "huh?",
        "ts": "1486152320.005936"
    },
    {
        "type": "message",
        "user": "U3C6H5S04",
        "text": "its the entire stack",
        "ts": "1486152329.005937"
    },
    {
        "type": "message",
        "user": "U1ALM3K24",
        "text": "It's Friday... let's keep the BIG words to a minimum",
        "ts": "1486152332.005938"
    },
    {
        "type": "message",
        "user": "U0E96U52M",
        "text": "&gt; Meteor is a full-stack JavaScript platform for developing modern web and mobile applications. Meteor includes a key set of technologies for building connected-client reactive applications, a build tool, and a curated set of packages from the Node.js and general JavaScript community.",
        "ts": "1486152336.005939"
    },
    {
        "type": "message",
        "user": "U1ALM3K24",
        "text": "Hmm... sounds like a band wagon I could get on",
        "ts": "1486152355.005940"
    },
    {
        "type": "message",
        "user": "U3C6H5S04",
        "text": "so the negative side is that it is highly opinionated, you follow their style",
        "ts": "1486152389.005941"
    },
    {
        "type": "message",
        "user": "U3C6H5S04",
        "text": "rather than just any old MEAN stack where you can swap out whatever",
        "ts": "1486152406.005942"
    },
    {
        "type": "message",
        "user": "U0E96U52M",
        "text": "if i recall correctly, nodejs, mongodb, some front end offline capable client side db, and blaze\/react\/angular",
        "ts": "1486152406.005943"
    },
    {
        "type": "message",
        "user": "U3C6H5S04",
        "text": "yep and they have packages for auth and all that stuff",
        "ts": "1486152422.005944"
    },
    {
        "type": "message",
        "user": "U0E96U52M",
        "text": "its super quick to make stuff",
        "ts": "1486152431.005945"
    },
    {
        "type": "message",
        "user": "U0E96U52M",
        "text": "and if your good w\/js",
        "ts": "1486152434.005946"
    },
    {
        "type": "message",
        "user": "U0E96U52M",
        "text": "its amazing how quick you can do things",
        "ts": "1486152443.005947"
    },
    {
        "type": "message",
        "user": "U0E96U52M",
        "text": "i am just afraid of not know *how* it wokrs",
        "ts": "1486152454.005948"
    },
    {
        "type": "message",
        "user": "U3C6H5S04",
        "text": "i know what you mean",
        "ts": "1486152461.005949"
    },
    {
        "type": "message",
        "user": "U0E96U52M",
        "text": "the whole system seems magic to me",
        "ts": "1486152467.005950"
    },
    {
        "type": "message",
        "user": "U0E96U52M",
        "text": "and that turns me off of it a bit",
        "ts": "1486152473.005951"
    },
    {
        "type": "message",
        "user": "U3C6H5S04",
        "text": "yea the more i get into it the more i learn",
        "ts": "1486152477.005952"
    },
    {
        "type": "message",
        "user": "U0E96U52M",
        "text": "this week its been all docker microservices for me",
        "ts": "1486152502.005953"
    },
    {
        "type": "message",
        "user": "U3C6H5S04",
        "text": "if i didnt do this i might have continued with FireBase",
        "ts": "1486152503.005954"
    },
    {
        "user": "U40PAL7H9",
        "text": "<@U40PAL7H9|bryce.clodfelter> has joined the channel",
        "type": "message",
        "subtype": "channel_join",
        "ts": "1486152506.005955"
    },
    {
        "type": "message",
        "user": "U3C6H5S04",
        "text": "nice",
        "ts": "1486152513.005956"
    },
    {
        "type": "message",
        "user": "U0E96U52M",
        "text": "you hear about gun?",
        "ts": "1486152518.005957"
    },
    {
        "type": "message",
        "user": "U3C6H5S04",
        "text": "no?",
        "ts": "1486152536.005958"
    },
    {
        "type": "message",
        "user": "U0E96U52M",
        "text": "<http:\/\/gun.js.org\/enterprise\/>",
        "ts": "1486152558.005959"
    },
    {
        "type": "message",
        "user": "U0E96U52M",
        "text": "its supposed to be a opensource firebase",
        "ts": "1486152566.005960"
    },
    {
        "type": "message",
        "user": "U3C6H5S04",
        "text": "mmm",
        "ts": "1486152574.005961"
    },
    {
        "type": "message",
        "user": "U0E96U52M",
        "text": "i know firebase added hosting now too so thats differnt",
        "ts": "1486152575.005962"
    },
    {
        "type": "message",
        "user": "U0E96U52M",
        "text": "and im not sure if thats what you meant by sticking w\/firebase",
        "ts": "1486152584.005963"
    },
    {
        "type": "message",
        "user": "U3C6H5S04",
        "text": "thats good cause the main thing i hated about FB was the cost",
        "ts": "1486152584.005964"
    },
    {
        "type": "message",
        "user": "U0E96U52M",
        "text": "the guy who started this is super wordy but he's been on javascript jabber (podcast) a few monhts ago",
        "ts": "1486152614.005965"
    },
    {
        "type": "message",
        "user": "U3C6H5S04",
        "text": "sometimes i just wish SN would adopt a similar model for building apps",
        "ts": "1486152638.005966"
    },
    {
        "type": "message",
        "user": "U0E96U52M",
        "text": "similar to what?",
        "ts": "1486152657.005967"
    },
    {
        "type": "message",
        "user": "U0E96U52M",
        "text": "anyone mess w\/nginx here and virtualhosts\/",
        "ts": "1486153608.005968"
    },
    {
        "type": "message",
        "user": "U0F4B2B4H",
        "text": "I have a bit, whats up?",
        "ts": "1486153663.005969"
    },
    {
        "type": "message",
        "user": "U0E96U52M",
        "text": "im trying to do that w\/docker",
        "ts": "1486153730.005970"
    },
    {
        "type": "message",
        "user": "U0E96U52M",
        "text": "so i have a docker containter running nginx 80:80",
        "ts": "1486153742.005971"
    },
    {
        "type": "message",
        "user": "U0E96U52M",
        "text": "great",
        "ts": "1486153744.005972"
    },
    {
        "type": "message",
        "user": "U0F4B2B4H",
        "text": "Glad to help.",
        "ts": "1486153751.005973"
    },
    {
        "type": "message",
        "user": "U0E96U52M",
        "text": "if stand up another container, call it app_a",
        "ts": "1486153761.005974"
    },
    {
        "type": "message",
        "user": "U0E96U52M",
        "text": "and say it outputs to i dunno 8080",
        "ts": "1486153771.005975"
    },
    {
        "type": "message",
        "user": "U0E96U52M",
        "text": "in docker i stand up run it on whatever local port",
        "ts": "1486153787.005976"
    },
    {
        "type": "message",
        "user": "U0E96U52M",
        "text": "in the nginx.conf file i can get it to run",
        "ts": "1486153801.005977"
    },
    {
        "type": "message",
        "user": "U0E96U52M",
        "text": "the problem is when i try to do a 2nd app",
        "ts": "1486153810.005978"
    },
    {
        "type": "message",
        "user": "U0E96U52M",
        "text": "i can't ever get it to render",
        "ts": "1486153816.005979"
    },
    {
        "type": "message",
        "user": "U0E96U52M",
        "text": "i have a example repoo",
        "ts": "1486153834.005980"
    },
    {
        "type": "message",
        "user": "U0E96U52M",
        "text": "where i have it working where i got it now",
        "ts": "1486153854.005981"
    },
    {
        "type": "message",
        "user": "U0E96U52M",
        "text": "<https:\/\/gitlab.com\/jacebenson\/docker-example>",
        "attachments": [
            {
                "service_name": "GitLab",
                "title": "Jace \/ docker-example",
                "title_link": "https:\/\/gitlab.com\/jacebenson\/docker-example",
                "text": "<http:\/\/GitLab.com|GitLab.com>",
                "fallback": "GitLab: Jace \/ docker-example",
                "thumb_url": "https:\/\/gitlab.com\/assets\/gitlab_logo-7ae504fe4f68fdebb3c2034e36621930cd36ea87924c11ff65dbcb8ed50dca58.png",
                "from_url": "https:\/\/gitlab.com\/jacebenson\/docker-example",
                "thumb_width": 128,
                "thumb_height": 128,
                "service_icon": "https:\/\/gitlab.com\/assets\/touch-icon-iphone-5a9cee0e8a51212e70b90c87c12f382c428870c0ff67d1eb034d884b78d2dae7.png",
                "id": 1
            }
        ],
        "ts": "1486153865.005982"
    },
    {
        "type": "message",
        "user": "U0E96U52M",
        "text": "so im trying in this exampole to point \/ to app_a, and \/b\/ to app_b",
        "ts": "1486153917.005984"
    },
    {
        "type": "message",
        "user": "U0F4B2B4H",
        "text": "and you're trying to use nginx as an upstream proxy basically?",
        "ts": "1486153954.005985"
    },
    {
        "type": "message",
        "user": "U0E96U52M",
        "text": "yea, i dont get all the terms",
        "ts": "1486153964.005986"
    },
    {
        "type": "message",
        "user": "U0E96U52M",
        "text": "pretty much nginx is like a router for me",
        "ts": "1486153973.005987"
    },
    {
        "type": "message",
        "user": "U0E96U52M",
        "text": "someone goes to <http:\/\/site.com\/|site.com\/> -&gt; app_a does its thing",
        "ts": "1486153989.005988"
    },
    {
        "type": "message",
        "user": "U0E96U52M",
        "text": "<http:\/\/site.com\/b\/|site.com\/b\/> -&gt; app_b does its thing",
        "ts": "1486153998.005989"
    },
    {
        "type": "message",
        "user": "U0E96U52M",
        "text": "so is that a upstream proxy?  I think it is",
        "edited": {
            "user": "U0E96U52M",
            "ts": "1486154086.000000"
        },
        "ts": "1486154081.005990"
    },
    {
        "type": "message",
        "user": "U0E96U52M",
        "text": "its all new to me",
        "ts": "1486154091.005992"
    },
    {
        "type": "message",
        "user": "U0E96U52M",
        "text": "<http:\/\/chitnow.com\/>\n<http:\/\/chitnow.com\/b\/>",
        "ts": "1486154119.005993"
    },
    {
        "type": "message",
        "user": "U0E96U52M",
        "text": "is what i have it running on at the moment",
        "ts": "1486154130.005994"
    },
    {
        "type": "message",
        "user": "U0F4B2B4H",
        "text": "Ok, so pretty sure your issue is in how the containers are linked, and I was going to get you the supporting documentation pages, but apparently in the newer versions of Docker or at least newer then what I last used, linking is deprecated and it's now networking which is a whole new thing.",
        "ts": "1486154627.005995"
    },
    {
        "type": "message",
        "user": "U0E96U52M",
        "text": "yea its got some little dns thing internally i was reading",
        "ts": "1486154743.005996"
    },
    {
        "type": "message",
        "user": "U0F4B2B4H",
        "text": "Run the command docker network ls",
        "ts": "1486154745.005997"
    },
    {
        "type": "message",
        "user": "U0F4B2B4H",
        "text": "Does it give you bridge, none and host as names?",
        "ts": "1486154782.005998"
    },
    {
        "type": "message",
        "subtype": "file_share",
        "text": "<@U0E96U52M|jace> uploaded a file: <https:\/\/sndevs.slack.com\/files\/jace\/F41GUJD8F\/pasted_image_at_2017_02_03_14_46.png|Pasted image at 2017-02-03, 14:46>",
        "file": {
            "id": "F41GUJD8F",
            "created": 1486154812,
            "timestamp": 1486154812,
            "name": "Pasted image at 2017_02_03 14_46.png",
            "title": "Pasted image at 2017-02-03, 14:46",
            "mimetype": "image\/png",
            "filetype": "png",
            "pretty_type": "PNG",
            "user": "U0E96U52M",
            "editable": false,
            "size": 32445,
            "mode": "hosted",
            "is_external": false,
            "external_type": "",
            "is_public": true,
            "public_url_shared": false,
            "display_as_bot": false,
            "username": "",
            "url_private": "https:\/\/files.slack.com\/files-pri\/T0E2AD6AY-F41GUJD8F\/pasted_image_at_2017_02_03_14_46.png?t=xoxe-14078448372-167243557781-166475819265-182f5ebf49",
            "url_private_download": "https:\/\/files.slack.com\/files-pri\/T0E2AD6AY-F41GUJD8F\/download\/pasted_image_at_2017_02_03_14_46.png?t=xoxe-14078448372-167243557781-166475819265-182f5ebf49",
            "thumb_64": "https:\/\/files.slack.com\/files-tmb\/T0E2AD6AY-F41GUJD8F-04df13b575\/pasted_image_at_2017_02_03_14_46_64.png?t=xoxe-14078448372-167243557781-166475819265-182f5ebf49",
            "thumb_80": "https:\/\/files.slack.com\/files-tmb\/T0E2AD6AY-F41GUJD8F-04df13b575\/pasted_image_at_2017_02_03_14_46_80.png?t=xoxe-14078448372-167243557781-166475819265-182f5ebf49",
            "thumb_360": "https:\/\/files.slack.com\/files-tmb\/T0E2AD6AY-F41GUJD8F-04df13b575\/pasted_image_at_2017_02_03_14_46_360.png?t=xoxe-14078448372-167243557781-166475819265-182f5ebf49",
            "thumb_360_w": 360,
            "thumb_360_h": 122,
            "thumb_480": "https:\/\/files.slack.com\/files-tmb\/T0E2AD6AY-F41GUJD8F-04df13b575\/pasted_image_at_2017_02_03_14_46_480.png?t=xoxe-14078448372-167243557781-166475819265-182f5ebf49",
            "thumb_480_w": 480,
            "thumb_480_h": 163,
            "thumb_160": "https:\/\/files.slack.com\/files-tmb\/T0E2AD6AY-F41GUJD8F-04df13b575\/pasted_image_at_2017_02_03_14_46_160.png?t=xoxe-14078448372-167243557781-166475819265-182f5ebf49",
            "image_exif_rotation": 1,
            "original_w": 679,
            "original_h": 231,
            "permalink": "https:\/\/sndevs.slack.com\/files\/jace\/F41GUJD8F\/pasted_image_at_2017_02_03_14_46.png",
            "permalink_public": "https:\/\/slack-files.com\/T0E2AD6AY-F41GUJD8F-7cbc28c9e3",
            "channels": [],
            "groups": [],
            "ims": [],
            "comments_count": 0
        },
        "user": "U0E96U52M",
        "upload": true,
        "display_as_bot": false,
        "username": "jace",
        "bot_id": null,
        "ts": "1486154813.005999"
    },
    {
        "type": "message",
        "user": "U0F4B2B4H",
        "text": "do docker network inspect bridge",
        "ts": "1486154868.006000"
    },
    {
        "type": "message",
        "user": "U0F4B2B4H",
        "text": "See if it has your two app containers",
        "ts": "1486154872.006001"
    },
    {
        "type": "message",
        "subtype": "file_share",
        "text": "<@U0E96U52M|jace> uploaded a file: <https:\/\/sndevs.slack.com\/files\/jace\/F40UJHNAZ\/-.txt|Untitled>",
        "file": {
            "id": "F40UJHNAZ",
            "created": 1486154919,
            "timestamp": 1486154919,
            "name": "-.txt",
            "title": "Untitled",
            "mimetype": "text\/plain",
            "filetype": "text",
            "pretty_type": "Plain Text",
            "user": "U0E96U52M",
            "editable": true,
            "size": 2360,
            "mode": "snippet",
            "is_external": false,
            "external_type": "",
            "is_public": true,
            "public_url_shared": false,
            "display_as_bot": false,
            "username": "",
            "url_private": "https:\/\/files.slack.com\/files-pri\/T0E2AD6AY-F40UJHNAZ\/-.txt?t=xoxe-14078448372-167243557781-166475819265-182f5ebf49",
            "url_private_download": "https:\/\/files.slack.com\/files-pri\/T0E2AD6AY-F40UJHNAZ\/download\/-.txt?t=xoxe-14078448372-167243557781-166475819265-182f5ebf49",
            "permalink": "https:\/\/sndevs.slack.com\/files\/jace\/F40UJHNAZ\/-.txt",
            "permalink_public": "https:\/\/slack-files.com\/T0E2AD6AY-F40UJHNAZ-64ce5d1f84",
            "edit_link": "https:\/\/sndevs.slack.com\/files\/jace\/F40UJHNAZ\/-.txt\/edit",
            "preview": "root@docker-2gb-nyc1-01:~\/docker-example# docker network ls\r\nNETWORK ID          NAME                    DRIVER              SCOPE\r\n0489d3aeb8db        bridge                  bridge              local\r\n3f432c1286eb        dockerexample_default   bridge              local\r\n66d0feae1fd5        host                    host                local\r",
            "preview_highlight": "<div class=\"CodeMirror cm-s-default CodeMirrorServer\" oncopy=\"if(event.clipboardData){event.clipboardData.setData('text\/plain',window.getSelection().toString().replace(\/\\u200b\/g,''));event.preventDefault();event.stopPropagation();}\">\n<div class=\"CodeMirror-code\">\n<div><pre>root@docker-2gb-nyc1-01:~\/docker-example# docker network ls<\/pre><\/div>\n<div><pre>NETWORK ID          NAME                    DRIVER              SCOPE<\/pre><\/div>\n<div><pre>0489d3aeb8db        bridge                  bridge              local<\/pre><\/div>\n<div><pre>3f432c1286eb        dockerexample_default   bridge              local<\/pre><\/div>\n<div><pre>66d0feae1fd5        host                    host                local<\/pre><\/div>\n<div><pre><\/pre><\/div>\n<\/div>\n<\/div>\n",
            "lines": 52,
            "lines_more": 47,
            "preview_is_truncated": true,
            "channels": [],
            "groups": [],
            "ims": [],
            "comments_count": 0
        },
        "user": "U0E96U52M",
        "upload": true,
        "display_as_bot": false,
        "username": "jace",
        "bot_id": null,
        "ts": "1486154920.006002"
    },
    {
        "type": "message",
        "user": "U0E96U52M",
        "text": "i mean, if i go into the nginx container and try to hit the endpoint, would that tell me anyhting helpful?",
        "ts": "1486155013.006003"
    },
    {
        "type": "message",
        "user": "U0F4B2B4H",
        "text": "You can try attaching and then running a ping",
        "ts": "1486155078.006004"
    },
    {
        "type": "message",
        "user": "U0F4B2B4H",
        "text": "also an ifconfig and paste the stuff here",
        "ts": "1486155084.006005"
    },
    {
        "type": "message",
        "user": "U0E96U52M",
        "text": "attach never seems to work for me",
        "ts": "1486155157.006006"
    },
    {
        "type": "message",
        "user": "U0E96U52M",
        "text": ".. i always have to do that exec command",
        "ts": "1486155164.006007"
    },
    {
        "type": "message",
        "user": "U0E96U52M",
        "text": "but i have to find it",
        "ts": "1486155167.006008"
    },
    {
        "type": "message",
        "user": "U0F4B2B4H",
        "text": "kk do docker network inspect my-net real quick",
        "ts": "1486155177.006009"
    },
    {
        "type": "message",
        "user": "U0F4B2B4H",
        "text": "Bridge only showed one container on it",
        "ts": "1486155184.006010"
    },
    {
        "type": "message",
        "user": "U0F4B2B4H",
        "text": "not the 3 you have setup",
        "ts": "1486155188.006011"
    },
    {
        "type": "message",
        "user": "U0F4B2B4H",
        "text": "Did you manually define my-net and attach the containers to it by appending --network=my-net?",
        "ts": "1486155229.006012"
    },
    {
        "type": "message",
        "user": "U0E96U52M",
        "text": "```root@docker-2gb-nyc1-01:~\/docker-example# docker inspect my-net\n[]\nError: No such image, container or task: my-net```",
        "ts": "1486155231.006013"
    },
    {
        "type": "message",
        "user": "U0F4B2B4H",
        "text": "docker network inspect my-net",
        "ts": "1486155249.006014"
    },
    {
        "type": "message",
        "user": "U0F4B2B4H",
        "text": "Forgot the network part",
        "ts": "1486155254.006015"
    },
    {
        "type": "message",
        "user": "U0E96U52M",
        "text": "all i do to bring up the three boxes are docker-compose build, docker-compose up",
        "ts": "1486155257.006016"
    },
    {
        "type": "message",
        "user": "U0E96U52M",
        "text": "```root@docker-2gb-nyc1-01:~\/docker-example# docker network inspect my-net\n[\n    {\n        \"Name\": \"my-net\",\n        \"Id\": \"2055229ee41da123aac1b1aac680cc577237d7e29d29abd97520cabc7ae50979\",\n        \"Scope\": \"local\",\n        \"Driver\": \"bridge\",\n        \"EnableIPv6\": false,\n        \"IPAM\": {\n            \"Driver\": \"default\",\n            \"Options\": {},\n            \"Config\": [\n                {\n                    \"Subnet\": \"172.18.0.0\/16\",\n                    \"Gateway\": \"172.18.0.1\"\n                }\n            ]\n        },\n        \"Internal\": false,\n        \"Containers\": {},\n        \"Options\": {},\n        \"Labels\": {}\n    }\n]```",
        "ts": "1486155279.006017"
    },
    {
        "type": "message",
        "user": "U0F4B2B4H",
        "text": "k, docker network inspect dockerexample_default",
        "ts": "1486155306.006018"
    },
    {
        "type": "message",
        "user": "U0E96U52M",
        "text": "```root@docker-2gb-nyc1-01:~\/docker-example# docker network inspect dockerexample_default\n[\n    {\n        \"Name\": \"dockerexample_default\",\n        \"Id\": \"3f432c1286eb1e55be5843a2d80e9eb0d6d5aed3bf78cb3423f4b76bb6f1073e\",\n        \"Scope\": \"local\",\n        \"Driver\": \"bridge\",\n        \"EnableIPv6\": false,\n        \"IPAM\": {\n            \"Driver\": \"default\",\n            \"Options\": null,\n            \"Config\": [\n                {\n                    \"Subnet\": \"172.19.0.0\/16\",\n                    \"Gateway\": \"172.19.0.1\"\n                }\n            ]\n        },\n        \"Internal\": false,\n        \"Containers\": {\n            \"51f5e8817e0fd677c839996809b6e52b1aa4f819c2b091580080184d6abb7954\": {\n                \"Name\": \"dockerexample_app_b_1\",\n                \"EndpointID\": \"27354990fdd96766aca02e3aecd30e1bf572f607db34672b74bc1966a15701bc\",\n                \"MacAddress\": \"02:42:ac:13:00:02\",\n                \"IPv4Address\": \"172.19.0.2\/16\",\n                \"IPv6Address\": \"\"\n            },\n            \"da16b8148e279e15c0e26a5b92d6ad43ae42c60121e6f51eb0c26cbe32894b50\": {\n                \"Name\": \"dockerexample_app_a_1\",\n                \"EndpointID\": \"87ae563eae50eb046eb22ba731a9bb3b2825dd64a04ee5b8c4b25aa10a9681f8\",\n                \"MacAddress\": \"02:42:ac:13:00:03\",\n                \"IPv4Address\": \"172.19.0.3\/16\",\n                \"IPv6Address\": \"\"\n            },\n            \"f00c2058db143a158e4f2531abc91615beb2e95a6f8dec485a933bebd35a683a\": {\n                \"Name\": \"dockerexample_proxy_1\",\n                \"EndpointID\": \"5bbe58d85e4a81c68b81454ccc4c85b8d7b3debfeb7d0f6a5f0b2b29296d2754\",\n                \"MacAddress\": \"02:42:ac:13:00:04\",\n                \"IPv4Address\": \"172.19.0.4\/16\",\n                \"IPv6Address\": \"\"\n            }\n        },\n        \"Options\": {},\n        \"Labels\": {}\n    }\n]```",
        "ts": "1486155338.006019"
    },
    {
        "type": "message",
        "user": "U0E96U52M",
        "text": "proxy_1 is out on public 80",
        "ts": "1486155358.006020"
    },
    {
        "type": "message",
        "user": "U0F4B2B4H",
        "text": "try attach dockerexample_app_b_1 real quick",
        "ts": "1486155617.006021"
    },
    {
        "type": "message",
        "subtype": "file_share",
        "text": "<@U0E96U52M|jace> uploaded a file: <https:\/\/sndevs.slack.com\/files\/jace\/F40Q4DGLB\/pasted_image_at_2017_02_03_15_01.png|Pasted image at 2017-02-03, 15:01>",
        "file": {
            "id": "F40Q4DGLB",
            "created": 1486155701,
            "timestamp": 1486155701,
            "name": "Pasted image at 2017_02_03 15_01.png",
            "title": "Pasted image at 2017-02-03, 15:01",
            "mimetype": "image\/png",
            "filetype": "png",
            "pretty_type": "PNG",
            "user": "U0E96U52M",
            "editable": false,
            "size": 18566,
            "mode": "hosted",
            "is_external": false,
            "external_type": "",
            "is_public": true,
            "public_url_shared": false,
            "display_as_bot": false,
            "username": "",
            "url_private": "https:\/\/files.slack.com\/files-pri\/T0E2AD6AY-F40Q4DGLB\/pasted_image_at_2017_02_03_15_01.png?t=xoxe-14078448372-167243557781-166475819265-182f5ebf49",
            "url_private_download": "https:\/\/files.slack.com\/files-pri\/T0E2AD6AY-F40Q4DGLB\/download\/pasted_image_at_2017_02_03_15_01.png?t=xoxe-14078448372-167243557781-166475819265-182f5ebf49",
            "thumb_64": "https:\/\/files.slack.com\/files-tmb\/T0E2AD6AY-F40Q4DGLB-aee5cf2e17\/pasted_image_at_2017_02_03_15_01_64.png?t=xoxe-14078448372-167243557781-166475819265-182f5ebf49",
            "thumb_80": "https:\/\/files.slack.com\/files-tmb\/T0E2AD6AY-F40Q4DGLB-aee5cf2e17\/pasted_image_at_2017_02_03_15_01_80.png?t=xoxe-14078448372-167243557781-166475819265-182f5ebf49",
            "thumb_360": "https:\/\/files.slack.com\/files-tmb\/T0E2AD6AY-F40Q4DGLB-aee5cf2e17\/pasted_image_at_2017_02_03_15_01_360.png?t=xoxe-14078448372-167243557781-166475819265-182f5ebf49",
            "thumb_360_w": 360,
            "thumb_360_h": 199,
            "thumb_480": "https:\/\/files.slack.com\/files-tmb\/T0E2AD6AY-F40Q4DGLB-aee5cf2e17\/pasted_image_at_2017_02_03_15_01_480.png?t=xoxe-14078448372-167243557781-166475819265-182f5ebf49",
            "thumb_480_w": 480,
            "thumb_480_h": 266,
            "thumb_160": "https:\/\/files.slack.com\/files-tmb\/T0E2AD6AY-F40Q4DGLB-aee5cf2e17\/pasted_image_at_2017_02_03_15_01_160.png?t=xoxe-14078448372-167243557781-166475819265-182f5ebf49",
            "thumb_720": "https:\/\/files.slack.com\/files-tmb\/T0E2AD6AY-F40Q4DGLB-aee5cf2e17\/pasted_image_at_2017_02_03_15_01_720.png?t=xoxe-14078448372-167243557781-166475819265-182f5ebf49",
            "thumb_720_w": 720,
            "thumb_720_h": 399,
            "image_exif_rotation": 1,
            "original_w": 894,
            "original_h": 495,
            "permalink": "https:\/\/sndevs.slack.com\/files\/jace\/F40Q4DGLB\/pasted_image_at_2017_02_03_15_01.png",
            "permalink_public": "https:\/\/slack-files.com\/T0E2AD6AY-F40Q4DGLB-710a4c1c5f",
            "channels": [],
            "groups": [],
            "ims": [],
            "comments_count": 0
        },
        "user": "U0E96U52M",
        "upload": true,
        "display_as_bot": false,
        "username": "jace",
        "bot_id": null,
        "ts": "1486155703.006022"
    },
    {
        "type": "message",
        "user": "U0E96U52M",
        "text": "everytime i try to attach i get this",
        "ts": "1486155709.006023"
    },
    {
        "type": "message",
        "user": "U0E96U52M",
        "text": "let me find my other command to get to sh",
        "ts": "1486155722.006024"
    },
    {
        "type": "message",
        "user": "U0F4B2B4H",
        "text": "That's odd.",
        "ts": "1486155871.006025"
    },
    {
        "type": "message",
        "user": "U0E96U52M",
        "text": "its on alpine",
        "ts": "1486155892.006026"
    },
    {
        "type": "message",
        "user": "U0E96U52M",
        "text": "maybe thats why",
        "ts": "1486155895.006027"
    },
    {
        "type": "message",
        "user": "U0E96U52M",
        "text": "no bash",
        "ts": "1486155896.006028"
    },
    {
        "type": "message",
        "user": "U0E96U52M",
        "text": "`docker exec -ti CONTAINER \/bin\/sh` works for me normally",
        "ts": "1486155924.006029"
    },
    {
        "type": "message",
        "user": "U0E96U52M",
        "text": "k",
        "ts": "1486155953.006030"
    },
    {
        "type": "message",
        "user": "U0E96U52M",
        "text": "im on app_b",
        "ts": "1486155956.006031"
    },
    {
        "type": "message",
        "user": "U0F4B2B4H",
        "text": "Can you ping app a's container at all?",
        "ts": "1486155961.006032"
    },
    {
        "type": "message",
        "user": "U0E96U52M",
        "text": "so try ping 172.19.0.3",
        "ts": "1486155976.006033"
    },
    {
        "type": "message",
        "user": "U0E96U52M",
        "text": "or ping <http:\/\/app_a>",
        "ts": "1486155983.006034"
    },
    {
        "type": "message",
        "user": "U0F4B2B4H",
        "text": "ping -w3 172.19.0.3",
        "ts": "1486155993.006035"
    },
    {
        "type": "message",
        "user": "U0E96U52M",
        "text": "yea totally hits it",
        "ts": "1486156021.006036"
    },
    {
        "type": "message",
        "user": "U0F4B2B4H",
        "text": "3 sent 3 returned?",
        "ts": "1486156027.006037"
    },
    {
        "type": "message",
        "user": "U0E96U52M",
        "text": "```\/ # ping 172.19.0.3 -w3\nPING 172.19.0.3 (172.19.0.3): 56 data bytes\n64 bytes from 172.19.0.3: seq=0 ttl=64 time=0.184 ms\n64 bytes from 172.19.0.3: seq=1 ttl=64 time=0.134 ms\n64 bytes from 172.19.0.3: seq=2 ttl=64 time=0.107 ms\n\n--- 172.19.0.3 ping statistics ---\n3 packets transmitted, 3 packets received, 0% packet loss\nround-trip min\/avg\/max = 0.107\/0.141\/0.184 ms\n\/ #\n```",
        "ts": "1486156038.006038"
    },
    {
        "type": "message",
        "user": "U0F4B2B4H",
        "text": "Can you ping the nginx container from app b?",
        "ts": "1486156045.006039"
    },
    {
        "type": "message",
        "user": "U0E96U52M",
        "text": "by ip yea",
        "ts": "1486156072.006040"
    },
    {
        "type": "message",
        "user": "U0E96U52M",
        "text": "```\/ # ping 172.19.0.4 -w3\nPING 172.19.0.4 (172.19.0.4): 56 data bytes\n64 bytes from 172.19.0.4: seq=0 ttl=64 time=0.391 ms\n64 bytes from 172.19.0.4: seq=1 ttl=64 time=0.140 ms\n64 bytes from 172.19.0.4: seq=2 ttl=64 time=0.125 ms\n\n--- 172.19.0.4 ping statistics ---\n3 packets transmitted, 3 packets received, 0% packet loss\nround-trip min\/avg\/max = 0.125\/0.218\/0.391 ms\n\/ #```",
        "ts": "1486156082.006041"
    },
    {
        "type": "message",
        "user": "U0F4B2B4H",
        "text": "But you can't ping with name, correct?",
        "ts": "1486156125.006042"
    },
    {
        "type": "message",
        "user": "U0E96U52M",
        "text": "```\/ # ping app_a\nPING app_a (172.19.0.3): 56 data bytes\n64 bytes from 172.19.0.3: seq=0 ttl=64 time=0.387 ms\n64 bytes from 172.19.0.3: seq=1 ttl=64 time=0.135 ms\n64 bytes from 172.19.0.3: seq=2 ttl=64 time=0.286 ms\n64 bytes from 172.19.0.3: seq=3 ttl=64 time=0.139 ms\n^C\n--- app_a ping statistics ---\n4 packets transmitted, 4 packets received, 0% packet loss\nround-trip min\/avg\/max = 0.135\/0.236\/0.387 ms\n\/ # ping proxy\nPING proxy (172.19.0.4): 56 data bytes\n64 bytes from 172.19.0.4: seq=0 ttl=64 time=0.169 ms\n64 bytes from 172.19.0.4: seq=1 ttl=64 time=0.214 ms\n64 bytes from 172.19.0.4: seq=2 ttl=64 time=0.096 ms\n^C\n--- proxy ping statistics ---\n3 packets transmitted, 3 packets received, 0% packet loss\nround-trip min\/avg\/max = 0.096\/0.159\/0.214 ms\n\/ #```",
        "ts": "1486156180.006043"
    },
    {
        "type": "message",
        "user": "U0E96U52M",
        "text": "so it seems i can",
        "ts": "1486156183.006044"
    },
    {
        "type": "message",
        "user": "U0E96U52M",
        "text": "it was failing with <http:\/\/app_a> and <http:\/\/whatever>",
        "ts": "1486156194.006045"
    },
    {
        "type": "message",
        "user": "U0E96U52M",
        "text": "i wish i could get docker working on my laptop, but ugh thats another issue.  joe, if you want to try it locally",
        "ts": "1486156311.006046"
    },
    {
        "type": "message",
        "user": "U0E96U52M",
        "text": "you should be able to clone the repo",
        "ts": "1486156317.006047"
    },
    {
        "type": "message",
        "user": "U0E96U52M",
        "text": "docker-compose build from the folder",
        "ts": "1486156325.006048"
    },
    {
        "type": "message",
        "user": "U0E96U52M",
        "text": "i mean, i want to understand",
        "ts": "1486156335.006049"
    },
    {
        "type": "message",
        "user": "U0E96U52M",
        "text": "but to me this is very bizare",
        "ts": "1486156341.006050"
    },
    {
        "type": "message",
        "user": "U0E96U52M",
        "text": "i'd get it if none of it worked but since one works and the other doesnt im lost",
        "ts": "1486156360.006051"
    },
    {
        "type": "message",
        "user": "U0F4B2B4H",
        "text": "I'm out of time right now, the issue is with how either the NAT is functioning or the IP tables are configured",
        "ts": "1486156364.006052"
    },
    {
        "type": "message",
        "user": "U0E96U52M",
        "text": "well",
        "ts": "1486156373.006053"
    },
    {
        "type": "message",
        "user": "U0F4B2B4H",
        "text": "Truthfully there's a repo out there that most people run instead of doing all this crap manually",
        "ts": "1486156375.006054"
    },
    {
        "type": "message",
        "user": "U0F4B2B4H",
        "text": "But if you're trying to learn docker and nginx you probably shouldn't start with that, heh",
        "ts": "1486156390.006055"
    },
    {
        "type": "message",
        "user": "U0E96U52M",
        "text": "jwild...\/nginx",
        "ts": "1486156392.006056"
    },
    {
        "type": "message",
        "user": "U0E96U52M",
        "text": "a little of both",
        "ts": "1486156402.006057"
    },
    {
        "type": "message",
        "user": "U0F4B2B4H",
        "text": "Yeah, jwilders nginx proxy",
        "ts": "1486156412.006058"
    },
    {
        "user": "U405KBW3S",
        "text": "<@U405KBW3S|chking> has joined the channel",
        "type": "message",
        "subtype": "channel_join",
        "ts": "1486156469.006059"
    },
    {
        "type": "message",
        "user": "U0F4B2B4H",
        "text": "If I have time this weekend jace I'll clone and see if I can figure it out",
        "ts": "1486156515.006060"
    },
    {
        "type": "message",
        "user": "U0E96U52M",
        "text": "yea im not to worreid about it",
        "ts": "1486156524.006061"
    },
    {
        "type": "message",
        "user": "U0E96U52M",
        "text": "i just am confused at it",
        "ts": "1486156529.006062"
    },
    {
        "type": "message",
        "user": "U0F4B2B4H",
        "text": "I can't guarantee anything though, been sick as hell all week so need to focus on my client work",
        "ts": "1486156544.006063"
    },
    {
        "type": "message",
        "user": "U0E96U52M",
        "text": "no worries",
        "ts": "1486156563.006064"
    },
    {
        "type": "message",
        "user": "U0F4B2B4H",
        "text": "Yeah, docker can be confusing by itself, nginx can be confusing by itself, put em together and...yeah.",
        "ts": "1486156566.006065"
    },
    {
        "type": "message",
        "user": "U0E96U52M",
        "text": "i'll mess w\/it for a while yet",
        "ts": "1486156573.006066"
    },
    {
        "type": "message",
        "user": "U0E96U52M",
        "text": "just a pet project",
        "ts": "1486156576.006067"
    },
    {
        "type": "message",
        "user": "U0E96U52M",
        "text": "but then i can have all the meteors",
        "ts": "1486156583.006068"
    },
    {
        "type": "message",
        "user": "U0E96U52M",
        "text": "it'll be a meteor shower",
        "ts": "1486156589.006069"
    },
    {
        "type": "message",
        "user": "U0F4B2B4H",
        "text": "kk. If you make any progress, shoot me over a PM",
        "ts": "1486156589.006070"
    },
    {
        "type": "message",
        "user": "U0E96U52M",
        "text": "will do",
        "ts": "1486156593.006071"
    },
    {
        "type": "message",
        "user": "U235A44S0",
        "text": "VueJS: <http:\/\/codingthesmartway.com\/vue-js-2-vue-resource-real-world-vue-application-with-external-api-access\/>",
        "attachments": [
            {
                "service_name": "CodingTheSmartWay.com",
                "title": "Vue.js 2 &amp; Vue-Resource - Real-World Vue Application With External API Access - CodingTheSmartWay.com",
                "title_link": "http:\/\/codingthesmartway.com\/vue-js-2-vue-resource-real-world-vue-application-with-external-api-access\/",
                "text": "  Vue.js 2 is great for building powerful single-page web applications. In the following we’re going to build a real-world Vue.js 2 application which makes use of an external REST API from <http:\/\/Newsapi.org|Newsapi.org>. By using this free API we’re able to retrieve latest news articles from popular news sources and blogs. To access this external API we’re going to use the vue-resource packages which provides a service for making web requests and handle responses. What We’re Going To Build In the following screenshot you can see what the application we’re going to build looks like: The user is able to …",
                "fallback": "CodingTheSmartWay.com: Vue.js 2 &amp; Vue-Resource - Real-World Vue Application With External API Access - CodingTheSmartWay.com",
                "thumb_url": "http:\/\/codingthesmartway.com\/wp-content\/uploads\/2017\/02\/title.png",
                "ts": 1486145609,
                "from_url": "http:\/\/codingthesmartway.com\/vue-js-2-vue-resource-real-world-vue-application-with-external-api-access\/",
                "thumb_width": 1920,
                "thumb_height": 1080,
                "service_icon": "http:\/\/codingthesmartway.com\/wp-content\/uploads\/2016\/04\/cropped-CTSW_512_512-180x180.png",
                "id": 1
            }
        ],
        "ts": "1486185000.006072"
    }
]