[
    {
        "user": "U4NKPP3D0",
        "text": "<@U4NKPP3D0|bscherer> has joined the channel",
        "type": "message",
        "subtype": "channel_join",
        "ts": "1490277262.314118"
    },
    {
        "user": "U4PBNL7SA",
        "text": "<@U4PBNL7SA|sbolton> has joined the channel",
        "type": "message",
        "subtype": "channel_join",
        "ts": "1490281200.547556"
    },
    {
        "type": "message",
        "user": "U0E96U52M",
        "text": "i got docker-compose working to host multiple sites from nginx this morning",
        "ts": "1490286491.310099"
    },
    {
        "type": "message",
        "user": "U0E96U52M",
        "text": "&lt;-- so happy",
        "ts": "1490286497.312022"
    },
    {
        "type": "message",
        "user": "U235A44S0",
        "text": "Nice",
        "ts": "1490289541.261917"
    },
    {
        "type": "message",
        "user": "U0XCXA90A",
        "text": "<@U0E96U52M> been listening to the Magic Tavern podcast. Each episode is almost exactly as long as my commute. I'm about 10 episodes in so far. Thanks for the suggestion.",
        "ts": "1490292161.063267"
    },
    {
        "type": "message",
        "user": "U0E96U52M",
        "text": "Yea I'm loving it",
        "ts": "1490292177.068198"
    },
    {
        "type": "message",
        "user": "U0E96U52M",
        "text": " I used to work with Louie Saunders who did the voice of the guy who poops coins",
        "ts": "1490292201.075291"
    },
    {
        "type": "message",
        "user": "U0E96U52M",
        "text": "So that was a fun surprise ",
        "ts": "1490292212.078745"
    },
    {
        "type": "message",
        "user": "U235A44S0",
        "text": "I listen to the Truth for Life sermons. But, that is another topic",
        "ts": "1490292250.090247",
        "reactions": [
            {
                "name": "star",
                "users": [
                    "U104Y4770"
                ],
                "count": 1
            }
        ]
    },
    {
        "type": "message",
        "user": "U0E96U52M",
        "text": "I'm going to have so many audible credits when I catch up on the podcast I think I'm to episode 30",
        "ts": "1490292262.093948"
    },
    {
        "type": "message",
        "user": "U235A44S0",
        "text": "If anyone is running into memory issues with Slack throughout the day, I received the following response from the Slack Support group:\n```It's fair to say Slack can be memory intensive, it's something we're acutely aware of and working to improve for the future.\n\nCould you click on \"Help\" from the app menu and choose \"Check for updates\"? It should detect the version you're using and automatically give you the option to update. If it doesn't do this, I can send you some steps to take care of this manually.\n\nTo give you a bit of insight: typically each team you're logged into via the app takes about 250 MB of memory, being in any channels with lots of in-line media can cause this to fluctuate further.\n\nQuitting and restarting the app at intervals will reduce memory consumption. Could you completely quit Slack and restart the program, heading back to the Resource Manager tool and see its impact.\n\nIf there are a lot of media or snippets in a channel, you can use \/collapse to keep those closed to help minimise the RAM consumption as well. You can totally disable these by heading to Preferences &gt; Messages &amp; Media &gt; Inline Media &amp; Links and deselecting those options.\n\nIt's definitely an area we know we can optimize further, please bear with us on this front.```",
        "ts": "1490292633.204755"
    },
    {
        "type": "message",
        "user": "U0XCXA90A",
        "text": "I've been having some issues with stuff int he sidebar not loading. Going to Help -&gt; Clear Cache and Restart (on macOS) worked to clear that up.",
        "ts": "1490292787.250340"
    },
    {
        "type": "message",
        "user": "U235A44S0",
        "text": "Yeah, my computer uses 5.6 GB out of 8 GB throughout the day. I do not have a lot of apps open. Tabs in the browser, that is another story",
        "ts": "1490292844.267076"
    },
    {
        "type": "message",
        "user": "U235A44S0",
        "text": "And, that can consume your memory on your computer quickly",
        "ts": "1490292854.269702"
    },
    {
        "type": "message",
        "user": "U0EKK4BTP",
        "text": "A macOS restart also cleared things up for me.",
        "ts": "1490293026.320711"
    },
    {
        "type": "message",
        "user": "U0EKK4BTP",
        "text": "Definitely seems like something is up in the last 24 hours.",
        "ts": "1490293056.329333"
    },
    {
        "type": "message",
        "user": "U235A44S0",
        "text": "Yeah, it was 1.5 GB on one of my Slacks and 2.5 on the ServiceNow slack on Monday. Now, granted, I did do a weeks worth of copy and pasting from the history and then had it running and looking at media throughout the day",
        "ts": "1490293111.345286"
    },
    {
        "type": "message",
        "user": "U1ALM3K24",
        "text": "has anyone used HipChat? I'm wondering how their free plan compares to Slack",
        "ts": "1490295070.925458"
    },
    {
        "type": "message",
        "user": "U0E96U52M",
        "text": "<@U1ALM3K24> i used it a a former work place",
        "ts": "1490295099.934224"
    },
    {
        "type": "message",
        "user": "U0E96U52M",
        "text": "slack&gt;hipchat",
        "ts": "1490295103.935378"
    },
    {
        "type": "message",
        "user": "U0E96U52M",
        "text": "but .. it works",
        "ts": "1490295109.937362"
    },
    {
        "type": "message",
        "user": "U0E96U52M",
        "text": "theres' no \"edit\" on your post you have to do some `s\/mispelledword\/misspelt word`",
        "ts": "1490295145.947847"
    },
    {
        "type": "message",
        "user": "U0E96U52M",
        "text": "to do edits",
        "ts": "1490295148.948623"
    },
    {
        "type": "message",
        "user": "U0E96U52M",
        "text": "no slash commands easily set up",
        "ts": "1490295164.953282"
    },
    {
        "type": "message",
        "user": "U0E96U52M",
        "text": "but you can make bots\/webhooks",
        "ts": "1490295169.954854"
    },
    {
        "type": "message",
        "user": "U0EKK4BTP",
        "text": "you also can’t be a member of more than one hipchat team IIRC",
        "ts": "1490295997.192603"
    },
    {
        "type": "message",
        "user": "U0EKK4BTP",
        "text": "much more work\/team oriented, not so flexible for public communities",
        "ts": "1490296067.211327"
    },
    {
        "type": "message",
        "user": "U104Y4770",
        "text": "it also had a good deal of outages when we used it before moving to slack",
        "ts": "1490296286.268895"
    },
    {
        "type": "message",
        "user": "U0XCXA90A",
        "text": "HipChat for our team had frequent outages. I don't know if that is still a concern, but at the time it was the driving factor in us migrating to Slack",
        "ts": "1490297944.701531"
    },
    {
        "type": "message",
        "user": "U104Y4770",
        "text": "yeah, that was the primary reason we moved as well",
        "ts": "1490298614.876414"
    },
    {
        "type": "message",
        "user": "U235A44S0",
        "text": "Is HipChat the one that hat the squirrel for the mascot?",
        "ts": "1490298775.919601"
    },
    {
        "user": "U4P276Y5T",
        "text": "<@U4P276Y5T|redrps13> has joined the channel",
        "type": "message",
        "subtype": "channel_join",
        "ts": "1490305465.589356"
    },
    {
        "type": "message",
        "user": "U0J4KKK0V",
        "text": "hipmonk is, but it's a travel site. Maybe they're related lol",
        "attachments": [
            {
                "fallback": "[March 23rd, 2017 12:52 PM] kevin_eldridge_itsm: Is HipChat the one that hat the squirrel for the mascot?",
                "ts": "1490298775.919601",
                "author_subname": "kevin_eldridge_itsm",
                "channel_id": "C0E2AD6BE",
                "channel_name": "random",
                "is_msg_unfurl": true,
                "text": "Is HipChat the one that hat the squirrel for the mascot?",
                "author_name": "Kevin Eldridge",
                "author_link": "https:\/\/sndevs.slack.com\/team\/kevin_eldridge_itsm",
                "author_icon": "https:\/\/avatars.slack-edge.com\/2017-02-09\/140312327799_64e65634a5c88398f2ce_48.jpg",
                "mrkdwn_in": [
                    "text"
                ],
                "color": "D0D0D0",
                "from_url": "https:\/\/sndevs.slack.com\/archives\/C0E2AD6BE\/p1490298775919601",
                "is_share": true,
                "footer": "Posted in #random"
            }
        ],
        "ts": "1490306360.772483",
        "reactions": [
            {
                "name": "airplane_departure",
                "users": [
                    "U235A44S0"
                ],
                "count": 1
            }
        ]
    },
    {
        "type": "message",
        "user": "U46FPG8TV",
        "text": "HipChat is an Atlassian (known for JIRA) product.",
        "ts": "1490309142.250437"
    },
    {
        "type": "message",
        "user": "U235A44S0",
        "text": "Thank you both for the clarification",
        "ts": "1490319329.466058"
    }
]