[
    {
        "user": "U0E2H2X5G",
        "type": "message",
        "subtype": "channel_join",
        "text": "<@U0E2H2X5G|abey> has joined the channel",
        "ts": "1463526971.000002"
    },
    {
        "user": "U0SQ260SF",
        "inviter": "U0E2H2X5G",
        "type": "message",
        "subtype": "channel_join",
        "text": "<@U0SQ260SF|jason.johnson> has joined the channel",
        "ts": "1463526972.000003"
    },
    {
        "user": "U0FA8H53L",
        "inviter": "U0E2H2X5G",
        "type": "message",
        "subtype": "channel_join",
        "text": "<@U0FA8H53L|techfocus> has joined the channel",
        "ts": "1463526972.000004"
    },
    {
        "user": "U0ED7DUBD",
        "inviter": "U0E2H2X5G",
        "type": "message",
        "subtype": "channel_join",
        "text": "<@U0ED7DUBD|dfranko> has joined the channel",
        "ts": "1463526972.000005"
    },
    {
        "user": "U0E2H2X5G",
        "purpose": "Our team",
        "type": "message",
        "subtype": "channel_purpose",
        "text": "<@U0E2H2X5G|abey> set the channel purpose: Our team",
        "ts": "1463526972.000006"
    },
    {
        "user": "U15LF2CTD",
        "inviter": "U0E2H2X5G",
        "type": "message",
        "subtype": "channel_join",
        "text": "<@U15LF2CTD|pduff> has joined the channel",
        "ts": "1463526972.000007"
    },
    {
        "user": "U0Y6QC8NL",
        "inviter": "U0E2H2X5G",
        "type": "message",
        "subtype": "channel_join",
        "text": "<@U0Y6QC8NL|ksherm> has joined the channel",
        "ts": "1463526972.000008"
    },
    {
        "type": "message",
        "user": "U0FA8H53L",
        "text": "<https:\/\/hackathon010.service-now.com\/>",
        "ts": "1463527399.000009"
    },
    {
        "type": "message",
        "user": "U0FA8H53L",
        "text": "User: admin\nPass: hackathon2016",
        "ts": "1463527407.000010"
    },
    {
        "type": "message",
        "user": "U0ED7DUBD",
        "text": "4936245_KOC5E5IK",
        "ts": "1463528948.000011"
    },
    {
        "username": "IFTTT",
        "icons": {
            "image_36": "https:\/\/a.slack-edge.com\/66f9\/img\/services\/ifttt_36.png",
            "image_48": "https:\/\/a.slack-edge.com\/66f9\/img\/services\/ifttt_48.png",
            "image_72": "https:\/\/a.slack-edge.com\/66f9\/img\/services\/ifttt_72.png"
        },
        "attachments": [
            {
                "title": "What is a title?",
                "text": "Hello from ServiceNow",
                "fallback": "Hello from ServiceNow",
                "mrkdwn_in": [
                    "text",
                    "pretext"
                ]
            }
        ],
        "mrkdwn": true,
        "type": "message",
        "subtype": "bot_message",
        "ts": "1463529773.000012"
    },
    {
        "type": "message",
        "user": "U0ED7DUBD",
        "text": "Arduino running a server at <http:\/\/10.26.224.237\/>",
        "ts": "1463529807.000013"
    },
    {
        "username": "IFTTT",
        "icons": {
            "image_36": "https:\/\/a.slack-edge.com\/66f9\/img\/services\/ifttt_36.png",
            "image_48": "https:\/\/a.slack-edge.com\/66f9\/img\/services\/ifttt_48.png",
            "image_72": "https:\/\/a.slack-edge.com\/66f9\/img\/services\/ifttt_72.png"
        },
        "attachments": [
            {
                "title": "What is a title?",
                "text": "Hello from ServiceNow",
                "fallback": "Hello from ServiceNow",
                "mrkdwn_in": [
                    "text",
                    "pretext"
                ]
            }
        ],
        "mrkdwn": true,
        "type": "message",
        "subtype": "bot_message",
        "ts": "1463530029.000014"
    },
    {
        "username": "IFTTT",
        "icons": {
            "image_36": "https:\/\/a.slack-edge.com\/66f9\/img\/services\/ifttt_36.png",
            "image_48": "https:\/\/a.slack-edge.com\/66f9\/img\/services\/ifttt_48.png",
            "image_72": "https:\/\/a.slack-edge.com\/66f9\/img\/services\/ifttt_72.png"
        },
        "attachments": [
            {
                "title": "What is a title?",
                "text": "Hello from ServiceNow",
                "fallback": "Hello from ServiceNow",
                "mrkdwn_in": [
                    "text",
                    "pretext"
                ]
            }
        ],
        "mrkdwn": true,
        "type": "message",
        "subtype": "bot_message",
        "ts": "1463530431.000015"
    },
    {
        "type": "message",
        "user": "U0ED7DUBD",
        "text": "4936245_1LA1AQNA",
        "ts": "1463530687.000016"
    },
    {
        "username": "IFTTT",
        "icons": {
            "image_36": "https:\/\/a.slack-edge.com\/66f9\/img\/services\/ifttt_36.png",
            "image_48": "https:\/\/a.slack-edge.com\/66f9\/img\/services\/ifttt_48.png",
            "image_72": "https:\/\/a.slack-edge.com\/66f9\/img\/services\/ifttt_72.png"
        },
        "attachments": [
            {
                "pretext": "ServiceNow says: ",
                "fallback": "ServiceNow says: ",
                "mrkdwn_in": [
                    "text",
                    "pretext"
                ]
            }
        ],
        "mrkdwn": true,
        "type": "message",
        "subtype": "bot_message",
        "ts": "1463530838.000017"
    },
    {
        "username": "IFTTT",
        "icons": {
            "image_36": "https:\/\/a.slack-edge.com\/66f9\/img\/services\/ifttt_36.png",
            "image_48": "https:\/\/a.slack-edge.com\/66f9\/img\/services\/ifttt_48.png",
            "image_72": "https:\/\/a.slack-edge.com\/66f9\/img\/services\/ifttt_72.png"
        },
        "attachments": [
            {
                "pretext": "ServiceNow says: ",
                "fallback": "ServiceNow says: ",
                "mrkdwn_in": [
                    "text",
                    "pretext"
                ]
            }
        ],
        "mrkdwn": true,
        "type": "message",
        "subtype": "bot_message",
        "ts": "1463531017.000018"
    },
    {
        "username": "IFTTT",
        "icons": {
            "image_36": "https:\/\/a.slack-edge.com\/66f9\/img\/services\/ifttt_36.png",
            "image_48": "https:\/\/a.slack-edge.com\/66f9\/img\/services\/ifttt_48.png",
            "image_72": "https:\/\/a.slack-edge.com\/66f9\/img\/services\/ifttt_72.png"
        },
        "attachments": [
            {
                "pretext": "ServiceNow says: ",
                "fallback": "ServiceNow says: ",
                "mrkdwn_in": [
                    "text",
                    "pretext"
                ]
            }
        ],
        "mrkdwn": true,
        "type": "message",
        "subtype": "bot_message",
        "ts": "1463531323.000019"
    },
    {
        "username": "IFTTT",
        "icons": {
            "image_36": "https:\/\/a.slack-edge.com\/66f9\/img\/services\/ifttt_36.png",
            "image_48": "https:\/\/a.slack-edge.com\/66f9\/img\/services\/ifttt_48.png",
            "image_72": "https:\/\/a.slack-edge.com\/66f9\/img\/services\/ifttt_72.png"
        },
        "attachments": [
            {
                "pretext": "ServiceNow says: hello",
                "fallback": "ServiceNow says: hello",
                "mrkdwn_in": [
                    "text",
                    "pretext"
                ]
            }
        ],
        "mrkdwn": true,
        "type": "message",
        "subtype": "bot_message",
        "ts": "1463531686.000020"
    },
    {
        "type": "message",
        "user": "U0E2H2X5G",
        "text": "var gr = new GlideRecord('u_parameters');\ngr.addQuery('u_device',current.sys_id.toString());\nvar obj1 = {};\n\ngr.query();\nwhile(gr.next()) {\n\tobj1[gr.u_name] = gr.u_value;\n}\n\nvar body = new JSON().encode(obj1);",
        "ts": "1463533112.000021"
    },
    {
        "text": "added an integration to this channel: <https:\/\/sndevs.slack.com\/services\/B19N7T340|incoming-webhook>",
        "bot_id": "B19N7T340",
        "type": "message",
        "subtype": "bot_add",
        "user": "U0FA8H53L",
        "ts": "1463534364.000022"
    },
    {
        "user": "U0Y6D2Z8U",
        "type": "message",
        "subtype": "channel_join",
        "text": "<@U0Y6D2Z8U|karaokecraig> has joined the channel",
        "ts": "1463537310.000023"
    },
    {
        "type": "message",
        "user": "U15LF2CTD",
        "text": "<https:\/\/hi.service-now.com\/kb_view.do?sysparm_article=KB0551300>",
        "attachments": [
            {
                "service_name": "ServiceNow Knowledge Base",
                "title": "ServiceNow KB: Making a record producer and catalog item public on a CMS page (KB0551300)",
                "title_link": "https:\/\/hi.service-now.com\/kb_view.do?sysparm_article=KB0551300",
                "text": "Making a record producer and catalog item public on a CMS page. Overview. It is common for users to request that record producers and catalog items be made public on the Content Management System. ...",
                "fallback": "ServiceNow Knowledge Base: ServiceNow KB: Making a record producer and catalog item public on a CMS page (KB0551300)",
                "thumb_url": "https:\/\/hi.service-now.com\/sys_attachment.do?sys_id=ecf48b5c6fd20e0013568e4c2c3ee4d3",
                "ts": 1441868400,
                "from_url": "https:\/\/hi.service-now.com\/kb_view.do?sysparm_article=KB0551300",
                "thumb_width": 826,
                "thumb_height": 362,
                "id": 1
            }
        ],
        "ts": "1463537941.000024"
    },
    {
        "type": "message",
        "user": "U0FA8H53L",
        "text": "Bunch of stuffy account managers and IT execs here...",
        "ts": "1463537994.000026"
    },
    {
        "type": "message",
        "user": "U0FA8H53L",
        "text": "How are things on the home front ?",
        "ts": "1463538012.000027"
    },
    {
        "username": "IFTTT",
        "icons": {
            "image_36": "https:\/\/a.slack-edge.com\/66f9\/img\/services\/ifttt_36.png",
            "image_48": "https:\/\/a.slack-edge.com\/66f9\/img\/services\/ifttt_48.png",
            "image_72": "https:\/\/a.slack-edge.com\/66f9\/img\/services\/ifttt_72.png"
        },
        "attachments": [
            {
                "pretext": "ServiceNow says: hello",
                "fallback": "ServiceNow says: hello",
                "mrkdwn_in": [
                    "text",
                    "pretext"
                ]
            }
        ],
        "mrkdwn": true,
        "type": "message",
        "subtype": "bot_message",
        "ts": "1463538025.000028"
    },
    {
        "type": "message",
        "user": "U15LF2CTD",
        "text": "Well…no stuffy account managers or IT execs...",
        "ts": "1463538047.000029"
    },
    {
        "type": "message",
        "user": "U0Y6QC8NL",
        "text": "im pretty stuffy though.",
        "ts": "1463538057.000030"
    },
    {
        "type": "message",
        "user": "U0E2H2X5G",
        "text": "10.26.224.157",
        "ts": "1463539318.000031"
    },
    {
        "type": "message",
        "subtype": "file_share",
        "text": "<@U0ED7DUBD|dfranko> uploaded a file: <https:\/\/sndevs.slack.com\/files\/dfranko\/F19NFDYSJ\/-.js|Untitled>",
        "file": {
            "id": "F19NFDYSJ",
            "created": 1463539733,
            "timestamp": 1463539733,
            "name": "-.js",
            "title": "Untitled",
            "mimetype": "text\/plain",
            "filetype": "javascript",
            "pretty_type": "JavaScript\/JSON",
            "user": "U0ED7DUBD",
            "editable": true,
            "size": 153,
            "mode": "snippet",
            "is_external": false,
            "external_type": "",
            "is_public": true,
            "public_url_shared": false,
            "display_as_bot": false,
            "username": "",
            "url_private": "https:\/\/files.slack.com\/files-pri\/T0E2AD6AY-F19NFDYSJ\/-.js?t=xoxe-14078448372-167243557781-166475819265-182f5ebf49",
            "url_private_download": "https:\/\/files.slack.com\/files-pri\/T0E2AD6AY-F19NFDYSJ\/download\/-.js?t=xoxe-14078448372-167243557781-166475819265-182f5ebf49",
            "permalink": "https:\/\/sndevs.slack.com\/files\/dfranko\/F19NFDYSJ\/-.js",
            "permalink_public": "https:\/\/slack-files.com\/T0E2AD6AY-F19NFDYSJ-6ef7de17b1",
            "edit_link": "https:\/\/sndevs.slack.com\/files\/dfranko\/F19NFDYSJ\/-.js\/edit",
            "preview": "var caps = {};\r\ncaps.thing = 'stuff';\r\n\r\nvar w = new Workflow();\r\nvar context = w.startFlow('93609f534f18de00b6c878e18110c7d2',current,'Do things',caps);",
            "preview_highlight": "<div class=\"CodeMirror cm-s-default CodeMirrorServer\" oncopy=\"if(event.clipboardData){event.clipboardData.setData('text\/plain',window.getSelection().toString().replace(\/\\u200b\/g,''));event.preventDefault();event.stopPropagation();}\">\n<div class=\"CodeMirror-code\">\n<div><pre><span class=\"cm-keyword\">var<\/span> <span class=\"cm-def\">caps<\/span> <span class=\"cm-operator\">=<\/span> {};<\/pre><\/div>\n<div><pre><span class=\"cm-variable\">caps<\/span>.<span class=\"cm-property\">thing<\/span> <span class=\"cm-operator\">=<\/span> <span class=\"cm-string\">'stuff'<\/span>;<\/pre><\/div>\n<div><pre>&#8203;<\/pre><\/div>\n<div><pre><span class=\"cm-keyword\">var<\/span> <span class=\"cm-def\">w<\/span> <span class=\"cm-operator\">=<\/span> <span class=\"cm-keyword\">new<\/span> <span class=\"cm-variable\">Workflow<\/span>();<\/pre><\/div>\n<div><pre><span class=\"cm-keyword\">var<\/span> <span class=\"cm-def\">context<\/span> <span class=\"cm-operator\">=<\/span> <span class=\"cm-variable\">w<\/span>.<span class=\"cm-property\">startFlow<\/span>(<span class=\"cm-string\">'93609f534f18de00b6c878e18110c7d2'<\/span>,<span class=\"cm-variable\">current<\/span>,<span class=\"cm-string\">'Do things'<\/span>,<span class=\"cm-variable\">caps<\/span>);<\/pre><\/div>\n<\/div>\n<\/div>\n",
            "lines": 5,
            "lines_more": 0,
            "preview_is_truncated": null,
            "channels": [
                "C19MFG0T0"
            ],
            "groups": [],
            "ims": [],
            "comments_count": 0
        },
        "user": "U0ED7DUBD",
        "upload": true,
        "display_as_bot": false,
        "username": "dfranko",
        "bot_id": null,
        "ts": "1463539733.000032"
    },
    {
        "type": "message",
        "subtype": "file_share",
        "text": "<@U0E2H2X5G|abey> uploaded a file: <https:\/\/sndevs.slack.com\/files\/abey\/F19NTJALQ\/the_proxy_for_the_arduino.js|the proxy for the arduino>",
        "file": {
            "id": "F19NTJALQ",
            "created": 1463542788,
            "timestamp": 1463542788,
            "name": "the_proxy_for_the_arduino.js",
            "title": "the proxy for the arduino",
            "mimetype": "text\/plain",
            "filetype": "javascript",
            "pretty_type": "JavaScript\/JSON",
            "user": "U0E2H2X5G",
            "editable": true,
            "size": 633,
            "mode": "snippet",
            "is_external": false,
            "external_type": "",
            "is_public": true,
            "public_url_shared": false,
            "display_as_bot": false,
            "username": "",
            "url_private": "https:\/\/files.slack.com\/files-pri\/T0E2AD6AY-F19NTJALQ\/the_proxy_for_the_arduino.js?t=xoxe-14078448372-167243557781-166475819265-182f5ebf49",
            "url_private_download": "https:\/\/files.slack.com\/files-pri\/T0E2AD6AY-F19NTJALQ\/download\/the_proxy_for_the_arduino.js?t=xoxe-14078448372-167243557781-166475819265-182f5ebf49",
            "permalink": "https:\/\/sndevs.slack.com\/files\/abey\/F19NTJALQ\/the_proxy_for_the_arduino.js",
            "permalink_public": "https:\/\/slack-files.com\/T0E2AD6AY-F19NTJALQ-ee9c1b81a5",
            "edit_link": "https:\/\/sndevs.slack.com\/files\/abey\/F19NTJALQ\/the_proxy_for_the_arduino.js\/edit",
            "preview": "var express = require('express');\r\nvar app = express();\r\nvar request = require('request');\r\n\r\n\r",
            "preview_highlight": "<div class=\"CodeMirror cm-s-default CodeMirrorServer\" oncopy=\"if(event.clipboardData){event.clipboardData.setData('text\/plain',window.getSelection().toString().replace(\/\\u200b\/g,''));event.preventDefault();event.stopPropagation();}\">\n<div class=\"CodeMirror-code\">\n<div><pre><span class=\"cm-keyword\">var<\/span> <span class=\"cm-def\">express<\/span> <span class=\"cm-operator\">=<\/span> <span class=\"cm-variable\">require<\/span>(<span class=\"cm-string\">'express'<\/span>);<\/pre><\/div>\n<div><pre><span class=\"cm-keyword\">var<\/span> <span class=\"cm-def\">app<\/span> <span class=\"cm-operator\">=<\/span> <span class=\"cm-variable\">express<\/span>();<\/pre><\/div>\n<div><pre><span class=\"cm-keyword\">var<\/span> <span class=\"cm-def\">request<\/span> <span class=\"cm-operator\">=<\/span> <span class=\"cm-variable\">require<\/span>(<span class=\"cm-string\">'request'<\/span>);<\/pre><\/div>\n<div><pre>&#8203;<\/pre><\/div>\n<div><pre>&#8203;<\/pre><\/div>\n<\/div>\n<\/div>\n",
            "lines": 29,
            "lines_more": 24,
            "preview_is_truncated": null,
            "channels": [
                "C19MFG0T0"
            ],
            "groups": [],
            "ims": [],
            "comments_count": 0
        },
        "user": "U0E2H2X5G",
        "upload": true,
        "display_as_bot": false,
        "username": "abey",
        "bot_id": null,
        "ts": "1463542789.000033"
    },
    {
        "type": "message",
        "user": "U0FA8H53L",
        "text": "Status update? How are things ?",
        "ts": "1463543766.000034"
    },
    {
        "type": "message",
        "user": "U15LF2CTD",
        "text": "Sleepy",
        "ts": "1463543922.000035"
    },
    {
        "type": "message",
        "user": "U0Y6QC8NL",
        "text": "what she said",
        "ts": "1463544020.000036"
    },
    {
        "type": "message",
        "user": "U15LF2CTD",
        "text": "<@U0FA8H53L>: Just don’t forget your power supply is here!!!",
        "ts": "1463544624.000037"
    },
    {
        "type": "message",
        "user": "U0FA8H53L",
        "text": "I won't! If I do. Could someone grab it? And I can pick it up from whoever tomorrow? I do have an extra one.",
        "ts": "1463545068.000038"
    },
    {
        "type": "message",
        "user": "U15LF2CTD",
        "text": "Yup.  I dunno how long anyone will be here… though.  I think they are demoing at 10 from what they told us...",
        "ts": "1463545113.000039"
    },
    {
        "type": "message",
        "user": "U0FA8H53L",
        "text": "Thanks! Much appreciated. Are you guys able to accomplish what you needed?",
        "ts": "1463545200.000040"
    },
    {
        "type": "message",
        "user": "U15LF2CTD",
        "text": "I think they did…",
        "ts": "1463545234.000041"
    },
    {
        "type": "message",
        "user": "U0FA8H53L",
        "text": "Oh that's great. And it's all thanks to you!",
        "ts": "1463545388.000042"
    },
    {
        "type": "message",
        "user": "U15LF2CTD",
        "text": "Hahaha",
        "ts": "1463545887.000043"
    },
    {
        "type": "message",
        "user": "U0FA8H53L",
        "text": "Good luck tonight guys! I'm rooting for you! Our count manager is taking us up to the Mandalay Bay Tower for more drinks.",
        "ts": "1463545889.000044"
    },
    {
        "type": "message",
        "user": "U15LF2CTD",
        "text": "Lol ok.",
        "ts": "1463545905.000045"
    },
    {
        "type": "message",
        "user": "U0FA8H53L",
        "text": "Tomorrow's not going to be the best days I can feel it. Could someone just grab my charger? And I'll pick it up from one of you tomorrow?",
        "ts": "1463545916.000046"
    },
    {
        "type": "message",
        "user": "U15LF2CTD",
        "text": "Yea, I’ll grab it.",
        "ts": "1463545927.000047"
    },
    {
        "type": "message",
        "user": "U0FA8H53L",
        "text": "Thank you! I'll have a drink in your honor.",
        "ts": "1463545948.000048"
    },
    {
        "type": "message",
        "user": "U15LF2CTD",
        "text": "Haha thanks.",
        "ts": "1463545953.000049"
    },
    {
        "type": "message",
        "user": "U0ED7DUBD",
        "text": "<https:\/\/hackathon010.service-now.com\/com.glideapp.servicecatalog_cat_item_view.do?v=1&amp;sysparm_id=eedeae484f2792007ad2e4928110c797&amp;sysparm_preview=true&amp;sysparm_domain_restore=false&amp;sysparm_stack=no&amp;sysparm_view=mobile>",
        "ts": "1463547053.000050"
    },
    {
        "type": "message",
        "user": "U0Y6QC8NL",
        "text": "try just doign <https:\/\/hackathon010.service-now.com\/com.glideapp.servicecatalog_cat_item_view.do?v=1&amp;sysparm_id=eedeae484f2792007ad2e4928110c797>",
        "ts": "1463547075.000051"
    },
    {
        "type": "message",
        "user": "U0Y6QC8NL",
        "text": "<https:\/\/hackathon010.service-now.com\/com.glideapp.servicecatalog_cat_item_view.do?v=1&amp;sysparm_id=eedeae484f2792007ad2e4928110c797&amp;sysparm_view=Mobile>",
        "ts": "1463547207.000052"
    },
    {
        "type": "message",
        "user": "U15LF2CTD",
        "text": "<https:\/\/hackathon010.service-now.com\/$m.do#\/catalog_producer\/producer\/2809952237b1300054b6a3549dbe5dd4\/Software\/eedeae484f2792007ad2e4928110c797\/\/2809952237b1300054b6a3549dbe5dd4\/Software\/e0d08b13c3330100c8b837659bba8fb4\/Service%2520Catalog>",
        "ts": "1463547346.000053"
    },
    {
        "type": "message",
        "user": "U0FA8H53L",
        "text": "Just tested that on mobile. And let me submit the incident. Should it take me to another record afterwords?",
        "ts": "1463547610.000054"
    },
    {
        "type": "message",
        "user": "U15LF2CTD",
        "text": "No…there’s a ipad here that keeps a running count on the wifi incidents reports…",
        "ts": "1463547678.000055"
    },
    {
        "type": "message",
        "user": "U0FA8H53L",
        "text": "From an end user perspective. It would be cool to at least have an incident record or number available to reference. I know this is only The phone though",
        "ts": "1463547714.000056"
    },
    {
        "type": "message",
        "user": "U0FA8H53L",
        "text": "A pack of fun",
        "ts": "1463547721.000057"
    },
    {
        "type": "message",
        "user": "U0FA8H53L",
        "text": "Lmao sorry. Speak to text isn't very good after drinking. I'll shut up. ",
        "ts": "1463547736.000058"
    },
    {
        "type": "message",
        "user": "U15LF2CTD",
        "text": ":p;",
        "ts": "1463547744.000059"
    },
    {
        "type": "message",
        "user": "U15LF2CTD",
        "text": "wow",
        "ts": "1463547750.000060"
    },
    {
        "type": "message",
        "user": "U15LF2CTD",
        "text": "my typing isn’t very good… meant to be lol",
        "ts": "1463547756.000061"
    },
    {
        "type": "message",
        "user": "U0FA8H53L",
        "text": "1st place??",
        "ts": "1463552545.000062"
    }
]