[
    {
        "user": "U35RGUM08",
        "text": "<@U35RGUM08|vishalpatil> has joined the channel",
        "type": "message",
        "subtype": "channel_join",
        "ts": "1479944799.000003"
    },
    {
        "type": "message",
        "user": "U35RGUM08",
        "text": "Hi",
        "ts": "1479944819.000004"
    },
    {
        "type": "message",
        "user": "U35RGUM08",
        "text": "I want to integrate Slack with ServiceNow, can anybody help me pls?",
        "ts": "1479944845.000005"
    }
]