[
    {
        "type": "message",
        "user": "U34SPJ5LG",
        "text": "anyone else have major issues moving update sets for service portal?",
        "ts": "1480446574.000003"
    },
    {
        "type": "message",
        "user": "U0V9PD50R",
        "text": "not yet, but i know we have a GIANT update set waiting to get moved",
        "ts": "1480446931.000004"
    },
    {
        "type": "message",
        "user": "U34SPJ5LG",
        "text": "From what I can tell, it picks and chooses what it adds to update sets",
        "ts": "1480452736.000005"
    },
    {
        "type": "message",
        "user": "U34SPJ5LG",
        "text": "It appears that it does not automatically log any updates to the tables which define the sp",
        "ts": "1480452768.000006"
    },
    {
        "type": "message",
        "user": "U34SPJ5LG",
        "text": "That has to be manually turned on.",
        "ts": "1480452776.000007"
    },
    {
        "type": "message",
        "user": "U34SPJ5LG",
        "text": "menu, columns, rows, etc",
        "ts": "1480452798.000008"
    },
    {
        "type": "message",
        "user": "U0E96U52M",
        "text": "<@U34SPJ5LG> found the same issue.   i had to force columns, rows, and some widgets for a 150+ updates update set just today",
        "ts": "1480453894.000009"
    },
    {
        "type": "message",
        "user": "U34SPJ5LG",
        "text": "Its so annoying. :disappointed:",
        "ts": "1480453991.000010"
    },
    {
        "type": "message",
        "user": "U34SPJ5LG",
        "text": "I'm gonna make a community post about it, I'll link it here so you all can add your comments and having the same issue flag.",
        "ts": "1480454016.000011"
    },
    {
        "type": "message",
        "user": "U34SPJ5LG",
        "text": "That way they'll fix it faster (hopefully)",
        "ts": "1480454024.000012"
    },
    {
        "type": "message",
        "user": "U0E96U52M",
        "text": "i dont got time today or tomorrow",
        "ts": "1480454047.000013"
    },
    {
        "type": "message",
        "user": "U0E96U52M",
        "text": "but some day",
        "ts": "1480454049.000014"
    },
    {
        "type": "message",
        "user": "U0E96U52M",
        "text": "i'llcomment on it",
        "ts": "1480454052.000015"
    },
    {
        "user": "U14BP2YUD",
        "text": "<@U14BP2YUD|lombardo> has joined the channel",
        "type": "message",
        "subtype": "channel_join",
        "ts": "1480454068.000016"
    },
    {
        "type": "message",
        "user": "U14BP2YUD",
        "text": "Found it lol",
        "ts": "1480454077.000017"
    },
    {
        "type": "message",
        "user": "U34SPJ5LG",
        "text": "No worries, the sooner we get them to pay attention, the better",
        "ts": "1480454078.000018"
    },
    {
        "type": "message",
        "user": "U34SPJ5LG",
        "text": "Hey Mike!",
        "ts": "1480454084.000019"
    },
    {
        "type": "message",
        "user": "U14BP2YUD",
        "text": "Hola",
        "ts": "1480454103.000020"
    },
    {
        "type": "message",
        "user": "U34SPJ5LG",
        "text": "I made a post a while back, but it was vague, so I'll make a more specific post",
        "ts": "1480454104.000021"
    },
    {
        "user": "U2X3224KW",
        "text": "<@U2X3224KW|danpatty> has joined the channel",
        "type": "message",
        "subtype": "channel_join",
        "ts": "1480454468.000022"
    },
    {
        "user": "U2V15S3MF",
        "text": "<@U2V15S3MF|t1mb0b> has joined the channel",
        "type": "message",
        "subtype": "channel_join",
        "ts": "1480454514.000023"
    },
    {
        "type": "message",
        "user": "U34SPJ5LG",
        "text": "<https:\/\/community.servicenow.com\/message\/1047224>",
        "attachments": [
            {
                "title": "Service Portal Update Sets broken! | ServiceNow Community",
                "title_link": "https:\/\/community.servicenow.com\/message\/1047224",
                "text": "Hey SNow guys and gals. I know I'm not the only one who is having this issue, but update sets within the Helsinki release (even most recent patch),",
                "fallback": "Service Portal Update Sets broken! | ServiceNow Community",
                "from_url": "https:\/\/community.servicenow.com\/message\/1047224",
                "service_icon": "https:\/\/community.servicenow.com\/8.0.4.21bdc7e\/themes\/servicenow\/img\/favicon.ico",
                "service_name": "community.servicenow.com",
                "id": 1
            }
        ],
        "ts": "1480454519.000024"
    },
    {
        "type": "message",
        "user": "U34SPJ5LG",
        "text": "There we go",
        "ts": "1480454522.000026"
    },
    {
        "type": "message",
        "subtype": "pinned_item",
        "user": "U34SPJ5LG",
        "item_type": "C",
        "attachments": [
            {
                "title": "Service Portal Update Sets broken! | ServiceNow Community",
                "title_link": "https:\/\/community.servicenow.com\/message\/1047224",
                "text": "Hey SNow guys and gals. I know I'm not the only one who is having this issue, but update sets within the Helsinki release (even most recent patch),",
                "fallback": "Service Portal Update Sets broken! | ServiceNow Community",
                "service_icon": "https:\/\/community.servicenow.com\/8.0.4.21bdc7e\/themes\/servicenow\/img\/favicon.ico",
                "service_name": "community.servicenow.com",
                "id": 1
            }
        ],
        "text": "<@U34SPJ5LG|meia.benitez> pinned a message to this channel.",
        "ts": "1480454591.000027"
    },
    {
        "user": "U104Y4770",
        "text": "<@U104Y4770|robm> has joined the channel",
        "type": "message",
        "subtype": "channel_join",
        "ts": "1480454980.000028"
    },
    {
        "user": "U0ED7DUBD",
        "text": "<@U0ED7DUBD|dfranko> has joined the channel",
        "type": "message",
        "subtype": "channel_join",
        "ts": "1480455239.000029"
    },
    {
        "type": "message",
        "user": "U34SPJ5LG",
        "text": "welcome. :slightly_smiling_face:",
        "ts": "1480456562.000030"
    },
    {
        "type": "message",
        "subtype": "file_share",
        "text": "<@U0ED7DUBD|dfranko> uploaded a file: <https:\/\/sndevs.slack.com\/files\/dfranko\/F395MAH8E\/pasted_image_at_2016_11_29_04_58_pm.png|Portal> and commented: Been working on an interesting POC where I had to make Bootstrap look like Foundation.",
        "file": {
            "id": "F395MAH8E",
            "created": 1480456749,
            "timestamp": 1480456749,
            "name": "Pasted image at 2016_11_29 04_58 PM.png",
            "title": "Portal",
            "mimetype": "image\/png",
            "filetype": "png",
            "pretty_type": "PNG",
            "user": "U0ED7DUBD",
            "editable": false,
            "size": 362653,
            "mode": "hosted",
            "is_external": false,
            "external_type": "",
            "is_public": true,
            "public_url_shared": false,
            "display_as_bot": false,
            "username": "",
            "url_private": "https:\/\/files.slack.com\/files-pri\/T0E2AD6AY-F395MAH8E\/pasted_image_at_2016_11_29_04_58_pm.png?t=xoxe-14078448372-167243557781-166475819265-182f5ebf49",
            "url_private_download": "https:\/\/files.slack.com\/files-pri\/T0E2AD6AY-F395MAH8E\/download\/pasted_image_at_2016_11_29_04_58_pm.png?t=xoxe-14078448372-167243557781-166475819265-182f5ebf49",
            "thumb_64": "https:\/\/files.slack.com\/files-tmb\/T0E2AD6AY-F395MAH8E-115313b9b6\/pasted_image_at_2016_11_29_04_58_pm_64.png?t=xoxe-14078448372-167243557781-166475819265-182f5ebf49",
            "thumb_80": "https:\/\/files.slack.com\/files-tmb\/T0E2AD6AY-F395MAH8E-115313b9b6\/pasted_image_at_2016_11_29_04_58_pm_80.png?t=xoxe-14078448372-167243557781-166475819265-182f5ebf49",
            "thumb_360": "https:\/\/files.slack.com\/files-tmb\/T0E2AD6AY-F395MAH8E-115313b9b6\/pasted_image_at_2016_11_29_04_58_pm_360.png?t=xoxe-14078448372-167243557781-166475819265-182f5ebf49",
            "thumb_360_w": 360,
            "thumb_360_h": 147,
            "thumb_480": "https:\/\/files.slack.com\/files-tmb\/T0E2AD6AY-F395MAH8E-115313b9b6\/pasted_image_at_2016_11_29_04_58_pm_480.png?t=xoxe-14078448372-167243557781-166475819265-182f5ebf49",
            "thumb_480_w": 480,
            "thumb_480_h": 197,
            "thumb_160": "https:\/\/files.slack.com\/files-tmb\/T0E2AD6AY-F395MAH8E-115313b9b6\/pasted_image_at_2016_11_29_04_58_pm_160.png?t=xoxe-14078448372-167243557781-166475819265-182f5ebf49",
            "thumb_720": "https:\/\/files.slack.com\/files-tmb\/T0E2AD6AY-F395MAH8E-115313b9b6\/pasted_image_at_2016_11_29_04_58_pm_720.png?t=xoxe-14078448372-167243557781-166475819265-182f5ebf49",
            "thumb_720_w": 720,
            "thumb_720_h": 295,
            "thumb_960": "https:\/\/files.slack.com\/files-tmb\/T0E2AD6AY-F395MAH8E-115313b9b6\/pasted_image_at_2016_11_29_04_58_pm_960.png?t=xoxe-14078448372-167243557781-166475819265-182f5ebf49",
            "thumb_960_w": 960,
            "thumb_960_h": 393,
            "thumb_1024": "https:\/\/files.slack.com\/files-tmb\/T0E2AD6AY-F395MAH8E-115313b9b6\/pasted_image_at_2016_11_29_04_58_pm_1024.png?t=xoxe-14078448372-167243557781-166475819265-182f5ebf49",
            "thumb_1024_w": 1024,
            "thumb_1024_h": 419,
            "image_exif_rotation": 1,
            "original_w": 1211,
            "original_h": 496,
            "permalink": "https:\/\/sndevs.slack.com\/files\/dfranko\/F395MAH8E\/pasted_image_at_2016_11_29_04_58_pm.png",
            "permalink_public": "https:\/\/slack-files.com\/T0E2AD6AY-F395MAH8E-74fe438049",
            "channels": [
                "C36D45F60"
            ],
            "groups": [],
            "ims": [],
            "comments_count": 1,
            "initial_comment": {
                "id": "Fc37PT2JBA",
                "created": 1480456749,
                "timestamp": 1480456749,
                "user": "U0ED7DUBD",
                "is_intro": true,
                "comment": "Been working on an interesting POC where I had to make Bootstrap look like Foundation.",
                "channel": ""
            },
            "reactions": [
                {
                    "name": "the_horns",
                    "users": [
                        "U2V15S3MF",
                        "U34SPJ5LG",
                        "U3688E6MQ",
                        "U235A44S0",
                        "U0V9PD50R"
                    ],
                    "count": 5
                }
            ]
        },
        "user": "U0ED7DUBD",
        "upload": true,
        "display_as_bot": false,
        "username": "dfranko",
        "bot_id": null,
        "ts": "1480456753.000031"
    },
    {
        "type": "message",
        "user": "U34SPJ5LG",
        "text": "Very cool.",
        "ts": "1480457011.000032"
    }
]