[
    {
        "type": "message",
        "user": "U0KA6CNR0",
        "text": "Folks, anyone here know of any resources for developed widgets, besides the share repository?",
        "ts": "1482854145.000659"
    },
    {
        "type": "message",
        "user": "U0V9PD50R",
        "text": "i think people are keeping them close...lol",
        "ts": "1482855206.000660"
    },
    {
        "type": "message",
        "user": "U0V9PD50R",
        "text": "and a lot of the times, they can be pretty specific to a instance",
        "ts": "1482855257.000661"
    },
    {
        "type": "message",
        "user": "U0V9PD50R",
        "text": "like a lot of the ones i am working on currently, won't wor on other instances because there' so much specific stuff in them...lol",
        "ts": "1482855421.000662"
    },
    {
        "type": "message",
        "user": "U0KA6CNR0",
        "text": "thats what i've found so far, but it seems that a lot of us are creating, and recreating similar content, its a shame to not have the code-base to piggyback off of.",
        "ts": "1482856118.000663"
    },
    {
        "type": "message",
        "user": "U0V9PD50R",
        "text": "i guess my problem is, i'm not sure what i'm allowed to share...like we build custom stuff for people, but i don't know if i'm allowed to talk about it or share it or what...i mean i could provide help, but i'm not sure about code...",
        "ts": "1482856407.000664"
    },
    {
        "type": "message",
        "user": "U0KA6CNR0",
        "text": "yeah, thats the exact issue.",
        "ts": "1482857482.000665"
    },
    {
        "type": "message",
        "user": "U0KA6CNR0",
        "text": "i have items i've created, but.. its not really mine to share",
        "ts": "1482857493.000666",
        "reactions": [
            {
                "name": "thinking_face",
                "users": [
                    "U3KQA8KA4"
                ],
                "count": 1
            }
        ]
    },
    {
        "type": "message",
        "user": "U0V9PD50R",
        "text": "totally",
        "ts": "1482857514.000667"
    }
]