[
    {
        "type": "message",
        "user": "U0ED7DUBD",
        "text": "So, still looking at my problem above.  Can you actually invoke a widget from a client script?",
        "ts": "1481125176.000093"
    },
    {
        "type": "message",
        "user": "U0ED7DUBD",
        "text": "I thought I could use jQuery or angular.element and just create a modal that way, but neither is available in client scripts it seems.",
        "ts": "1481125205.000094"
    },
    {
        "type": "message",
        "user": "U34SPJ5LG",
        "text": "I make widgets using the chat button all the time. It lets me call the client script",
        "ts": "1481126286.000095"
    },
    {
        "type": "message",
        "user": "U34SPJ5LG",
        "text": "Depends on if it uses a JS function to invoke methinks.",
        "ts": "1481126313.000096"
    },
    {
        "type": "message",
        "subtype": "file_share",
        "text": "<@U0ED7DUBD|dfranko> uploaded a file: <https:\/\/sndevs.slack.com\/files\/dfranko\/F3B4HP6CR\/onchange_client_script.js|onChange client script> and commented: So, I'm trying to do something like this in a catalog item.",
        "file": {
            "id": "F3B4HP6CR",
            "created": 1481126460,
            "timestamp": 1481126460,
            "name": "onChange_client_script.js",
            "title": "onChange client script",
            "mimetype": "text\/plain",
            "filetype": "javascript",
            "pretty_type": "JavaScript\/JSON",
            "user": "U0ED7DUBD",
            "editable": true,
            "size": 751,
            "mode": "snippet",
            "is_external": false,
            "external_type": "",
            "is_public": true,
            "public_url_shared": false,
            "display_as_bot": false,
            "username": "",
            "url_private": "https:\/\/files.slack.com\/files-pri\/T0E2AD6AY-F3B4HP6CR\/onchange_client_script.js?t=xoxe-14078448372-167243557781-166475819265-182f5ebf49",
            "url_private_download": "https:\/\/files.slack.com\/files-pri\/T0E2AD6AY-F3B4HP6CR\/download\/onchange_client_script.js?t=xoxe-14078448372-167243557781-166475819265-182f5ebf49",
            "permalink": "https:\/\/sndevs.slack.com\/files\/dfranko\/F3B4HP6CR\/onchange_client_script.js",
            "permalink_public": "https:\/\/slack-files.com\/T0E2AD6AY-F3B4HP6CR-19e857b973",
            "edit_link": "https:\/\/sndevs.slack.com\/files\/dfranko\/F3B4HP6CR\/onchange_client_script.js\/edit",
            "preview": "\ttry{\r\n\t\tg = new GlideModal();\r\n\t\tg.renderWithContent('<h1>Yeah<\/h1>');\r\n\t}\r\n\tcatch(err){\r",
            "preview_highlight": "<div class=\"CodeMirror cm-s-default CodeMirrorServer\" oncopy=\"if(event.clipboardData){event.clipboardData.setData('text\/plain',window.getSelection().toString().replace(\/\\u200b\/g,''));event.preventDefault();event.stopPropagation();}\">\n<div class=\"CodeMirror-code\">\n<div><pre>\t<span class=\"cm-keyword\">try<\/span>{<\/pre><\/div>\n<div><pre>\t\t<span class=\"cm-variable\">g<\/span> <span class=\"cm-operator\">=<\/span> <span class=\"cm-keyword\">new<\/span> <span class=\"cm-variable\">GlideModal<\/span>();<\/pre><\/div>\n<div><pre>\t\t<span class=\"cm-variable\">g<\/span>.<span class=\"cm-property\">renderWithContent<\/span>(<span class=\"cm-string\">'&lt;h1&gt;Yeah&lt;\/h1&gt;'<\/span>);<\/pre><\/div>\n<div><pre>\t}<\/pre><\/div>\n<div><pre>\t<span class=\"cm-keyword\">catch<\/span>(<span class=\"cm-def\">err<\/span>){<\/pre><\/div>\n<\/div>\n<\/div>\n",
            "lines": 7,
            "lines_more": 2,
            "preview_is_truncated": false,
            "channels": [
                "C36D45F60"
            ],
            "groups": [],
            "ims": [],
            "comments_count": 1,
            "initial_comment": {
                "id": "Fc3B4HPDH7",
                "created": 1481126460,
                "timestamp": 1481126460,
                "user": "U0ED7DUBD",
                "is_intro": true,
                "comment": "So, I'm trying to do something like this in a catalog item.",
                "channel": ""
            }
        },
        "user": "U0ED7DUBD",
        "upload": true,
        "display_as_bot": false,
        "username": "dfranko",
        "bot_id": null,
        "ts": "1481126461.000097"
    },
    {
        "type": "message",
        "user": "U1R3SELAE",
        "text": "Wht you want to do in model window?",
        "ts": "1481131464.000098"
    },
    {
        "type": "message",
        "user": "U0V9PD50R",
        "text": "angular.element is most definitely available and i think jQuery is too...",
        "ts": "1481134458.000099"
    },
    {
        "type": "message",
        "user": "U0V9PD50R",
        "text": "i messed around with both...",
        "ts": "1481134466.000100"
    },
    {
        "type": "message",
        "user": "U0V9PD50R",
        "text": "`setTimeout(function(){ $(\"#\"+c.data.nextFocus).focus(); }, 1);` in my client script and it works...",
        "ts": "1481134584.000101"
    },
    {
        "type": "message",
        "user": "U0V9PD50R",
        "text": "and i had been using angular.element, i think i could probably go back once i realized how `$timeout` works",
        "ts": "1481134623.000102"
    },
    {
        "type": "message",
        "user": "U0V9PD50R",
        "text": "i just never changed my code because it was working...",
        "ts": "1481134633.000103"
    },
    {
        "type": "message",
        "user": "U0V9PD50R",
        "text": "angular.element uses jqlite, so it won't do everything jquery can do, and i think there's a timing issue when using either...that's why stuff starts working after using setTimeout or $timeout",
        "ts": "1481134758.000104"
    },
    {
        "type": "message",
        "user": "U0ED7DUBD",
        "text": "They’re available, but not in client scripts.",
        "ts": "1481135875.000105"
    },
    {
        "type": "message",
        "user": "U0ED7DUBD",
        "text": "I wanted a modal window because I had to show a lot of text, but I found a different way to go about it.",
        "ts": "1481135895.000106"
    },
    {
        "type": "message",
        "user": "U0ED7DUBD",
        "text": "Oh, you have to use setTimeout...",
        "ts": "1481135928.000107"
    },
    {
        "type": "message",
        "user": "U0V9PD50R",
        "text": "are you talking client scripts for widgets?",
        "ts": "1481136093.000108"
    },
    {
        "type": "message",
        "user": "U0V9PD50R",
        "text": "or like client script outside service portal?",
        "ts": "1481136102.000109"
    },
    {
        "type": "message",
        "user": "U0ED7DUBD",
        "text": "Like, a catalog client script that I want to work inside and outside of the portal.",
        "ts": "1481136166.000110"
    },
    {
        "type": "message",
        "user": "U0ED7DUBD",
        "text": "On an item.",
        "ts": "1481136180.000111"
    },
    {
        "type": "message",
        "user": "U0V9PD50R",
        "text": "ahhh...yeah",
        "ts": "1481136181.000112"
    },
    {
        "type": "message",
        "user": "U0V9PD50R",
        "text": "then you'd have to build something i think trough a ui macro, which can use both",
        "ts": "1481136202.000113"
    },
    {
        "type": "message",
        "user": "U0ED7DUBD",
        "text": "Except UI macros don’t work on the service portal :disappointed:",
        "ts": "1481136235.000114"
    },
    {
        "type": "message",
        "user": "U0ED7DUBD",
        "text": "I have a solution for my current problem, but I can see this coming up again.",
        "ts": "1481136257.000115"
    },
    {
        "type": "message",
        "user": "U0V9PD50R",
        "text": "nope...there's easy cross between...lol",
        "ts": "1481136271.000116"
    },
    {
        "type": "message",
        "user": "U0V9PD50R",
        "text": "the project i'm on is basically us rebuilding everything for SP...specifically anything that doesn't work out of box...so anything catalog item with components that don't work (ui macros, sections, etc)",
        "ts": "1481137073.000117"
    },
    {
        "type": "message",
        "user": "U0V9PD50R",
        "text": "it's brutal",
        "ts": "1481137077.000118"
    },
    {
        "type": "message",
        "user": "U0KA6CNR0",
        "text": "ok, so its not just my engagements that are being required to rebuild everything in SP....",
        "ts": "1481137113.000119"
    },
    {
        "type": "message",
        "user": "U0KA6CNR0",
        "text": "phew..",
        "ts": "1481137115.000120"
    },
    {
        "type": "message",
        "user": "U0V9PD50R",
        "text": "hahaha probably not...i bet there's a lot of it going on out there...",
        "ts": "1481137135.000121"
    },
    {
        "type": "message",
        "user": "U0KA6CNR0",
        "text": "i think that was the plan - release an alpha state project, and have consultants build out everything thats broken or nonexistent.",
        "ts": "1481137166.000122"
    },
    {
        "type": "message",
        "user": "U0V9PD50R",
        "text": "i believe that is correct, we build it, they [SN] use it in a future release...lol",
        "ts": "1481137197.000123"
    },
    {
        "type": "message",
        "user": "U235A44S0",
        "text": "If you build it, they will scrape it",
        "ts": "1481142527.000124"
    },
    {
        "type": "message",
        "user": "U34SPJ5LG",
        "text": "lol",
        "ts": "1481144533.000125"
    },
    {
        "type": "message",
        "user": "U34SPJ5LG",
        "text": "They can take my data tables fix if they implement it in the next patch. I'll hand them the code.",
        "ts": "1481144581.000126"
    },
    {
        "type": "message",
        "user": "U34SPJ5LG",
        "text": "Its annoying to have to import it every time. :disappointed:",
        "ts": "1481144587.000127"
    },
    {
        "type": "message",
        "user": "U0V9PD50R",
        "text": "i don't mind either, but would like credit...lol",
        "ts": "1481146938.000128"
    },
    {
        "type": "message",
        "user": "U34SPJ5LG",
        "text": "Yeah, that would be preferable.",
        "ts": "1481150885.000129"
    }
]