[
    {
        "user": "U34SPJ5LG",
        "text": "<@U34SPJ5LG|meia.benitez> has joined the channel",
        "type": "message",
        "subtype": "channel_join",
        "ts": "1479916065.000002"
    },
    {
        "user": "U34SPJ5LG",
        "purpose": "Questions and answers for the CMS and SP people",
        "text": "<@U34SPJ5LG|meia.benitez> set the channel purpose: Questions and answers for the CMS and SP people",
        "type": "message",
        "subtype": "channel_purpose",
        "ts": "1479916065.000003"
    },
    {
        "type": "message",
        "user": "U34SPJ5LG",
        "text": "Made this since I'm having issues getting my cms and service portal stuff answered. Its getting lost",
        "ts": "1479916141.000004"
    },
    {
        "type": "message",
        "user": "U34SPJ5LG",
        "text": "Anyone have any idea on how to do language translations on widget variables coming in from the widget instance\/menu\/etc. The Service Portal OOB menu doesn't translate with the internationalization plugin, and the identical text translates elsewhere so its not lack of translation. Its driving me mad.\n\nThe internationalization information on the github and the community only applies to strings. :disappointed_relieved:",
        "ts": "1479916151.000005"
    },
    {
        "user": "U1ALM3K24",
        "text": "<@U1ALM3K24|wismith> has joined the channel",
        "type": "message",
        "subtype": "channel_join",
        "ts": "1479916247.000006"
    },
    {
        "user": "U235A44S0",
        "text": "<@U235A44S0|kmeldridge> has joined the channel",
        "type": "message",
        "subtype": "channel_join",
        "ts": "1479916377.000007"
    },
    {
        "user": "U0V9PD50R",
        "inviter": "U1ALM3K24",
        "text": "<@U0V9PD50R|jmerchant> has joined the channel",
        "type": "message",
        "subtype": "channel_join",
        "ts": "1479916399.000008"
    },
    {
        "type": "message",
        "user": "U34SPJ5LG",
        "text": "yay welcome.",
        "ts": "1479917756.000009"
    },
    {
        "user": "U0E96U52M",
        "inviter": "U235A44S0",
        "text": "<@U0E96U52M|jace> has joined the channel",
        "type": "message",
        "subtype": "channel_join",
        "ts": "1479918842.000010"
    },
    {
        "user": "U354EBASC",
        "inviter": "U34SPJ5LG",
        "text": "<@U354EBASC|andlaw> has joined the channel",
        "type": "message",
        "subtype": "channel_join",
        "ts": "1479924373.000011"
    },
    {
        "user": "U0VRZSSPQ",
        "inviter": "U34SPJ5LG",
        "text": "<@U0VRZSSPQ|toptanti> has joined the channel",
        "type": "message",
        "subtype": "channel_join",
        "ts": "1479924373.000012"
    },
    {
        "type": "message",
        "user": "U0E96U52M",
        "text": "This room new?",
        "ts": "1479924490.000013"
    },
    {
        "type": "message",
        "user": "U235A44S0",
        "text": "Yes. <@U34SPJ5LG> created this just today",
        "edited": {
            "user": "U235A44S0",
            "ts": "1479926352.000000"
        },
        "ts": "1479926345.000014"
    },
    {
        "type": "message",
        "user": "U0V9PD50R",
        "text": "i have an API question...for client side scripting",
        "ts": "1479927060.000016"
    },
    {
        "type": "message",
        "user": "U0V9PD50R",
        "text": "can i ask here or should i ask in <#C0E2G2681|general> ?",
        "ts": "1479927081.000017"
    },
    {
        "type": "message",
        "user": "U0E96U52M",
        "text": "ask in all the places",
        "ts": "1479927092.000018"
    },
    {
        "type": "message",
        "user": "U0V9PD50R",
        "text": "ooohhhh",
        "ts": "1479927098.000019"
    },
    {
        "type": "message",
        "user": "U0V9PD50R",
        "text": "lol",
        "ts": "1479927100.000020"
    },
    {
        "type": "message",
        "user": "U0V9PD50R",
        "text": "so on a `PUT`, i supply `data` right",
        "ts": "1479927116.000021"
    },
    {
        "type": "message",
        "user": "U0V9PD50R",
        "text": "can i use a variable as the field?",
        "ts": "1479927130.000022"
    },
    {
        "type": "message",
        "user": "U0V9PD50R",
        "text": "so `data: {fieldVariable:valueVariable}`",
        "ts": "1479927168.000023"
    },
    {
        "type": "message",
        "user": "U0V9PD50R",
        "text": "does that work?",
        "ts": "1479927178.000024"
    },
    {
        "type": "message",
        "user": "U0V9PD50R",
        "text": "like currently the variable doesn't get a different color, so it's throwing me off if it's actually seeing it as a variable",
        "ts": "1479927205.000025"
    },
    {
        "type": "message",
        "user": "U0E96U52M",
        "text": "like using the table api ",
        "ts": "1479927266.000026"
    },
    {
        "type": "message",
        "user": "U0E96U52M",
        "text": "to set a catalog item variable?",
        "ts": "1479927272.000027"
    },
    {
        "type": "message",
        "subtype": "file_share",
        "text": "<@U0V9PD50R|jmerchant> uploaded a file: <https:\/\/sndevs.slack.com\/files\/jmerchant\/F36DTV1NW\/-.js|Untitled>",
        "file": {
            "id": "F36DTV1NW",
            "created": 1479927350,
            "timestamp": 1479927350,
            "name": "-.js",
            "title": "Untitled",
            "mimetype": "text\/plain",
            "filetype": "javascript",
            "pretty_type": "JavaScript\/JSON",
            "user": "U0V9PD50R",
            "editable": true,
            "size": 181,
            "mode": "snippet",
            "is_external": false,
            "external_type": "",
            "is_public": true,
            "public_url_shared": false,
            "display_as_bot": false,
            "username": "",
            "url_private": "https:\/\/files.slack.com\/files-pri\/T0E2AD6AY-F36DTV1NW\/-.js?t=xoxe-14078448372-167243557781-166475819265-182f5ebf49",
            "url_private_download": "https:\/\/files.slack.com\/files-pri\/T0E2AD6AY-F36DTV1NW\/download\/-.js?t=xoxe-14078448372-167243557781-166475819265-182f5ebf49",
            "permalink": "https:\/\/sndevs.slack.com\/files\/jmerchant\/F36DTV1NW\/-.js",
            "permalink_public": "https:\/\/slack-files.com\/T0E2AD6AY-F36DTV1NW-b8d08918fe",
            "edit_link": "https:\/\/sndevs.slack.com\/files\/jmerchant\/F36DTV1NW\/-.js\/edit",
            "preview": "$http({\r\n\t\t\tmethod: 'PUT',\r\n\t\t\turl: '\/api\/now\/table\/'+c.data.table+'\/'+recordId,\r\n\t\t\theaders: {\"Content-Type\": \"application\/json;charset=UTF-8\"},\r\n\t\t\tdata: {\r",
            "preview_highlight": "<div class=\"CodeMirror cm-s-default CodeMirrorServer\" oncopy=\"if(event.clipboardData){event.clipboardData.setData('text\/plain',window.getSelection().toString().replace(\/\\u200b\/g,''));event.preventDefault();event.stopPropagation();}\">\n<div class=\"CodeMirror-code\">\n<div><pre><span class=\"cm-variable\">$http<\/span>({<\/pre><\/div>\n<div><pre>\t\t\t<span class=\"cm-property\">method<\/span>: <span class=\"cm-string\">'PUT'<\/span>,<\/pre><\/div>\n<div><pre>\t\t\t<span class=\"cm-property\">url<\/span>: <span class=\"cm-string\">'\/api\/now\/table\/'<\/span><span class=\"cm-operator\">+<\/span><span class=\"cm-variable\">c<\/span>.<span class=\"cm-property\">data<\/span>.<span class=\"cm-property\">table<\/span><span class=\"cm-operator\">+<\/span><span class=\"cm-string\">'\/'<\/span><span class=\"cm-operator\">+<\/span><span class=\"cm-variable\">recordId<\/span>,<\/pre><\/div>\n<div><pre>\t\t\t<span class=\"cm-property\">headers<\/span>: {<span class=\"cm-string cm-property\">&quot;Content-Type&quot;<\/span>: <span class=\"cm-string\">&quot;application\/json;charset=UTF-8&quot;<\/span>},<\/pre><\/div>\n<div><pre>\t\t\t<span class=\"cm-property\">data<\/span>: {<\/pre><\/div>\n<\/div>\n<\/div>\n",
            "lines": 7,
            "lines_more": 2,
            "preview_is_truncated": false,
            "channels": [
                "C36D45F60"
            ],
            "groups": [],
            "ims": [],
            "comments_count": 2
        },
        "user": "U0V9PD50R",
        "upload": true,
        "display_as_bot": false,
        "username": "jmerchant",
        "bot_id": null,
        "ts": "1479927351.000028"
    },
    {
        "type": "message",
        "user": "U0V9PD50R",
        "text": "the \"field\" in data",
        "ts": "1479927359.000029"
    },
    {
        "type": "message",
        "user": "U0V9PD50R",
        "text": "that's a variable",
        "ts": "1479927367.000030"
    },
    {
        "type": "message",
        "user": "U0E96U52M",
        "text": "ah",
        "ts": "1479927388.000031"
    },
    {
        "type": "message",
        "user": "U235A44S0",
        "text": "`field` is a variable?",
        "ts": "1479927392.000032"
    },
    {
        "type": "message",
        "user": "U235A44S0",
        "text": "Oh, nm",
        "ts": "1479927396.000033"
    },
    {
        "type": "message",
        "user": "U0E96U52M",
        "text": "you need to do square bracket notation",
        "ts": "1479927398.000034"
    },
    {
        "type": "message",
        "user": "U235A44S0",
        "text": "you answered that already",
        "ts": "1479927401.000035"
    },
    {
        "type": "message",
        "user": "U0V9PD50R",
        "text": "ahhh",
        "ts": "1479927408.000036"
    },
    {
        "type": "message",
        "user": "U0E96U52M",
        "text": "so data[field] = newVal",
        "ts": "1479927408.000037"
    },
    {
        "type": "message",
        "user": "U0E96U52M",
        "text": "then if field = 'jace_was_here'",
        "ts": "1479927420.000038"
    },
    {
        "type": "message",
        "user": "U0E96U52M",
        "text": "you'd have ",
        "ts": "1479927449.000039"
    },
    {
        "type": "message",
        "user": "U0E96U52M",
        "text": "```",
        "ts": "1479927449.000040"
    },
    {
        "type": "message",
        "user": "U0E96U52M",
        "text": "data: {",
        "ts": "1479927449.000041"
    },
    {
        "type": "message",
        "user": "U0E96U52M",
        "text": " jace_was_here: newVal",
        "ts": "1479927449.000042"
    },
    {
        "type": "message",
        "user": "U0E96U52M",
        "text": "}",
        "ts": "1479927449.000043"
    },
    {
        "type": "message",
        "user": "U0E96U52M",
        "text": "well i can't type",
        "ts": "1479927455.000044"
    },
    {
        "type": "message",
        "user": "U0E96U52M",
        "text": "but you get my poinbt",
        "ts": "1479927458.000045"
    },
    {
        "type": "message",
        "user": "U0V9PD50R",
        "text": "wait so how would it look in the above code?",
        "ts": "1479927460.000046"
    },
    {
        "type": "message",
        "subtype": "file_comment",
        "text": "<@U0E96U52M|jace> commented on <@U0V9PD50R|jmerchant>’s file <https:\/\/sndevs.slack.com\/files\/jmerchant\/F36DTV1NW\/-.js|Untitled>: ```$http({\n\t\t\tmethod: 'PUT',\n\t\t\turl: '\/api\/now\/table\/'+c.data.table+'\/'+recordId,\n\t\t\theaders: {\"Content-Type\": \"application\/json;charset=UTF-8\"},\n\t\t\t\/\/data: {\n\t\t\t\/\/\tfield:newVal\n\t\t\t\/\/}\n            data[field] = newVal\n});",
        "file": {
            "id": "F36DTV1NW",
            "created": 1479927350,
            "timestamp": 1479927350,
            "name": "-.js",
            "title": "Untitled",
            "mimetype": "text\/plain",
            "filetype": "javascript",
            "pretty_type": "JavaScript\/JSON",
            "user": "U0V9PD50R",
            "editable": true,
            "size": 181,
            "mode": "snippet",
            "is_external": false,
            "external_type": "",
            "is_public": true,
            "public_url_shared": false,
            "display_as_bot": false,
            "username": "",
            "url_private": "https:\/\/files.slack.com\/files-pri\/T0E2AD6AY-F36DTV1NW\/-.js?t=xoxe-14078448372-167243557781-166475819265-182f5ebf49",
            "url_private_download": "https:\/\/files.slack.com\/files-pri\/T0E2AD6AY-F36DTV1NW\/download\/-.js?t=xoxe-14078448372-167243557781-166475819265-182f5ebf49",
            "permalink": "https:\/\/sndevs.slack.com\/files\/jmerchant\/F36DTV1NW\/-.js",
            "permalink_public": "https:\/\/slack-files.com\/T0E2AD6AY-F36DTV1NW-b8d08918fe",
            "edit_link": "https:\/\/sndevs.slack.com\/files\/jmerchant\/F36DTV1NW\/-.js\/edit",
            "preview": "$http({\r\n\t\t\tmethod: 'PUT',\r\n\t\t\turl: '\/api\/now\/table\/'+c.data.table+'\/'+recordId,\r\n\t\t\theaders: {\"Content-Type\": \"application\/json;charset=UTF-8\"},\r\n\t\t\tdata: {\r",
            "preview_highlight": "<div class=\"CodeMirror cm-s-default CodeMirrorServer\" oncopy=\"if(event.clipboardData){event.clipboardData.setData('text\/plain',window.getSelection().toString().replace(\/\\u200b\/g,''));event.preventDefault();event.stopPropagation();}\">\n<div class=\"CodeMirror-code\">\n<div><pre><span class=\"cm-variable\">$http<\/span>({<\/pre><\/div>\n<div><pre>\t\t\t<span class=\"cm-property\">method<\/span>: <span class=\"cm-string\">'PUT'<\/span>,<\/pre><\/div>\n<div><pre>\t\t\t<span class=\"cm-property\">url<\/span>: <span class=\"cm-string\">'\/api\/now\/table\/'<\/span><span class=\"cm-operator\">+<\/span><span class=\"cm-variable\">c<\/span>.<span class=\"cm-property\">data<\/span>.<span class=\"cm-property\">table<\/span><span class=\"cm-operator\">+<\/span><span class=\"cm-string\">'\/'<\/span><span class=\"cm-operator\">+<\/span><span class=\"cm-variable\">recordId<\/span>,<\/pre><\/div>\n<div><pre>\t\t\t<span class=\"cm-property\">headers<\/span>: {<span class=\"cm-string cm-property\">&quot;Content-Type&quot;<\/span>: <span class=\"cm-string\">&quot;application\/json;charset=UTF-8&quot;<\/span>},<\/pre><\/div>\n<div><pre>\t\t\t<span class=\"cm-property\">data<\/span>: {<\/pre><\/div>\n<\/div>\n<\/div>\n",
            "lines": 7,
            "lines_more": 2,
            "preview_is_truncated": false,
            "channels": [
                "C36D45F60"
            ],
            "groups": [],
            "ims": [],
            "comments_count": 2
        },
        "comment": {
            "id": "Fc36G37TPE",
            "created": 1479927498,
            "timestamp": 1479927498,
            "user": "U0E96U52M",
            "is_intro": false,
            "comment": "```$http({\n\t\t\tmethod: 'PUT',\n\t\t\turl: '\/api\/now\/table\/'+c.data.table+'\/'+recordId,\n\t\t\theaders: {\"Content-Type\": \"application\/json;charset=UTF-8\"},\n\t\t\t\/\/data: {\n\t\t\t\/\/\tfield:newVal\n\t\t\t\/\/}\n            data[field] = newVal\n});",
            "channel": ""
        },
        "is_intro": false,
        "ts": "1479927497.000047"
    },
    {
        "type": "message",
        "user": "U0E96U52M",
        "text": "hmm",
        "ts": "1479927505.000048"
    },
    {
        "type": "message",
        "user": "U0E96U52M",
        "text": "but",
        "ts": "1479927507.000049"
    },
    {
        "type": "message",
        "user": "U0E96U52M",
        "text": "its in a function",
        "ts": "1479927516.000050"
    },
    {
        "type": "message",
        "user": "U0V9PD50R",
        "text": "yeah that doesn't work like that",
        "ts": "1479927525.000051"
    },
    {
        "type": "message",
        "user": "U0E96U52M",
        "text": "do you hvae \"field\" defined outside of the function?",
        "ts": "1479927527.000052"
    },
    {
        "type": "message",
        "subtype": "file_comment",
        "text": "<@U0E96U52M|jace> commented on <@U0V9PD50R|jmerchant>’s file <https:\/\/sndevs.slack.com\/files\/jmerchant\/F36DTV1NW\/-.js|Untitled>: $http({\n            method: 'PUT',\n            url: '\/api\/now\/table\/'+c.data.table+'\/'+recordId,\n            headers: {\"Content-Type\": \"application\/json;charset=UTF-8\"},\n            \/\/data: {\n            \/\/    field:newVal\n            \/\/}\n           data[field]: newVal\n});```",
        "file": {
            "id": "F36DTV1NW",
            "created": 1479927350,
            "timestamp": 1479927350,
            "name": "-.js",
            "title": "Untitled",
            "mimetype": "text\/plain",
            "filetype": "javascript",
            "pretty_type": "JavaScript\/JSON",
            "user": "U0V9PD50R",
            "editable": true,
            "size": 181,
            "mode": "snippet",
            "is_external": false,
            "external_type": "",
            "is_public": true,
            "public_url_shared": false,
            "display_as_bot": false,
            "username": "",
            "url_private": "https:\/\/files.slack.com\/files-pri\/T0E2AD6AY-F36DTV1NW\/-.js?t=xoxe-14078448372-167243557781-166475819265-182f5ebf49",
            "url_private_download": "https:\/\/files.slack.com\/files-pri\/T0E2AD6AY-F36DTV1NW\/download\/-.js?t=xoxe-14078448372-167243557781-166475819265-182f5ebf49",
            "permalink": "https:\/\/sndevs.slack.com\/files\/jmerchant\/F36DTV1NW\/-.js",
            "permalink_public": "https:\/\/slack-files.com\/T0E2AD6AY-F36DTV1NW-b8d08918fe",
            "edit_link": "https:\/\/sndevs.slack.com\/files\/jmerchant\/F36DTV1NW\/-.js\/edit",
            "preview": "$http({\r\n\t\t\tmethod: 'PUT',\r\n\t\t\turl: '\/api\/now\/table\/'+c.data.table+'\/'+recordId,\r\n\t\t\theaders: {\"Content-Type\": \"application\/json;charset=UTF-8\"},\r\n\t\t\tdata: {\r",
            "preview_highlight": "<div class=\"CodeMirror cm-s-default CodeMirrorServer\" oncopy=\"if(event.clipboardData){event.clipboardData.setData('text\/plain',window.getSelection().toString().replace(\/\\u200b\/g,''));event.preventDefault();event.stopPropagation();}\">\n<div class=\"CodeMirror-code\">\n<div><pre><span class=\"cm-variable\">$http<\/span>({<\/pre><\/div>\n<div><pre>\t\t\t<span class=\"cm-property\">method<\/span>: <span class=\"cm-string\">'PUT'<\/span>,<\/pre><\/div>\n<div><pre>\t\t\t<span class=\"cm-property\">url<\/span>: <span class=\"cm-string\">'\/api\/now\/table\/'<\/span><span class=\"cm-operator\">+<\/span><span class=\"cm-variable\">c<\/span>.<span class=\"cm-property\">data<\/span>.<span class=\"cm-property\">table<\/span><span class=\"cm-operator\">+<\/span><span class=\"cm-string\">'\/'<\/span><span class=\"cm-operator\">+<\/span><span class=\"cm-variable\">recordId<\/span>,<\/pre><\/div>\n<div><pre>\t\t\t<span class=\"cm-property\">headers<\/span>: {<span class=\"cm-string cm-property\">&quot;Content-Type&quot;<\/span>: <span class=\"cm-string\">&quot;application\/json;charset=UTF-8&quot;<\/span>},<\/pre><\/div>\n<div><pre>\t\t\t<span class=\"cm-property\">data<\/span>: {<\/pre><\/div>\n<\/div>\n<\/div>\n",
            "lines": 7,
            "lines_more": 2,
            "preview_is_truncated": false,
            "channels": [
                "C36D45F60"
            ],
            "groups": [],
            "ims": [],
            "comments_count": 2
        },
        "comment": {
            "id": "Fc35NGRLNL",
            "created": 1479927548,
            "timestamp": 1479927548,
            "user": "U0E96U52M",
            "is_intro": false,
            "comment": "$http({\n            method: 'PUT',\n            url: '\/api\/now\/table\/'+c.data.table+'\/'+recordId,\n            headers: {\"Content-Type\": \"application\/json;charset=UTF-8\"},\n            \/\/data: {\n            \/\/    field:newVal\n            \/\/}\n           data[field]: newVal\n});```",
            "channel": ""
        },
        "is_intro": false,
        "ts": "1479927548.000053"
    },
    {
        "type": "message",
        "subtype": "file_share",
        "text": "<@U0V9PD50R|jmerchant> uploaded a file: <https:\/\/sndevs.slack.com\/files\/jmerchant\/F35NH1YQ0\/-.js|Untitled>",
        "file": {
            "id": "F35NH1YQ0",
            "created": 1479927567,
            "timestamp": 1479927567,
            "name": "-.js",
            "title": "Untitled",
            "mimetype": "text\/plain",
            "filetype": "javascript",
            "pretty_type": "JavaScript\/JSON",
            "user": "U0V9PD50R",
            "editable": true,
            "size": 398,
            "mode": "snippet",
            "is_external": false,
            "external_type": "",
            "is_public": true,
            "public_url_shared": false,
            "display_as_bot": false,
            "username": "",
            "url_private": "https:\/\/files.slack.com\/files-pri\/T0E2AD6AY-F35NH1YQ0\/-.js?t=xoxe-14078448372-167243557781-166475819265-182f5ebf49",
            "url_private_download": "https:\/\/files.slack.com\/files-pri\/T0E2AD6AY-F35NH1YQ0\/download\/-.js?t=xoxe-14078448372-167243557781-166475819265-182f5ebf49",
            "permalink": "https:\/\/sndevs.slack.com\/files\/jmerchant\/F35NH1YQ0\/-.js",
            "permalink_public": "https:\/\/slack-files.com\/T0E2AD6AY-F35NH1YQ0-837353f51b",
            "edit_link": "https:\/\/sndevs.slack.com\/files\/jmerchant\/F35NH1YQ0\/-.js\/edit",
            "preview": "$scope.updateRecord = function(newVal,recordObj,iteration,column) {\r\n\t\tvar iPlus = iteration+1;\r\n\t\tvar recordId = recordObj.sys_id\r\n\t\tvar field = c.data.records.row_headers[iPlus].element;\r\n\t\t\r",
            "preview_highlight": "<div class=\"CodeMirror cm-s-default CodeMirrorServer\" oncopy=\"if(event.clipboardData){event.clipboardData.setData('text\/plain',window.getSelection().toString().replace(\/\\u200b\/g,''));event.preventDefault();event.stopPropagation();}\">\n<div class=\"CodeMirror-code\">\n<div><pre><span class=\"cm-variable\">$scope<\/span>.<span class=\"cm-property\">updateRecord<\/span> <span class=\"cm-operator\">=<\/span> <span class=\"cm-keyword\">function<\/span>(<span class=\"cm-def\">newVal<\/span>,<span class=\"cm-def\">recordObj<\/span>,<span class=\"cm-def\">iteration<\/span>,<span class=\"cm-def\">column<\/span>) {<\/pre><\/div>\n<div><pre>\t\t<span class=\"cm-keyword\">var<\/span> <span class=\"cm-def\">iPlus<\/span> <span class=\"cm-operator\">=<\/span> <span class=\"cm-variable-2\">iteration<\/span><span class=\"cm-operator\">+<\/span><span class=\"cm-number\">1<\/span>;<\/pre><\/div>\n<div><pre>\t\t<span class=\"cm-keyword\">var<\/span> <span class=\"cm-def\">recordId<\/span> <span class=\"cm-operator\">=<\/span> <span class=\"cm-variable-2\">recordObj<\/span>.<span class=\"cm-property\">sys_id<\/span><\/pre><\/div>\n<div><pre>\t\t<span class=\"cm-keyword\">var<\/span> <span class=\"cm-def\">field<\/span> <span class=\"cm-operator\">=<\/span> <span class=\"cm-variable\">c<\/span>.<span class=\"cm-property\">data<\/span>.<span class=\"cm-property\">records<\/span>.<span class=\"cm-property\">row_headers<\/span>[<span class=\"cm-variable-2\">iPlus<\/span>].<span class=\"cm-property\">element<\/span>;<\/pre><\/div>\n<div><pre>\t\t<\/pre><\/div>\n<\/div>\n<\/div>\n",
            "lines": 13,
            "lines_more": 8,
            "preview_is_truncated": false,
            "channels": [
                "C36D45F60"
            ],
            "groups": [],
            "ims": [],
            "comments_count": 0
        },
        "user": "U0V9PD50R",
        "upload": true,
        "display_as_bot": false,
        "username": "jmerchant",
        "bot_id": null,
        "ts": "1479927567.000054"
    },
    {
        "type": "message",
        "user": "U0V9PD50R",
        "text": "it's defined outside the `$http`",
        "ts": "1479927579.000055"
    },
    {
        "type": "message",
        "user": "U0E96U52M",
        "text": "i dont think that'll work eigther",
        "ts": "1479927585.000056"
    },
    {
        "type": "message",
        "user": "U0E96U52M",
        "text": "$http, angular?",
        "ts": "1479927627.000057"
    },
    {
        "type": "message",
        "user": "U0E96U52M",
        "text": "or jquery",
        "ts": "1479927629.000058"
    },
    {
        "type": "message",
        "user": "U0V9PD50R",
        "text": "angular",
        "ts": "1479927643.000059"
    },
    {
        "type": "message",
        "user": "U0V9PD50R",
        "text": "what about this ```data: {\n\t\t\t\t'\"+field+\"':newVal\n\t\t\t}```",
        "edited": {
            "user": "U0V9PD50R",
            "ts": "1479927701.000000"
        },
        "ts": "1479927655.000060"
    },
    {
        "type": "message",
        "user": "U0V9PD50R",
        "text": "dang how do you do multi lines",
        "ts": "1479927675.000062"
    },
    {
        "type": "message",
        "user": "U235A44S0",
        "text": "Shift+Enter",
        "ts": "1479927684.000063"
    },
    {
        "type": "message",
        "user": "U0V9PD50R",
        "text": "no no, code wise",
        "ts": "1479927691.000064"
    },
    {
        "type": "message",
        "user": "U235A44S0",
        "text": "```",
        "ts": "1479927692.000065"
    },
    {
        "type": "message",
        "user": "U235A44S0",
        "text": "at the beginning and end",
        "ts": "1479927701.000067"
    },
    {
        "type": "message",
        "user": "U0E96U52M",
        "text": "might work but if you going to go that route, might as well stringify it",
        "ts": "1479927707.000068"
    },
    {
        "type": "message",
        "user": "U0E96U52M",
        "text": "give me a sec",
        "ts": "1479927710.000069"
    },
    {
        "type": "message",
        "user": "U0E96U52M",
        "text": "just do this",
        "ts": "1479927752.000070"
    },
    {
        "type": "message",
        "subtype": "file_share",
        "text": "<@U0E96U52M|jace> uploaded a file: <https:\/\/sndevs.slack.com\/files\/jace\/F374CTLTG\/-.js|Untitled>",
        "file": {
            "id": "F374CTLTG",
            "created": 1479927826,
            "timestamp": 1479927826,
            "name": "-.js",
            "title": "Untitled",
            "mimetype": "text\/plain",
            "filetype": "javascript",
            "pretty_type": "JavaScript\/JSON",
            "user": "U0E96U52M",
            "editable": true,
            "size": 428,
            "mode": "snippet",
            "is_external": false,
            "external_type": "",
            "is_public": true,
            "public_url_shared": false,
            "display_as_bot": false,
            "username": "",
            "url_private": "https:\/\/files.slack.com\/files-pri\/T0E2AD6AY-F374CTLTG\/-.js?t=xoxe-14078448372-167243557781-166475819265-182f5ebf49",
            "url_private_download": "https:\/\/files.slack.com\/files-pri\/T0E2AD6AY-F374CTLTG\/download\/-.js?t=xoxe-14078448372-167243557781-166475819265-182f5ebf49",
            "permalink": "https:\/\/sndevs.slack.com\/files\/jace\/F374CTLTG\/-.js",
            "permalink_public": "https:\/\/slack-files.com\/T0E2AD6AY-F374CTLTG-7954266bdf",
            "edit_link": "https:\/\/sndevs.slack.com\/files\/jace\/F374CTLTG\/-.js\/edit",
            "preview": "updateRecord = function(newVal,recordObj,iteration,column) {\r\n\t\tvar iPlus = iteration+1;\r\n\t\tvar recordId = recordObj.sys_id\r\n\t\tvar field = c.data.records.row_headers[iPlus].element;\r\n\t\tvar obj = {};\r",
            "preview_highlight": "<div class=\"CodeMirror cm-s-default CodeMirrorServer\" oncopy=\"if(event.clipboardData){event.clipboardData.setData('text\/plain',window.getSelection().toString().replace(\/\\u200b\/g,''));event.preventDefault();event.stopPropagation();}\">\n<div class=\"CodeMirror-code\">\n<div><pre><span class=\"cm-variable\">updateRecord<\/span> <span class=\"cm-operator\">=<\/span> <span class=\"cm-keyword\">function<\/span>(<span class=\"cm-def\">newVal<\/span>,<span class=\"cm-def\">recordObj<\/span>,<span class=\"cm-def\">iteration<\/span>,<span class=\"cm-def\">column<\/span>) {<\/pre><\/div>\n<div><pre>\t\t<span class=\"cm-keyword\">var<\/span> <span class=\"cm-def\">iPlus<\/span> <span class=\"cm-operator\">=<\/span> <span class=\"cm-variable-2\">iteration<\/span><span class=\"cm-operator\">+<\/span><span class=\"cm-number\">1<\/span>;<\/pre><\/div>\n<div><pre>\t\t<span class=\"cm-keyword\">var<\/span> <span class=\"cm-def\">recordId<\/span> <span class=\"cm-operator\">=<\/span> <span class=\"cm-variable-2\">recordObj<\/span>.<span class=\"cm-property\">sys_id<\/span><\/pre><\/div>\n<div><pre>\t\t<span class=\"cm-keyword\">var<\/span> <span class=\"cm-def\">field<\/span> <span class=\"cm-operator\">=<\/span> <span class=\"cm-variable\">c<\/span>.<span class=\"cm-property\">data<\/span>.<span class=\"cm-property\">records<\/span>.<span class=\"cm-property\">row_headers<\/span>[<span class=\"cm-variable-2\">iPlus<\/span>].<span class=\"cm-property\">element<\/span>;<\/pre><\/div>\n<div><pre>\t\t<span class=\"cm-keyword\">var<\/span> <span class=\"cm-def\">obj<\/span> <span class=\"cm-operator\">=<\/span> {};<\/pre><\/div>\n<\/div>\n<\/div>\n",
            "lines": 14,
            "lines_more": 9,
            "preview_is_truncated": false,
            "channels": [],
            "groups": [],
            "ims": [],
            "comments_count": 0
        },
        "user": "U0E96U52M",
        "upload": true,
        "display_as_bot": false,
        "username": "jace",
        "bot_id": null,
        "ts": "1479927826.000071"
    },
    {
        "type": "message",
        "user": "U34SPJ5LG",
        "text": ":smile: My CMS and SP questions kept getting lost in the more back-end stuff. I thought a specific room for CMS\/SP front end stuff would be good since there are so many less of us.",
        "ts": "1479927846.000072"
    },
    {
        "type": "message",
        "user": "U0E96U52M",
        "text": "seems good to me, meia",
        "ts": "1479927865.000073"
    },
    {
        "type": "message",
        "user": "U34SPJ5LG",
        "text": "Isn't the http method POST?",
        "ts": "1479927895.000074"
    },
    {
        "type": "message",
        "user": "U0V9PD50R",
        "text": "i feel the same way <@U34SPJ5LG> - some people are too scared to talk about SP...lol",
        "ts": "1479927898.000075"
    },
    {
        "type": "message",
        "user": "U0V9PD50R",
        "text": "PUT is to a modify a record",
        "ts": "1479927910.000076"
    },
    {
        "type": "message",
        "user": "U34SPJ5LG",
        "text": "Oh, gotchya. My bad.",
        "ts": "1479927920.000077"
    },
    {
        "type": "message",
        "user": "U0V9PD50R",
        "text": "it's all good - i;'m crashing through learning all the stuff with my new job...so like if you were to ask on monday...i would have said POST...lol",
        "ts": "1479927957.000078"
    },
    {
        "type": "message",
        "user": "U34SPJ5LG",
        "text": "Ohhhh its the client side",
        "ts": "1479927965.000079"
    },
    {
        "type": "message",
        "user": "U0E96U52M",
        "text": "<@U0V9PD50R>",
        "ts": "1479927974.000080"
    },
    {
        "type": "message",
        "user": "U34SPJ5LG",
        "text": "I didn't catch that.. until I saw the controller",
        "ts": "1479927976.000081"
    },
    {
        "type": "message",
        "user": "U0E96U52M",
        "text": "post and put both update the record",
        "ts": "1479927980.000082"
    },
    {
        "type": "message",
        "user": "U0V9PD50R",
        "text": "ahhh hahaha ok",
        "ts": "1479928017.000083"
    },
    {
        "type": "message",
        "user": "U0V9PD50R",
        "text": "well see, now i learn more stuff",
        "ts": "1479928027.000084"
    },
    {
        "type": "message",
        "user": "U34SPJ5LG",
        "text": "PUT has more limitations though doesn't it?",
        "ts": "1479928029.000085"
    },
    {
        "type": "message",
        "user": "U34SPJ5LG",
        "text": "Lack of documentation is killin me.",
        "ts": "1479928048.000086"
    },
    {
        "type": "message",
        "user": "U0E96U52M",
        "text": "rest api explorer",
        "ts": "1479928064.000087"
    },
    {
        "type": "message",
        "user": "U0E96U52M",
        "text": "er.. i guess i was wrong",
        "ts": "1479928083.000088"
    },
    {
        "type": "message",
        "subtype": "file_share",
        "text": "<@U0V9PD50R|jmerchant> uploaded a file: <https:\/\/sndevs.slack.com\/files\/jmerchant\/F35NM5TQQ\/screen_shot_2016-11-23_at_12.07.39_pm.png|Screen Shot 2016-11-23 at 12.07.39 PM.png>",
        "file": {
            "id": "F35NM5TQQ",
            "created": 1479928082,
            "timestamp": 1479928082,
            "name": "Screen Shot 2016-11-23 at 12.07.39 PM.png",
            "title": "Screen Shot 2016-11-23 at 12.07.39 PM.png",
            "mimetype": "image\/png",
            "filetype": "png",
            "pretty_type": "PNG",
            "user": "U0V9PD50R",
            "editable": false,
            "size": 77117,
            "mode": "hosted",
            "is_external": false,
            "external_type": "",
            "is_public": true,
            "public_url_shared": false,
            "display_as_bot": false,
            "username": "",
            "url_private": "https:\/\/files.slack.com\/files-pri\/T0E2AD6AY-F35NM5TQQ\/screen_shot_2016-11-23_at_12.07.39_pm.png?t=xoxe-14078448372-167243557781-166475819265-182f5ebf49",
            "url_private_download": "https:\/\/files.slack.com\/files-pri\/T0E2AD6AY-F35NM5TQQ\/download\/screen_shot_2016-11-23_at_12.07.39_pm.png?t=xoxe-14078448372-167243557781-166475819265-182f5ebf49",
            "thumb_64": "https:\/\/files.slack.com\/files-tmb\/T0E2AD6AY-F35NM5TQQ-f4d66ab164\/screen_shot_2016-11-23_at_12.07.39_pm_64.png?t=xoxe-14078448372-167243557781-166475819265-182f5ebf49",
            "thumb_80": "https:\/\/files.slack.com\/files-tmb\/T0E2AD6AY-F35NM5TQQ-f4d66ab164\/screen_shot_2016-11-23_at_12.07.39_pm_80.png?t=xoxe-14078448372-167243557781-166475819265-182f5ebf49",
            "thumb_360": "https:\/\/files.slack.com\/files-tmb\/T0E2AD6AY-F35NM5TQQ-f4d66ab164\/screen_shot_2016-11-23_at_12.07.39_pm_360.png?t=xoxe-14078448372-167243557781-166475819265-182f5ebf49",
            "thumb_360_w": 360,
            "thumb_360_h": 157,
            "thumb_480": "https:\/\/files.slack.com\/files-tmb\/T0E2AD6AY-F35NM5TQQ-f4d66ab164\/screen_shot_2016-11-23_at_12.07.39_pm_480.png?t=xoxe-14078448372-167243557781-166475819265-182f5ebf49",
            "thumb_480_w": 480,
            "thumb_480_h": 209,
            "thumb_160": "https:\/\/files.slack.com\/files-tmb\/T0E2AD6AY-F35NM5TQQ-f4d66ab164\/screen_shot_2016-11-23_at_12.07.39_pm_160.png?t=xoxe-14078448372-167243557781-166475819265-182f5ebf49",
            "thumb_720": "https:\/\/files.slack.com\/files-tmb\/T0E2AD6AY-F35NM5TQQ-f4d66ab164\/screen_shot_2016-11-23_at_12.07.39_pm_720.png?t=xoxe-14078448372-167243557781-166475819265-182f5ebf49",
            "thumb_720_w": 720,
            "thumb_720_h": 314,
            "image_exif_rotation": 1,
            "original_w": 840,
            "original_h": 366,
            "permalink": "https:\/\/sndevs.slack.com\/files\/jmerchant\/F35NM5TQQ\/screen_shot_2016-11-23_at_12.07.39_pm.png",
            "permalink_public": "https:\/\/slack-files.com\/T0E2AD6AY-F35NM5TQQ-96391b0dfe",
            "channels": [
                "C36D45F60"
            ],
            "groups": [],
            "ims": [],
            "comments_count": 0
        },
        "user": "U0V9PD50R",
        "upload": true,
        "display_as_bot": false,
        "username": "jmerchant",
        "bot_id": null,
        "ts": "1479928084.000089"
    },
    {
        "type": "message",
        "user": "U0E96U52M",
        "text": "post is new",
        "ts": "1479928085.000090"
    },
    {
        "type": "message",
        "user": "U0E96U52M",
        "text": "put \/ patch is modify\/update",
        "ts": "1479928095.000091"
    },
    {
        "type": "message",
        "user": "U0V9PD50R",
        "text": "why would i use one over the other?",
        "ts": "1479928111.000092"
    },
    {
        "type": "message",
        "user": "U0V9PD50R",
        "text": "put \/ patch \/ post?",
        "ts": "1479928119.000093"
    },
    {
        "type": "message",
        "user": "U0E96U52M",
        "text": "<https:\/\/dev17279.service-now.com\/nav_to.do?uri=%2F$restapi.do>",
        "ts": "1479928125.000094"
    },
    {
        "type": "message",
        "user": "U0E96U52M",
        "text": "im looking",
        "ts": "1479928129.000095"
    },
    {
        "type": "message",
        "user": "U0V9PD50R",
        "text": "lolk",
        "ts": "1479928133.000096"
    },
    {
        "type": "message",
        "user": "U0E96U52M",
        "text": "i think",
        "ts": "1479928159.000097"
    },
    {
        "type": "message",
        "user": "U0E96U52M",
        "text": "they do the exact same",
        "ts": "1479928163.000098"
    },
    {
        "type": "message",
        "user": "U0E96U52M",
        "text": "or so it seems per the api explorer",
        "ts": "1479928188.000099"
    },
    {
        "type": "message",
        "user": "U0V9PD50R",
        "text": "so they gave us 2 (put \/ patch) that are for all intents and purposes the same?",
        "ts": "1479928214.000100"
    },
    {
        "type": "message",
        "user": "U34SPJ5LG",
        "text": "LMAO what",
        "ts": "1479928232.000102"
    },
    {
        "type": "message",
        "user": "U0V9PD50R",
        "text": "that was not what i wanted",
        "ts": "1479928244.000104"
    },
    {
        "type": "message",
        "user": "U0V9PD50R",
        "text": "i wanted someone crying - \"wwhhhhyyyyyyyyyyyy\"",
        "ts": "1479928258.000105"
    },
    {
        "type": "message",
        "subtype": "file_share",
        "text": "<@U0E96U52M|jace> uploaded a file: <https:\/\/sndevs.slack.com\/files\/jace\/F36GKQW3X\/capture124.png|Capture124.PNG>",
        "file": {
            "id": "F36GKQW3X",
            "created": 1479928256,
            "timestamp": 1479928256,
            "name": "Capture124.PNG",
            "title": "Capture124.PNG",
            "mimetype": "image\/png",
            "filetype": "png",
            "pretty_type": "PNG",
            "user": "U0E96U52M",
            "editable": false,
            "size": 63727,
            "mode": "hosted",
            "is_external": false,
            "external_type": "",
            "is_public": true,
            "public_url_shared": false,
            "display_as_bot": false,
            "username": "",
            "url_private": "https:\/\/files.slack.com\/files-pri\/T0E2AD6AY-F36GKQW3X\/capture124.png?t=xoxe-14078448372-167243557781-166475819265-182f5ebf49",
            "url_private_download": "https:\/\/files.slack.com\/files-pri\/T0E2AD6AY-F36GKQW3X\/download\/capture124.png?t=xoxe-14078448372-167243557781-166475819265-182f5ebf49",
            "thumb_64": "https:\/\/files.slack.com\/files-tmb\/T0E2AD6AY-F36GKQW3X-552a496e62\/capture124_64.png?t=xoxe-14078448372-167243557781-166475819265-182f5ebf49",
            "thumb_80": "https:\/\/files.slack.com\/files-tmb\/T0E2AD6AY-F36GKQW3X-552a496e62\/capture124_80.png?t=xoxe-14078448372-167243557781-166475819265-182f5ebf49",
            "thumb_360": "https:\/\/files.slack.com\/files-tmb\/T0E2AD6AY-F36GKQW3X-552a496e62\/capture124_360.png?t=xoxe-14078448372-167243557781-166475819265-182f5ebf49",
            "thumb_360_w": 360,
            "thumb_360_h": 212,
            "thumb_480": "https:\/\/files.slack.com\/files-tmb\/T0E2AD6AY-F36GKQW3X-552a496e62\/capture124_480.png?t=xoxe-14078448372-167243557781-166475819265-182f5ebf49",
            "thumb_480_w": 480,
            "thumb_480_h": 283,
            "thumb_160": "https:\/\/files.slack.com\/files-tmb\/T0E2AD6AY-F36GKQW3X-552a496e62\/capture124_160.png?t=xoxe-14078448372-167243557781-166475819265-182f5ebf49",
            "thumb_720": "https:\/\/files.slack.com\/files-tmb\/T0E2AD6AY-F36GKQW3X-552a496e62\/capture124_720.png?t=xoxe-14078448372-167243557781-166475819265-182f5ebf49",
            "thumb_720_w": 720,
            "thumb_720_h": 424,
            "thumb_960": "https:\/\/files.slack.com\/files-tmb\/T0E2AD6AY-F36GKQW3X-552a496e62\/capture124_960.png?t=xoxe-14078448372-167243557781-166475819265-182f5ebf49",
            "thumb_960_w": 960,
            "thumb_960_h": 566,
            "thumb_1024": "https:\/\/files.slack.com\/files-tmb\/T0E2AD6AY-F36GKQW3X-552a496e62\/capture124_1024.png?t=xoxe-14078448372-167243557781-166475819265-182f5ebf49",
            "thumb_1024_w": 1024,
            "thumb_1024_h": 603,
            "image_exif_rotation": 1,
            "original_w": 1371,
            "original_h": 808,
            "permalink": "https:\/\/sndevs.slack.com\/files\/jace\/F36GKQW3X\/capture124.png",
            "permalink_public": "https:\/\/slack-files.com\/T0E2AD6AY-F36GKQW3X-9bcbfda6d6",
            "channels": [],
            "groups": [],
            "ims": [],
            "comments_count": 0
        },
        "user": "U0E96U52M",
        "upload": true,
        "display_as_bot": false,
        "username": "jace",
        "bot_id": null,
        "ts": "1479928259.000106"
    },
    {
        "type": "message",
        "user": "U34SPJ5LG",
        "text": "The giphy stuff is so random.",
        "ts": "1479928260.000107"
    },
    {
        "type": "message",
        "user": "U0V9PD50R",
        "text": "i like how PUT modifies and a record and PATCH updates a record...",
        "ts": "1479928297.000108"
    },
    {
        "type": "message",
        "user": "U0E96U52M",
        "text": "they are very differnt",
        "ts": "1479928313.000109"
    },
    {
        "type": "message",
        "user": "U0E96U52M",
        "text": "the words",
        "ts": "1479928316.000110"
    },
    {
        "type": "message",
        "user": "U0E96U52M",
        "text": "put, patch, modifies, updates",
        "ts": "1479928326.000111"
    },
    {
        "type": "message",
        "user": "U0E96U52M",
        "text": "put != patch",
        "ts": "1479928335.000112"
    },
    {
        "type": "message",
        "user": "U0E96U52M",
        "text": "modifies != updates",
        "ts": "1479928344.000113"
    },
    {
        "type": "message",
        "user": "U0E96U52M",
        "text": "wait",
        "ts": "1479928345.000114"
    },
    {
        "type": "message",
        "user": "U0E96U52M",
        "text": "that last one should be true",
        "ts": "1479928351.000115"
    },
    {
        "type": "message",
        "user": "U0E96U52M",
        "text": "they must have !==",
        "ts": "1479928354.000116"
    },
    {
        "type": "message",
        "user": "U34SPJ5LG",
        "text": "I feel like they renamed something, and then left the old thing in because they didn't wanna break everyone's shit.",
        "ts": "1479928371.000117"
    },
    {
        "type": "message",
        "user": "U0E96U52M",
        "text": "they probably set it so that either would work",
        "ts": "1479928407.000118"
    },
    {
        "type": "message",
        "user": "U0E96U52M",
        "text": "but were just guessing at this point",
        "ts": "1479928414.000119"
    },
    {
        "type": "message",
        "user": "U0V9PD50R",
        "text": "yeah...oh by the way - don't need to use $j...for that to work",
        "ts": "1479928435.000120"
    },
    {
        "type": "message",
        "user": "U0E96U52M",
        "text": "<@U0V9PD50R>",
        "ts": "1479928445.000121"
    },
    {
        "type": "message",
        "user": "U0E96U52M",
        "text": "its why i was asking",
        "ts": "1479928450.000122"
    },
    {
        "type": "message",
        "user": "U0V9PD50R",
        "text": "leaving it as the angular method and defining the obj a head of time works just fine",
        "ts": "1479928455.000123"
    },
    {
        "type": "message",
        "user": "U0E96U52M",
        "text": "if your using angular or jquery",
        "ts": "1479928460.000124"
    },
    {
        "type": "message",
        "user": "U0E96U52M",
        "text": "jquery would ned th $j",
        "ts": "1479928467.000125"
    },
    {
        "type": "message",
        "user": "U0V9PD50R",
        "text": "ahh...right...ok...missed it...",
        "ts": "1479928475.000126"
    },
    {
        "type": "message",
        "user": "U34SPJ5LG",
        "text": "Jquery prefix doesn't work consistently on client scripts . Have you tried testing the data object? Maybe its the data object being off. The code itself looks fine.",
        "ts": "1479928483.000127"
    },
    {
        "type": "message",
        "user": "U0E96U52M",
        "text": "oh i misread",
        "ts": "1479928485.000128"
    },
    {
        "type": "message",
        "user": "U0E96U52M",
        "text": "good to know",
        "ts": "1479928487.000129"
    },
    {
        "type": "message",
        "user": "U0E96U52M",
        "text": "@meia do you mena $",
        "ts": "1479928501.000130"
    },
    {
        "type": "message",
        "user": "U34SPJ5LG",
        "text": "So my guess is either the data is not configured right, or the sys_id is pulling in wrong",
        "ts": "1479928504.000131"
    },
    {
        "type": "message",
        "user": "U0E96U52M",
        "text": "cause thats used by prototype",
        "ts": "1479928509.000132"
    },
    {
        "type": "message",
        "user": "U34SPJ5LG",
        "text": "Yes, $j is half broken in client",
        "ts": "1479928516.000133"
    },
    {
        "type": "message",
        "user": "U0E96U52M",
        "text": "$j should work all the time tho",
        "ts": "1479928525.000134"
    },
    {
        "type": "message",
        "user": "U0E96U52M",
        "text": "how bout jQuery instead\/",
        "ts": "1479928533.000135"
    },
    {
        "type": "message",
        "user": "U0E96U52M",
        "text": "that broke too?",
        "ts": "1479928538.000136"
    },
    {
        "type": "message",
        "user": "U34SPJ5LG",
        "text": "Its been acting up for me. Half the time I gotta go to $.",
        "ts": "1479928540.000137"
    },
    {
        "type": "message",
        "user": "U0E96U52M",
        "text": "$ isnt jquery",
        "ts": "1479928546.000138"
    },
    {
        "type": "message",
        "user": "U0E96U52M",
        "text": "$ is prototype in sn",
        "ts": "1479928550.000139"
    },
    {
        "type": "message",
        "user": "U0E96U52M",
        "text": "<http:\/\/prototypejs.org\/>",
        "ts": "1479928568.000140"
    },
    {
        "type": "message",
        "user": "U34SPJ5LG",
        "text": "actually jquery does use $",
        "ts": "1479928593.000141"
    },
    {
        "type": "message",
        "user": "U34SPJ5LG",
        "text": "but no curly brace",
        "ts": "1479928596.000142"
    },
    {
        "type": "message",
        "user": "U34SPJ5LG",
        "text": "You can reassign it for noconflict to $j or anyother variable tho",
        "ts": "1479928616.000143"
    },
    {
        "type": "message",
        "user": "U0E96U52M",
        "text": "$ is used by  bunch of sn stuff, ",
        "ts": "1479928629.000144"
    },
    {
        "type": "message",
        "user": "U0E96U52M",
        "text": "they do stuff with it",
        "ts": "1479928634.000145"
    },
    {
        "type": "message",
        "user": "U0E96U52M",
        "text": "i wouldnt retake it to jquery",
        "ts": "1479928640.000146"
    },
    {
        "type": "message",
        "user": "U34SPJ5LG",
        "text": "I knowww. its really annoying when it conflicts",
        "ts": "1479928642.000147"
    },
    {
        "type": "message",
        "user": "U34SPJ5LG",
        "text": "You can do the $jq = noconflict $jquery tho",
        "ts": "1479928660.000148"
    },
    {
        "type": "message",
        "user": "U34SPJ5LG",
        "text": "It should fix it",
        "ts": "1479928665.000149"
    },
    {
        "type": "message",
        "user": "U0E96U52M",
        "text": "but your saying $ is your jquery in your instance",
        "ts": "1479928677.000150"
    },
    {
        "type": "message",
        "user": "U34SPJ5LG",
        "text": "Only in some client scripts.",
        "ts": "1479928687.000151"
    },
    {
        "type": "message",
        "user": "U0E96U52M",
        "text": "in which case im sure a bunch sn specific scripts wont work",
        "ts": "1479928696.000152"
    },
    {
        "type": "message",
        "user": "U0E96U52M",
        "text": "i wouldnt re-assign it",
        "ts": "1479928703.000153"
    },
    {
        "type": "message",
        "user": "U235A44S0",
        "text": "do it!",
        "ts": "1479928714.000154"
    },
    {
        "text": "whispers, \"re-assign it. c'mon, what's it gonna hurt?!\"",
        "type": "message",
        "subtype": "me_message",
        "user": "U235A44S0",
        "ts": "1479928745.000155"
    },
    {
        "type": "message",
        "user": "U34SPJ5LG",
        "text": "Oi. I have had several instances where $j does not work in client scripts. If you use noconflict assignation on a jquery variable it doesn't really replace the variable, so much as add a second variable which you can assign it a different version. The original remains in tact",
        "ts": "1479928762.000156"
    },
    {
        "type": "message",
        "user": "U34SPJ5LG",
        "text": "It doesn't break a thing.",
        "ts": "1479928766.000157"
    },
    {
        "type": "message",
        "user": "U34SPJ5LG",
        "text": "It can be assigned the same version as well.",
        "ts": "1479928782.000158"
    },
    {
        "type": "message",
        "user": "U235A44S0",
        "text": "Oh, I was kidding. But, that is good to know",
        "ts": "1479928795.000159"
    },
    {
        "type": "message",
        "user": "U34SPJ5LG",
        "text": "So if you jquery is being wonky, try noconflict. LOL",
        "ts": "1479928825.000160"
    },
    {
        "type": "message",
        "user": "U34SPJ5LG",
        "text": "your* my English is amazing.",
        "ts": "1479928900.000161"
    },
    {
        "type": "message",
        "user": "U235A44S0",
        "text": "We speak English natively and have trouble typing\/spelling the correct word. You are doing well in my opinion",
        "ts": "1479928945.000162"
    },
    {
        "type": "message",
        "user": "U34SPJ5LG",
        "text": "I am a native speaker as well. I just can't type worth skivvy.",
        "ts": "1479928969.000163"
    },
    {
        "type": "message",
        "user": "U0E96U52M",
        "text": "jquery.min is in the instance on ui scripts, at the end of it, it has ",
        "ts": "1479928992.000164"
    },
    {
        "type": "message",
        "user": "U0E96U52M",
        "text": "```",
        "ts": "1479928992.000165"
    },
    {
        "type": "message",
        "user": "U0E96U52M",
        "text": "jQuery.noConflict();",
        "ts": "1479928992.000166"
    },
    {
        "type": "message",
        "user": "U0E96U52M",
        "text": "$j = jQuery;",
        "ts": "1479928992.000167"
    },
    {
        "type": "message",
        "user": "U0E96U52M",
        "text": "```",
        "ts": "1479928992.000168"
    },
    {
        "type": "message",
        "user": "U0E96U52M",
        "text": "if you are having issues with it, there is probably some other reason",
        "ts": "1479928992.000169"
    },
    {
        "type": "message",
        "user": "U0E96U52M",
        "text": "if you reassign $j, i bet any show\/hide logic may be messed up, i'd jsut recomend not doing it",
        "ts": "1479929029.000170"
    },
    {
        "type": "message",
        "user": "U34SPJ5LG",
        "text": "The noconflict doesn't reassign it to a whole new variable. The original variable remains so nothing breaks. Its just adding a second var",
        "ts": "1479929064.000171"
    },
    {
        "type": "message",
        "user": "U34SPJ5LG",
        "text": "No different than var a = b;",
        "ts": "1479929075.000172"
    },
    {
        "type": "message",
        "user": "U0E96U52M",
        "text": "however",
        "ts": "1479929078.000173"
    },
    {
        "type": "message",
        "user": "U0E96U52M",
        "text": "sn uses $ in their own scripts",
        "ts": "1479929089.000174"
    },
    {
        "type": "message",
        "user": "U0E96U52M",
        "text": "in that case it is not invoking jquery",
        "ts": "1479929097.000175"
    },
    {
        "type": "message",
        "user": "U0E96U52M",
        "text": "or not meaning to",
        "ts": "1479929100.000176"
    },
    {
        "type": "message",
        "user": "U34SPJ5LG",
        "text": "They do, I know.",
        "ts": "1479929114.000177"
    },
    {
        "type": "message",
        "user": "U0E96U52M",
        "text": "okay ",
        "ts": "1479929120.000178"
    },
    {
        "type": "message",
        "subtype": "file_share",
        "text": "<@U0V9PD50R|jmerchant> uploaded a file: <https:\/\/sndevs.slack.com\/files\/jmerchant\/F374NLGB0\/nov-23-2016_12-23-09.gif|Nov-23-2016 12-23-09.gif>",
        "file": {
            "id": "F374NLGB0",
            "created": 1479929090,
            "timestamp": 1479929090,
            "name": "Nov-23-2016 12-23-09.gif",
            "title": "Nov-23-2016 12-23-09.gif",
            "mimetype": "image\/gif",
            "filetype": "gif",
            "pretty_type": "GIF",
            "user": "U0V9PD50R",
            "editable": false,
            "size": 2773615,
            "mode": "hosted",
            "is_external": false,
            "external_type": "",
            "is_public": true,
            "public_url_shared": false,
            "display_as_bot": false,
            "username": "",
            "url_private": "https:\/\/files.slack.com\/files-pri\/T0E2AD6AY-F374NLGB0\/nov-23-2016_12-23-09.gif?t=xoxe-14078448372-167243557781-166475819265-182f5ebf49",
            "url_private_download": "https:\/\/files.slack.com\/files-pri\/T0E2AD6AY-F374NLGB0\/download\/nov-23-2016_12-23-09.gif?t=xoxe-14078448372-167243557781-166475819265-182f5ebf49",
            "thumb_64": "https:\/\/files.slack.com\/files-tmb\/T0E2AD6AY-F374NLGB0-227910e1d9\/nov-23-2016_12-23-09_64.png?t=xoxe-14078448372-167243557781-166475819265-182f5ebf49",
            "thumb_80": "https:\/\/files.slack.com\/files-tmb\/T0E2AD6AY-F374NLGB0-227910e1d9\/nov-23-2016_12-23-09_80.png?t=xoxe-14078448372-167243557781-166475819265-182f5ebf49",
            "thumb_360": "https:\/\/files.slack.com\/files-tmb\/T0E2AD6AY-F374NLGB0-227910e1d9\/nov-23-2016_12-23-09_360.png?t=xoxe-14078448372-167243557781-166475819265-182f5ebf49",
            "thumb_360_w": 340,
            "thumb_360_h": 360,
            "thumb_480": "https:\/\/files.slack.com\/files-tmb\/T0E2AD6AY-F374NLGB0-227910e1d9\/nov-23-2016_12-23-09_480.png?t=xoxe-14078448372-167243557781-166475819265-182f5ebf49",
            "thumb_480_w": 454,
            "thumb_480_h": 480,
            "thumb_160": "https:\/\/files.slack.com\/files-tmb\/T0E2AD6AY-F374NLGB0-227910e1d9\/nov-23-2016_12-23-09_160.png?t=xoxe-14078448372-167243557781-166475819265-182f5ebf49",
            "thumb_360_gif": "https:\/\/files.slack.com\/files-tmb\/T0E2AD6AY-F374NLGB0-227910e1d9\/nov-23-2016_12-23-09_360.gif?t=xoxe-14078448372-167243557781-166475819265-182f5ebf49",
            "thumb_480_gif": "https:\/\/files.slack.com\/files-tmb\/T0E2AD6AY-F374NLGB0-227910e1d9\/nov-23-2016_12-23-09_480.gif?t=xoxe-14078448372-167243557781-166475819265-182f5ebf49",
            "image_exif_rotation": 1,
            "original_w": 480,
            "original_h": 508,
            "deanimate_gif": "https:\/\/files.slack.com\/files-tmb\/T0E2AD6AY-F374NLGB0-227910e1d9\/nov-23-2016_12-23-09_deanimate_gif.png?t=xoxe-14078448372-167243557781-166475819265-182f5ebf49",
            "permalink": "https:\/\/sndevs.slack.com\/files\/jmerchant\/F374NLGB0\/nov-23-2016_12-23-09.gif",
            "permalink_public": "https:\/\/slack-files.com\/T0E2AD6AY-F374NLGB0-278070aaa9",
            "channels": [
                "C36D45F60"
            ],
            "groups": [],
            "ims": [],
            "comments_count": 0
        },
        "user": "U0V9PD50R",
        "upload": true,
        "display_as_bot": false,
        "username": "jmerchant",
        "bot_id": null,
        "ts": "1479929123.000179"
    },
    {
        "type": "message",
        "user": "U0E96U52M",
        "text": "well to each their own",
        "ts": "1479929124.000180"
    },
    {
        "type": "message",
        "user": "U0E96U52M",
        "text": "<@U0V9PD50R> what is this?",
        "ts": "1479929143.000181"
    },
    {
        "type": "message",
        "user": "U0V9PD50R",
        "text": "hahaha well you can kind of see what it does",
        "ts": "1479929143.000182"
    },
    {
        "type": "message",
        "user": "U34SPJ5LG",
        "text": "Mine was more on client scripts, not the angular client controller script.",
        "ts": "1479929149.000183"
    },
    {
        "type": "message",
        "user": "U0V9PD50R",
        "text": "i'm basically mimicking the embedded list in a widget",
        "ts": "1479929168.000184"
    },
    {
        "type": "message",
        "user": "U0V9PD50R",
        "text": "and it's given me nightmares...lol",
        "ts": "1479929184.000185"
    },
    {
        "type": "message",
        "user": "U34SPJ5LG",
        "text": "Oh that's the thingy with the table header.",
        "ts": "1479929212.000186"
    },
    {
        "type": "message",
        "user": "U0V9PD50R",
        "text": "yeah",
        "ts": "1479929222.000187"
    },
    {
        "type": "message",
        "user": "U34SPJ5LG",
        "text": "What about using a hidden field?",
        "ts": "1479929223.000188"
    },
    {
        "type": "message",
        "user": "U34SPJ5LG",
        "text": "and have jquery get element by id",
        "ts": "1479929230.000189"
    },
    {
        "type": "message",
        "user": "U0V9PD50R",
        "text": "i got all the data - i know the col index and row index...lol so i know header\/location of what i want to do...",
        "ts": "1479929270.000190"
    },
    {
        "type": "message",
        "user": "U34SPJ5LG",
        "text": "You got it finally working then?",
        "ts": "1479929288.000191"
    },
    {
        "type": "message",
        "user": "U0V9PD50R",
        "text": "well 1 column out of _n_",
        "ts": "1479929302.000192"
    },
    {
        "type": "message",
        "user": "U0V9PD50R",
        "text": "most will be text, but i have to account for a few special cases...",
        "ts": "1479929320.000193"
    },
    {
        "type": "message",
        "user": "U0V9PD50R",
        "text": "like _choice_ and _reference_",
        "ts": "1479929328.000194"
    },
    {
        "type": "message",
        "user": "U0V9PD50R",
        "text": "oh and _date pickers_",
        "ts": "1479929341.000195"
    },
    {
        "type": "message",
        "user": "U0E96U52M",
        "text": "if you can",
        "ts": "1479929342.000196"
    },
    {
        "type": "message",
        "user": "U0E96U52M",
        "text": "you should share it <@U0V9PD50R>",
        "ts": "1479929349.000197"
    },
    {
        "type": "message",
        "user": "U0V9PD50R",
        "text": "don't say that...",
        "ts": "1479929351.000198"
    },
    {
        "type": "message",
        "user": "U0V9PD50R",
        "text": "i mean the if i can",
        "ts": "1479929363.000199"
    },
    {
        "type": "message",
        "user": "U0V9PD50R",
        "text": "i'm already looking at a very short holiday because of this thing",
        "ts": "1479929380.000200"
    },
    {
        "type": "message",
        "user": "U34SPJ5LG",
        "text": "I know the pain. =\/",
        "ts": "1479929394.000201"
    },
    {
        "text": "shakes fist",
        "type": "message",
        "subtype": "me_message",
        "user": "U0V9PD50R",
        "ts": "1479929400.000202"
    },
    {
        "type": "message",
        "user": "U34SPJ5LG",
        "text": "But when you've time, I'd love to see your solution too.",
        "ts": "1479929401.000203"
    },
    {
        "type": "message",
        "user": "U0V9PD50R",
        "text": "ummm so i always think my code looks like my 2 yr old wrote it so i'm very relunctant to show people my code...lol",
        "ts": "1479929430.000204"
    },
    {
        "type": "message",
        "user": "U34SPJ5LG",
        "text": "HAH. We all do. Trust me.",
        "ts": "1479929445.000205"
    },
    {
        "type": "message",
        "user": "U0V9PD50R",
        "text": "low self esteem coding...lol",
        "ts": "1479929449.000206"
    },
    {
        "type": "message",
        "user": "U0E96U52M",
        "text": "lol <@U0V9PD50R> no worries",
        "ts": "1479929454.000207"
    },
    {
        "type": "message",
        "user": "U0V9PD50R",
        "text": "lol well let's see if i can get this finished first..lol",
        "ts": "1479929509.000208"
    },
    {
        "type": "message",
        "user": "U34SPJ5LG",
        "text": "Well I've a shitton of basic custom widgets I built, if ya'll need anything I'd be happy to share. I've been arguing with the data table widget. They never link to anything.",
        "ts": "1479929517.000209"
    },
    {
        "type": "message",
        "user": "U34SPJ5LG",
        "text": "This greatly disgruntles me.",
        "ts": "1479929532.000210"
    },
    {
        "type": "message",
        "user": "U0V9PD50R",
        "text": "lol",
        "ts": "1479929557.000211"
    },
    {
        "type": "message",
        "user": "U34SPJ5LG",
        "text": "Trying to get it to link to the appropriate default page, depending on the table selected.",
        "ts": "1479929582.000212"
    },
    {
        "type": "message",
        "user": "U34SPJ5LG",
        "text": "Mostly works!",
        "ts": "1479929594.000213"
    },
    {
        "type": "message",
        "user": "U34SPJ5LG",
        "text": "Just working on a solution for approvals. Not sure why someone would use a DT for approvals, but just in case.",
        "ts": "1479929636.000214"
    },
    {
        "type": "message",
        "user": "U34SPJ5LG",
        "text": "I'm having an issue with internationalization and language support in the menu.",
        "ts": "1479929705.000215"
    },
    {
        "type": "message",
        "user": "U34SPJ5LG",
        "text": "Its broken. :disappointed:",
        "ts": "1479929707.000216"
    },
    {
        "type": "message",
        "user": "U34SPJ5LG",
        "text": "This has been a lifesaver for me if you don't have it:\n<https:\/\/github.com\/service-portal\/documentation>",
        "attachments": [
            {
                "service_name": "GitHub",
                "title": "service-portal\/documentation",
                "title_link": "https:\/\/github.com\/service-portal\/documentation",
                "text": "Here you will find unofficial documentation for the ServiceNow Service Portal technology. The materials here have been written by the developers for the developers. In other words, if you are going...",
                "fallback": "GitHub: service-portal\/documentation",
                "thumb_url": "https:\/\/avatars2.githubusercontent.com\/u\/19556914?v=3&s=400",
                "from_url": "https:\/\/github.com\/service-portal\/documentation",
                "thumb_width": 334,
                "thumb_height": 334,
                "service_icon": "https:\/\/github.com\/apple-touch-icon.png",
                "id": 1
            }
        ],
        "ts": "1479929815.000217"
    },
    {
        "type": "message",
        "subtype": "pinned_item",
        "user": "U34SPJ5LG",
        "item_type": "C",
        "attachments": [
            {
                "fallback": "[November 23rd, 2016 11:36 AM] meia.benitez: This has been a lifesaver for me if you don't have it:\n<https:\/\/github.com\/service-portal\/documentation>",
                "ts": "1479929815.000217",
                "author_subname": "meia.benitez",
                "channel_id": "C36D45F60",
                "channel_name": "service-portal-cms",
                "is_msg_unfurl": true,
                "text": "This has been a lifesaver for me if you don't have it:\n<https:\/\/github.com\/service-portal\/documentation>",
                "author_name": "Meia Benitez Meiss",
                "author_link": "https:\/\/sndevs.slack.com\/team\/meia.benitez",
                "author_icon": "https:\/\/avatars.slack-edge.com\/2016-11-21\/108291404998_90473651f39e89a542fb_48.png",
                "mrkdwn_in": [
                    "text"
                ]
            }
        ],
        "text": "<@U34SPJ5LG|meia.benitez> pinned a message to this channel.",
        "ts": "1479929926.000219"
    },
    {
        "type": "message",
        "user": "U0V9PD50R",
        "text": "oh yeah - that is the good stuff",
        "ts": "1479930462.000220"
    },
    {
        "type": "message",
        "user": "U34SPJ5LG",
        "text": ":smile:",
        "ts": "1479930573.000221"
    },
    {
        "type": "message",
        "user": "U0V9PD50R",
        "text": "are we able to use angular material in the service portal?",
        "ts": "1479936660.000222"
    },
    {
        "type": "message",
        "user": "U34SPJ5LG",
        "text": "what do you mean?",
        "ts": "1479936965.000223"
    },
    {
        "type": "message",
        "user": "U34SPJ5LG",
        "text": "The UI component?",
        "ts": "1479938237.000224"
    },
    {
        "type": "message",
        "user": "U0V9PD50R",
        "text": "well i might have jumped the gun, is there a date picker directive?",
        "ts": "1479938251.000225"
    },
    {
        "type": "message",
        "user": "U34SPJ5LG",
        "text": "I believe so, gimme a sec and I can probably hunt it down",
        "ts": "1479938276.000226"
    },
    {
        "type": "message",
        "user": "U34SPJ5LG",
        "text": "Does not have material, but you can probably add it as a dependency",
        "ts": "1479938940.000227"
    },
    {
        "type": "message",
        "user": "U34SPJ5LG",
        "text": "I know it DOES have pickers, but I can't find out how\/where. They're in there or the catalog wouldn't work",
        "ts": "1479938961.000228"
    },
    {
        "type": "message",
        "user": "U34SPJ5LG",
        "text": "I just can't hunt down the code.",
        "ts": "1479938986.000229"
    },
    {
        "type": "message",
        "user": "U0V9PD50R",
        "text": "nah - don't worry about it right now...it isn't needed currently",
        "ts": "1479938995.000230"
    },
    {
        "type": "message",
        "user": "U34SPJ5LG",
        "text": "They use fullcalendar tho",
        "edited": {
            "user": "U34SPJ5LG",
            "ts": "1479939013.000000"
        },
        "ts": "1479939003.000231"
    },
    {
        "type": "message",
        "user": "U34SPJ5LG",
        "text": "if that helps?",
        "ts": "1479939006.000232"
    },
    {
        "type": "message",
        "user": "U0V9PD50R",
        "text": "ok, thanks",
        "ts": "1479939035.000234"
    },
    {
        "type": "message",
        "user": "U34SPJ5LG",
        "text": "Istanbul release is supposed to have a full documentation wiki",
        "ts": "1479939080.000235"
    },
    {
        "type": "message",
        "user": "U34SPJ5LG",
        "text": "we shall see, but they said it should be there",
        "ts": "1479939092.000236"
    },
    {
        "type": "message",
        "user": "U0V9PD50R",
        "text": "lol",
        "ts": "1479939332.000237"
    }
]