[
    {
        "type": "message",
        "user": "U1R3SELAE",
        "text": "hi",
        "ts": "1482150454.000502"
    },
    {
        "type": "message",
        "user": "U1R3SELAE",
        "text": "I have one issue",
        "ts": "1482150459.000503"
    },
    {
        "type": "message",
        "user": "U1R3SELAE",
        "text": "i want to make something like this as they have in Hi portal",
        "ts": "1482150473.000504"
    },
    {
        "type": "message",
        "subtype": "file_mention",
        "text": "<@U1R3SELAE|artemis> mentioned a file: <https:\/\/sndevs.slack.com\/files\/artemis\/F3FDV06GG\/capture.png|Capture.PNG>.",
        "file": {
            "id": "F3FDV06GG",
            "created": 1481997413,
            "timestamp": 1481997413,
            "name": "Capture.PNG",
            "title": "Capture.PNG",
            "mimetype": "image\/png",
            "filetype": "png",
            "pretty_type": "PNG",
            "user": "U1R3SELAE",
            "editable": false,
            "size": 19133,
            "mode": "hosted",
            "is_external": false,
            "external_type": "",
            "is_public": true,
            "public_url_shared": true,
            "display_as_bot": false,
            "username": "",
            "url_private": "https:\/\/files.slack.com\/files-pri\/T0E2AD6AY-F3FDV06GG\/capture.png?t=xoxe-14078448372-167243557781-166475819265-182f5ebf49",
            "url_private_download": "https:\/\/files.slack.com\/files-pri\/T0E2AD6AY-F3FDV06GG\/download\/capture.png?t=xoxe-14078448372-167243557781-166475819265-182f5ebf49",
            "thumb_64": "https:\/\/files.slack.com\/files-tmb\/T0E2AD6AY-F3FDV06GG-8c4b227f5f\/capture_64.png?t=xoxe-14078448372-167243557781-166475819265-182f5ebf49",
            "thumb_80": "https:\/\/files.slack.com\/files-tmb\/T0E2AD6AY-F3FDV06GG-8c4b227f5f\/capture_80.png?t=xoxe-14078448372-167243557781-166475819265-182f5ebf49",
            "thumb_360": "https:\/\/files.slack.com\/files-tmb\/T0E2AD6AY-F3FDV06GG-8c4b227f5f\/capture_360.png?t=xoxe-14078448372-167243557781-166475819265-182f5ebf49",
            "thumb_360_w": 360,
            "thumb_360_h": 49,
            "thumb_480": "https:\/\/files.slack.com\/files-tmb\/T0E2AD6AY-F3FDV06GG-8c4b227f5f\/capture_480.png?t=xoxe-14078448372-167243557781-166475819265-182f5ebf49",
            "thumb_480_w": 480,
            "thumb_480_h": 65,
            "thumb_160": "https:\/\/files.slack.com\/files-tmb\/T0E2AD6AY-F3FDV06GG-8c4b227f5f\/capture_160.png?t=xoxe-14078448372-167243557781-166475819265-182f5ebf49",
            "thumb_720": "https:\/\/files.slack.com\/files-tmb\/T0E2AD6AY-F3FDV06GG-8c4b227f5f\/capture_720.png?t=xoxe-14078448372-167243557781-166475819265-182f5ebf49",
            "thumb_720_w": 720,
            "thumb_720_h": 98,
            "thumb_960": "https:\/\/files.slack.com\/files-tmb\/T0E2AD6AY-F3FDV06GG-8c4b227f5f\/capture_960.png?t=xoxe-14078448372-167243557781-166475819265-182f5ebf49",
            "thumb_960_w": 960,
            "thumb_960_h": 131,
            "thumb_1024": "https:\/\/files.slack.com\/files-tmb\/T0E2AD6AY-F3FDV06GG-8c4b227f5f\/capture_1024.png?t=xoxe-14078448372-167243557781-166475819265-182f5ebf49",
            "thumb_1024_w": 1024,
            "thumb_1024_h": 139,
            "image_exif_rotation": 1,
            "original_w": 1770,
            "original_h": 241,
            "permalink": "https:\/\/sndevs.slack.com\/files\/artemis\/F3FDV06GG\/capture.png",
            "permalink_public": "https:\/\/slack-files.com\/T0E2AD6AY-F3FDV06GG-e28685f348",
            "channels": [
                "C0E2G2681"
            ],
            "groups": [],
            "ims": [],
            "comments_count": 0
        },
        "user": "U1R3SELAE",
        "ts": "1482150475.000506"
    },
    {
        "type": "message",
        "user": "U1R3SELAE",
        "text": "can anybody suggest me how they have done it",
        "ts": "1482150490.000508"
    },
    {
        "type": "message",
        "user": "U1R3SELAE",
        "text": "?",
        "ts": "1482150491.000509"
    },
    {
        "user": "U3FQD4RMW",
        "text": "<@U3FQD4RMW|cwhiteside> has joined the channel",
        "type": "message",
        "subtype": "channel_join",
        "ts": "1482153591.000510"
    },
    {
        "user": "U3H6D12JJ",
        "text": "<@U3H6D12JJ|mgreen89> has joined the channel",
        "type": "message",
        "subtype": "channel_join",
        "ts": "1482153917.000511"
    },
    {
        "user": "U3H7JPQSK",
        "text": "<@U3H7JPQSK|am.washingtonfrank> has joined the channel",
        "type": "message",
        "subtype": "channel_join",
        "ts": "1482158043.000512"
    },
    {
        "user": "U3H7LKM3R",
        "text": "<@U3H7LKM3R|s.pfeiffer> has joined the channel",
        "type": "message",
        "subtype": "channel_join",
        "ts": "1482158283.000513"
    },
    {
        "type": "message",
        "user": "U0V9PD50R",
        "text": "is that a people picker?",
        "ts": "1482163457.000514"
    },
    {
        "type": "message",
        "user": "U0V9PD50R",
        "text": "i think <http:\/\/serviceportal.io|serviceportal.io> has an article on using that, or something like it",
        "ts": "1482163480.000515"
    },
    {
        "type": "message",
        "user": "U0V9PD50R",
        "text": "<https:\/\/serviceportal.io\/sn-record-picker\/>",
        "attachments": [
            {
                "service_name": "ServicePortal.io",
                "title": "Reference Fields with the snRecordPicker Directive - ServicePortal.io - Service Portal, CMS, and Custom Apps",
                "title_link": "https:\/\/serviceportal.io\/sn-record-picker\/",
                "text": "One of the very powerful directives available in Service Portal that we will be covering today is the snRecordPicker. This directive generates a field very similar to a reference field in the platform. This is very useful when creating custom widgets that will be interacting with tables and records in ServiceNow. The Directive: [crayon-585805870a2a0052022230\/] It supports the following properties: [...]Read More...",
                "fallback": "ServicePortal.io: Reference Fields with the snRecordPicker Directive - ServicePortal.io - Service Portal, CMS, and Custom Apps",
                "image_url": "https:\/\/serviceportal.io\/wp-content\/uploads\/2016\/07\/snrecordpicker-1.jpg",
                "image_width": 542,
                "image_height": 250,
                "ts": 1469260448,
                "from_url": "https:\/\/serviceportal.io\/sn-record-picker\/",
                "image_bytes": 36072,
                "id": 1
            }
        ],
        "ts": "1482163589.000516"
    },
    {
        "type": "message",
        "user": "U1R3SELAE",
        "text": "I'm talking about add new user thing",
        "ts": "1482163847.000518"
    },
    {
        "type": "message",
        "user": "U1R3SELAE",
        "text": "not record picker",
        "ts": "1482163877.000519"
    },
    {
        "type": "message",
        "user": "U0V9PD50R",
        "text": "ohh...don't know about that",
        "ts": "1482164707.000520"
    },
    {
        "type": "message",
        "user": "U1R3SELAE",
        "text": "okay np",
        "ts": "1482166079.000521"
    },
    {
        "type": "message",
        "user": "U0KA6CNR0",
        "text": "Anyone worked with scripted list menu configuration?",
        "ts": "1482166813.000522"
    },
    {
        "type": "message",
        "user": "U0KA6CNR0",
        "text": "got a menu type that is using a field \"a.type\" to specify the link type its generating",
        "ts": "1482166868.000523"
    },
    {
        "type": "message",
        "user": "U0KA6CNR0",
        "text": "was wondering if anyone knows the list of types that can be used .",
        "ts": "1482166888.000524"
    },
    {
        "type": "message",
        "user": "U0V9PD50R",
        "text": "not off the top of my head, but i ran into a simliar situation where i get \"types\" like 99, 8, 21, etc..and made some guesses as to what they were, checkboxes, text iput, etc...it's lame",
        "ts": "1482167048.000525"
    },
    {
        "type": "message",
        "user": "U1R3SELAE",
        "text": "what is a.type?",
        "ts": "1482167528.000526"
    },
    {
        "type": "message",
        "user": "U0V9PD50R",
        "text": "probably anchor type",
        "ts": "1482167543.000527"
    },
    {
        "type": "message",
        "user": "U0V9PD50R",
        "text": "like as in &lt;a&gt;",
        "ts": "1482167550.000528"
    },
    {
        "type": "message",
        "user": "U1R3SELAE",
        "text": "well scripted list is very simple",
        "ts": "1482167559.000529"
    },
    {
        "type": "message",
        "user": "U1R3SELAE",
        "text": "suppose you want to update your view all request menu everytime you created a new req",
        "ts": "1482167593.000530"
    },
    {
        "type": "message",
        "user": "U0KA6CNR0",
        "text": "issue is that there's a set of ng-if's which are coded, for 'link\", 'request', 'approval' etc.",
        "ts": "1482170403.000531"
    },
    {
        "type": "message",
        "user": "U0KA6CNR0",
        "text": "i'm adding survey to the list of available items.",
        "ts": "1482170413.000532"
    },
    {
        "type": "message",
        "user": "U0KA6CNR0",
        "text": "but the mi.type is not  in the menuTemplate",
        "ts": "1482170432.000533"
    },
    {
        "type": "message",
        "user": "U0KA6CNR0",
        "text": "so i'm attempting to locate where those types are being established",
        "ts": "1482170440.000534"
    },
    {
        "type": "message",
        "subtype": "file_share",
        "text": "<@U0KA6CNR0|kiernan.mcmorrow> uploaded a file: <https:\/\/sndevs.slack.com\/files\/kiernan.mcmorrow\/F3GNKE9E1\/-.txt|Untitled>",
        "file": {
            "id": "F3GNKE9E1",
            "created": 1482170478,
            "timestamp": 1482170478,
            "name": "-.txt",
            "title": "Untitled",
            "mimetype": "text\/plain",
            "filetype": "text",
            "pretty_type": "Plain Text",
            "user": "U0KA6CNR0",
            "editable": true,
            "size": 566,
            "mode": "snippet",
            "is_external": false,
            "external_type": "",
            "is_public": true,
            "public_url_shared": false,
            "display_as_bot": false,
            "username": "",
            "url_private": "https:\/\/files.slack.com\/files-pri\/T0E2AD6AY-F3GNKE9E1\/-.txt?t=xoxe-14078448372-167243557781-166475819265-182f5ebf49",
            "url_private_download": "https:\/\/files.slack.com\/files-pri\/T0E2AD6AY-F3GNKE9E1\/download\/-.txt?t=xoxe-14078448372-167243557781-166475819265-182f5ebf49",
            "permalink": "https:\/\/sndevs.slack.com\/files\/kiernan.mcmorrow\/F3GNKE9E1\/-.txt",
            "permalink_public": "https:\/\/slack-files.com\/T0E2AD6AY-F3GNKE9E1-17879010fc",
            "edit_link": "https:\/\/sndevs.slack.com\/files\/kiernan.mcmorrow\/F3GNKE9E1\/-.txt\/edit",
            "preview": "<li ng-repeat=\"mi in items\" style=\"min-width: 20em;\" ng-class=\"{'dropdown-submenu': mi.type == 'menu', 'dropdown-menu-line':$index < items.length - 1}\" ng-include=\"getURL()\" class=\"ng-scope dropdown-menu-line\"><!-- ngIf: mi.type == 'link' -->\r\n<!-- ngIf: mi.type == 'record' && !mi.__page -->\r\n<!-- ngIf: mi.type == 'record' && mi.__page -->\r\n<!-- ngIf: mi.type == 'request' --><!-- end ngIf: mi.type == 'request' -->\r\n<!-- ngIf: mi.type == 'approval' -->\r",
            "preview_highlight": "<div class=\"CodeMirror cm-s-default CodeMirrorServer\" oncopy=\"if(event.clipboardData){event.clipboardData.setData('text\/plain',window.getSelection().toString().replace(\/\\u200b\/g,''));event.preventDefault();event.stopPropagation();}\">\n<div class=\"CodeMirror-code\">\n<div><pre>&lt;li ng-repeat=&quot;mi in items&quot; style=&quot;min-width: 20em;&quot; ng-class=&quot;{'dropdown-submenu': mi.type == 'menu', 'dropdown-menu-line':$index &lt; items.length - 1}&quot; ng-include=&quot;getURL()&quot; class=&quot;ng-scope dropdown-menu-line&quot;&gt;&lt;!-- ngIf: mi.type == 'link' --&gt;<\/pre><\/div>\n<div><pre>&lt;!-- ngIf: mi.type == 'record' &amp;&amp; !mi.__page --&gt;<\/pre><\/div>\n<div><pre>&lt;!-- ngIf: mi.type == 'record' &amp;&amp; mi.__page --&gt;<\/pre><\/div>\n<div><pre>&lt;!-- ngIf: mi.type == 'request' --&gt;&lt;!-- end ngIf: mi.type == 'request' --&gt;<\/pre><\/div>\n<div><pre>&lt;!-- ngIf: mi.type == 'approval' --&gt;<\/pre><\/div>\n<div><pre><\/pre><\/div>\n<\/div>\n<\/div>\n",
            "lines": 7,
            "lines_more": 2,
            "preview_is_truncated": false,
            "channels": [
                "C36D45F60"
            ],
            "groups": [],
            "ims": [],
            "comments_count": 0
        },
        "user": "U0KA6CNR0",
        "upload": true,
        "display_as_bot": false,
        "username": "kiernan.mcmorrow",
        "bot_id": null,
        "ts": "1482170479.000535"
    },
    {
        "type": "message",
        "user": "U1R3SELAE",
        "text": "well i have to look into it",
        "ts": "1482170615.000536"
    },
    {
        "type": "message",
        "user": "U0KA6CNR0",
        "text": "thanks, appreciate your time artemis",
        "ts": "1482170629.000537"
    },
    {
        "user": "U3GJMJHJ7",
        "text": "<@U3GJMJHJ7|jdsouza> has joined the channel",
        "type": "message",
        "subtype": "channel_join",
        "ts": "1482172941.000538"
    },
    {
        "type": "message",
        "user": "U2V15S3MF",
        "text": "these two functions: `formatDate` and `getDateFromFormat` do not appear to exist in Service Portal, though they do work in CMS\/Native UI. Where do these functions exist? I cannot find them in UI Scripts or Script Includes",
        "ts": "1482172959.000539"
    },
    {
        "type": "message",
        "subtype": "file_share",
        "text": "<@U2V15S3MF|t1mb0b> uploaded a file: <https:\/\/sndevs.slack.com\/files\/t1mb0b\/F3FVA2A6L\/-.js|Untitled> and commented: This works OK in CMS and the Native UI, but gives an error that 'getDateFromFormat' is undefined in Service Portal",
        "file": {
            "id": "F3FVA2A6L",
            "created": 1482173085,
            "timestamp": 1482173085,
            "name": "-.js",
            "title": "Untitled",
            "mimetype": "text\/plain",
            "filetype": "javascript",
            "pretty_type": "JavaScript\/JSON",
            "user": "U2V15S3MF",
            "editable": true,
            "size": 126,
            "mode": "snippet",
            "is_external": false,
            "external_type": "",
            "is_public": true,
            "public_url_shared": false,
            "display_as_bot": false,
            "username": "",
            "url_private": "https:\/\/files.slack.com\/files-pri\/T0E2AD6AY-F3FVA2A6L\/-.js?t=xoxe-14078448372-167243557781-166475819265-182f5ebf49",
            "url_private_download": "https:\/\/files.slack.com\/files-pri\/T0E2AD6AY-F3FVA2A6L\/download\/-.js?t=xoxe-14078448372-167243557781-166475819265-182f5ebf49",
            "permalink": "https:\/\/sndevs.slack.com\/files\/t1mb0b\/F3FVA2A6L\/-.js",
            "permalink_public": "https:\/\/slack-files.com\/T0E2AD6AY-F3FVA2A6L-4cac770177",
            "edit_link": "https:\/\/sndevs.slack.com\/files\/t1mb0b\/F3FVA2A6L\/-.js\/edit",
            "preview": "\t\t\tvar startDateStr = g_form.getValue('end_date');\r\n\t\t\tvar startDateNum = getDateFromFormat(startDateStr, g_user_date_format);",
            "preview_highlight": "<div class=\"CodeMirror cm-s-default CodeMirrorServer\" oncopy=\"if(event.clipboardData){event.clipboardData.setData('text\/plain',window.getSelection().toString().replace(\/\\u200b\/g,''));event.preventDefault();event.stopPropagation();}\">\n<div class=\"CodeMirror-code\">\n<div><pre>\t\t\t<span class=\"cm-keyword\">var<\/span> <span class=\"cm-def\">startDateStr<\/span> <span class=\"cm-operator\">=<\/span> <span class=\"cm-variable\">g_form<\/span>.<span class=\"cm-property\">getValue<\/span>(<span class=\"cm-string\">'end_date'<\/span>);<\/pre><\/div>\n<div><pre>\t\t\t<span class=\"cm-keyword\">var<\/span> <span class=\"cm-def\">startDateNum<\/span> <span class=\"cm-operator\">=<\/span> <span class=\"cm-variable\">getDateFromFormat<\/span>(<span class=\"cm-variable\">startDateStr<\/span>, <span class=\"cm-variable\">g_user_date_format<\/span>);<\/pre><\/div>\n<\/div>\n<\/div>\n",
            "lines": 2,
            "lines_more": 0,
            "preview_is_truncated": false,
            "channels": [
                "C36D45F60"
            ],
            "groups": [],
            "ims": [],
            "comments_count": 1,
            "initial_comment": {
                "id": "Fc3FVA2EDN",
                "created": 1482173085,
                "timestamp": 1482173085,
                "user": "U2V15S3MF",
                "is_intro": true,
                "comment": "This works OK in CMS and the Native UI, but gives an error that 'getDateFromFormat' is undefined in Service Portal",
                "channel": ""
            }
        },
        "user": "U2V15S3MF",
        "upload": true,
        "display_as_bot": false,
        "username": "t1mb0b",
        "bot_id": null,
        "ts": "1482173086.000540"
    },
    {
        "type": "message",
        "user": "U3BU8FGKV",
        "text": "<@U2V15S3MF> You're right, those don't exist in SP. However, MomentJS *does* exist. It requires a little bit of re-work, but you can use Moment to handle date formatting. <http:\/\/momentjs.com\/>",
        "ts": "1482173113.000541"
    },
    {
        "type": "message",
        "user": "U3BU8FGKV",
        "text": "and you should still be able to get at that g_user_date_format variable in SP",
        "ts": "1482173143.000542"
    },
    {
        "type": "message",
        "user": "U2V15S3MF",
        "text": "Thanks <@U3BU8FGKV> ! Yes, I have confirmed on the console the g_user_date_format is available",
        "ts": "1482173177.000543"
    },
    {
        "type": "message",
        "user": "U3BU8FGKV",
        "text": "once you get accustomed to it, you'll learn to love MomentJS - very powerful",
        "ts": "1482173198.000544",
        "reactions": [
            {
                "name": "+1",
                "users": [
                    "U0ED7DUBD"
                ],
                "count": 1
            }
        ]
    },
    {
        "type": "message",
        "user": "U2V15S3MF",
        "text": "is Moment.JS available in the Native UI? I am concnered if I update the client script on the catalogue item, anyone using the form in the Native UI will not get the date fields validated",
        "ts": "1482173228.000545"
    },
    {
        "type": "message",
        "user": "U2V15S3MF",
        "text": "I suppose I could check if the user is in the SP or not",
        "ts": "1482173248.000546"
    },
    {
        "type": "message",
        "user": "U3BU8FGKV",
        "text": "It is not. Unfortunately, you've got to accommodate both in your script. I've done something along the lines of:\n```if (moment)\n  blah blah blah\nelse\n  blah blah blah```",
        "ts": "1482173280.000547"
    },
    {
        "type": "message",
        "user": "U2V15S3MF",
        "text": "ah, ok, cool, will try!",
        "ts": "1482173314.000548"
    },
    {
        "type": "message",
        "user": "U3BU8FGKV",
        "text": "lemme check my exact syntax and I'll let you know....",
        "ts": "1482173322.000549"
    },
    {
        "type": "message",
        "user": "U2V15S3MF",
        "text": "<@U3BU8FGKV>++",
        "ts": "1482173326.000550"
    },
    {
        "text": "Woot! [<@U3BU8FGKV>++, now at <https:\/\/plusplus.chat\/t\/sndevs\/action\/947460|1 point>] ",
        "username": "PlusPlus",
        "icons": {
            "image_48": "https:\/\/s3-us-west-2.amazonaws.com\/slack-files2\/bot_icons\/2016-09-16\/80562777124_48.png"
        },
        "bot_id": "B2CGY1171",
        "type": "message",
        "subtype": "bot_message",
        "ts": "1482173327.000551"
    },
    {
        "type": "message",
        "user": "U3BU8FGKV",
        "text": "Here's a snippet I used in a catalog client script to work across the native &amp; SP UIs:\n```\/\/Get numeric value of date from user's date format, initialize Date object, and convert to system format\n\tvar dateSystem;\n\t\/\/If Service Portal, use MomentJS. Else, use g_user\/form.\n\tif (typeof(moment) == \"undefined\"){\n\t\tvar dateNumeric = getDateFromFormat(newValue, g_user_date_time_format.split(\" \")[0]);\n\t\tvar dateObject = new Date(dateNumeric);\n\t\tdateSystem = formatDate(dateObject, \"yyyy-MM-dd\");\n\t}\n\telse{\n\t\tdateSystem = moment(newValue,g_user_date_time_format.split(\" \")[0].toString().toUpperCase(),true).format('YYYY-MM-DD');\n\t}```",
        "ts": "1482173406.000552"
    },
    {
        "type": "message",
        "user": "U2V15S3MF",
        "text": "very cool, thanks so much, man!",
        "ts": "1482173419.000553",
        "reactions": [
            {
                "name": "+1",
                "users": [
                    "U3BU8FGKV"
                ],
                "count": 1
            }
        ]
    },
    {
        "type": "message",
        "user": "U3BU8FGKV",
        "text": "<@U2V15S3MF> You could also switch out my g_user_date_time_format manipulation and just use g_user_date_format. I didn't realize both were available when I first did this. :slightly_smiling_face:",
        "ts": "1482173544.000554"
    },
    {
        "type": "message",
        "user": "U235A44S0",
        "text": "<@U3BU8FGKV>: That is good information to know. Thank you as well",
        "ts": "1482174548.000555",
        "reactions": [
            {
                "name": "+1",
                "users": [
                    "U3BU8FGKV"
                ],
                "count": 1
            }
        ]
    },
    {
        "type": "message",
        "user": "U2V15S3MF",
        "text": "What would be the equivalent of getDateFromFormat using moment?",
        "ts": "1482180466.000556"
    },
    {
        "type": "message",
        "user": "U3BU8FGKV",
        "text": "`moment(newValue,g_user_date_format.toString().toUpperCase(),true)`, where newValue is coming from a date variable on the form, will give you a new momentJS object, I think",
        "edited": {
            "user": "U3BU8FGKV",
            "ts": "1482181160.000000"
        },
        "ts": "1482180934.000557"
    },
    {
        "type": "message",
        "user": "U3BU8FGKV",
        "text": "then you can do whatever you need to with that moment",
        "ts": "1482180945.000558"
    },
    {
        "type": "message",
        "user": "U3BU8FGKV",
        "text": "it's basically just saying, \"Hey, MomentJS, here's a date string and the format, gimme a moment object to play with\"",
        "ts": "1482180976.000559"
    },
    {
        "type": "message",
        "user": "U2V15S3MF",
        "text": "kk, sweet, thanks!",
        "ts": "1482180989.000560"
    },
    {
        "type": "message",
        "user": "U3BU8FGKV",
        "text": "Moment is pretty intelligent about divining the format you're feeding it, so often you don't even need that second argument, though it's a good practice to provide it.",
        "ts": "1482180999.000561"
    },
    {
        "type": "message",
        "user": "U3BU8FGKV",
        "text": "can't remember at all what that 'true' argument is, though the docs should tell you.",
        "ts": "1482181058.000562"
    },
    {
        "type": "message",
        "user": "U3BU8FGKV",
        "text": "'strict parsing' it appears...",
        "ts": "1482181125.000563"
    },
    {
        "type": "message",
        "user": "U1ALM3K24",
        "text": "Is that just adding in a script include - called \"moment' with the minified code <@U3BU8FGKV>?",
        "attachments": [
            {
                "fallback": "[December 19th, 2016 1:46 PM] hollifield: once you get accustomed to it, you'll learn to love MomentJS - very powerful",
                "ts": "1482173198.000544",
                "author_subname": "hollifield",
                "channel_id": "C36D45F60",
                "channel_name": "service-portal-cms",
                "is_msg_unfurl": true,
                "text": "once you get accustomed to it, you'll learn to love MomentJS - very powerful",
                "author_name": "Ben Hollifield",
                "author_link": "https:\/\/sndevs.slack.com\/team\/hollifield",
                "author_icon": "https:\/\/avatars.slack-edge.com\/2016-12-07\/113321882832_31a336a84f83809d965b_48.jpg",
                "mrkdwn_in": [
                    "text"
                ],
                "color": "D0D0D0",
                "from_url": "https:\/\/sndevs.slack.com\/archives\/service-portal-cms\/p1482173198000544",
                "is_share": true,
                "footer": "Posted in #service-portal-cms"
            }
        ],
        "edited": {
            "user": "U1ALM3K24",
            "ts": "1482182625.000000"
        },
        "ts": "1482182611.000565"
    },
    {
        "type": "message",
        "user": "U1ALM3K24",
        "text": "I watched the LCHH and it appeared Dave was headed down that path, but with the technical issues never actually put moment.js momentTZ.js into his system.",
        "ts": "1482182668.000567"
    },
    {
        "type": "message",
        "user": "U34SPJ5LG",
        "text": "var cart = new SPCart(input.cartName, userID);",
        "ts": "1482182729.000568"
    },
    {
        "type": "message",
        "user": "U34SPJ5LG",
        "text": "Where is that function located?",
        "ts": "1482182747.000569"
    },
    {
        "type": "message",
        "user": "U2V15S3MF",
        "text": "It's a script include. There are a bunch prefixed with 'SP'",
        "ts": "1482183128.000570"
    },
    {
        "type": "message",
        "user": "U3BU8FGKV",
        "text": "<@U1ALM3K24> I *believe* it's an include that is added to SP without any action on your part. You don't need to manually add it or instantiate it - just use it.",
        "edited": {
            "user": "U3BU8FGKV",
            "ts": "1482183298.000000"
        },
        "ts": "1482183267.000571"
    },
    {
        "type": "message",
        "user": "U3BU8FGKV",
        "text": "If Dave was trying to use it outside of SP, then he'd need to add it for sure.",
        "ts": "1482183321.000573"
    },
    {
        "type": "message",
        "subtype": "file_share",
        "text": "<@U2V15S3MF|t1mb0b> uploaded a file: <https:\/\/sndevs.slack.com\/files\/t1mb0b\/F3GRL55FW\/-.js|Untitled> and commented: All fixed up, thanks <@U3BU8FGKV> !",
        "file": {
            "id": "F3GRL55FW",
            "created": 1482183983,
            "timestamp": 1482183983,
            "name": "-.js",
            "title": "Untitled",
            "mimetype": "text\/plain",
            "filetype": "javascript",
            "pretty_type": "JavaScript\/JSON",
            "user": "U2V15S3MF",
            "editable": true,
            "size": 767,
            "mode": "snippet",
            "is_external": false,
            "external_type": "",
            "is_public": true,
            "public_url_shared": false,
            "display_as_bot": false,
            "username": "",
            "url_private": "https:\/\/files.slack.com\/files-pri\/T0E2AD6AY-F3GRL55FW\/-.js?t=xoxe-14078448372-167243557781-166475819265-182f5ebf49",
            "url_private_download": "https:\/\/files.slack.com\/files-pri\/T0E2AD6AY-F3GRL55FW\/download\/-.js?t=xoxe-14078448372-167243557781-166475819265-182f5ebf49",
            "permalink": "https:\/\/sndevs.slack.com\/files\/t1mb0b\/F3GRL55FW\/-.js",
            "permalink_public": "https:\/\/slack-files.com\/T0E2AD6AY-F3GRL55FW-b1084d73ef",
            "edit_link": "https:\/\/sndevs.slack.com\/files\/t1mb0b\/F3GRL55FW\/-.js\/edit",
            "preview": "if (typeof(moment) === \"undefined\"){\r\n\t\t\/\/current date\r\n\t\tvar currentDateObj = new Date();\r\n\t\tvar currentDateStr = formatDate(currentDateObj, g_user_date_format);\r\n\t\tvar currentDateNum = getDateFromFormat(currentDateStr, g_user_date_format);\r",
            "preview_highlight": "<div class=\"CodeMirror cm-s-default CodeMirrorServer\" oncopy=\"if(event.clipboardData){event.clipboardData.setData('text\/plain',window.getSelection().toString().replace(\/\\u200b\/g,''));event.preventDefault();event.stopPropagation();}\">\n<div class=\"CodeMirror-code\">\n<div><pre><span class=\"cm-keyword\">if<\/span> (<span class=\"cm-keyword\">typeof<\/span>(<span class=\"cm-variable\">moment<\/span>) <span class=\"cm-operator\">===<\/span> <span class=\"cm-string\">&quot;undefined&quot;<\/span>){<\/pre><\/div>\n<div><pre>\t\t<span class=\"cm-comment\">\/\/current date<\/span><\/pre><\/div>\n<div><pre>\t\t<span class=\"cm-keyword\">var<\/span> <span class=\"cm-def\">currentDateObj<\/span> <span class=\"cm-operator\">=<\/span> <span class=\"cm-keyword\">new<\/span> <span class=\"cm-variable\">Date<\/span>();<\/pre><\/div>\n<div><pre>\t\t<span class=\"cm-keyword\">var<\/span> <span class=\"cm-def\">currentDateStr<\/span> <span class=\"cm-operator\">=<\/span> <span class=\"cm-variable\">formatDate<\/span>(<span class=\"cm-variable\">currentDateObj<\/span>, <span class=\"cm-variable\">g_user_date_format<\/span>);<\/pre><\/div>\n<div><pre>\t\t<span class=\"cm-keyword\">var<\/span> <span class=\"cm-def\">currentDateNum<\/span> <span class=\"cm-operator\">=<\/span> <span class=\"cm-variable\">getDateFromFormat<\/span>(<span class=\"cm-variable\">currentDateStr<\/span>, <span class=\"cm-variable\">g_user_date_format<\/span>);<\/pre><\/div>\n<\/div>\n<\/div>\n",
            "lines": 19,
            "lines_more": 14,
            "preview_is_truncated": false,
            "channels": [
                "C36D45F60"
            ],
            "groups": [],
            "ims": [],
            "comments_count": 1,
            "initial_comment": {
                "id": "Fc3GMAR2P5",
                "created": 1482183983,
                "timestamp": 1482183983,
                "user": "U2V15S3MF",
                "is_intro": true,
                "comment": "All fixed up, thanks <@U3BU8FGKV> !",
                "channel": ""
            }
        },
        "user": "U2V15S3MF",
        "upload": true,
        "display_as_bot": false,
        "username": "t1mb0b",
        "bot_id": null,
        "ts": "1482183983.000574"
    },
    {
        "user": "U3GN6NMB5",
        "text": "<@U3GN6NMB5|calebfrancis5991> has joined the channel",
        "type": "message",
        "subtype": "channel_join",
        "ts": "1482188321.000577"
    },
    {
        "user": "U3G43VA4Q",
        "text": "<@U3G43VA4Q|scott.hall> has joined the channel",
        "type": "message",
        "subtype": "channel_join",
        "ts": "1482192899.000578"
    }
]