[
    {
        "user": "U3JMJSX9C",
        "text": "<@U3JMJSX9C|divyansha954> has joined the channel",
        "type": "message",
        "subtype": "channel_join",
        "ts": "1482413178.000619"
    },
    {
        "type": "message",
        "user": "U2V15S3MF",
        "text": "<@U34SPJ5LG> You could set the category to inactive, or add a true\/false flag to the category form and update the widget to check for true and only display those",
        "ts": "1482416286.000620"
    },
    {
        "type": "message",
        "user": "U34SPJ5LG",
        "text": "<@U2V15S3MF> They don't want the catagory inactive, Back end they still want itil and other users to access it. They just don't want it on SP.",
        "ts": "1482427349.000621"
    },
    {
        "type": "message",
        "user": "U2V15S3MF",
        "text": "I would go the true\/false route then, if you can. Add a field called 'Include on SP' or something, then modify the SC Categories widget to include that in the query",
        "ts": "1482427421.000622"
    },
    {
        "type": "message",
        "user": "U0KA6CNR0",
        "text": "so i'm trying to drop a user to the form page for a request item, but it seems that OOB, it will only accept a sys_id for the record. i want to be able to pass a filter that returns a distinct record.",
        "ts": "1482430554.000623"
    },
    {
        "type": "message",
        "user": "U0KA6CNR0",
        "text": "so say sysparm_query=number=ritm00011809",
        "ts": "1482430578.000624"
    },
    {
        "type": "message",
        "user": "U34SPJ5LG",
        "text": "Was trying to avoid editing the OOB functionality.",
        "ts": "1482432637.000625"
    },
    {
        "type": "message",
        "user": "U0KA6CNR0",
        "text": "thats the eternal struggle",
        "ts": "1482433027.000626"
    },
    {
        "type": "message",
        "user": "U0KA6CNR0",
        "text": "has anyone else worked with the external search sources inside the OOB search?",
        "ts": "1482433510.000627"
    },
    {
        "type": "message",
        "user": "U0KA6CNR0",
        "text": "having some questions about typeahead values.",
        "ts": "1482433515.000628"
    },
    {
        "type": "message",
        "user": "U0KA6CNR0",
        "text": "have a search integration, thats returning values on the actual search page",
        "ts": "1482434089.000629"
    },
    {
        "type": "message",
        "user": "U0KA6CNR0",
        "text": "these are all external to sn links, but with typeahead, get all the seach values \"undefined\"",
        "ts": "1482434113.000630"
    }
]