[
    {
        "type": "message",
        "user": "U1R3SELAE",
        "text": "Hi guys",
        "ts": "1480870742.000002"
    },
    {
        "type": "message",
        "user": "U1R3SELAE",
        "text": "Any idea, How can I make this type of thing in sp widget",
        "ts": "1480870756.000003"
    },
    {
        "type": "message",
        "subtype": "file_share",
        "text": "<@U1R3SELAE|artemis> uploaded a file: <https:\/\/sndevs.slack.com\/files\/artemis\/F3AEPJNS0\/capture.png|Capture.PNG>",
        "file": {
            "id": "F3AEPJNS0",
            "created": 1480870776,
            "timestamp": 1480870776,
            "name": "Capture.PNG",
            "title": "Capture.PNG",
            "mimetype": "image\/png",
            "filetype": "png",
            "pretty_type": "PNG",
            "user": "U1R3SELAE",
            "editable": false,
            "size": 36209,
            "mode": "hosted",
            "is_external": false,
            "external_type": "",
            "is_public": true,
            "public_url_shared": false,
            "display_as_bot": false,
            "username": "",
            "url_private": "https:\/\/files.slack.com\/files-pri\/T0E2AD6AY-F3AEPJNS0\/capture.png?t=xoxe-14078448372-167243557781-166475819265-182f5ebf49",
            "url_private_download": "https:\/\/files.slack.com\/files-pri\/T0E2AD6AY-F3AEPJNS0\/download\/capture.png?t=xoxe-14078448372-167243557781-166475819265-182f5ebf49",
            "thumb_64": "https:\/\/files.slack.com\/files-tmb\/T0E2AD6AY-F3AEPJNS0-b71b4064a5\/capture_64.png?t=xoxe-14078448372-167243557781-166475819265-182f5ebf49",
            "thumb_80": "https:\/\/files.slack.com\/files-tmb\/T0E2AD6AY-F3AEPJNS0-b71b4064a5\/capture_80.png?t=xoxe-14078448372-167243557781-166475819265-182f5ebf49",
            "thumb_360": "https:\/\/files.slack.com\/files-tmb\/T0E2AD6AY-F3AEPJNS0-b71b4064a5\/capture_360.png?t=xoxe-14078448372-167243557781-166475819265-182f5ebf49",
            "thumb_360_w": 360,
            "thumb_360_h": 52,
            "thumb_480": "https:\/\/files.slack.com\/files-tmb\/T0E2AD6AY-F3AEPJNS0-b71b4064a5\/capture_480.png?t=xoxe-14078448372-167243557781-166475819265-182f5ebf49",
            "thumb_480_w": 480,
            "thumb_480_h": 70,
            "thumb_160": "https:\/\/files.slack.com\/files-tmb\/T0E2AD6AY-F3AEPJNS0-b71b4064a5\/capture_160.png?t=xoxe-14078448372-167243557781-166475819265-182f5ebf49",
            "thumb_720": "https:\/\/files.slack.com\/files-tmb\/T0E2AD6AY-F3AEPJNS0-b71b4064a5\/capture_720.png?t=xoxe-14078448372-167243557781-166475819265-182f5ebf49",
            "thumb_720_w": 720,
            "thumb_720_h": 104,
            "thumb_960": "https:\/\/files.slack.com\/files-tmb\/T0E2AD6AY-F3AEPJNS0-b71b4064a5\/capture_960.png?t=xoxe-14078448372-167243557781-166475819265-182f5ebf49",
            "thumb_960_w": 960,
            "thumb_960_h": 139,
            "thumb_1024": "https:\/\/files.slack.com\/files-tmb\/T0E2AD6AY-F3AEPJNS0-b71b4064a5\/capture_1024.png?t=xoxe-14078448372-167243557781-166475819265-182f5ebf49",
            "thumb_1024_w": 1024,
            "thumb_1024_h": 148,
            "image_exif_rotation": 1,
            "original_w": 1754,
            "original_h": 254,
            "permalink": "https:\/\/sndevs.slack.com\/files\/artemis\/F3AEPJNS0\/capture.png",
            "permalink_public": "https:\/\/slack-files.com\/T0E2AD6AY-F3AEPJNS0-8c57f0b7f7",
            "channels": [
                "C36D45F60"
            ],
            "groups": [],
            "ims": [],
            "comments_count": 0
        },
        "user": "U1R3SELAE",
        "upload": true,
        "display_as_bot": false,
        "username": "artemis",
        "bot_id": null,
        "ts": "1480870780.000004"
    },
    {
        "type": "message",
        "user": "U34SPJ5LG",
        "text": "Breadcrumbs?",
        "ts": "1480896495.000005"
    },
    {
        "type": "message",
        "user": "U34SPJ5LG",
        "text": "They already have widgets for breadcrumbs, as well as the type ahead search.",
        "ts": "1480896519.000006"
    },
    {
        "type": "message",
        "user": "U34SPJ5LG",
        "text": "Data tables already exists too.",
        "ts": "1480896525.000007"
    }
]