[
    {
        "user": "U1R3SELAE",
        "text": "<@U1R3SELAE|artemis> has joined the channel",
        "type": "message",
        "subtype": "channel_join",
        "ts": "1480512685.000036"
    },
    {
        "type": "message",
        "user": "U2X3224KW",
        "text": "<@U0ED7DUBD> great job making the navbar your own.  It's too easy to leave that part OOB but I'm not a huge fan on how it looks.",
        "edited": {
            "user": "U2X3224KW",
            "ts": "1480517722.000000"
        },
        "ts": "1480517673.000037"
    },
    {
        "type": "message",
        "user": "U0ED7DUBD",
        "text": "Thanks!",
        "ts": "1480517737.000039"
    },
    {
        "type": "message",
        "user": "U34SPJ5LG",
        "text": "<@U0ED7DUBD> is that for SP or CMS?",
        "ts": "1480523207.000042"
    },
    {
        "type": "message",
        "user": "U0ED7DUBD",
        "text": "SP",
        "ts": "1480523224.000043"
    },
    {
        "type": "message",
        "user": "U34SPJ5LG",
        "text": "Then that is really cool. :slightly_smiling_face:",
        "ts": "1480523275.000044"
    },
    {
        "type": "message",
        "user": "U1R3SELAE",
        "text": "<@U0ED7DUBD> can you share code?",
        "ts": "1480523548.000045"
    },
    {
        "type": "message",
        "user": "U1R3SELAE",
        "text": "have to make something like this",
        "ts": "1480523561.000046"
    },
    {
        "type": "message",
        "user": "U0ED7DUBD",
        "text": "Well, the secret is that a lot of the work was done with this library.",
        "ts": "1480523822.000047"
    },
    {
        "type": "message",
        "user": "U0ED7DUBD",
        "text": "<https:\/\/bootswatch.com\/yeti\/>",
        "ts": "1480523823.000048"
    },
    {
        "type": "message",
        "user": "U0ED7DUBD",
        "text": "Then I tweaked it from there.",
        "ts": "1480523830.000049"
    },
    {
        "type": "message",
        "user": "U0V9PD50R",
        "text": "oh i got a good one now...",
        "ts": "1480524312.000050"
    },
    {
        "type": "message",
        "user": "U0V9PD50R",
        "text": "so i built a table, it allows for editing each cell (which will write back to the server) and after each save it'll run the c.server.update() and update the $scope",
        "ts": "1480524364.000051"
    },
    {
        "type": "message",
        "user": "U0V9PD50R",
        "text": "they asked for tabbing and enter event handling, no problem, but...when you tab off or enter - it will save, and then loose the tab focus (of the cell you moved to if you tab)",
        "ts": "1480524404.000052"
    },
    {
        "type": "message",
        "user": "U0V9PD50R",
        "text": "how do i i keep it from loosing where you are with the tab and save?",
        "ts": "1480524427.000053"
    },
    {
        "type": "message",
        "user": "U0ED7DUBD",
        "text": "Can you share some code?",
        "ts": "1480525183.000054"
    },
    {
        "type": "message",
        "user": "U0V9PD50R",
        "text": "it's embarrassing",
        "ts": "1480525802.000055"
    },
    {
        "type": "message",
        "user": "U0V9PD50R",
        "text": "lol",
        "ts": "1480525805.000056"
    },
    {
        "type": "message",
        "user": "U0V9PD50R",
        "text": "embarassing code",
        "ts": "1480525810.000057"
    },
    {
        "type": "message",
        "user": "U0V9PD50R",
        "text": "i'm trying to think how to show this because there's so much going on",
        "ts": "1480525945.000058"
    },
    {
        "type": "message",
        "user": "U0V9PD50R",
        "text": "and i probably started it wrong and went from there...lol",
        "ts": "1480525960.000059"
    },
    {
        "type": "message",
        "user": "U34SPJ5LG",
        "text": "I think the c.server.update() probably refreshes the form. IMO, what little its worth, you'd have to find a way to associate the order of IDs of the form elements and script it in there to put focus on the next piece, Maybe an array?",
        "ts": "1480525991.000060",
        "reactions": [
            {
                "name": "+1",
                "users": [
                    "U0ED7DUBD"
                ],
                "count": 1
            }
        ]
    },
    {
        "type": "message",
        "user": "U2V15S3MF",
        "text": "Anyone ever muck about with the SpEntry Script Include? If I need to parse a URL, then redirect to a new one in SP, is there where I would start?",
        "ts": "1480526032.000061"
    },
    {
        "type": "message",
        "user": "U0V9PD50R",
        "text": "yeah <@U34SPJ5LG> - that's where i'm going right now...trying to keep my position after the update...like knowing before the update and then using that in ng-focus",
        "ts": "1480526125.000062"
    },
    {
        "type": "message",
        "user": "U0V9PD50R",
        "text": "i already handle that with knowing where to show something...so maybe i can tap into that and keep focus...",
        "ts": "1480526779.000063"
    },
    {
        "type": "message",
        "user": "U34SPJ5LG",
        "text": "<@U2V15S3MF> Nope, but when you figure it out, please share!",
        "ts": "1480527779.000064"
    },
    {
        "type": "message",
        "user": "U2V15S3MF",
        "text": "<@U34SPJ5LG> yes, will do!",
        "ts": "1480527798.000065"
    },
    {
        "type": "message",
        "user": "U34SPJ5LG",
        "text": "<@U0V9PD50R> That might work!",
        "ts": "1480527804.000066"
    },
    {
        "type": "message",
        "user": "U0ED7DUBD",
        "text": "<@U2V15S3MF> Might want to look at $location as well?",
        "ts": "1480528087.000067"
    },
    {
        "type": "message",
        "user": "U0ED7DUBD",
        "text": "<https:\/\/docs.angularjs.org\/api\/ng\/service\/$location>",
        "attachments": [
            {
                "title": "AngularJS",
                "title_link": "https:\/\/docs.angularjs.org\/api\/ng\/service\/$location",
                "text": "AngularJS is what HTML would have been, had it been designed for building web-apps. Declarative templates with data-binding, MVC, dependency injection and great testability story all implemented with pure client-side JavaScript!",
                "fallback": "AngularJS",
                "from_url": "https:\/\/docs.angularjs.org\/api\/ng\/service\/$location",
                "service_icon": "https:\/\/docs.angularjs.org\/favicon.ico",
                "service_name": "docs.angularjs.org",
                "id": 1
            }
        ],
        "ts": "1480528088.000068"
    },
    {
        "type": "message",
        "user": "U2V15S3MF",
        "text": "<@U0ED7DUBD> Thanks, I will check this out!",
        "ts": "1480528116.000070"
    },
    {
        "user": "U0PK83SC8",
        "text": "<@U0PK83SC8|andrew_p> has joined the channel",
        "type": "message",
        "subtype": "channel_join",
        "ts": "1480533821.000071"
    },
    {
        "type": "message",
        "user": "U0V9PD50R",
        "text": "is there anything around c.server.update?",
        "ts": "1480540015.000072"
    },
    {
        "type": "message",
        "user": "U0V9PD50R",
        "text": "i mean spUtil.update($scope)",
        "ts": "1480540045.000073"
    },
    {
        "type": "message",
        "user": "U0V9PD50R",
        "text": "like a callback...i need something to happen after it's done...",
        "ts": "1480540391.000074"
    },
    {
        "type": "message",
        "user": "U0ED7DUBD",
        "text": "Don't think so.  Maybe you can use angulars $scope.$watch?",
        "ts": "1480542273.000075"
    },
    {
        "type": "message",
        "user": "U0ED7DUBD",
        "text": "Like update the scope in your server and based on that do something in the watch?  I think I did something like that somewhere.  I can dig it up if you're interested.",
        "ts": "1480542359.000076"
    },
    {
        "user": "U3857M3T9",
        "text": "<@U3857M3T9|nick025> has joined the channel",
        "type": "message",
        "subtype": "channel_join",
        "ts": "1480542510.000077"
    },
    {
        "type": "message",
        "user": "U0V9PD50R",
        "text": "all i want to do is set focus after the update...wahhhhh",
        "ts": "1480545710.000078"
    },
    {
        "type": "message",
        "user": "U0V9PD50R",
        "text": "lol",
        "ts": "1480545714.000079"
    }
]