[
    {
        "user": "U3F9NRNRJ",
        "text": "<@U3F9NRNRJ|raminaidu> has joined the channel",
        "type": "message",
        "subtype": "channel_join",
        "ts": "1481809581.000461"
    },
    {
        "user": "U3EHLT2KT",
        "text": "<@U3EHLT2KT|nirisha_b> has joined the channel",
        "type": "message",
        "subtype": "channel_join",
        "ts": "1481812849.000462"
    },
    {
        "user": "U3FCJ0NH0",
        "text": "<@U3FCJ0NH0|ostevens> has joined the channel",
        "type": "message",
        "subtype": "channel_join",
        "ts": "1481828296.000463"
    },
    {
        "type": "message",
        "user": "U2V15S3MF",
        "text": "Im running Helsinki and had to use the workaround provided for Order Guides., which basically loads the order guide view in an iFrame CMS-Style.  I want to hide the back button on the order guide so the user(s) cannot click on it, as it can cause confusion. I have tried adding a custom css to the portal theme to hide the element, but this does not work. I can hide it using the element inspector (addin visibility: hidden;), but no matter where I try to apply the css (widget, widget instance or portal theme), no luck. I have also tried jQuery, in the link function field, but that is not working, either. \n\n`$(\"#back_button_in_header\").hide();`\n\nI tried running this command in the console, and it doesn't hide the button. Any ideas?",
        "ts": "1481837637.000464"
    },
    {
        "type": "message",
        "user": "U2V15S3MF",
        "text": "OK, I loaded just the frame only, and i can run that jQuery script and it will hide the button. So now I need to figure out how to access the iFrame within the widget to get at the element",
        "ts": "1481838328.000465"
    },
    {
        "user": "U3FHEJ28L",
        "text": "<@U3FHEJ28L|bigjayeds> has joined the channel",
        "type": "message",
        "subtype": "channel_join",
        "ts": "1481838437.000466"
    },
    {
        "type": "message",
        "user": "U2V15S3MF",
        "text": "This works in the console:\n\n`jQuery('#og_iframe').contents().find('#back_button_in_header').hide();`\n\nBut it won't execute in the widget itself. I tried it in the Link and the client controller field.",
        "ts": "1481839264.000467"
    },
    {
        "type": "message",
        "user": "U0ED7DUBD",
        "text": "I’m just guessing, but maybe it’s a timing thing?",
        "ts": "1481839474.000468"
    },
    {
        "type": "message",
        "user": "U0ED7DUBD",
        "text": "Like, the contents of the iframe aren’t fully loaded?",
        "ts": "1481839497.000469"
    },
    {
        "type": "message",
        "user": "U2V15S3MF",
        "text": "i suppose that could be a possibility",
        "ts": "1481839623.000470"
    },
    {
        "type": "message",
        "user": "U0V9PD50R",
        "text": "use a $timeout?",
        "ts": "1481840064.000471"
    },
    {
        "type": "message",
        "user": "U2V15S3MF",
        "text": "yes, I will try that, thanks!",
        "ts": "1481840334.000472"
    },
    {
        "user": "U3FJ41R6Y",
        "text": "<@U3FJ41R6Y|ericfisch> has joined the channel",
        "type": "message",
        "subtype": "channel_join",
        "ts": "1481841554.000473"
    },
    {
        "type": "message",
        "subtype": "file_share",
        "text": "<@U2V15S3MF|t1mb0b> uploaded a file: <https:\/\/sndevs.slack.com\/files\/t1mb0b\/F3FJ449E0\/-.js|Untitled> and commented: OK, I think I got it, thanks for pointing me in the direction of timing! I just added a function to run the jQuery once the iframe loaded",
        "file": {
            "id": "F3FJ449E0",
            "created": 1481841561,
            "timestamp": 1481841561,
            "name": "-.js",
            "title": "Untitled",
            "mimetype": "text\/plain",
            "filetype": "javascript",
            "pretty_type": "JavaScript\/JSON",
            "user": "U2V15S3MF",
            "editable": true,
            "size": 171,
            "mode": "snippet",
            "is_external": false,
            "external_type": "",
            "is_public": true,
            "public_url_shared": false,
            "display_as_bot": false,
            "username": "",
            "url_private": "https:\/\/files.slack.com\/files-pri\/T0E2AD6AY-F3FJ449E0\/-.js?t=xoxe-14078448372-167243557781-166475819265-182f5ebf49",
            "url_private_download": "https:\/\/files.slack.com\/files-pri\/T0E2AD6AY-F3FJ449E0\/download\/-.js?t=xoxe-14078448372-167243557781-166475819265-182f5ebf49",
            "permalink": "https:\/\/sndevs.slack.com\/files\/t1mb0b\/F3FJ449E0\/-.js",
            "permalink_public": "https:\/\/slack-files.com\/T0E2AD6AY-F3FJ449E0-a1899923a5",
            "edit_link": "https:\/\/sndevs.slack.com\/files\/t1mb0b\/F3FJ449E0\/-.js\/edit",
            "preview": "document.querySelector('#og_iframe').onload = function(){\r\n\tconsole.log('TM===> iframe loaded');\r\njQuery('#og_iframe').contents().find('#back_button_in_header').hide();\r\n}",
            "preview_highlight": "<div class=\"CodeMirror cm-s-default CodeMirrorServer\" oncopy=\"if(event.clipboardData){event.clipboardData.setData('text\/plain',window.getSelection().toString().replace(\/\\u200b\/g,''));event.preventDefault();event.stopPropagation();}\">\n<div class=\"CodeMirror-code\">\n<div><pre><span class=\"cm-variable\">document<\/span>.<span class=\"cm-property\">querySelector<\/span>(<span class=\"cm-string\">'#og_iframe'<\/span>).<span class=\"cm-property\">onload<\/span> <span class=\"cm-operator\">=<\/span> <span class=\"cm-keyword\">function<\/span>(){<\/pre><\/div>\n<div><pre>\t<span class=\"cm-variable\">console<\/span>.<span class=\"cm-property\">log<\/span>(<span class=\"cm-string\">'TM===&gt; iframe loaded'<\/span>);<\/pre><\/div>\n<div><pre><span class=\"cm-variable\">jQuery<\/span>(<span class=\"cm-string\">'#og_iframe'<\/span>).<span class=\"cm-property\">contents<\/span>().<span class=\"cm-property\">find<\/span>(<span class=\"cm-string\">'#back_button_in_header'<\/span>).<span class=\"cm-property\">hide<\/span>();<\/pre><\/div>\n<div><pre>}<\/pre><\/div>\n<\/div>\n<\/div>\n",
            "lines": 4,
            "lines_more": 0,
            "preview_is_truncated": false,
            "channels": [
                "C36D45F60"
            ],
            "groups": [],
            "ims": [],
            "comments_count": 1,
            "initial_comment": {
                "id": "Fc3EQGED1N",
                "created": 1481841561,
                "timestamp": 1481841561,
                "user": "U2V15S3MF",
                "is_intro": true,
                "comment": "OK, I think I got it, thanks for pointing me in the direction of timing! I just added a function to run the jQuery once the iframe loaded",
                "channel": ""
            },
            "reactions": [
                {
                    "name": "+1::skin-tone-3",
                    "users": [
                        "U235A44S0",
                        "U0ED7DUBD"
                    ],
                    "count": 2
                }
            ]
        },
        "user": "U2V15S3MF",
        "upload": true,
        "display_as_bot": false,
        "username": "t1mb0b",
        "bot_id": null,
        "ts": "1481841561.000474"
    },
    {
        "type": "message",
        "user": "U0V9PD50R",
        "text": "awesome!",
        "ts": "1481841768.000475"
    },
    {
        "user": "U3G6MLS94",
        "text": "<@U3G6MLS94|raghu_log> has joined the channel",
        "type": "message",
        "subtype": "channel_join",
        "ts": "1481843177.000476"
    },
    {
        "type": "message",
        "user": "U34SPJ5LG",
        "text": "YESSSSSS. Gonna use that for kb articles",
        "ts": "1481844437.000477"
    },
    {
        "type": "message",
        "user": "U34SPJ5LG",
        "text": "Ty <@U2V15S3MF>",
        "ts": "1481844446.000478"
    },
    {
        "user": "U3FEZ8KHR",
        "text": "<@U3FEZ8KHR|aravinda.ys> has joined the channel",
        "type": "message",
        "subtype": "channel_join",
        "ts": "1481848312.000479"
    },
    {
        "user": "U3FH0GB5G",
        "text": "<@U3FH0GB5G|weatherbottom> has joined the channel",
        "type": "message",
        "subtype": "channel_join",
        "ts": "1481848735.000480"
    },
    {
        "user": "U3FGN8JM9",
        "text": "<@U3FGN8JM9|bblackburn> has joined the channel",
        "type": "message",
        "subtype": "channel_join",
        "ts": "1481863258.000481"
    }
]