[
    {
        "type": "message",
        "user": "U0V9PD50R",
        "text": "have any of you build a factory and directive?",
        "ts": "1480616033.000080"
    },
    {
        "type": "message",
        "user": "U1R3SELAE",
        "text": "I have worked on directives",
        "ts": "1480616218.000081"
    },
    {
        "type": "message",
        "user": "U0V9PD50R",
        "text": "i need to convert this <http:\/\/plnkr.co\/edit\/vJQXtsZiX4EJ6Uvw9xtG?p=preview> to work in SN",
        "attachments": [
            {
                "title": "Untitled",
                "title_link": "http:\/\/plnkr.co\/edit\/vJQXtsZiX4EJ6Uvw9xtG?p=preview",
                "text": "Created on Plnkr: Helping developers build the web.",
                "fallback": "Untitled",
                "from_url": "http:\/\/plnkr.co\/edit\/vJQXtsZiX4EJ6Uvw9xtG?p=preview",
                "service_icon": "http:\/\/plnkr.co\/favicon.ico",
                "service_name": "plnkr.co",
                "id": 1
            }
        ],
        "ts": "1480616406.000082"
    },
    {
        "type": "message",
        "user": "U0V9PD50R",
        "text": "when i did what i thought was right, it broke...",
        "ts": "1480616428.000084"
    },
    {
        "type": "message",
        "user": "U34SPJ5LG",
        "text": "LOL The story of my life",
        "ts": "1480618488.000085"
    },
    {
        "type": "message",
        "user": "U34SPJ5LG",
        "text": "I will check it out after my meeting. My angular skills are, admittedly, middling.",
        "ts": "1480618528.000086"
    },
    {
        "type": "message",
        "user": "U34SPJ5LG",
        "text": "My other dev skills are awesomesauce. I know enough to make basic stuff on SP",
        "ts": "1480618558.000087"
    },
    {
        "type": "message",
        "user": "U0V9PD50R",
        "text": "i feel ya",
        "ts": "1480618574.000088"
    },
    {
        "type": "message",
        "user": "U0V9PD50R",
        "text": "that's how i am...",
        "ts": "1480618578.000089"
    },
    {
        "type": "message",
        "user": "U34SPJ5LG",
        "text": "I was a full stack LAMP dev for like a decade",
        "ts": "1480618657.000090"
    },
    {
        "type": "message",
        "user": "U34SPJ5LG",
        "text": "Then I got pulled into a CMS project for servicenow and have been doing it ever since",
        "ts": "1480618672.000091"
    },
    {
        "type": "message",
        "user": "U0V9PD50R",
        "text": "i did that for about the same time...",
        "ts": "1480618686.000092"
    },
    {
        "type": "message",
        "user": "U0V9PD50R",
        "text": "then moved into front end dev for Sharepoint\/SpServices which made it so I could interact with Sharepoints API through Jquery and not have to do custom code which can be bad bad bad for upgrades and stuff...",
        "ts": "1480618756.000093"
    },
    {
        "type": "message",
        "user": "U0V9PD50R",
        "text": "then into SN...",
        "ts": "1480618761.000094"
    },
    {
        "type": "message",
        "user": "U34SPJ5LG",
        "text": "Fun. I haven't done any integrations. Just front-end development on CMS, and now SP. I can do magic with CSS and jquery\/js",
        "ts": "1480619240.000095"
    },
    {
        "type": "message",
        "user": "U0V9PD50R",
        "text": "i fancied myself pretty good with css\/jquery and whatnot...but then i keep learning more and realize i probably knew very little...hahahaha",
        "ts": "1480619279.000096"
    },
    {
        "type": "message",
        "user": "U235A44S0",
        "text": "There is always something new to learn, even when you think you have learned everything",
        "ts": "1480620493.000097"
    },
    {
        "type": "message",
        "user": "U34SPJ5LG",
        "text": "That's why I picked IT I get bored if there's not something new to learn",
        "ts": "1480625067.000098"
    },
    {
        "type": "message",
        "user": "U34SPJ5LG",
        "text": "I love how it evolves!",
        "ts": "1480625081.000099"
    },
    {
        "type": "message",
        "user": "U34SPJ5LG",
        "text": "You're an expert for like 3 weeks",
        "ts": "1480625090.000100"
    },
    {
        "type": "message",
        "user": "U34SPJ5LG",
        "text": "then a new library comes out. :3",
        "ts": "1480625095.000101",
        "reactions": [
            {
                "name": "the_horns",
                "users": [
                    "U2V15S3MF"
                ],
                "count": 1
            }
        ]
    },
    {
        "type": "message",
        "subtype": "file_share",
        "text": "<@U34SPJ5LG|meia.benitez> uploaded a file: <https:\/\/sndevs.slack.com\/files\/meia.benitez\/F39QD37EH\/pasted_image_at_2016_12_01_11_29_pm.png|The colors... its hurts...>",
        "file": {
            "id": "F39QD37EH",
            "created": 1480656567,
            "timestamp": 1480656567,
            "name": "Pasted image at 2016_12_01 11_29 PM.png",
            "title": "The colors... its hurts...",
            "mimetype": "image\/png",
            "filetype": "png",
            "pretty_type": "PNG",
            "user": "U34SPJ5LG",
            "editable": false,
            "size": 1336395,
            "mode": "hosted",
            "is_external": false,
            "external_type": "",
            "is_public": true,
            "public_url_shared": false,
            "display_as_bot": false,
            "username": "",
            "url_private": "https:\/\/files.slack.com\/files-pri\/T0E2AD6AY-F39QD37EH\/pasted_image_at_2016_12_01_11_29_pm.png?t=xoxe-14078448372-167243557781-166475819265-182f5ebf49",
            "url_private_download": "https:\/\/files.slack.com\/files-pri\/T0E2AD6AY-F39QD37EH\/download\/pasted_image_at_2016_12_01_11_29_pm.png?t=xoxe-14078448372-167243557781-166475819265-182f5ebf49",
            "thumb_64": "https:\/\/files.slack.com\/files-tmb\/T0E2AD6AY-F39QD37EH-4aeef88693\/pasted_image_at_2016_12_01_11_29_pm_64.png?t=xoxe-14078448372-167243557781-166475819265-182f5ebf49",
            "thumb_80": "https:\/\/files.slack.com\/files-tmb\/T0E2AD6AY-F39QD37EH-4aeef88693\/pasted_image_at_2016_12_01_11_29_pm_80.png?t=xoxe-14078448372-167243557781-166475819265-182f5ebf49",
            "thumb_360": "https:\/\/files.slack.com\/files-tmb\/T0E2AD6AY-F39QD37EH-4aeef88693\/pasted_image_at_2016_12_01_11_29_pm_360.png?t=xoxe-14078448372-167243557781-166475819265-182f5ebf49",
            "thumb_360_w": 360,
            "thumb_360_h": 173,
            "thumb_480": "https:\/\/files.slack.com\/files-tmb\/T0E2AD6AY-F39QD37EH-4aeef88693\/pasted_image_at_2016_12_01_11_29_pm_480.png?t=xoxe-14078448372-167243557781-166475819265-182f5ebf49",
            "thumb_480_w": 480,
            "thumb_480_h": 231,
            "thumb_160": "https:\/\/files.slack.com\/files-tmb\/T0E2AD6AY-F39QD37EH-4aeef88693\/pasted_image_at_2016_12_01_11_29_pm_160.png?t=xoxe-14078448372-167243557781-166475819265-182f5ebf49",
            "thumb_720": "https:\/\/files.slack.com\/files-tmb\/T0E2AD6AY-F39QD37EH-4aeef88693\/pasted_image_at_2016_12_01_11_29_pm_720.png?t=xoxe-14078448372-167243557781-166475819265-182f5ebf49",
            "thumb_720_w": 720,
            "thumb_720_h": 346,
            "thumb_960": "https:\/\/files.slack.com\/files-tmb\/T0E2AD6AY-F39QD37EH-4aeef88693\/pasted_image_at_2016_12_01_11_29_pm_960.png?t=xoxe-14078448372-167243557781-166475819265-182f5ebf49",
            "thumb_960_w": 960,
            "thumb_960_h": 461,
            "thumb_1024": "https:\/\/files.slack.com\/files-tmb\/T0E2AD6AY-F39QD37EH-4aeef88693\/pasted_image_at_2016_12_01_11_29_pm_1024.png?t=xoxe-14078448372-167243557781-166475819265-182f5ebf49",
            "thumb_1024_w": 1024,
            "thumb_1024_h": 492,
            "image_exif_rotation": 1,
            "original_w": 1917,
            "original_h": 921,
            "permalink": "https:\/\/sndevs.slack.com\/files\/meia.benitez\/F39QD37EH\/pasted_image_at_2016_12_01_11_29_pm.png",
            "permalink_public": "https:\/\/slack-files.com\/T0E2AD6AY-F39QD37EH-1b6205c325",
            "channels": [
                "C36D45F60"
            ],
            "groups": [],
            "ims": [],
            "comments_count": 0,
            "reactions": [
                {
                    "name": "scream",
                    "users": [
                        "U0ED7DUBD"
                    ],
                    "count": 1
                }
            ]
        },
        "user": "U34SPJ5LG",
        "upload": true,
        "display_as_bot": false,
        "username": "meia.benitez",
        "bot_id": null,
        "ts": "1480656571.000102"
    },
    {
        "type": "message",
        "user": "U34SPJ5LG",
        "text": "This is what happens when your client runs the designs",
        "ts": "1480656586.000103"
    },
    {
        "type": "message",
        "user": "U34SPJ5LG",
        "text": "Its painful.",
        "ts": "1480656592.000104"
    },
    {
        "type": "message",
        "user": "U0VRZSSPQ",
        "text": ":joy:",
        "ts": "1480657355.000105"
    }
]