[
    {
        "type": "message",
        "user": "U0KA6CNR0",
        "text": "<@U34SPJ5LG>, you got the cart template setup properly?",
        "ts": "1481036501.000073"
    },
    {
        "type": "message",
        "user": "U0KA6CNR0",
        "text": "its set on the instance level, should be set to the large cart template by default",
        "ts": "1481036573.000074"
    },
    {
        "type": "message",
        "user": "U0KA6CNR0",
        "text": "i've been tailoring the cart since the helsinki patch 5 update, it's been a nightmare, had to modify the OOB significantly to get OrderGuides working.",
        "ts": "1481036607.000075"
    },
    {
        "type": "message",
        "user": "U2V15S3MF",
        "text": "do you just add the widget to the page, and voila? at least, for the initial setup? I haven't played with it yet. I'm curious to see what they've done in Istanbul, as the cart was part of the release",
        "ts": "1481036939.000076"
    },
    {
        "type": "message",
        "user": "U0KA6CNR0",
        "text": "essentially duplicated the code that was adding the individual items on the cat item widget, iterate over the objects, and then pass them into the cart widget",
        "ts": "1481037125.000077"
    },
    {
        "type": "message",
        "user": "U0KA6CNR0",
        "text": "had to modify the spcart script include as well.",
        "ts": "1481037158.000078"
    },
    {
        "type": "message",
        "user": "U34SPJ5LG",
        "text": "Its just the OOB template. They only wanted the ability to add a requested for.",
        "ts": "1481039750.000079"
    },
    {
        "type": "message",
        "user": "U34SPJ5LG",
        "text": "<@U2V15S3MF> There's a reference for the template. There's a \"small\" and a \"large\". The large is default. Then you gotta enable the button on the catalog item for add to cart.",
        "ts": "1481039816.000080",
        "reactions": [
            {
                "name": "+1",
                "users": [
                    "U2V15S3MF"
                ],
                "count": 1
            }
        ]
    },
    {
        "type": "message",
        "user": "U0V9PD50R",
        "text": "man this embedded list is killing me...lol now i gotta figure out readonly fields...",
        "ts": "1481041803.000081"
    },
    {
        "type": "message",
        "user": "U0V9PD50R",
        "text": "sweet, i've already got a dictionary look up...i'll just toss some data there...lol",
        "ts": "1481042022.000082"
    },
    {
        "type": "message",
        "user": "U0V9PD50R",
        "text": "how do you deal with script includes with SP? like i need to rebuild some ui actions, but some of the them use stateflow script include...",
        "ts": "1481047994.000083"
    },
    {
        "type": "message",
        "user": "U0V9PD50R",
        "text": "sounds like you can just call them in the server script - that's nice...",
        "ts": "1481048666.000084"
    },
    {
        "type": "message",
        "user": "U0ED7DUBD",
        "text": "Anyone have any ideas about how I might throw up a dialog window from a catalog item on field change?",
        "ts": "1481060408.000085"
    },
    {
        "type": "message",
        "user": "U0ED7DUBD",
        "text": "I have an idea, I’ll update here when\/if I work it out.",
        "ts": "1481061742.000086"
    },
    {
        "type": "message",
        "user": "U34SPJ5LG",
        "text": "There is a modal window widget. You can probably include it, pass it a message and trigger onchange.",
        "ts": "1481062051.000087"
    },
    {
        "type": "message",
        "user": "U34SPJ5LG",
        "text": "I got done with work early for once.",
        "ts": "1481062816.000088"
    },
    {
        "type": "message",
        "user": "U34SPJ5LG",
        "text": "I think this means I can play GTA Online.",
        "ts": "1481062824.000089"
    },
    {
        "type": "message",
        "user": "U34SPJ5LG",
        "text": "This makes my day",
        "ts": "1481062828.000090"
    },
    {
        "type": "message",
        "user": "U0V9PD50R",
        "text": "lol...my days have on;y gotten longer...lol",
        "ts": "1481064861.000091"
    },
    {
        "type": "message",
        "user": "U0V9PD50R",
        "text": "there is a modal widget, i havent used it before...unless i have a specific call for it, i just use an alert or confirm box...KISS...lol",
        "ts": "1481064903.000092"
    }
]