[
    {
        "user": "U3GA8T00G",
        "text": "<@U3GA8T00G|joseph.bennett> has joined the channel",
        "type": "message",
        "subtype": "channel_join",
        "ts": "1482241050.000579"
    },
    {
        "user": "U3GEKV8SC",
        "text": "<@U3GEKV8SC|avin2329> has joined the channel",
        "type": "message",
        "subtype": "channel_join",
        "ts": "1482258033.000581"
    },
    {
        "type": "message",
        "user": "U14BP2YUD",
        "text": "sup everyone! Anyone know if Istanbul allows multiple knowledge bases?",
        "ts": "1482262887.000582"
    },
    {
        "type": "message",
        "user": "U235A44S0",
        "text": "Using Knowledge V3 that is multiple knowledge bases",
        "ts": "1482263775.000583"
    },
    {
        "type": "message",
        "user": "U2V15S3MF",
        "text": "In SP, though, you can only have one KP per portal (in H, anyways)",
        "ts": "1482263829.000584"
    },
    {
        "type": "message",
        "user": "U235A44S0",
        "text": "oh, really? I did not know that",
        "ts": "1482263853.000585"
    },
    {
        "type": "message",
        "user": "U14BP2YUD",
        "text": "looks like istanbul too :disappointed:",
        "ts": "1482264962.000586"
    },
    {
        "type": "message",
        "user": "U235A44S0",
        "text": "Maybe that is coming to Jakarta",
        "ts": "1482264982.000587"
    },
    {
        "type": "message",
        "user": "U235A44S0",
        "text": "who knows",
        "ts": "1482264985.000588"
    },
    {
        "type": "message",
        "user": "U14BP2YUD",
        "text": "come on Fred!",
        "ts": "1482265004.000589"
    },
    {
        "type": "message",
        "user": "U0KA6CNR0",
        "text": "you can hack it to use multiple kbs",
        "ts": "1482265430.000590"
    },
    {
        "type": "message",
        "user": "U0V9PD50R",
        "text": "this ^^^",
        "ts": "1482265476.000591"
    },
    {
        "type": "message",
        "user": "U0V9PD50R",
        "text": "just got to modify the widgets",
        "ts": "1482265496.000592"
    },
    {
        "type": "message",
        "user": "U0KA6CNR0",
        "text": "<https:\/\/share.servicenow.com\/app.do#\/detailV2\/34b7f7d513592a000de935528144b029\/overview>",
        "ts": "1482265501.000593",
        "reactions": [
            {
                "name": "+1::skin-tone-3",
                "users": [
                    "U235A44S0",
                    "U14BP2YUD"
                ],
                "count": 2
            }
        ]
    },
    {
        "type": "message",
        "user": "U14BP2YUD",
        "text": "Thanks guys",
        "ts": "1482268772.000594"
    },
    {
        "type": "message",
        "user": "U2V15S3MF",
        "text": "I'm trying to modify some of the cart widgets in CMS\/Native UI, so using jelly :disappointed: Anyone know where these functions are stored: `getWorkflow()` or `getDeliveryPlan()`. These are called in some of the macros used in the cart layouts, i.e `${jvar_cat_item.getWorkflow();}`",
        "ts": "1482272379.000595"
    },
    {
        "type": "message",
        "user": "U2V15S3MF",
        "text": "I can't find them in Script Includes or UI Scripts",
        "ts": "1482272395.000596"
    },
    {
        "type": "message",
        "user": "U2V15S3MF",
        "text": "I basically want to create a new 'getItemValue` type of script to call in the macro",
        "ts": "1482272461.000597"
    },
    {
        "type": "message",
        "user": "U2V15S3MF",
        "text": "or see if its possibly already available",
        "ts": "1482272475.000598"
    },
    {
        "type": "message",
        "user": "U2V15S3MF",
        "text": "I found this on the community, and it helped me solve the issue:\n\n<https:\/\/community.servicenow.com\/message\/842673#842673>",
        "attachments": [
            {
                "title": "Estimated Delivery date in Service Catalog Item | ServiceNow Community",
                "title_link": "https:\/\/community.servicenow.com\/message\/842673#842673",
                "text": "Hi All, I am working on Fuji release. I have multiple Service Catalog requests using the same workflow but each having their own different delivery",
                "fallback": "Estimated Delivery date in Service Catalog Item | ServiceNow Community",
                "from_url": "https:\/\/community.servicenow.com\/message\/842673#842673",
                "service_icon": "https:\/\/community.servicenow.com\/8.0.4.21bdc7e\/themes\/servicenow\/img\/favicon.ico",
                "service_name": "community.servicenow.com",
                "id": 1
            }
        ],
        "ts": "1482274263.000599"
    },
    {
        "type": "message",
        "user": "U34SPJ5LG",
        "text": "You can include another KB via search groups for the search, but to get it to browse another KB, you gotta custom build the KB pages",
        "ts": "1482275816.000601"
    }
]