[
    {
        "user": "U3KL7APTM",
        "text": "<@U3KL7APTM|dturchin-neva> has joined the channel",
        "type": "message",
        "subtype": "channel_join",
        "ts": "1483030455.000671"
    },
    {
        "type": "message",
        "user": "U0V9PD50R",
        "text": "i really wish widget editing worked more like office web apps on sharepoint, where if i'm editing a widget, and someone else is editing, it gets all the changes real time so we don't destroy each others changes",
        "ts": "1483036284.000672"
    },
    {
        "type": "message",
        "user": "U0KA6CNR0",
        "text": "Curse you for reminding me that sharepoint exists.",
        "ts": "1483039359.000673"
    },
    {
        "type": "message",
        "user": "U0KA6CNR0",
        "text": "and double for recommending that anything should \"work\" like sharepoint",
        "ts": "1483039383.000674"
    },
    {
        "type": "message",
        "user": "U0KA6CNR0",
        "text": ":wink:",
        "ts": "1483039384.000675"
    },
    {
        "type": "message",
        "user": "U0KA6CNR0",
        "text": "If you use SublimeText as a IDE, a coworker of mine created a plugin that allows you to sync with your SN instance, and  then compare your local record to the server copy, and sync any changes.",
        "ts": "1483039454.000676"
    },
    {
        "type": "message",
        "user": "U0KA6CNR0",
        "text": "super helpful to avoid that kind of thing.",
        "ts": "1483039469.000677"
    },
    {
        "user": "U3K41CUBS",
        "text": "<@U3K41CUBS|kcimpulse> has joined the channel",
        "type": "message",
        "subtype": "channel_join",
        "ts": "1483047676.000678"
    }
]