[
    {
        "type": "message",
        "user": "U0KA6CNR0",
        "text": "hey folks, i thought i saw something about nested kb categories being available in istanbul",
        "ts": "1481650192.000308"
    },
    {
        "type": "message",
        "user": "U0KA6CNR0",
        "text": "there was an object on share which allowed for this, but i was anticipating that they'd include it OOB in Istanbul",
        "ts": "1481650236.000309"
    },
    {
        "type": "message",
        "user": "U0V9PD50R",
        "text": "i haven't heard, do they have a list of SP specific things they are addressing with istanbul?",
        "ts": "1481651756.000310"
    },
    {
        "type": "message",
        "user": "U0V9PD50R",
        "text": "do you have access to g_form on client scripts?",
        "ts": "1481651908.000311"
    },
    {
        "type": "message",
        "user": "U0V9PD50R",
        "text": "ahh, yes, if you broadcast it from somewhere else...lol",
        "ts": "1481651972.000312"
    },
    {
        "type": "message",
        "user": "U3BU8FGKV",
        "text": "Nothing extensive, <@U0V9PD50R>. They claim 200+ bug fixes, etc etc, but those aren't documented anywhere the public can get at.",
        "ts": "1481652684.000313"
    },
    {
        "type": "message",
        "user": "U3BU8FGKV",
        "text": "Little bit of info on the release notes on the doc site, but it's slim.",
        "ts": "1481652699.000314"
    },
    {
        "type": "message",
        "user": "U0V9PD50R",
        "text": "aww man...it sure would be helpful...i mean i'm curious what they fixed, and what that's gonna break for me (well what we engineered to overcome)",
        "ts": "1481652734.000315"
    },
    {
        "user": "U3DK6501X",
        "text": "<@U3DK6501X|dachtman> has joined the channel",
        "type": "message",
        "subtype": "channel_join",
        "ts": "1481656872.000316"
    },
    {
        "type": "message",
        "user": "U34SPJ5LG",
        "text": "200 bug fixes. Lawd.",
        "ts": "1481660277.000317"
    },
    {
        "type": "message",
        "user": "U34SPJ5LG",
        "text": "I hope they fixed update sets",
        "ts": "1481660298.000318"
    },
    {
        "user": "U0FRJDSS2",
        "text": "<@U0FRJDSS2|tim.harris> has joined the channel",
        "type": "message",
        "subtype": "channel_join",
        "ts": "1481660608.000319"
    },
    {
        "type": "message",
        "user": "U34SPJ5LG",
        "text": "Any idea how to allow users to edit their own tickets on SP?",
        "ts": "1481669108.000320"
    },
    {
        "type": "message",
        "user": "U34SPJ5LG",
        "text": "my sn-record-picker is broken and I can't figure out why. Joys",
        "ts": "1481673052.000321"
    },
    {
        "type": "message",
        "user": "U0V9PD50R",
        "text": "no errors?",
        "ts": "1481673339.000322"
    },
    {
        "type": "message",
        "user": "U0V9PD50R",
        "text": "or any errors?",
        "ts": "1481673344.000323"
    },
    {
        "type": "message",
        "user": "U34SPJ5LG",
        "text": "I can't find any",
        "ts": "1481673620.000324"
    },
    {
        "type": "message",
        "user": "U0V9PD50R",
        "text": "oh boy...that's fun...",
        "ts": "1481673654.000325"
    },
    {
        "type": "message",
        "subtype": "file_share",
        "text": "<@U34SPJ5LG|meia.benitez> uploaded a file: <https:\/\/sndevs.slack.com\/files\/meia.benitez\/F3EG9M5QD\/body_html_template.html|Body HTML Template>",
        "file": {
            "id": "F3EG9M5QD",
            "created": 1481673674,
            "timestamp": 1481673674,
            "name": "Body_HTML_Template.html",
            "title": "Body HTML Template",
            "mimetype": "text\/plain",
            "filetype": "html",
            "pretty_type": "HTML",
            "user": "U34SPJ5LG",
            "editable": true,
            "size": 448,
            "mode": "snippet",
            "is_external": false,
            "external_type": "",
            "is_public": true,
            "public_url_shared": false,
            "display_as_bot": false,
            "username": "",
            "url_private": "https:\/\/files.slack.com\/files-pri\/T0E2AD6AY-F3EG9M5QD\/body_html_template.html?t=xoxe-14078448372-167243557781-166475819265-182f5ebf49",
            "url_private_download": "https:\/\/files.slack.com\/files-pri\/T0E2AD6AY-F3EG9M5QD\/download\/body_html_template.html?t=xoxe-14078448372-167243557781-166475819265-182f5ebf49",
            "permalink": "https:\/\/sndevs.slack.com\/files\/meia.benitez\/F3EG9M5QD\/body_html_template.html",
            "permalink_public": "https:\/\/slack-files.com\/T0E2AD6AY-F3EG9M5QD-0ae512ee7c",
            "edit_link": "https:\/\/sndevs.slack.com\/files\/meia.benitez\/F3EG9M5QD\/body_html_template.html\/edit",
            "preview": "<div class=\"panel panel-primary b hidden-xs\"> \r\n <div class=\"panel-heading\"> \r\n  <h4 class=\"panel-title ng-binding\">${Requested For}<\/h4> \r\n <\/div> \r\n <div class=\"panel-body\"> \r",
            "preview_highlight": "<div class=\"CodeMirror cm-s-default CodeMirrorServer\" oncopy=\"if(event.clipboardData){event.clipboardData.setData('text\/plain',window.getSelection().toString().replace(\/\\u200b\/g,''));event.preventDefault();event.stopPropagation();}\">\n<div class=\"CodeMirror-code\">\n<div><pre><span class=\"cm-tag cm-bracket\">&lt;<\/span><span class=\"cm-tag\">div<\/span> <span class=\"cm-attribute\">class<\/span>=<span class=\"cm-string\">&quot;panel panel-primary b hidden-xs&quot;<\/span><span class=\"cm-tag cm-bracket\">&gt;<\/span> <\/pre><\/div>\n<div><pre> <span class=\"cm-tag cm-bracket\">&lt;<\/span><span class=\"cm-tag\">div<\/span> <span class=\"cm-attribute\">class<\/span>=<span class=\"cm-string\">&quot;panel-heading&quot;<\/span><span class=\"cm-tag cm-bracket\">&gt;<\/span> <\/pre><\/div>\n<div><pre>  <span class=\"cm-tag cm-bracket\">&lt;<\/span><span class=\"cm-tag\">h4<\/span> <span class=\"cm-attribute\">class<\/span>=<span class=\"cm-string\">&quot;panel-title ng-binding&quot;<\/span><span class=\"cm-tag cm-bracket\">&gt;<\/span>${Requested For}<span class=\"cm-tag cm-bracket\">&lt;\/<\/span><span class=\"cm-tag\">h4<\/span><span class=\"cm-tag cm-bracket\">&gt;<\/span> <\/pre><\/div>\n<div><pre> <span class=\"cm-tag cm-bracket\">&lt;\/<\/span><span class=\"cm-tag\">div<\/span><span class=\"cm-tag cm-bracket\">&gt;<\/span> <\/pre><\/div>\n<div><pre> <span class=\"cm-tag cm-bracket\">&lt;<\/span><span class=\"cm-tag\">div<\/span> <span class=\"cm-attribute\">class<\/span>=<span class=\"cm-string\">&quot;panel-body&quot;<\/span><span class=\"cm-tag cm-bracket\">&gt;<\/span> <\/pre><\/div>\n<\/div>\n<\/div>\n",
            "lines": 14,
            "lines_more": 9,
            "preview_is_truncated": false,
            "channels": [
                "C36D45F60"
            ],
            "groups": [],
            "ims": [],
            "comments_count": 0
        },
        "user": "U34SPJ5LG",
        "upload": true,
        "display_as_bot": false,
        "username": "meia.benitez",
        "bot_id": null,
        "ts": "1481673675.000326"
    },
    {
        "type": "message",
        "subtype": "file_share",
        "text": "<@U34SPJ5LG|meia.benitez> uploaded a file: <https:\/\/sndevs.slack.com\/files\/meia.benitez\/F3F4604NS\/server_script.js|Server Script>",
        "file": {
            "id": "F3F4604NS",
            "created": 1481673697,
            "timestamp": 1481673697,
            "name": "Server_Script.js",
            "title": "Server Script",
            "mimetype": "text\/plain",
            "filetype": "javascript",
            "pretty_type": "JavaScript\/JSON",
            "user": "U34SPJ5LG",
            "editable": true,
            "size": 193,
            "mode": "snippet",
            "is_external": false,
            "external_type": "",
            "is_public": true,
            "public_url_shared": false,
            "display_as_bot": false,
            "username": "",
            "url_private": "https:\/\/files.slack.com\/files-pri\/T0E2AD6AY-F3F4604NS\/server_script.js?t=xoxe-14078448372-167243557781-166475819265-182f5ebf49",
            "url_private_download": "https:\/\/files.slack.com\/files-pri\/T0E2AD6AY-F3F4604NS\/download\/server_script.js?t=xoxe-14078448372-167243557781-166475819265-182f5ebf49",
            "permalink": "https:\/\/sndevs.slack.com\/files\/meia.benitez\/F3F4604NS\/server_script.js",
            "permalink_public": "https:\/\/slack-files.com\/T0E2AD6AY-F3F4604NS-ed6a758452",
            "edit_link": "https:\/\/sndevs.slack.com\/files\/meia.benitez\/F3F4604NS\/server_script.js\/edit",
            "preview": "(function(){\t\r\n\tvar userID = gs.getUser().getID();\r\n\tvar cart = new SPCart(input.cartName, userID);\r\n\tif(input) \r\n\t{\r",
            "preview_highlight": "<div class=\"CodeMirror cm-s-default CodeMirrorServer\" oncopy=\"if(event.clipboardData){event.clipboardData.setData('text\/plain',window.getSelection().toString().replace(\/\\u200b\/g,''));event.preventDefault();event.stopPropagation();}\">\n<div class=\"CodeMirror-code\">\n<div><pre>(<span class=\"cm-keyword\">function<\/span>(){\t<\/pre><\/div>\n<div><pre>\t<span class=\"cm-keyword\">var<\/span> <span class=\"cm-def\">userID<\/span> <span class=\"cm-operator\">=<\/span> <span class=\"cm-variable\">gs<\/span>.<span class=\"cm-property\">getUser<\/span>().<span class=\"cm-property\">getID<\/span>();<\/pre><\/div>\n<div><pre>\t<span class=\"cm-keyword\">var<\/span> <span class=\"cm-def\">cart<\/span> <span class=\"cm-operator\">=<\/span> <span class=\"cm-keyword\">new<\/span> <span class=\"cm-variable\">SPCart<\/span>(<span class=\"cm-variable\">input<\/span>.<span class=\"cm-property\">cartName<\/span>, <span class=\"cm-variable-2\">userID<\/span>);<\/pre><\/div>\n<div><pre>\t<span class=\"cm-keyword\">if<\/span>(<span class=\"cm-variable\">input<\/span>) <\/pre><\/div>\n<div><pre>\t{<\/pre><\/div>\n<\/div>\n<\/div>\n",
            "lines": 9,
            "lines_more": 4,
            "preview_is_truncated": false,
            "channels": [
                "C36D45F60"
            ],
            "groups": [],
            "ims": [],
            "comments_count": 0
        },
        "user": "U34SPJ5LG",
        "upload": true,
        "display_as_bot": false,
        "username": "meia.benitez",
        "bot_id": null,
        "ts": "1481673697.000327"
    },
    {
        "type": "message",
        "subtype": "file_share",
        "text": "<@U34SPJ5LG|meia.benitez> uploaded a file: <https:\/\/sndevs.slack.com\/files\/meia.benitez\/F3EG9V36H\/client_controller.js|Client Controller>",
        "file": {
            "id": "F3EG9V36H",
            "created": 1481673717,
            "timestamp": 1481673717,
            "name": "Client_Controller.js",
            "title": "Client Controller",
            "mimetype": "text\/plain",
            "filetype": "javascript",
            "pretty_type": "JavaScript\/JSON",
            "user": "U34SPJ5LG",
            "editable": true,
            "size": 575,
            "mode": "snippet",
            "is_external": false,
            "external_type": "",
            "is_public": true,
            "public_url_shared": false,
            "display_as_bot": false,
            "username": "",
            "url_private": "https:\/\/files.slack.com\/files-pri\/T0E2AD6AY-F3EG9V36H\/client_controller.js?t=xoxe-14078448372-167243557781-166475819265-182f5ebf49",
            "url_private_download": "https:\/\/files.slack.com\/files-pri\/T0E2AD6AY-F3EG9V36H\/download\/client_controller.js?t=xoxe-14078448372-167243557781-166475819265-182f5ebf49",
            "permalink": "https:\/\/sndevs.slack.com\/files\/meia.benitez\/F3EG9V36H\/client_controller.js",
            "permalink_public": "https:\/\/slack-files.com\/T0E2AD6AY-F3EG9V36H-df0d6f4f53",
            "edit_link": "https:\/\/sndevs.slack.com\/files\/meia.benitez\/F3EG9V36H\/client_controller.js\/edit",
            "preview": "function ($scope, $window) \r\n{\r\n\tvar c = this;\r\n\r\n\t$scope.$on(\"$sp.service_catalog.cart.update\", function() {\r",
            "preview_highlight": "<div class=\"CodeMirror cm-s-default CodeMirrorServer\" oncopy=\"if(event.clipboardData){event.clipboardData.setData('text\/plain',window.getSelection().toString().replace(\/\\u200b\/g,''));event.preventDefault();event.stopPropagation();}\">\n<div class=\"CodeMirror-code\">\n<div><pre><span class=\"cm-keyword\">function<\/span> (<span class=\"cm-def\">$scope<\/span>, <span class=\"cm-def\">$window<\/span>) <\/pre><\/div>\n<div><pre>{<\/pre><\/div>\n<div><pre>\t<span class=\"cm-keyword\">var<\/span> <span class=\"cm-def\">c<\/span> <span class=\"cm-operator\">=<\/span> <span class=\"cm-keyword\">this<\/span>;<\/pre><\/div>\n<div><pre>&#8203;<\/pre><\/div>\n<div><pre>\t<span class=\"cm-variable-2\">$scope<\/span>.<span class=\"cm-property\">$on<\/span>(<span class=\"cm-string\">&quot;$sp.service_catalog.cart.update&quot;<\/span>, <span class=\"cm-keyword\">function<\/span>() {<\/pre><\/div>\n<\/div>\n<\/div>\n",
            "lines": 22,
            "lines_more": 17,
            "preview_is_truncated": false,
            "channels": [
                "C36D45F60"
            ],
            "groups": [],
            "ims": [],
            "comments_count": 0
        },
        "user": "U34SPJ5LG",
        "upload": true,
        "display_as_bot": false,
        "username": "meia.benitez",
        "bot_id": null,
        "ts": "1481673717.000328"
    },
    {
        "type": "message",
        "user": "U34SPJ5LG",
        "text": "It hates me",
        "ts": "1481673721.000329"
    },
    {
        "type": "message",
        "user": "U0V9PD50R",
        "text": "i don't see anything wrong...but i'm terrible at this, i always $sp.log\/console.log everything so i know all my values",
        "ts": "1481673881.000330"
    },
    {
        "text": "Have you seen <https:\/\/github.com\/service-portal\/documentation> ?",
        "attachments": [
            {
                "service_name": "GitHub",
                "title": "service-portal\/documentation",
                "title_link": "https:\/\/github.com\/service-portal\/documentation",
                "text": "Here you will find unofficial documentation for the ServiceNow Service Portal technology. The materials here have been written by the developers for the developers. In other words, if you are going...",
                "fallback": "GitHub: service-portal\/documentation",
                "thumb_url": "https:\/\/avatars2.githubusercontent.com\/u\/19556914?v=3&s=400",
                "from_url": "https:\/\/github.com\/service-portal\/documentation",
                "thumb_width": 334,
                "thumb_height": 334,
                "service_icon": "https:\/\/github.com\/apple-touch-icon.png",
                "id": 1
            }
        ],
        "type": "message",
        "subtype": "slackbot_response",
        "user": "USLACKBOT",
        "ts": "1481673882.000331"
    },
    {
        "type": "message",
        "user": "U34SPJ5LG",
        "text": "I'm going to stab the bot.",
        "ts": "1481673896.000333"
    },
    {
        "type": "message",
        "user": "U0V9PD50R",
        "text": "but it loves you",
        "ts": "1481673949.000334"
    },
    {
        "type": "message",
        "user": "U34SPJ5LG",
        "text": "LOL",
        "ts": "1481673976.000335"
    },
    {
        "type": "message",
        "user": "U34SPJ5LG",
        "text": "Please, god no.",
        "ts": "1481673985.000336"
    },
    {
        "type": "message",
        "user": "U34SPJ5LG",
        "text": "I'm gonna comment out all my code.",
        "ts": "1481674093.000337"
    },
    {
        "type": "message",
        "subtype": "file_share",
        "text": "<@U0V9PD50R|jmerchant> uploaded a file: <https:\/\/sndevs.slack.com\/files\/jmerchant\/F3EDS7PQS\/screen_shot_2016-12-13_at_5.08.02_pm.png|Screen Shot 2016-12-13 at 5.08.02 PM.png>",
        "file": {
            "id": "F3EDS7PQS",
            "created": 1481674100,
            "timestamp": 1481674100,
            "name": "Screen Shot 2016-12-13 at 5.08.02 PM.png",
            "title": "Screen Shot 2016-12-13 at 5.08.02 PM.png",
            "mimetype": "image\/png",
            "filetype": "png",
            "pretty_type": "PNG",
            "user": "U0V9PD50R",
            "editable": false,
            "size": 18489,
            "mode": "hosted",
            "is_external": false,
            "external_type": "",
            "is_public": true,
            "public_url_shared": false,
            "display_as_bot": false,
            "username": "",
            "url_private": "https:\/\/files.slack.com\/files-pri\/T0E2AD6AY-F3EDS7PQS\/screen_shot_2016-12-13_at_5.08.02_pm.png?t=xoxe-14078448372-167243557781-166475819265-182f5ebf49",
            "url_private_download": "https:\/\/files.slack.com\/files-pri\/T0E2AD6AY-F3EDS7PQS\/download\/screen_shot_2016-12-13_at_5.08.02_pm.png?t=xoxe-14078448372-167243557781-166475819265-182f5ebf49",
            "thumb_64": "https:\/\/files.slack.com\/files-tmb\/T0E2AD6AY-F3EDS7PQS-93d1bb802d\/screen_shot_2016-12-13_at_5.08.02_pm_64.png?t=xoxe-14078448372-167243557781-166475819265-182f5ebf49",
            "thumb_80": "https:\/\/files.slack.com\/files-tmb\/T0E2AD6AY-F3EDS7PQS-93d1bb802d\/screen_shot_2016-12-13_at_5.08.02_pm_80.png?t=xoxe-14078448372-167243557781-166475819265-182f5ebf49",
            "thumb_360": "https:\/\/files.slack.com\/files-tmb\/T0E2AD6AY-F3EDS7PQS-93d1bb802d\/screen_shot_2016-12-13_at_5.08.02_pm_360.png?t=xoxe-14078448372-167243557781-166475819265-182f5ebf49",
            "thumb_360_w": 360,
            "thumb_360_h": 58,
            "thumb_160": "https:\/\/files.slack.com\/files-tmb\/T0E2AD6AY-F3EDS7PQS-93d1bb802d\/screen_shot_2016-12-13_at_5.08.02_pm_160.png?t=xoxe-14078448372-167243557781-166475819265-182f5ebf49",
            "image_exif_rotation": 1,
            "original_w": 425,
            "original_h": 68,
            "permalink": "https:\/\/sndevs.slack.com\/files\/jmerchant\/F3EDS7PQS\/screen_shot_2016-12-13_at_5.08.02_pm.png",
            "permalink_public": "https:\/\/slack-files.com\/T0E2AD6AY-F3EDS7PQS-766c6182e1",
            "channels": [
                "C36D45F60"
            ],
            "groups": [],
            "ims": [],
            "comments_count": 0
        },
        "user": "U0V9PD50R",
        "upload": true,
        "display_as_bot": false,
        "username": "jmerchant",
        "bot_id": null,
        "ts": "1481674102.000338"
    },
    {
        "type": "message",
        "user": "U0V9PD50R",
        "text": "hahaha",
        "ts": "1481674106.000339"
    },
    {
        "type": "message",
        "user": "U0V9PD50R",
        "text": "just remember eval is evil",
        "ts": "1481674125.000340"
    },
    {
        "type": "message",
        "user": "U34SPJ5LG",
        "text": "LMAO",
        "ts": "1481674173.000341"
    },
    {
        "type": "message",
        "user": "U34SPJ5LG",
        "text": "OKAY GOT THE RECORD PICKER WORKING",
        "ts": "1481674190.000342"
    },
    {
        "type": "message",
        "user": "U34SPJ5LG",
        "text": "something else is done broke",
        "ts": "1481674195.000343"
    },
    {
        "type": "message",
        "user": "U0V9PD50R",
        "text": "and still no errors",
        "ts": "1481674213.000344"
    },
    {
        "type": "message",
        "user": "U34SPJ5LG",
        "text": "Its probably something stupid that I can't find error logs on. Silent fails are the bane of my existance",
        "ts": "1481674243.000345"
    },
    {
        "type": "message",
        "user": "U34SPJ5LG",
        "text": "When I'm done, I'm going to share this widget",
        "ts": "1481674265.000346"
    },
    {
        "type": "message",
        "user": "U34SPJ5LG",
        "text": "Its to update the requested for on the current cart.",
        "ts": "1481674283.000347"
    },
    {
        "type": "message",
        "user": "U0V9PD50R",
        "text": "awesome",
        "ts": "1481674337.000348"
    },
    {
        "type": "message",
        "user": "U34SPJ5LG",
        "text": "Yeah, I'm an idiot.",
        "ts": "1481674384.000349"
    },
    {
        "type": "message",
        "user": "U34SPJ5LG",
        "text": "I didn't drop the cart object into a data object ss.",
        "edited": {
            "user": "U34SPJ5LG",
            "ts": "1481674419.000000"
        },
        "ts": "1481674397.000350"
    },
    {
        "type": "message",
        "user": "U34SPJ5LG",
        "text": "But since the cart existed",
        "ts": "1481674401.000351"
    },
    {
        "type": "message",
        "user": "U34SPJ5LG",
        "text": "it didn't catch it",
        "ts": "1481674406.000352"
    },
    {
        "type": "message",
        "user": "U0V9PD50R",
        "text": "eeek",
        "ts": "1481674430.000354"
    },
    {
        "type": "message",
        "user": "U0V9PD50R",
        "text": "i spent most of my day trying to rebuild client scripts that had glideajax in them to work with SP...i mean they don't...but i really am not happy about who built these client scripts...lol",
        "ts": "1481674481.000355"
    },
    {
        "type": "message",
        "user": "U0V9PD50R",
        "text": "it's so....gross to my code...lol",
        "ts": "1481674506.000356"
    },
    {
        "type": "message",
        "user": "U0V9PD50R",
        "text": "because not only is it an on change, it also was looking at onload...and the bakc and forth is slow when you change a value...",
        "ts": "1481674546.000357"
    },
    {
        "type": "message",
        "user": "U34SPJ5LG",
        "text": "I know. Its really shoddily scrapped together.",
        "ts": "1481674585.000358"
    },
    {
        "type": "message",
        "user": "U0V9PD50R",
        "text": "seriously...",
        "ts": "1481674592.000359"
    },
    {
        "type": "message",
        "user": "U34SPJ5LG",
        "text": "You can tell the quality widgets were done by the experienced guys",
        "ts": "1481674596.000360"
    },
    {
        "type": "message",
        "user": "U34SPJ5LG",
        "text": "But those are like not the ones we all use",
        "ts": "1481674612.000361"
    },
    {
        "type": "message",
        "user": "U0V9PD50R",
        "text": "hahaha",
        "ts": "1481674618.000362"
    },
    {
        "type": "message",
        "user": "U34SPJ5LG",
        "text": "Welp it works",
        "ts": "1481675627.000363"
    },
    {
        "type": "message",
        "user": "U34SPJ5LG",
        "text": "But I can't get it to display the default value",
        "ts": "1481675634.000364"
    },
    {
        "type": "message",
        "user": "U0V9PD50R",
        "text": "it's always 1 thing...i feel this everyday",
        "ts": "1481675663.000365"
    },
    {
        "type": "message",
        "user": "U0V9PD50R",
        "text": "all day",
        "ts": "1481675669.000366"
    },
    {
        "type": "message",
        "user": "U34SPJ5LG",
        "text": "AWYEAH",
        "ts": "1481676090.000367"
    },
    {
        "type": "message",
        "user": "U34SPJ5LG",
        "text": "I WON",
        "ts": "1481676092.000368"
    },
    {
        "type": "message",
        "user": "U34SPJ5LG",
        "text": "*victory dance*",
        "ts": "1481676104.000369"
    },
    {
        "type": "message",
        "subtype": "file_share",
        "text": "<@U34SPJ5LG|meia.benitez> uploaded a file: <https:\/\/sndevs.slack.com\/files\/meia.benitez\/F3DPNKU5P\/pasted_image_at_2016_12_13_06_54_pm.png|Pasted image at 2016-12-13, 6:54 PM>",
        "file": {
            "id": "F3DPNKU5P",
            "created": 1481676890,
            "timestamp": 1481676890,
            "name": "Pasted image at 2016_12_13 06_54 PM.png",
            "title": "Pasted image at 2016-12-13, 6:54 PM",
            "mimetype": "image\/png",
            "filetype": "png",
            "pretty_type": "PNG",
            "user": "U34SPJ5LG",
            "editable": false,
            "size": 238253,
            "mode": "hosted",
            "is_external": false,
            "external_type": "",
            "is_public": true,
            "public_url_shared": false,
            "display_as_bot": false,
            "username": "",
            "url_private": "https:\/\/files.slack.com\/files-pri\/T0E2AD6AY-F3DPNKU5P\/pasted_image_at_2016_12_13_06_54_pm.png?t=xoxe-14078448372-167243557781-166475819265-182f5ebf49",
            "url_private_download": "https:\/\/files.slack.com\/files-pri\/T0E2AD6AY-F3DPNKU5P\/download\/pasted_image_at_2016_12_13_06_54_pm.png?t=xoxe-14078448372-167243557781-166475819265-182f5ebf49",
            "thumb_64": "https:\/\/files.slack.com\/files-tmb\/T0E2AD6AY-F3DPNKU5P-387cb64a35\/pasted_image_at_2016_12_13_06_54_pm_64.png?t=xoxe-14078448372-167243557781-166475819265-182f5ebf49",
            "thumb_80": "https:\/\/files.slack.com\/files-tmb\/T0E2AD6AY-F3DPNKU5P-387cb64a35\/pasted_image_at_2016_12_13_06_54_pm_80.png?t=xoxe-14078448372-167243557781-166475819265-182f5ebf49",
            "thumb_360": "https:\/\/files.slack.com\/files-tmb\/T0E2AD6AY-F3DPNKU5P-387cb64a35\/pasted_image_at_2016_12_13_06_54_pm_360.png?t=xoxe-14078448372-167243557781-166475819265-182f5ebf49",
            "thumb_360_w": 360,
            "thumb_360_h": 55,
            "thumb_480": "https:\/\/files.slack.com\/files-tmb\/T0E2AD6AY-F3DPNKU5P-387cb64a35\/pasted_image_at_2016_12_13_06_54_pm_480.png?t=xoxe-14078448372-167243557781-166475819265-182f5ebf49",
            "thumb_480_w": 480,
            "thumb_480_h": 73,
            "thumb_160": "https:\/\/files.slack.com\/files-tmb\/T0E2AD6AY-F3DPNKU5P-387cb64a35\/pasted_image_at_2016_12_13_06_54_pm_160.png?t=xoxe-14078448372-167243557781-166475819265-182f5ebf49",
            "thumb_720": "https:\/\/files.slack.com\/files-tmb\/T0E2AD6AY-F3DPNKU5P-387cb64a35\/pasted_image_at_2016_12_13_06_54_pm_720.png?t=xoxe-14078448372-167243557781-166475819265-182f5ebf49",
            "thumb_720_w": 720,
            "thumb_720_h": 109,
            "thumb_960": "https:\/\/files.slack.com\/files-tmb\/T0E2AD6AY-F3DPNKU5P-387cb64a35\/pasted_image_at_2016_12_13_06_54_pm_960.png?t=xoxe-14078448372-167243557781-166475819265-182f5ebf49",
            "thumb_960_w": 960,
            "thumb_960_h": 146,
            "thumb_1024": "https:\/\/files.slack.com\/files-tmb\/T0E2AD6AY-F3DPNKU5P-387cb64a35\/pasted_image_at_2016_12_13_06_54_pm_1024.png?t=xoxe-14078448372-167243557781-166475819265-182f5ebf49",
            "thumb_1024_w": 1024,
            "thumb_1024_h": 156,
            "image_exif_rotation": 1,
            "original_w": 1895,
            "original_h": 288,
            "permalink": "https:\/\/sndevs.slack.com\/files\/meia.benitez\/F3DPNKU5P\/pasted_image_at_2016_12_13_06_54_pm.png",
            "permalink_public": "https:\/\/slack-files.com\/T0E2AD6AY-F3DPNKU5P-0d9ee743f7",
            "channels": [
                "C36D45F60"
            ],
            "groups": [],
            "ims": [],
            "comments_count": 0,
            "reactions": [
                {
                    "name": "champagne",
                    "users": [
                        "U14BP2YUD"
                    ],
                    "count": 1
                }
            ]
        },
        "user": "U34SPJ5LG",
        "upload": true,
        "display_as_bot": false,
        "username": "meia.benitez",
        "bot_id": null,
        "ts": "1481676893.000370"
    },
    {
        "type": "message",
        "user": "U0V9PD50R",
        "text": "sweet!",
        "ts": "1481677235.000371"
    },
    {
        "type": "message",
        "subtype": "file_share",
        "text": "<@U34SPJ5LG|meia.benitez> uploaded a file: <https:\/\/sndevs.slack.com\/files\/meia.benitez\/F3DPRNL0Z\/_custom__requested_for_cart_update.xml|[CUSTOM] Requested For Cart Update Widget> and commented: Widget that allows the user to update the default cart's requested for (persistent value) without the need to add the shopping cart.",
        "file": {
            "id": "F3DPRNL0Z",
            "created": 1481677517,
            "timestamp": 1481677517,
            "name": "[CUSTOM] Requested For Cart Update.xml",
            "title": "[CUSTOM] Requested For Cart Update Widget",
            "mimetype": "text\/plain",
            "filetype": "xml",
            "pretty_type": "XML",
            "user": "U34SPJ5LG",
            "editable": true,
            "size": 4117,
            "mode": "snippet",
            "is_external": false,
            "external_type": "",
            "is_public": true,
            "public_url_shared": false,
            "display_as_bot": false,
            "username": "",
            "url_private": "https:\/\/files.slack.com\/files-pri\/T0E2AD6AY-F3DPRNL0Z\/_custom__requested_for_cart_update.xml?t=xoxe-14078448372-167243557781-166475819265-182f5ebf49",
            "url_private_download": "https:\/\/files.slack.com\/files-pri\/T0E2AD6AY-F3DPRNL0Z\/download\/_custom__requested_for_cart_update.xml?t=xoxe-14078448372-167243557781-166475819265-182f5ebf49",
            "permalink": "https:\/\/sndevs.slack.com\/files\/meia.benitez\/F3DPRNL0Z\/_custom__requested_for_cart_update.xml",
            "permalink_public": "https:\/\/slack-files.com\/T0E2AD6AY-F3DPRNL0Z-a91be302df",
            "edit_link": "https:\/\/sndevs.slack.com\/files\/meia.benitez\/F3DPRNL0Z\/_custom__requested_for_cart_update.xml\/edit",
            "preview": "<?xml version=\"1.0\" encoding=\"UTF-8\"?>\n<unload unload_date=\"2016-12-14 01:03:56\">\n<sp_widget action=\"INSERT_OR_UPDATE\">\n<client_script><![CDATA[function ($scope, $window) \n{",
            "preview_highlight": "<div class=\"CodeMirror cm-s-default CodeMirrorServer\" oncopy=\"if(event.clipboardData){event.clipboardData.setData('text\/plain',window.getSelection().toString().replace(\/\\u200b\/g,''));event.preventDefault();event.stopPropagation();}\">\n<div class=\"CodeMirror-code\">\n<div><pre><span class=\"cm-meta\">&lt;?xml<\/span> <span class=\"cm-meta\">version=&quot;1.0&quot; encoding=&quot;UTF-8&quot;?&gt;<\/span><\/pre><\/div>\n<div><pre><span class=\"cm-tag cm-bracket\">&lt;<\/span><span class=\"cm-tag\">unload<\/span> <span class=\"cm-attribute\">unload_date<\/span>=<span class=\"cm-string\">&quot;2016-12-14 01:03:56&quot;<\/span><span class=\"cm-tag cm-bracket\">&gt;<\/span><\/pre><\/div>\n<div><pre><span class=\"cm-tag cm-bracket\">&lt;<\/span><span class=\"cm-tag\">sp_widget<\/span> <span class=\"cm-attribute\">action<\/span>=<span class=\"cm-string\">&quot;INSERT_OR_UPDATE&quot;<\/span><span class=\"cm-tag cm-bracket\">&gt;<\/span><\/pre><\/div>\n<div><pre><span class=\"cm-tag cm-bracket\">&lt;<\/span><span class=\"cm-tag\">client_script<\/span><span class=\"cm-tag cm-bracket\">&gt;<\/span><span class=\"cm-atom\">&lt;![CDATA[function ($scope, $window) <\/span><\/pre><\/div>\n<div><pre><span class=\"cm-atom\">{<\/span><\/pre><\/div>\n<\/div>\n<\/div>\n",
            "lines": 123,
            "lines_more": 118,
            "preview_is_truncated": true,
            "channels": [
                "C36D45F60"
            ],
            "groups": [],
            "ims": [],
            "comments_count": 1,
            "initial_comment": {
                "id": "Fc3EGV1KK7",
                "created": 1481677517,
                "timestamp": 1481677517,
                "user": "U34SPJ5LG",
                "is_intro": true,
                "comment": "Widget that allows the user to update the default cart's requested for (persistent value) without the need to add the shopping cart.",
                "channel": ""
            },
            "num_stars": 1,
            "pinned_to": [
                "C36D45F60"
            ],
            "reactions": [
                {
                    "name": "champagne",
                    "users": [
                        "U14BP2YUD"
                    ],
                    "count": 1
                }
            ]
        },
        "user": "U34SPJ5LG",
        "upload": true,
        "display_as_bot": false,
        "username": "meia.benitez",
        "bot_id": null,
        "ts": "1481677518.000372"
    },
    {
        "type": "message",
        "user": "U34SPJ5LG",
        "text": "Doesn't work with the submit button, FYI",
        "ts": "1481678096.000373"
    },
    {
        "type": "message",
        "user": "U34SPJ5LG",
        "text": "You'll need to replace \"submit\" with \"checkout\", since the default submit functionality generates a temporary cart, with the user as the default requested for.",
        "ts": "1481678136.000374",
        "reactions": [
            {
                "name": "champagne",
                "users": [
                    "U14BP2YUD"
                ],
                "count": 1
            }
        ]
    }
]