[
    {
        "type": "message",
        "user": "U2V15S3MF",
        "text": ":face_with_head_bandage:",
        "ts": "1480688842.000107"
    },
    {
        "type": "message",
        "user": "U0V9PD50R",
        "text": "it's not too bad...lol",
        "ts": "1480694753.000108"
    },
    {
        "type": "message",
        "user": "U1ALM3K24",
        "text": "It's very... colorful",
        "ts": "1480696061.000109",
        "reactions": [
            {
                "name": "art",
                "users": [
                    "U235A44S0",
                    "U34SPJ5LG",
                    "U0E96U52M"
                ],
                "count": 3
            }
        ]
    },
    {
        "type": "message",
        "user": "U34SPJ5LG",
        "text": "hahahaha",
        "ts": "1480699646.000110"
    },
    {
        "type": "message",
        "user": "U0V9PD50R",
        "text": "what would stop something from setting focus?",
        "ts": "1480705657.000111"
    },
    {
        "type": "message",
        "user": "U0V9PD50R",
        "text": "what i mean is, i'm trying to set a link as focus inside a spUtil.update().then(function(){});",
        "ts": "1480705705.000112"
    },
    {
        "type": "message",
        "user": "U0V9PD50R",
        "text": "all the logs i'm seeing show that it knows the point to set focus, but my focus just goes somewhere else...",
        "ts": "1480705732.000113"
    },
    {
        "type": "message",
        "user": "U0V9PD50R",
        "text": "well i figured it out...i needed a timeout and now my focusing works...go figure...",
        "ts": "1480707082.000114"
    },
    {
        "type": "message",
        "user": "U34SPJ5LG",
        "text": "hah",
        "ts": "1480709979.000115"
    }
]