[
    {
        "type": "message",
        "user": "U1R3SELAE",
        "text": "Its not breadcrum ",
        "ts": "1480951137.000008"
    },
    {
        "type": "message",
        "user": "U1R3SELAE",
        "text": "Open hi portal then on datatable you will find something like this",
        "ts": "1480951157.000009"
    },
    {
        "user": "U0KA6CNR0",
        "text": "<@U0KA6CNR0|kiernan.mcmorrow> has joined the channel",
        "type": "message",
        "subtype": "channel_join",
        "ts": "1480956425.000010"
    },
    {
        "type": "message",
        "user": "U34SPJ5LG",
        "text": "Oh the filter  breadcrumbs,",
        "ts": "1480958152.000011"
    },
    {
        "type": "message",
        "user": "U34SPJ5LG",
        "text": "Its still breadcrumbs, just for the filter. I don't know if there's a widget for that, but it shouldn't be too difficult to build. You'd need to set up a form, and based on the form selection when run it builds the query and the breadcrumbs.",
        "ts": "1480958216.000012"
    },
    {
        "type": "message",
        "user": "U34SPJ5LG",
        "text": "Good luck.",
        "ts": "1480958218.000013"
    },
    {
        "type": "message",
        "user": "U34SPJ5LG",
        "text": "Where do you edit the catalog item form in SP? I wanna make a global change to allow users submitting the catalog forms to request something on behalf of someone else. It uses a custom form.",
        "ts": "1480971404.000014"
    },
    {
        "type": "message",
        "user": "U34SPJ5LG",
        "text": "I can't see anything specifically that has that data other than the actual catalog item forms, but since I want it on all catalog items, I'd prefer to just make it a global thing, so I don't gotta edit every single bloody catalog item",
        "ts": "1480971452.000015"
    },
    {
        "type": "message",
        "user": "U2V15S3MF",
        "text": "Under widgets, SC Catalog Item widget",
        "ts": "1480971684.000016"
    },
    {
        "type": "message",
        "user": "U34SPJ5LG",
        "text": "Yeah, I know where the widget is. :slightly_smiling_face: I've already customized it so it adds an entry in a custom table for someone to bookmark\/favorite it. I'm trying to update the functionality so it will update the Request record upon submission.",
        "ts": "1480974176.000017"
    },
    {
        "type": "message",
        "user": "U34SPJ5LG",
        "text": "Basically manager requests item for subordinate, requested for needs to have a different user filled out than opened by",
        "ts": "1480974211.000018"
    },
    {
        "type": "message",
        "user": "U34SPJ5LG",
        "text": "thats on the request not on the ritm",
        "ts": "1480974224.000019"
    },
    {
        "type": "message",
        "user": "U34SPJ5LG",
        "text": "I need to add functionality to pull the user from a field on the widget and drop it into the request itself.",
        "ts": "1480974253.000020"
    },
    {
        "type": "message",
        "user": "U34SPJ5LG",
        "text": "If this was CMS it would be so much easier. LOL",
        "ts": "1480974263.000021",
        "reactions": [
            {
                "name": "the_horns",
                "users": [
                    "U2V15S3MF"
                ],
                "count": 1
            }
        ]
    },
    {
        "type": "message",
        "user": "U0V9PD50R",
        "text": "is there a simple way to get record information, for $sp, like if i have an sys_id and table?",
        "ts": "1480974695.000022"
    },
    {
        "type": "message",
        "user": "U34SPJ5LG",
        "text": "I'm not sure.",
        "ts": "1480975443.000023"
    },
    {
        "type": "message",
        "user": "U34SPJ5LG",
        "text": "brb meeting",
        "ts": "1480975445.000024"
    },
    {
        "type": "message",
        "user": "U2V15S3MF",
        "text": "are you trying to get a single record data in SP?",
        "ts": "1480975901.000025"
    },
    {
        "type": "message",
        "user": "U0V9PD50R",
        "text": "yeah",
        "ts": "1480977876.000026"
    },
    {
        "type": "message",
        "user": "U2V15S3MF",
        "text": "there is a custom function in SP for that...let me see if I can find it in the widget",
        "ts": "1480978059.000027"
    },
    {
        "type": "message",
        "user": "U2V15S3MF",
        "text": "I see things like `$sp.getCatalogItem(data.sys_id)` throughout some of the widgets. This gets the cat item info. There are other similar ones. function names are sort of self explanitory",
        "ts": "1480978194.000028"
    },
    {
        "type": "message",
        "user": "U0V9PD50R",
        "text": "i am thinking more like the `.get(sys_id)` from a gliderecord",
        "ts": "1480978287.000029"
    },
    {
        "type": "message",
        "user": "U34SPJ5LG",
        "text": "The catalog item itself pulls in fine.",
        "ts": "1480978469.000030"
    },
    {
        "type": "message",
        "user": "U34SPJ5LG",
        "text": "So I've no issues there. But the client wants a field added to the widget which is a reference to the sys_user table, and one which will insert the user selected into the request, not the ritm.",
        "ts": "1480978562.000031"
    },
    {
        "type": "message",
        "user": "U34SPJ5LG",
        "text": "But since he wants it on ALL catalog items, its gotta be a static element, or its own widget",
        "ts": "1480978587.000032"
    },
    {
        "type": "message",
        "user": "U34SPJ5LG",
        "text": "and he wants it to update the REQ not the RITM. Not sure how the back end processes that info, so I'm trying to dig in how it inserts a new RITM, and how that's connected to the REQ via SP.",
        "ts": "1480978627.000033"
    },
    {
        "type": "message",
        "user": "U34SPJ5LG",
        "text": "If it was CMS, I'd just pull up the RITM post insert and update the REQ requested_for field.",
        "ts": "1480978658.000034"
    },
    {
        "type": "message",
        "user": "U2V15S3MF",
        "text": "yes, indeed. They brought back the cart in patch 5, and released it as well as part of Istanbul. I think that might include the 'requested for' field, like there was in CMS and normal service catalog",
        "ts": "1480978678.000035"
    },
    {
        "type": "message",
        "user": "U34SPJ5LG",
        "text": "Have the callback return the sys_id, etc",
        "ts": "1480978684.000036"
    },
    {
        "type": "message",
        "user": "U34SPJ5LG",
        "text": "Ooooh",
        "ts": "1480978694.000037"
    },
    {
        "type": "message",
        "user": "U34SPJ5LG",
        "text": "I'll let him know we didn't patch up on PROD yet",
        "ts": "1480978709.000038"
    },
    {
        "type": "message",
        "user": "U34SPJ5LG",
        "text": "Its still on the first initial release",
        "ts": "1480978720.000039"
    },
    {
        "type": "message",
        "user": "U34SPJ5LG",
        "text": "DEV has patch 6",
        "ts": "1480978724.000040"
    },
    {
        "type": "message",
        "user": "U2V15S3MF",
        "text": "I could be wrong about the cart in H. I know they released it in I, but I thought I heard they recreated some iteration of it in H....",
        "ts": "1480978760.000041"
    },
    {
        "type": "message",
        "user": "U34SPJ5LG",
        "text": "I'm checking it out now",
        "ts": "1480978779.000042"
    },
    {
        "type": "message",
        "user": "U34SPJ5LG",
        "text": "its probably somewhere in there.",
        "ts": "1480978787.000043"
    },
    {
        "type": "message",
        "user": "U34SPJ5LG",
        "text": "The lack of official documentation is what makes this harder than it should be IMO.",
        "ts": "1480978816.000044"
    },
    {
        "type": "message",
        "user": "U2V15S3MF",
        "text": "for SP, yes. The guys on the Github site are pretty good at keeping on top of things",
        "ts": "1480978842.000045"
    },
    {
        "type": "message",
        "user": "U34SPJ5LG",
        "text": "Yeah I've been on there.",
        "ts": "1480978863.000046"
    },
    {
        "type": "message",
        "user": "U34SPJ5LG",
        "text": "I love that github.",
        "ts": "1480978878.000047"
    },
    {
        "type": "message",
        "user": "U34SPJ5LG",
        "text": "Still the issue is if you don't know exactly what you're looking for you can't find it.",
        "ts": "1480978896.000048"
    },
    {
        "type": "message",
        "user": "U34SPJ5LG",
        "text": "Half the time, I know what I want to do. But I don't know the methods used to call it.",
        "ts": "1480978915.000049"
    },
    {
        "type": "message",
        "user": "U2V15S3MF",
        "text": "' SC Shopping Cart' on my patch 5 instance",
        "ts": "1480978932.000050",
        "reactions": [
            {
                "name": "the_horns",
                "users": [
                    "U34SPJ5LG"
                ],
                "count": 1
            },
            {
                "name": "ballot_box_with_check",
                "users": [
                    "U34SPJ5LG"
                ],
                "count": 1
            }
        ]
    },
    {
        "type": "message",
        "user": "U2V15S3MF",
        "text": "in the list of widgets",
        "ts": "1480978941.000051"
    },
    {
        "type": "message",
        "user": "U0V9PD50R",
        "text": "it's gets even worse when it's a blackbox from SN...",
        "ts": "1480978941.000052"
    },
    {
        "type": "message",
        "user": "U34SPJ5LG",
        "text": "YESSS We have it on dev",
        "ts": "1480978980.000053"
    },
    {
        "type": "message",
        "user": "U2V15S3MF",
        "text": "just scanning, looks like they have add\/edit\/remove functions, and a requestedFor value",
        "ts": "1480978992.000054"
    },
    {
        "type": "message",
        "user": "U0V9PD50R",
        "text": "that whole embedded list i built...man...that was frustrating",
        "ts": "1480978993.000055"
    },
    {
        "type": "message",
        "user": "U34SPJ5LG",
        "text": "I'm gonna add that to the sc_cat_item page",
        "ts": "1480979015.000056"
    },
    {
        "type": "message",
        "user": "U34SPJ5LG",
        "text": "If I can go OOB while the rapid development\/patch fix is going on, I'd prefer to",
        "ts": "1480979035.000057"
    },
    {
        "type": "message",
        "user": "U34SPJ5LG",
        "text": "merch, you'd far more patience than I do.",
        "ts": "1480979052.000058"
    },
    {
        "type": "message",
        "user": "U34SPJ5LG",
        "text": "I'm trying like hell to push customers to stick with OOB widgets until the istanbul release at the minimum",
        "ts": "1480979073.000059"
    },
    {
        "type": "message",
        "user": "U34SPJ5LG",
        "text": "with patches every month or so, and hotfixes",
        "ts": "1480979082.000060"
    },
    {
        "type": "message",
        "user": "U34SPJ5LG",
        "text": "I get the feeling its probably better to stick to OOB for as much as possible.",
        "ts": "1480979101.000061",
        "reactions": [
            {
                "name": "+1",
                "users": [
                    "U0KA6CNR0"
                ],
                "count": 1
            }
        ]
    },
    {
        "type": "message",
        "user": "U2V15S3MF",
        "text": "I changed a bunch of stuff when we first implemented SP, because a lot of the functionality we had in CMS was not there. NOw I want to go back and review it all and implement the updated code form the patches, lol",
        "ts": "1480979191.000062"
    },
    {
        "type": "message",
        "user": "U2V15S3MF",
        "text": "Order Guides are still broken in SP :disappointed: at least, in helsinki anyways",
        "ts": "1480979210.000063"
    },
    {
        "type": "message",
        "user": "U34SPJ5LG",
        "text": "Yeah, update sets are completely knackered.",
        "ts": "1480979237.000064"
    },
    {
        "type": "message",
        "user": "U34SPJ5LG",
        "text": "The data tables onclick is broken",
        "ts": "1480979251.000065"
    },
    {
        "type": "message",
        "user": "U34SPJ5LG",
        "text": "so many things. :disappointed:",
        "ts": "1480979258.000066"
    },
    {
        "type": "message",
        "user": "U34SPJ5LG",
        "text": "Huh it requires a cart template",
        "ts": "1480979580.000067"
    },
    {
        "type": "message",
        "user": "U34SPJ5LG",
        "text": "and when I add it in there, it doesn't display",
        "ts": "1480979590.000068"
    },
    {
        "type": "message",
        "user": "U34SPJ5LG",
        "text": "gonna try a sys ID",
        "ts": "1480979594.000069"
    },
    {
        "type": "message",
        "user": "U34SPJ5LG",
        "text": "nvm id should work",
        "ts": "1480979655.000070"
    },
    {
        "type": "message",
        "user": "U34SPJ5LG",
        "text": "You're awesome <@U2V15S3MF> I got the cart working and customized to do what they wanted.",
        "ts": "1480982581.000071"
    },
    {
        "type": "message",
        "user": "U34SPJ5LG",
        "text": "Thanks for the pointer.",
        "ts": "1480982601.000072",
        "reactions": [
            {
                "name": "the_horns",
                "users": [
                    "U2V15S3MF",
                    "U3688E6MQ"
                ],
                "count": 2
            }
        ]
    }
]