[
    {
        "user": "U3KBRDR0C",
        "text": "<@U3KBRDR0C|aseth31> has joined the channel",
        "type": "message",
        "subtype": "channel_join",
        "ts": "1482917815.000668"
    },
    {
        "user": "U3KE37QQ4",
        "text": "<@U3KE37QQ4|sqloverride> has joined the channel",
        "type": "message",
        "subtype": "channel_join",
        "ts": "1482937191.000669"
    },
    {
        "user": "U3JNFAQSU",
        "text": "<@U3JNFAQSU|sumeet.ninawe> has joined the channel",
        "type": "message",
        "subtype": "channel_join",
        "ts": "1482949407.000670"
    }
]