[
    {
        "user": "U3FLYPR43",
        "text": "<@U3FLYPR43|brian_pa> has joined the channel",
        "type": "message",
        "subtype": "channel_join",
        "ts": "1481895243.000482"
    },
    {
        "user": "U3FPG7VNW",
        "text": "<@U3FPG7VNW|dmay1> has joined the channel",
        "type": "message",
        "subtype": "channel_join",
        "ts": "1481897914.000485"
    },
    {
        "user": "U3FMRAUFM",
        "text": "<@U3FMRAUFM|djswf> has joined the channel",
        "type": "message",
        "subtype": "channel_join",
        "ts": "1481899113.000486"
    },
    {
        "user": "U3GEYEFHV",
        "text": "<@U3GEYEFHV|willleslie94> has joined the channel",
        "type": "message",
        "subtype": "channel_join",
        "ts": "1481900662.000487"
    },
    {
        "type": "message",
        "user": "U0V9PD50R",
        "text": "anyone tapped into the datepicker that is used?",
        "ts": "1481903863.000488"
    },
    {
        "type": "message",
        "user": "U0KA6CNR0",
        "text": "little bit, whats up?",
        "ts": "1481905560.000489"
    },
    {
        "user": "U3FU0GQLD",
        "text": "<@U3FU0GQLD|jbyrd1> has joined the channel",
        "type": "message",
        "subtype": "channel_join",
        "ts": "1481905721.000490"
    },
    {
        "user": "U3FU0G8UC",
        "text": "<@U3FU0G8UC|asifa> has joined the channel",
        "type": "message",
        "subtype": "channel_join",
        "ts": "1481906765.000491"
    },
    {
        "type": "message",
        "user": "U0V9PD50R",
        "text": "well i have a custom date input and i want to use to the datepicker (i have the input built and the button) so when you click on the button it should bring up a calander",
        "ts": "1481907269.000492"
    },
    {
        "user": "U3FSCQT2P",
        "text": "<@U3FSCQT2P|peterbarnas> has joined the channel",
        "type": "message",
        "subtype": "channel_join",
        "ts": "1481917263.000493"
    },
    {
        "user": "U3F93N94G",
        "text": "<@U3F93N94G|rlbrdb87> has joined the channel",
        "type": "message",
        "subtype": "channel_join",
        "ts": "1481924301.000494"
    }
]