[
    {
        "type": "message",
        "user": "U0E93BL9F",
        "text": "hey <@U0V9PD50R>: try using ui_date ... that's what I use (its a UI Macro)",
        "ts": "1482018604.000497"
    },
    {
        "type": "message",
        "user": "U0V9PD50R",
        "text": "Thanks <@U0E93BL9F>, I used the uib date picker and it seems to work fine after some fiddling around with it",
        "ts": "1482018900.000498"
    },
    {
        "type": "message",
        "user": "U2V15S3MF",
        "text": "Anyone know why this: `jQuery('html, body').animate({scrollTop:0}, 'slow');` will not work in Service Portal, but seems to work fine on other web pages?",
        "ts": "1482033484.000499"
    },
    {
        "type": "message",
        "user": "U2V15S3MF",
        "text": "OK, so I had an issue with the way the Order guide was loading the second tab. We have a couple of long order guides with a lot of options, so if the user scrolled down the iFrame to select items, when they clicked 'Describe Needs' to load the second tab, the parent page focus would stay at the bottom of the page. I needed a way to check if an event occured (I checked if an element existed), then scroll to the top of the page when that happened. jQuery worked to check the element length, but not to scroll, so I used Angular for the scrolling part.",
        "ts": "1482036562.000500"
    },
    {
        "type": "message",
        "subtype": "file_share",
        "text": "<@U2V15S3MF|t1mb0b> uploaded a file: <https:\/\/sndevs.slack.com\/files\/t1mb0b\/F3G71JRHQ\/-.js|Untitled> and commented: This checks every 100 milliseconds if the 'guide_tabs' table exists, which loads on the 'Describe Needs' tab. If that exists, it scrolls to the top of the page.",
        "file": {
            "id": "F3G71JRHQ",
            "created": 1482036649,
            "timestamp": 1482036649,
            "name": "-.js",
            "title": "Untitled",
            "mimetype": "text\/plain",
            "filetype": "javascript",
            "pretty_type": "JavaScript\/JSON",
            "user": "U2V15S3MF",
            "editable": true,
            "size": 583,
            "mode": "snippet",
            "is_external": false,
            "external_type": "",
            "is_public": true,
            "public_url_shared": false,
            "display_as_bot": false,
            "username": "",
            "url_private": "https:\/\/files.slack.com\/files-pri\/T0E2AD6AY-F3G71JRHQ\/-.js?t=xoxe-14078448372-167243557781-166475819265-182f5ebf49",
            "url_private_download": "https:\/\/files.slack.com\/files-pri\/T0E2AD6AY-F3G71JRHQ\/download\/-.js?t=xoxe-14078448372-167243557781-166475819265-182f5ebf49",
            "permalink": "https:\/\/sndevs.slack.com\/files\/t1mb0b\/F3G71JRHQ\/-.js",
            "permalink_public": "https:\/\/slack-files.com\/T0E2AD6AY-F3G71JRHQ-ed6dbca510",
            "edit_link": "https:\/\/sndevs.slack.com\/files\/t1mb0b\/F3G71JRHQ\/-.js\/edit",
            "preview": "function order_guide ($scope, $location, $http, $anchorScroll) {\r\n\t$scope.data.orderguide = \"com.glideapp.servicecatalog_cat_item_guide_view.do?v=1&sysparm_initial=true&sysparm_guide=\" + $scope.data.sys_id;\r\n\t\r\n\t\r\n\tvar checkExists = setInterval (function () {\r",
            "preview_highlight": "<div class=\"CodeMirror cm-s-default CodeMirrorServer\" oncopy=\"if(event.clipboardData){event.clipboardData.setData('text\/plain',window.getSelection().toString().replace(\/\\u200b\/g,''));event.preventDefault();event.stopPropagation();}\">\n<div class=\"CodeMirror-code\">\n<div><pre><span class=\"cm-keyword\">function<\/span> <span class=\"cm-def\">order_guide<\/span> (<span class=\"cm-def\">$scope<\/span>, <span class=\"cm-def\">$location<\/span>, <span class=\"cm-def\">$http<\/span>, <span class=\"cm-def\">$anchorScroll<\/span>) {<\/pre><\/div>\n<div><pre>\t<span class=\"cm-variable-2\">$scope<\/span>.<span class=\"cm-property\">data<\/span>.<span class=\"cm-property\">orderguide<\/span> <span class=\"cm-operator\">=<\/span> <span class=\"cm-string\">&quot;com.glideapp.servicecatalog_cat_item_guide_view.do?v=1&amp;sysparm_initial=true&amp;sysparm_guide=&quot;<\/span> <span class=\"cm-operator\">+<\/span> <span class=\"cm-variable-2\">$scope<\/span>.<span class=\"cm-property\">data<\/span>.<span class=\"cm-property\">sys_id<\/span>;<\/pre><\/div>\n<div><pre>\t<\/pre><\/div>\n<div><pre>\t<\/pre><\/div>\n<div><pre>\t<span class=\"cm-keyword\">var<\/span> <span class=\"cm-def\">checkExists<\/span> <span class=\"cm-operator\">=<\/span> <span class=\"cm-variable\">setInterval<\/span> (<span class=\"cm-keyword\">function<\/span> () {<\/pre><\/div>\n<\/div>\n<\/div>\n",
            "lines": 17,
            "lines_more": 12,
            "preview_is_truncated": false,
            "channels": [
                "C36D45F60"
            ],
            "groups": [],
            "ims": [],
            "comments_count": 1,
            "initial_comment": {
                "id": "Fc3G71JS1Y",
                "created": 1482036649,
                "timestamp": 1482036649,
                "user": "U2V15S3MF",
                "is_intro": true,
                "comment": "This checks every 100 milliseconds if the 'guide_tabs' table exists, which loads on the 'Describe Needs' tab. If that exists, it scrolls to the top of the page.",
                "channel": ""
            }
        },
        "user": "U2V15S3MF",
        "upload": true,
        "display_as_bot": false,
        "username": "t1mb0b",
        "bot_id": null,
        "ts": "1482036650.000501"
    }
]