[
    {
        "type": "message",
        "user": "U0V9PD50R",
        "text": "if i'm using sn-record-picker but i need to use multiple of these, how do i make sure they are unique?",
        "ts": "1481220249.000130"
    },
    {
        "type": "message",
        "user": "U0KA6CNR0",
        "text": "you're using the record picker on the same table?",
        "ts": "1481220428.000131"
    },
    {
        "type": "message",
        "user": "U0V9PD50R",
        "text": "yes, so i need to have them pick 5 people",
        "ts": "1481220459.000132"
    },
    {
        "type": "message",
        "user": "U0KA6CNR0",
        "text": "in your client controler, you can set up the object you're going to pass to the record picker, give it a unique identifier",
        "ts": "1481220535.000133"
    },
    {
        "type": "message",
        "user": "U0KA6CNR0",
        "text": "c.requesteduser1, c.requesteduser2, etc.",
        "ts": "1481220551.000134"
    },
    {
        "type": "message",
        "user": "U0KA6CNR0",
        "text": "c.requestedFor = {\n        displayValue: c.data.cart.requested_for_display_name,\n        value: c.data.cart.requested_for,\n        name: 'requested_for'\n    };",
        "ts": "1481220568.000135"
    },
    {
        "type": "message",
        "user": "U0V9PD50R",
        "text": "i don't follow, i put the record picker in my template, but i don't have anything for in the client script",
        "ts": "1481220598.000136"
    },
    {
        "type": "message",
        "user": "U0KA6CNR0",
        "text": "whats the code you have in your template currently?",
        "ts": "1481220677.000137"
    },
    {
        "type": "message",
        "user": "U0V9PD50R",
        "text": "```&lt;p&gt;&lt;sn-record-picker field=\"name\" table=\"'sys_user'\" display-field=\"'name'\" value-field=\"'sys_id'\" search-fields=\"'name'\" page-size=\"100\" &gt;&lt;\/sn-record-picker&gt;&lt;\/p&gt;\n      &lt;p&gt;&lt;sn-record-picker field=\"name\" table=\"'sys_user'\" display-field=\"'name'\" value-field=\"'sys_id'\" search-fields=\"'name'\" page-size=\"100\" &gt;&lt;\/sn-record-picker&gt;&lt;\/p&gt;\n      &lt;p&gt;&lt;sn-record-picker field=\"name\" table=\"'sys_user'\" display-field=\"'name'\" value-field=\"'sys_id'\" search-fields=\"'name'\" page-size=\"100\" &gt;&lt;\/sn-record-picker&gt;&lt;\/p&gt;\n      &lt;p&gt;&lt;sn-record-picker field=\"name\" table=\"'sys_user'\" display-field=\"'name'\" value-field=\"'sys_id'\" search-fields=\"'name'\" page-size=\"100\" &gt;&lt;\/sn-record-picker&gt;&lt;\/p&gt;\n      &lt;p&gt;&lt;sn-record-picker field=\"name\" table=\"'sys_user'\" display-field=\"'name'\" value-field=\"'sys_id'\" search-fields=\"'name'\" page-size=\"100\" &gt;&lt;\/sn-record-picker&gt;&lt;\/p&gt;```",
        "edited": {
            "user": "U0V9PD50R",
            "ts": "1481220705.000000"
        },
        "ts": "1481220692.000138"
    },
    {
        "type": "message",
        "user": "U0KA6CNR0",
        "text": "in the controller for the widget, you need to create a javascript object that is tied to the sn-record picker field",
        "ts": "1481220742.000140"
    },
    {
        "type": "message",
        "user": "U0KA6CNR0",
        "text": "in this case \"name\"",
        "ts": "1481220746.000141"
    },
    {
        "type": "message",
        "user": "U0KA6CNR0",
        "text": "that field object needs to contain \"displayValue\", \"value\", and \"name\"",
        "ts": "1481220786.000142"
    },
    {
        "type": "message",
        "subtype": "file_share",
        "text": "<@U0KA6CNR0|kiernan.mcmorrow> uploaded a file: <https:\/\/sndevs.slack.com\/files\/kiernan.mcmorrow\/F3CB3050T\/something_along_these_lines.txt|something along these lines>",
        "file": {
            "id": "F3CB3050T",
            "created": 1481220813,
            "timestamp": 1481220813,
            "name": "something_along_these_lines.txt",
            "title": "something along these lines",
            "mimetype": "text\/plain",
            "filetype": "text",
            "pretty_type": "Plain Text",
            "user": "U0KA6CNR0",
            "editable": true,
            "size": 163,
            "mode": "snippet",
            "is_external": false,
            "external_type": "",
            "is_public": true,
            "public_url_shared": false,
            "display_as_bot": false,
            "username": "",
            "url_private": "https:\/\/files.slack.com\/files-pri\/T0E2AD6AY-F3CB3050T\/something_along_these_lines.txt?t=xoxe-14078448372-167243557781-166475819265-182f5ebf49",
            "url_private_download": "https:\/\/files.slack.com\/files-pri\/T0E2AD6AY-F3CB3050T\/download\/something_along_these_lines.txt?t=xoxe-14078448372-167243557781-166475819265-182f5ebf49",
            "permalink": "https:\/\/sndevs.slack.com\/files\/kiernan.mcmorrow\/F3CB3050T\/something_along_these_lines.txt",
            "permalink_public": "https:\/\/slack-files.com\/T0E2AD6AY-F3CB3050T-d618745bf6",
            "edit_link": "https:\/\/sndevs.slack.com\/files\/kiernan.mcmorrow\/F3CB3050T\/something_along_these_lines.txt\/edit",
            "preview": "c.requestedFor = {\r\n        displayValue: c.data.cart.requested_for_display_name,\r\n        value: c.data.cart.requested_for,\r\n        name: 'requested_for'\r\n    };",
            "preview_highlight": "<div class=\"CodeMirror cm-s-default CodeMirrorServer\" oncopy=\"if(event.clipboardData){event.clipboardData.setData('text\/plain',window.getSelection().toString().replace(\/\\u200b\/g,''));event.preventDefault();event.stopPropagation();}\">\n<div class=\"CodeMirror-code\">\n<div><pre>c.requestedFor = {<\/pre><\/div>\n<div><pre>        displayValue: c.data.cart.requested_for_display_name,<\/pre><\/div>\n<div><pre>        value: c.data.cart.requested_for,<\/pre><\/div>\n<div><pre>        name: 'requested_for'<\/pre><\/div>\n<div><pre>    };<\/pre><\/div>\n<\/div>\n<\/div>\n",
            "lines": 5,
            "lines_more": 0,
            "preview_is_truncated": false,
            "channels": [
                "C36D45F60"
            ],
            "groups": [],
            "ims": [],
            "comments_count": 0
        },
        "user": "U0KA6CNR0",
        "upload": true,
        "display_as_bot": false,
        "username": "kiernan.mcmorrow",
        "bot_id": null,
        "ts": "1481220813.000143"
    },
    {
        "type": "message",
        "user": "U0V9PD50R",
        "text": "what's the template look like for your example?",
        "ts": "1481220839.000144"
    },
    {
        "type": "message",
        "user": "U0KA6CNR0",
        "text": "&lt;sn-record-picker field=\"c.requestedFor\" table=\"'sys_user'\" display-field=\"'name'\" display-fields=\"'user_name'\" value-field=\"'sys_id'\" search-fields=\"'name,user_name'\" page-size=\"100\" &gt;&lt;\/sn-record-picker&gt;",
        "ts": "1481220855.000145"
    },
    {
        "type": "message",
        "user": "U0V9PD50R",
        "text": "k..let me try this out...",
        "ts": "1481220898.000146"
    },
    {
        "type": "message",
        "user": "U0KA6CNR0",
        "text": "there's an article related to the sn-record-picker on <http:\/\/serviceportal.io|serviceportal.io>",
        "ts": "1481220927.000147"
    },
    {
        "type": "message",
        "user": "U0KA6CNR0",
        "text": "<http:\/\/serviceportal.io\/sn-record-picker\/>",
        "attachments": [
            {
                "service_name": "ServicePortal.io",
                "title": "Reference Fields with the snRecordPicker Directive - ServicePortal.io - Service Portal, CMS, and Custom Apps",
                "title_link": "http:\/\/serviceportal.io\/sn-record-picker\/",
                "text": "One of the very powerful directives available in Service Portal that we will be covering today is the snRecordPicker. This directive generates a field very similar to a reference field in the platform. This is very useful when creating custom widgets that will be interacting with tables and records in ServiceNow. The Directive: [crayon-5849a341b7848918859767\/] It supports the following properties: [...]Read More...",
                "fallback": "ServicePortal.io: Reference Fields with the snRecordPicker Directive - ServicePortal.io - Service Portal, CMS, and Custom Apps",
                "image_url": "http:\/\/serviceportal.io\/wp-content\/uploads\/2016\/07\/snrecordpicker-1.jpg",
                "image_width": 542,
                "image_height": 250,
                "ts": 1469260448,
                "from_url": "http:\/\/serviceportal.io\/sn-record-picker\/",
                "image_bytes": 36072,
                "id": 1
            }
        ],
        "ts": "1481220928.000148"
    },
    {
        "type": "message",
        "user": "U0V9PD50R",
        "text": "ok so i did this...",
        "ts": "1481221283.000150"
    },
    {
        "type": "message",
        "user": "U0V9PD50R",
        "text": "```$scope.emailTo = {\n\t\tdisplayValue: c.data.emailTo.name,\n\t\tvalue: c.data.emailTo.sys_id,\n\t\tname: 'emailTo'\n\t};```",
        "ts": "1481221295.000151"
    },
    {
        "type": "message",
        "user": "U0V9PD50R",
        "text": "and my template looks like this",
        "ts": "1481221301.000152"
    },
    {
        "type": "message",
        "user": "U0V9PD50R",
        "text": "`&lt;p&gt;&lt;sn-record-picker field=\"emailTo\" table=\"'sys_user'\" display-field=\"'name'\" value-field=\"'sys_id'\" search-fields=\"'name'\" page-size=\"100\" &gt;&lt;\/sn-record-picker&gt;&lt;\/p&gt;`",
        "ts": "1481221319.000153"
    },
    {
        "type": "message",
        "user": "U0V9PD50R",
        "text": "but it errors out on `name`",
        "ts": "1481221328.000154"
    },
    {
        "type": "message",
        "user": "U0V9PD50R",
        "text": "`Cannot read property 'name' of undefined`",
        "ts": "1481221342.000155"
    },
    {
        "type": "message",
        "user": "U0V9PD50R",
        "text": "are those c.data variables suppose to have a value?",
        "ts": "1481221377.000156"
    },
    {
        "user": "U0EKK4BTP",
        "text": "<@U0EKK4BTP|josh> has joined the channel",
        "type": "message",
        "subtype": "channel_join",
        "ts": "1481221417.000157"
    },
    {
        "user": "U3BU8FGKV",
        "text": "<@U3BU8FGKV|hollifield> has joined the channel",
        "type": "message",
        "subtype": "channel_join",
        "ts": "1481221428.000158"
    },
    {
        "user": "U0E36J5EU",
        "text": "<@U0E36J5EU|ajb> has joined the channel",
        "type": "message",
        "subtype": "channel_join",
        "ts": "1481221443.000159"
    },
    {
        "type": "message",
        "user": "U0V9PD50R",
        "text": "here's the TL;DR",
        "ts": "1481221461.000160"
    },
    {
        "type": "message",
        "user": "U0V9PD50R",
        "text": "i have a modal, it has 5 people pickers...",
        "ts": "1481221472.000161"
    },
    {
        "type": "message",
        "user": "U0V9PD50R",
        "text": "i need them to be not to overwrite each other",
        "ts": "1481221489.000162"
    },
    {
        "type": "message",
        "user": "U0V9PD50R",
        "text": "err not to overwrite each other",
        "ts": "1481221501.000163"
    },
    {
        "type": "message",
        "user": "U3BU8FGKV",
        "text": "hmm - not seeing any obvious issues there",
        "ts": "1481221585.000164"
    },
    {
        "type": "message",
        "user": "U3BU8FGKV",
        "text": "but, hey, if it were obvious, I don't suppose you'd be asking. :slightly_smiling_face:",
        "ts": "1481221600.000165"
    },
    {
        "type": "message",
        "user": "U0V9PD50R",
        "text": "lol",
        "ts": "1481221608.000166"
    },
    {
        "type": "message",
        "user": "U3BU8FGKV",
        "text": "I'm guessing there's a problem that it can't get at your $scope.emailTo object for some reason. Trying to hit .name and there's nothing there.",
        "ts": "1481221657.000167"
    },
    {
        "type": "message",
        "user": "U0V9PD50R",
        "text": "well they would be empty...this isn't pre populated...it's a one time use - you pick 5 people and it emails them the record",
        "ts": "1481221694.000168"
    },
    {
        "type": "message",
        "user": "U3BU8FGKV",
        "text": "Lemme go see if I can get my hands on that directive to see what's happening inside",
        "ts": "1481221779.000169"
    },
    {
        "type": "message",
        "user": "U0V9PD50R",
        "text": "oh nice, thanks",
        "ts": "1481221801.000170"
    },
    {
        "type": "message",
        "user": "U3BU8FGKV",
        "text": "I'd be interested to try different fields for display-field and search-fields, just to be sure which one is throwing the error",
        "ts": "1481221812.000171"
    },
    {
        "type": "message",
        "user": "U0V9PD50R",
        "text": "hang on...",
        "ts": "1481221834.000172"
    },
    {
        "type": "message",
        "user": "U0V9PD50R",
        "text": "i think it's the c.data.emailTo.name - i changed display-field and search-field to sys_name and it still failed on 'name'",
        "ts": "1481222006.000173"
    },
    {
        "type": "message",
        "user": "U3BU8FGKV",
        "text": "gotcha",
        "ts": "1481222017.000174"
    },
    {
        "type": "message",
        "user": "U0V9PD50R",
        "text": "like i said, these aren't polulated...just empty",
        "ts": "1481222019.000175"
    },
    {
        "type": "message",
        "user": "U0V9PD50R",
        "text": "so i expect, it' expecting a value there...",
        "ts": "1481222043.000176"
    },
    {
        "type": "message",
        "user": "U3BU8FGKV",
        "text": "could try pre-building that object with empty values...",
        "ts": "1481222060.000177"
    },
    {
        "type": "message",
        "user": "U3BU8FGKV",
        "text": "just for initialization purposes",
        "ts": "1481222068.000178"
    },
    {
        "type": "message",
        "user": "U3BU8FGKV",
        "text": "really shouldn't need to, though, I wouldn't think",
        "ts": "1481222079.000179"
    },
    {
        "type": "message",
        "user": "U0V9PD50R",
        "text": "yeah, i was just thinking that...well let me try and see what it thinks about that",
        "ts": "1481222100.000180"
    },
    {
        "user": "U2PJBUXJT",
        "text": "<@U2PJBUXJT|qui> has joined the channel",
        "type": "message",
        "subtype": "channel_join",
        "ts": "1481222303.000181"
    },
    {
        "type": "message",
        "user": "U3BU8FGKV",
        "text": "The directive itself does *not* seem to explicitly handle null values on initialization, so might do the trick",
        "ts": "1481222374.000182"
    },
    {
        "type": "message",
        "user": "U0V9PD50R",
        "text": "this worked:",
        "ts": "1481222519.000183"
    },
    {
        "type": "message",
        "user": "U0V9PD50R",
        "text": "```$scope.emailTo = {\n\t\tdisplayValue: '',\n\t\tvalue: '',\n\t\tname: 'emailTo'\n\t};```",
        "ts": "1481222531.000184"
    },
    {
        "type": "message",
        "user": "U0V9PD50R",
        "text": "but i still have a problem...",
        "ts": "1481222536.000185"
    },
    {
        "type": "message",
        "user": "U0V9PD50R",
        "text": "hangon, let me capture it",
        "ts": "1481222570.000186"
    },
    {
        "user": "U0Y8SC29K",
        "text": "<@U0Y8SC29K|jholman> has joined the channel",
        "type": "message",
        "subtype": "channel_join",
        "ts": "1481222579.000187"
    },
    {
        "type": "message",
        "user": "U0KA6CNR0",
        "text": "k",
        "ts": "1481222615.000189"
    },
    {
        "type": "message",
        "user": "U3BU8FGKV",
        "text": "",
        "bot_id": "B0NUYRN04",
        "attachments": [
            {
                "fallback": "giphy: http:\/\/giphy.com\/gifs\/baby-moments-giraffe-KVlCVET2KEfrq",
                "image_url": "http:\/\/media.giphy.com\/media\/KVlCVET2KEfrq\/giphy-tumblr.gif",
                "image_width": 250,
                "image_height": 250,
                "image_bytes": 1386736,
                "is_animated": true,
                "title": "baby steps",
                "footer": "Posted using \/giphy",
                "id": 1,
                "title_link": "http:\/\/giphy.com\/gifs\/baby-moments-giraffe-KVlCVET2KEfrq"
            }
        ],
        "ts": "1481222643.000190"
    },
    {
        "type": "message",
        "user": "U0V9PD50R",
        "text": "it's processing...lol",
        "ts": "1481222667.000191"
    },
    {
        "type": "message",
        "subtype": "file_share",
        "text": "<@U0V9PD50R|jmerchant> uploaded a file: <https:\/\/sndevs.slack.com\/files\/jmerchant\/F3BP279MX\/dec-08-2016_11-43-21.gif|Dec-08-2016 11-43-21.gif>",
        "file": {
            "id": "F3BP279MX",
            "created": 1481222638,
            "timestamp": 1481222638,
            "name": "Dec-08-2016 11-43-21.gif",
            "title": "Dec-08-2016 11-43-21.gif",
            "mimetype": "image\/gif",
            "filetype": "gif",
            "pretty_type": "GIF",
            "user": "U0V9PD50R",
            "editable": false,
            "size": 983544,
            "mode": "hosted",
            "is_external": false,
            "external_type": "",
            "is_public": true,
            "public_url_shared": false,
            "display_as_bot": false,
            "username": "",
            "url_private": "https:\/\/files.slack.com\/files-pri\/T0E2AD6AY-F3BP279MX\/dec-08-2016_11-43-21.gif?t=xoxe-14078448372-167243557781-166475819265-182f5ebf49",
            "url_private_download": "https:\/\/files.slack.com\/files-pri\/T0E2AD6AY-F3BP279MX\/download\/dec-08-2016_11-43-21.gif?t=xoxe-14078448372-167243557781-166475819265-182f5ebf49",
            "thumb_64": "https:\/\/files.slack.com\/files-tmb\/T0E2AD6AY-F3BP279MX-544625b0e0\/dec-08-2016_11-43-21_64.png?t=xoxe-14078448372-167243557781-166475819265-182f5ebf49",
            "thumb_80": "https:\/\/files.slack.com\/files-tmb\/T0E2AD6AY-F3BP279MX-544625b0e0\/dec-08-2016_11-43-21_80.png?t=xoxe-14078448372-167243557781-166475819265-182f5ebf49",
            "thumb_360": "https:\/\/files.slack.com\/files-tmb\/T0E2AD6AY-F3BP279MX-544625b0e0\/dec-08-2016_11-43-21_360.png?t=xoxe-14078448372-167243557781-166475819265-182f5ebf49",
            "thumb_360_w": 360,
            "thumb_360_h": 180,
            "thumb_160": "https:\/\/files.slack.com\/files-tmb\/T0E2AD6AY-F3BP279MX-544625b0e0\/dec-08-2016_11-43-21_160.png?t=xoxe-14078448372-167243557781-166475819265-182f5ebf49",
            "thumb_360_gif": "https:\/\/files.slack.com\/files-tmb\/T0E2AD6AY-F3BP279MX-544625b0e0\/dec-08-2016_11-43-21_360.gif?t=xoxe-14078448372-167243557781-166475819265-182f5ebf49",
            "image_exif_rotation": 1,
            "original_w": 480,
            "original_h": 240,
            "deanimate_gif": "https:\/\/files.slack.com\/files-tmb\/T0E2AD6AY-F3BP279MX-544625b0e0\/dec-08-2016_11-43-21_deanimate_gif.png?t=xoxe-14078448372-167243557781-166475819265-182f5ebf49",
            "permalink": "https:\/\/sndevs.slack.com\/files\/jmerchant\/F3BP279MX\/dec-08-2016_11-43-21.gif",
            "permalink_public": "https:\/\/slack-files.com\/T0E2AD6AY-F3BP279MX-107b87c4e2",
            "channels": [
                "C36D45F60"
            ],
            "groups": [],
            "ims": [],
            "comments_count": 0
        },
        "user": "U0V9PD50R",
        "upload": true,
        "display_as_bot": false,
        "username": "jmerchant",
        "bot_id": null,
        "ts": "1481222681.000192"
    },
    {
        "type": "message",
        "user": "U3BU8FGKV",
        "text": "ew",
        "ts": "1481222699.000193"
    },
    {
        "type": "message",
        "user": "U0V9PD50R",
        "text": "yeah",
        "ts": "1481222706.000194"
    },
    {
        "type": "message",
        "user": "U0KA6CNR0",
        "text": "you need to create separate objects for each.",
        "ts": "1481222731.000195",
        "reactions": [
            {
                "name": "+1",
                "users": [
                    "U3BU8FGKV"
                ],
                "count": 1
            }
        ]
    },
    {
        "type": "message",
        "user": "U3BU8FGKV",
        "text": "So, you *may* be able to initialize each one of those with a separate object to get around that.",
        "ts": "1481222737.000196"
    },
    {
        "type": "message",
        "user": "U0KA6CNR0",
        "text": "yep",
        "ts": "1481222741.000197"
    },
    {
        "type": "message",
        "user": "U0V9PD50R",
        "text": "emailTo1 - 5?",
        "ts": "1481222742.000198"
    },
    {
        "type": "message",
        "user": "U0KA6CNR0",
        "text": "yep",
        "ts": "1481222745.000199"
    },
    {
        "type": "message",
        "user": "U0V9PD50R",
        "text": "k, figured as much",
        "ts": "1481222749.000200"
    },
    {
        "type": "message",
        "user": "U3BU8FGKV",
        "text": "There's a possibility that the directive isn't handling isolated scope the way it needs to, but we'll assume the devs didn't make that gaff",
        "ts": "1481222765.000201"
    },
    {
        "type": "message",
        "user": "U0V9PD50R",
        "text": "and just so i don't look like a fool - i have to convert this from a ui page for the contract im on...lol",
        "ts": "1481222777.000202"
    },
    {
        "type": "message",
        "user": "U0KA6CNR0",
        "text": "i had to a ton of this when trying to hack the sp cart widget before it was officially released.",
        "ts": "1481222780.000203"
    },
    {
        "type": "message",
        "user": "U0V9PD50R",
        "text": "i figure a nicer way would be a slush bucket maybe...lol",
        "ts": "1481222816.000204"
    },
    {
        "type": "message",
        "user": "U3BU8FGKV",
        "text": "the beauty of Service Portal - you *could* go out and find any old angular\/js control you like and use it. :slightly_smiling_face:",
        "ts": "1481222846.000205"
    },
    {
        "type": "message",
        "user": "U3BU8FGKV",
        "text": "not confined to what is OOB. But, may be more trouble than it's worth",
        "ts": "1481222867.000206"
    },
    {
        "type": "message",
        "user": "U0V9PD50R",
        "text": "yeah...trust me, i've done a crap load of custom...lol",
        "ts": "1481222888.000207"
    },
    {
        "type": "message",
        "user": "U0V9PD50R",
        "text": "i rebuilt the embedded lists...that was fun...",
        "ts": "1481222900.000208"
    },
    {
        "type": "message",
        "user": "U0V9PD50R",
        "text": "a guy i work with rebuilt forms to deal with sections and tabs...",
        "ts": "1481222921.000209"
    },
    {
        "type": "message",
        "user": "U0V9PD50R",
        "text": "some of those things that don't convert directly from record producers\/catalog items",
        "ts": "1481222954.000210"
    },
    {
        "type": "message",
        "user": "U0V9PD50R",
        "text": "it's been a rough month...hahaha",
        "ts": "1481222965.000211"
    },
    {
        "type": "message",
        "user": "U3BU8FGKV",
        "text": "good times!",
        "ts": "1481222970.000212"
    },
    {
        "type": "message",
        "user": "U0V9PD50R",
        "text": "yeah, it was a great way to fall out of the frying pan into angular...hahahai've learned a lot",
        "ts": "1481223024.000213"
    },
    {
        "type": "message",
        "user": "U0V9PD50R",
        "text": "thanks <@U0KA6CNR0> &amp;&amp; <@U3BU8FGKV> though, appreciate the help!",
        "ts": "1481223366.000214",
        "reactions": [
            {
                "name": "+1",
                "users": [
                    "U3BU8FGKV"
                ],
                "count": 1
            }
        ]
    },
    {
        "type": "message",
        "user": "U0V9PD50R",
        "text": "<@U0KA6CNR0>++",
        "ts": "1481223377.000215"
    },
    {
        "type": "message",
        "user": "U0V9PD50R",
        "text": "<@U3BU8FGKV>++",
        "ts": "1481223386.000216"
    },
    {
        "type": "message",
        "user": "U0V9PD50R",
        "text": "awww is <@U2CH4V6R0> down?",
        "ts": "1481223399.000217"
    },
    {
        "type": "message",
        "user": "U0KA6CNR0",
        "text": "there's only a handful of us out there stumbling in the dark of SP",
        "ts": "1481223400.000218"
    },
    {
        "type": "message",
        "user": "U0V9PD50R",
        "text": "seriously <@U0KA6CNR0>",
        "ts": "1481223413.000219"
    },
    {
        "type": "message",
        "user": "U0KA6CNR0",
        "text": "scant documentation to light the way",
        "ts": "1481223418.000220"
    },
    {
        "type": "message",
        "user": "U0V9PD50R",
        "text": "well we should get <@U3BU8FGKV> to get some written...lol",
        "ts": "1481223504.000221"
    },
    {
        "type": "message",
        "user": "U3BU8FGKV",
        "text": "lol - I'm just building stuff on the platform, same as you guys. :slightly_smiling_face:",
        "ts": "1481223723.000222"
    },
    {
        "type": "message",
        "user": "U0V9PD50R",
        "text": "oh i thought you said you worked for SN?",
        "ts": "1481223746.000223"
    },
    {
        "type": "message",
        "user": "U3BU8FGKV",
        "text": "I do, but not a dev (and def not a technical writer). :slightly_smiling_face:",
        "ts": "1481223757.000224"
    },
    {
        "type": "message",
        "user": "U0V9PD50R",
        "text": "hahaha",
        "ts": "1481223765.000225"
    },
    {
        "type": "message",
        "user": "U0KA6CNR0",
        "text": "i spend my days looking at widgets saying \"why the hell is this one built completely differently than the last one i looked at\"",
        "ts": "1481223766.000226"
    },
    {
        "type": "message",
        "user": "U3BU8FGKV",
        "text": "My team builds on the platform, just like customers do - ie, no cheating and editing source code.",
        "ts": "1481223778.000227"
    },
    {
        "type": "message",
        "user": "U0V9PD50R",
        "text": "different teams <@U0KA6CNR0>?",
        "edited": {
            "user": "U0V9PD50R",
            "ts": "1481223789.000000"
        },
        "ts": "1481223782.000228"
    },
    {
        "type": "message",
        "user": "U0V9PD50R",
        "text": "that's why sharepoint has some many differences between things...use to drive me bonkers",
        "ts": "1481223809.000230"
    },
    {
        "type": "message",
        "user": "U3BU8FGKV",
        "text": "I'm sure you guys are already looking at this, but the best documentation out there is on git - maintained on the side by the SP devs: <https:\/\/github.com\/service-portal\/documentation>",
        "attachments": [
            {
                "service_name": "GitHub",
                "title": "service-portal\/documentation",
                "title_link": "https:\/\/github.com\/service-portal\/documentation",
                "text": "Here you will find unofficial documentation for the ServiceNow Service Portal technology. The materials here have been written by the developers for the developers. In other words, if you are going...",
                "fallback": "GitHub: service-portal\/documentation",
                "thumb_url": "https:\/\/avatars2.githubusercontent.com\/u\/19556914?v=3&s=400",
                "from_url": "https:\/\/github.com\/service-portal\/documentation",
                "thumb_width": 334,
                "thumb_height": 334,
                "service_icon": "https:\/\/github.com\/apple-touch-icon.png",
                "id": 1
            }
        ],
        "ts": "1481223822.000231"
    },
    {
        "type": "message",
        "user": "U0V9PD50R",
        "text": "yeah, bookmarked and following...lol",
        "ts": "1481223844.000233"
    },
    {
        "type": "message",
        "user": "U3BU8FGKV",
        "text": "Yep, not exactly comprehensive, but at least accurate. :slightly_smiling_face:",
        "ts": "1481223856.000234"
    },
    {
        "type": "message",
        "user": "U0V9PD50R",
        "text": "one last question, if i put a submit button on this, how do i access the data?",
        "ts": "1481223894.000235"
    },
    {
        "type": "message",
        "user": "U0V9PD50R",
        "text": "is it through `$scope.emailTo1`?",
        "ts": "1481223941.000236"
    },
    {
        "type": "message",
        "user": "U3BU8FGKV",
        "text": "Yep, you might even want to make all those emailTos into an array of objects.",
        "ts": "1481223961.000237"
    },
    {
        "type": "message",
        "user": "U3BU8FGKV",
        "text": "Then, when they click submit, just add that emailToObjectArray to your this.data object and run an sp.update(), they'll all magically be spirited away to your server script",
        "ts": "1481223993.000238"
    },
    {
        "type": "message",
        "user": "U0V9PD50R",
        "text": "well then let me ask this, can i hook into the event queue?",
        "ts": "1481223994.000239"
    },
    {
        "type": "message",
        "user": "U0V9PD50R",
        "text": "client or server side...don't care",
        "ts": "1481224013.000240"
    },
    {
        "type": "message",
        "user": "U3BU8FGKV",
        "text": "in the server script, sure. I *think* you should have access to the gs. library, same as in other server scripts",
        "ts": "1481224023.000241"
    },
    {
        "type": "message",
        "user": "U0V9PD50R",
        "text": "ok perfect, then i'll just tap into the old mechanism...",
        "ts": "1481224042.000242"
    },
    {
        "type": "message",
        "subtype": "file_share",
        "text": "<@U0KA6CNR0|kiernan.mcmorrow> uploaded a file: <https:\/\/sndevs.slack.com\/files\/kiernan.mcmorrow\/F3BPFDVA5\/-.txt|Untitled>",
        "file": {
            "id": "F3BPFDVA5",
            "created": 1481224046,
            "timestamp": 1481224046,
            "name": "-.txt",
            "title": "Untitled",
            "mimetype": "text\/plain",
            "filetype": "text",
            "pretty_type": "Plain Text",
            "user": "U0KA6CNR0",
            "editable": true,
            "size": 209,
            "mode": "snippet",
            "is_external": false,
            "external_type": "",
            "is_public": true,
            "public_url_shared": false,
            "display_as_bot": false,
            "username": "",
            "url_private": "https:\/\/files.slack.com\/files-pri\/T0E2AD6AY-F3BPFDVA5\/-.txt?t=xoxe-14078448372-167243557781-166475819265-182f5ebf49",
            "url_private_download": "https:\/\/files.slack.com\/files-pri\/T0E2AD6AY-F3BPFDVA5\/download\/-.txt?t=xoxe-14078448372-167243557781-166475819265-182f5ebf49",
            "permalink": "https:\/\/sndevs.slack.com\/files\/kiernan.mcmorrow\/F3BPFDVA5\/-.txt",
            "permalink_public": "https:\/\/slack-files.com\/T0E2AD6AY-F3BPFDVA5-6344ac3346",
            "edit_link": "https:\/\/sndevs.slack.com\/files\/kiernan.mcmorrow\/F3BPFDVA5\/-.txt\/edit",
            "preview": "$scope.$on(\"field.change\", function(evt, parms) {\r\n\tif (parms.field.name == 'emailto1')\r\n\t\tc.data.setEmail = parms.newValue;\r\n \r\n\tc.server.update().then(function(response) {\r",
            "preview_highlight": "<div class=\"CodeMirror cm-s-default CodeMirrorServer\" oncopy=\"if(event.clipboardData){event.clipboardData.setData('text\/plain',window.getSelection().toString().replace(\/\\u200b\/g,''));event.preventDefault();event.stopPropagation();}\">\n<div class=\"CodeMirror-code\">\n<div><pre>$scope.$on(&quot;field.change&quot;, function(evt, parms) {<\/pre><\/div>\n<div><pre>    if (parms.field.name == 'emailto1')<\/pre><\/div>\n<div><pre>        c.data.setEmail = parms.newValue;<\/pre><\/div>\n<div><pre> <\/pre><\/div>\n<div><pre>    c.server.update().then(function(response) {<\/pre><\/div>\n<div><pre><\/pre><\/div>\n<\/div>\n<\/div>\n",
            "lines": 8,
            "lines_more": 3,
            "preview_is_truncated": false,
            "channels": [
                "C36D45F60"
            ],
            "groups": [],
            "ims": [],
            "comments_count": 0
        },
        "user": "U0KA6CNR0",
        "upload": true,
        "display_as_bot": false,
        "username": "kiernan.mcmorrow",
        "bot_id": null,
        "ts": "1481224046.000243"
    },
    {
        "type": "message",
        "user": "U3BU8FGKV",
        "text": "There's also a nice new email API in Istanbul, but doubt you've got access to that yet, so eventQueue is probably your best bet",
        "edited": {
            "user": "U3BU8FGKV",
            "ts": "1481224076.000000"
        },
        "ts": "1481224048.000244"
    },
    {
        "type": "message",
        "user": "U0V9PD50R",
        "text": "perfect",
        "ts": "1481224101.000246"
    },
    {
        "type": "message",
        "user": "U3BU8FGKV",
        "text": "<@U0KA6CNR0> is actually giving you the proper API names in his examples. Good on 'im. :slightly_smiling_face:",
        "ts": "1481224125.000247"
    },
    {
        "type": "message",
        "user": "U0V9PD50R",
        "text": "thanks <@U0KA6CNR0> but i don't think i want it on an `$on`",
        "ts": "1481224132.000248"
    },
    {
        "type": "message",
        "user": "U0V9PD50R",
        "text": "but this does lead to another question, why the server up and sputil update?",
        "ts": "1481224191.000249"
    },
    {
        "type": "message",
        "user": "U0V9PD50R",
        "text": "doesn't that lead to a double update?",
        "ts": "1481224205.000250"
    },
    {
        "type": "message",
        "user": "U3BU8FGKV",
        "text": "Yeah, I *think* you should just need one or the other",
        "ts": "1481224244.000251"
    },
    {
        "type": "message",
        "user": "U3BU8FGKV",
        "text": "spUtil.update allows you to pass in the scope you want to operate on, but if you're just a single $scope, then server.update() should suffice.",
        "ts": "1481224275.000252"
    },
    {
        "type": "message",
        "user": "U3BU8FGKV",
        "text": "for a single scope, they're essentially the same",
        "ts": "1481224289.000253"
    },
    {
        "type": "message",
        "user": "U3BU8FGKV",
        "text": "I'd probably just rock an ng-click on a Submit button, then trigger a server.update at that time",
        "ts": "1481224324.000254"
    },
    {
        "type": "message",
        "user": "U3BU8FGKV",
        "text": "easy peasy",
        "ts": "1481224339.000255"
    },
    {
        "type": "message",
        "user": "U0V9PD50R",
        "text": "yeah, that was my plan...pick it up as an input on server side and then hit the event queue",
        "ts": "1481224357.000256",
        "reactions": [
            {
                "name": "100",
                "users": [
                    "U3BU8FGKV"
                ],
                "count": 1
            }
        ]
    },
    {
        "user": "U1U2FPE4F",
        "text": "<@U1U2FPE4F|vlady> has joined the channel",
        "type": "message",
        "subtype": "channel_join",
        "ts": "1481224512.000257"
    },
    {
        "user": "U0E93BL9F",
        "text": "<@U0E93BL9F|ty.roach> has joined the channel",
        "type": "message",
        "subtype": "channel_join",
        "ts": "1481225145.000258"
    },
    {
        "user": "U2LQMU1D1",
        "text": "<@U2LQMU1D1|roshann> has joined the channel",
        "type": "message",
        "subtype": "channel_join",
        "ts": "1481226893.000259"
    },
    {
        "user": "U0E2H2X5G",
        "text": "<@U0E2H2X5G|abey> has joined the channel",
        "type": "message",
        "subtype": "channel_join",
        "ts": "1481249766.000260"
    },
    {
        "type": "message",
        "user": "U1R3SELAE",
        "text": "How can I refresh a whole widget and load new things in that",
        "ts": "1481258390.000261"
    },
    {
        "type": "message",
        "user": "U1R3SELAE",
        "text": "?",
        "ts": "1481258392.000262"
    }
]