[
    {
        "type": "message",
        "user": "U0E96U52M",
        "text": "k newer to this service portal stuff",
        "ts": "1482513023.000631"
    },
    {
        "type": "message",
        "user": "U0E96U52M",
        "text": "how can you control the link types to things e.g. ticket\/form etc?",
        "ts": "1482513044.000632"
    },
    {
        "type": "message",
        "user": "U0E96U52M",
        "text": "i know in the url",
        "ts": "1482513047.000633"
    },
    {
        "type": "message",
        "user": "U0E96U52M",
        "text": "but like the oob \"requests\" doesnt state the type and defaults to ticket",
        "ts": "1482513062.000634"
    },
    {
        "type": "message",
        "subtype": "file_share",
        "text": "<@U0E96U52M|jace> uploaded a file: <https:\/\/sndevs.slack.com\/files\/jace\/F3HNFSZ5X\/-.js|Untitled>",
        "file": {
            "id": "F3HNFSZ5X",
            "created": 1482513093,
            "timestamp": 1482513093,
            "name": "-.js",
            "title": "Untitled",
            "mimetype": "text\/plain",
            "filetype": "javascript",
            "pretty_type": "JavaScript\/JSON",
            "user": "U0E96U52M",
            "editable": true,
            "size": 2681,
            "mode": "snippet",
            "is_external": false,
            "external_type": "",
            "is_public": true,
            "public_url_shared": false,
            "display_as_bot": false,
            "username": "",
            "url_private": "https:\/\/files.slack.com\/files-pri\/T0E2AD6AY-F3HNFSZ5X\/-.js?t=xoxe-14078448372-167243557781-166475819265-182f5ebf49",
            "url_private_download": "https:\/\/files.slack.com\/files-pri\/T0E2AD6AY-F3HNFSZ5X\/download\/-.js?t=xoxe-14078448372-167243557781-166475819265-182f5ebf49",
            "permalink": "https:\/\/sndevs.slack.com\/files\/jace\/F3HNFSZ5X\/-.js",
            "permalink_public": "https:\/\/slack-files.com\/T0E2AD6AY-F3HNFSZ5X-42fc91677a",
            "edit_link": "https:\/\/sndevs.slack.com\/files\/jace\/F3HNFSZ5X\/-.js\/edit",
            "preview": "\/\/ maximum number of entries in this Menu\r\nvar max = 30;\r\n\r\nvar t = data;  \/\/ shortcut\r\nt.items = [];\r",
            "preview_highlight": "<div class=\"CodeMirror cm-s-default CodeMirrorServer\" oncopy=\"if(event.clipboardData){event.clipboardData.setData('text\/plain',window.getSelection().toString().replace(\/\\u200b\/g,''));event.preventDefault();event.stopPropagation();}\">\n<div class=\"CodeMirror-code\">\n<div><pre><span class=\"cm-comment\">\/\/ maximum number of entries in this Menu<\/span><\/pre><\/div>\n<div><pre><span class=\"cm-keyword\">var<\/span> <span class=\"cm-def\">max<\/span> <span class=\"cm-operator\">=<\/span> <span class=\"cm-number\">30<\/span>;<\/pre><\/div>\n<div><pre>&#8203;<\/pre><\/div>\n<div><pre><span class=\"cm-keyword\">var<\/span> <span class=\"cm-def\">t<\/span> <span class=\"cm-operator\">=<\/span> <span class=\"cm-variable\">data<\/span>;  <span class=\"cm-comment\">\/\/ shortcut<\/span><\/pre><\/div>\n<div><pre><span class=\"cm-variable\">t<\/span>.<span class=\"cm-property\">items<\/span> <span class=\"cm-operator\">=<\/span> [];<\/pre><\/div>\n<\/div>\n<\/div>\n",
            "lines": 83,
            "lines_more": 78,
            "preview_is_truncated": true,
            "channels": [],
            "groups": [],
            "ims": [],
            "comments_count": 0
        },
        "user": "U0E96U52M",
        "upload": true,
        "display_as_bot": false,
        "username": "jace",
        "bot_id": null,
        "ts": "1482513093.000635"
    },
    {
        "type": "message",
        "user": "U0E96U52M",
        "text": "also how do you then set the view if you goto form?",
        "ts": "1482513167.000636"
    },
    {
        "type": "message",
        "user": "U0E96U52M",
        "text": "the above script makes links to things like",
        "ts": "1482513194.000637"
    },
    {
        "type": "message",
        "user": "U0E96U52M",
        "text": "`<https:\/\/ficosandbox.service-now.com\/sp?sys_id=245b5465db7bee80f826fa38bf9619b0&amp;view=sp&amp;id=ticket&amp;table=incident>`",
        "ts": "1482513196.000638"
    },
    {
        "type": "message",
        "user": "U0E96U52M",
        "text": "but we want them to go to",
        "ts": "1482513206.000639"
    },
    {
        "type": "message",
        "user": "U0E96U52M",
        "text": "`<https:\/\/ficosandbox.service-now.com\/sp?sys_id=245b5465db7bee80f826fa38bf9619b0&amp;view=sp&amp;id=form&amp;table=incident>`",
        "ts": "1482513210.000640"
    },
    {
        "type": "message",
        "user": "U0KA6CNR0",
        "text": "are you using the OOB widget to display the requests in the header\/",
        "ts": "1482514279.000641"
    },
    {
        "type": "message",
        "user": "U0E96U52M",
        "text": "at the moment",
        "ts": "1482514288.000642"
    },
    {
        "type": "message",
        "user": "U0KA6CNR0",
        "text": "or are you using a simple list widget to list out the  requests?",
        "ts": "1482514296.000643"
    },
    {
        "type": "message",
        "user": "U0E96U52M",
        "text": "whatever oob is i assume so i'll check",
        "ts": "1482514313.000644"
    },
    {
        "type": "message",
        "subtype": "file_share",
        "text": "<@U0E96U52M|jace> uploaded a file: <https:\/\/sndevs.slack.com\/files\/jace\/F3K4440P9\/pasted_image_at_2016_12_23_11_32.png|Pasted image at 2016-12-23, 11:32>",
        "file": {
            "id": "F3K4440P9",
            "created": 1482514357,
            "timestamp": 1482514357,
            "name": "Pasted image at 2016_12_23 11_32.png",
            "title": "Pasted image at 2016-12-23, 11:32",
            "mimetype": "image\/png",
            "filetype": "png",
            "pretty_type": "PNG",
            "user": "U0E96U52M",
            "editable": false,
            "size": 54195,
            "mode": "hosted",
            "is_external": false,
            "external_type": "",
            "is_public": true,
            "public_url_shared": false,
            "display_as_bot": false,
            "username": "",
            "url_private": "https:\/\/files.slack.com\/files-pri\/T0E2AD6AY-F3K4440P9\/pasted_image_at_2016_12_23_11_32.png?t=xoxe-14078448372-167243557781-166475819265-182f5ebf49",
            "url_private_download": "https:\/\/files.slack.com\/files-pri\/T0E2AD6AY-F3K4440P9\/download\/pasted_image_at_2016_12_23_11_32.png?t=xoxe-14078448372-167243557781-166475819265-182f5ebf49",
            "thumb_64": "https:\/\/files.slack.com\/files-tmb\/T0E2AD6AY-F3K4440P9-898539c296\/pasted_image_at_2016_12_23_11_32_64.png?t=xoxe-14078448372-167243557781-166475819265-182f5ebf49",
            "thumb_80": "https:\/\/files.slack.com\/files-tmb\/T0E2AD6AY-F3K4440P9-898539c296\/pasted_image_at_2016_12_23_11_32_80.png?t=xoxe-14078448372-167243557781-166475819265-182f5ebf49",
            "thumb_360": "https:\/\/files.slack.com\/files-tmb\/T0E2AD6AY-F3K4440P9-898539c296\/pasted_image_at_2016_12_23_11_32_360.png?t=xoxe-14078448372-167243557781-166475819265-182f5ebf49",
            "thumb_360_w": 360,
            "thumb_360_h": 284,
            "thumb_480": "https:\/\/files.slack.com\/files-tmb\/T0E2AD6AY-F3K4440P9-898539c296\/pasted_image_at_2016_12_23_11_32_480.png?t=xoxe-14078448372-167243557781-166475819265-182f5ebf49",
            "thumb_480_w": 480,
            "thumb_480_h": 378,
            "thumb_160": "https:\/\/files.slack.com\/files-tmb\/T0E2AD6AY-F3K4440P9-898539c296\/pasted_image_at_2016_12_23_11_32_160.png?t=xoxe-14078448372-167243557781-166475819265-182f5ebf49",
            "thumb_720": "https:\/\/files.slack.com\/files-tmb\/T0E2AD6AY-F3K4440P9-898539c296\/pasted_image_at_2016_12_23_11_32_720.png?t=xoxe-14078448372-167243557781-166475819265-182f5ebf49",
            "thumb_720_w": 720,
            "thumb_720_h": 568,
            "image_exif_rotation": 1,
            "original_w": 855,
            "original_h": 674,
            "permalink": "https:\/\/sndevs.slack.com\/files\/jace\/F3K4440P9\/pasted_image_at_2016_12_23_11_32.png",
            "permalink_public": "https:\/\/slack-files.com\/T0E2AD6AY-F3K4440P9-bfc2a346b9",
            "channels": [],
            "groups": [],
            "ims": [],
            "comments_count": 0
        },
        "user": "U0E96U52M",
        "upload": true,
        "display_as_bot": false,
        "username": "jace",
        "bot_id": null,
        "ts": "1482514359.000645"
    },
    {
        "type": "message",
        "user": "U0E96U52M",
        "text": "so looks like when you goto the id=requests it has 2 simple lists and 1 not simple",
        "ts": "1482514386.000646"
    },
    {
        "type": "message",
        "user": "U0E96U52M",
        "text": "but we havent modifeid anything yet im just trying understand how to control the links",
        "ts": "1482514404.000647"
    },
    {
        "type": "message",
        "user": "U0E96U52M",
        "text": "i thought thered be something saying \"ticket\"",
        "ts": "1482514414.000648"
    },
    {
        "type": "message",
        "user": "U0E96U52M",
        "text": "that i could change in the href",
        "ts": "1482514420.000649"
    },
    {
        "type": "message",
        "user": "U0E96U52M",
        "text": "or object",
        "ts": "1482514425.000650"
    },
    {
        "type": "message",
        "user": "U0KA6CNR0",
        "text": "so you want the objects to link to the same as the native UI view of the request?",
        "ts": "1482515207.000651"
    },
    {
        "type": "message",
        "user": "U0KA6CNR0",
        "text": "the portal is configured to pull the same data, but display it in a \"friendlier\" format",
        "ts": "1482515352.000652"
    },
    {
        "type": "message",
        "user": "U0KA6CNR0",
        "text": "if you'd like, you can add another simple list, and define the page you want it to link to for the individual record",
        "ts": "1482515375.000653"
    },
    {
        "type": "message",
        "user": "U0KA6CNR0",
        "text": "establish the form  view as the page",
        "ts": "1482515394.000654"
    },
    {
        "type": "message",
        "subtype": "file_share",
        "text": "<@U0KA6CNR0|kiernan.mcmorrow> uploaded a file: <https:\/\/sndevs.slack.com\/files\/kiernan.mcmorrow\/F3JDCV90S\/screen_shot_2016-12-23_at_12.50.26_pm.png|Screen Shot 2016-12-23 at 12.50.26 PM.png>",
        "file": {
            "id": "F3JDCV90S",
            "created": 1482515459,
            "timestamp": 1482515459,
            "name": "Screen Shot 2016-12-23 at 12.50.26 PM.png",
            "title": "Screen Shot 2016-12-23 at 12.50.26 PM.png",
            "mimetype": "image\/png",
            "filetype": "png",
            "pretty_type": "PNG",
            "user": "U0KA6CNR0",
            "editable": false,
            "size": 211746,
            "mode": "hosted",
            "is_external": false,
            "external_type": "",
            "is_public": true,
            "public_url_shared": false,
            "display_as_bot": false,
            "username": "",
            "url_private": "https:\/\/files.slack.com\/files-pri\/T0E2AD6AY-F3JDCV90S\/screen_shot_2016-12-23_at_12.50.26_pm.png?t=xoxe-14078448372-167243557781-166475819265-182f5ebf49",
            "url_private_download": "https:\/\/files.slack.com\/files-pri\/T0E2AD6AY-F3JDCV90S\/download\/screen_shot_2016-12-23_at_12.50.26_pm.png?t=xoxe-14078448372-167243557781-166475819265-182f5ebf49",
            "thumb_64": "https:\/\/files.slack.com\/files-tmb\/T0E2AD6AY-F3JDCV90S-20582c7088\/screen_shot_2016-12-23_at_12.50.26_pm_64.png?t=xoxe-14078448372-167243557781-166475819265-182f5ebf49",
            "thumb_80": "https:\/\/files.slack.com\/files-tmb\/T0E2AD6AY-F3JDCV90S-20582c7088\/screen_shot_2016-12-23_at_12.50.26_pm_80.png?t=xoxe-14078448372-167243557781-166475819265-182f5ebf49",
            "thumb_360": "https:\/\/files.slack.com\/files-tmb\/T0E2AD6AY-F3JDCV90S-20582c7088\/screen_shot_2016-12-23_at_12.50.26_pm_360.png?t=xoxe-14078448372-167243557781-166475819265-182f5ebf49",
            "thumb_360_w": 283,
            "thumb_360_h": 360,
            "thumb_480": "https:\/\/files.slack.com\/files-tmb\/T0E2AD6AY-F3JDCV90S-20582c7088\/screen_shot_2016-12-23_at_12.50.26_pm_480.png?t=xoxe-14078448372-167243557781-166475819265-182f5ebf49",
            "thumb_480_w": 378,
            "thumb_480_h": 480,
            "thumb_160": "https:\/\/files.slack.com\/files-tmb\/T0E2AD6AY-F3JDCV90S-20582c7088\/screen_shot_2016-12-23_at_12.50.26_pm_160.png?t=xoxe-14078448372-167243557781-166475819265-182f5ebf49",
            "thumb_720": "https:\/\/files.slack.com\/files-tmb\/T0E2AD6AY-F3JDCV90S-20582c7088\/screen_shot_2016-12-23_at_12.50.26_pm_720.png?t=xoxe-14078448372-167243557781-166475819265-182f5ebf49",
            "thumb_720_w": 567,
            "thumb_720_h": 720,
            "thumb_960": "https:\/\/files.slack.com\/files-tmb\/T0E2AD6AY-F3JDCV90S-20582c7088\/screen_shot_2016-12-23_at_12.50.26_pm_960.png?t=xoxe-14078448372-167243557781-166475819265-182f5ebf49",
            "thumb_960_w": 756,
            "thumb_960_h": 960,
            "thumb_1024": "https:\/\/files.slack.com\/files-tmb\/T0E2AD6AY-F3JDCV90S-20582c7088\/screen_shot_2016-12-23_at_12.50.26_pm_1024.png?t=xoxe-14078448372-167243557781-166475819265-182f5ebf49",
            "thumb_1024_w": 806,
            "thumb_1024_h": 1024,
            "image_exif_rotation": 1,
            "original_w": 1784,
            "original_h": 2266,
            "permalink": "https:\/\/sndevs.slack.com\/files\/kiernan.mcmorrow\/F3JDCV90S\/screen_shot_2016-12-23_at_12.50.26_pm.png",
            "permalink_public": "https:\/\/slack-files.com\/T0E2AD6AY-F3JDCV90S-75c50bca12",
            "channels": [
                "C36D45F60"
            ],
            "groups": [],
            "ims": [],
            "comments_count": 0
        },
        "user": "U0KA6CNR0",
        "upload": true,
        "display_as_bot": false,
        "username": "kiernan.mcmorrow",
        "bot_id": null,
        "ts": "1482515465.000655"
    },
    {
        "type": "message",
        "user": "U0KA6CNR0",
        "text": "<@U0E96U52M> hope that helps",
        "ts": "1482522496.000656"
    },
    {
        "user": "U3HQ7NQ48",
        "text": "<@U3HQ7NQ48|dan.pira.kg> has joined the channel",
        "type": "message",
        "subtype": "channel_join",
        "ts": "1482536106.000657"
    }
]