[
    {
        "type": "message",
        "user": "U3BU8FGKV",
        "text": "Hey <@U1R3SELAE> - If you're just trying to refresh data from the server, then you'd use the client-side API to run a server.update(). That triggers the server script to run again, where you can assess conditions and update data.",
        "ts": "1481295801.000263"
    },
    {
        "type": "message",
        "user": "U3BU8FGKV",
        "text": "You should see a lot of this type of activity in some of the sample widgets available.",
        "ts": "1481295813.000264"
    },
    {
        "type": "message",
        "user": "U1R3SELAE",
        "text": "I actually dont want to just refresh data",
        "ts": "1481296128.000265"
    },
    {
        "type": "message",
        "user": "U1R3SELAE",
        "text": "I want to load new set new info",
        "ts": "1481296136.000266"
    },
    {
        "type": "message",
        "user": "U1R3SELAE",
        "text": "Something like i have a button ",
        "ts": "1481296145.000267"
    },
    {
        "type": "message",
        "user": "U1R3SELAE",
        "text": "Once its clicked then it will go to tabel and fetch some child data and show it in widget again in button format",
        "ts": "1481296179.000268"
    },
    {
        "type": "message",
        "user": "U1R3SELAE",
        "text": "Again those buttons are clickable and go in same manner untill leaf node",
        "ts": "1481296210.000269"
    },
    {
        "type": "message",
        "user": "U3BU8FGKV",
        "text": "If the content of that widget changes based upon the data that comes back, then you'll want to utilize some angular ng-if\/ng-show parameters on elements in your HTML, so you can show\/hide certain components based on the data that exists",
        "ts": "1481297368.000270"
    },
    {
        "type": "message",
        "user": "U1R3SELAE",
        "text": "Believe me the relationship is not 3-4 layer it might go upto 20 times down",
        "ts": "1481297590.000271"
    },
    {
        "type": "message",
        "user": "U1R3SELAE",
        "text": "So i cant use if else…",
        "ts": "1481297600.000272"
    },
    {
        "type": "message",
        "user": "U3BU8FGKV",
        "text": "You're getting outside the realm of SP-specific functionality and more into AngularJS functionality. You'll want to look into using ngTemplates or ngRoute inside that widget to move content in and out. It's basically an Angular single-page-app, at that point, just running inside a widget.",
        "ts": "1481297955.000273"
    },
    {
        "type": "message",
        "user": "U1R3SELAE",
        "text": "Does ng route works inside sp?",
        "ts": "1481298006.000274"
    },
    {
        "type": "message",
        "user": "U1R3SELAE",
        "text": "Never tried",
        "ts": "1481298010.000275"
    },
    {
        "type": "message",
        "user": "U1R3SELAE",
        "text": "Can u give me one example of using inside sn",
        "ts": "1481298020.000276"
    },
    {
        "type": "message",
        "user": "U3BU8FGKV",
        "text": "I don't actually have any examples, but ngRoute *is* loaded up with SP, so it's available. I don't believe you'll be able to use it across widgets, due to the way SP handles URLs, but you may be able to use routing within a single widget.",
        "ts": "1481298655.000277"
    },
    {
        "type": "message",
        "user": "U3BU8FGKV",
        "text": "Frankly, you might be the first person to do it. :slightly_smiling_face:",
        "ts": "1481298660.000278"
    },
    {
        "type": "message",
        "user": "U1R3SELAE",
        "text": "Well then its time to make my whole weekend worse",
        "ts": "1481298722.000279"
    },
    {
        "type": "message",
        "user": "U3BU8FGKV",
        "text": "you're like an intrepid explorer, <@U1R3SELAE> - going where no man has gone before!",
        "ts": "1481298792.000280"
    },
    {
        "type": "message",
        "user": "U3BU8FGKV",
        "text": "",
        "bot_id": "B0NUYRN04",
        "attachments": [
            {
                "fallback": "giphy: http:\/\/giphy.com\/gifs\/indiana-jones-JOxC7fApXUki4",
                "image_url": "http:\/\/media2.giphy.com\/media\/JOxC7fApXUki4\/giphy.gif",
                "image_width": 245,
                "image_height": 155,
                "image_bytes": 742648,
                "is_animated": true,
                "title": "indiana jones",
                "footer": "Posted using \/giphy",
                "id": 1,
                "title_link": "http:\/\/giphy.com\/gifs\/indiana-jones-JOxC7fApXUki4"
            }
        ],
        "ts": "1481298829.000282"
    },
    {
        "type": "message",
        "user": "U1R3SELAE",
        "text": "Well it is",
        "ts": "1481299126.000283"
    },
    {
        "type": "message",
        "user": "U1R3SELAE",
        "text": "Ask my friend nathan for help in this one",
        "ts": "1481299146.000284"
    },
    {
        "type": "message",
        "user": "U34SPJ5LG",
        "text": "content items are not rendering in SP",
        "ts": "1481301649.000285"
    },
    {
        "type": "message",
        "user": "U34SPJ5LG",
        "text": "variables are not pulling in. Anyone have any idea whats up? On patch 6 hotfix 1",
        "ts": "1481301667.000286"
    },
    {
        "type": "message",
        "user": "U0V9PD50R",
        "text": "we're just working on that now",
        "ts": "1481301747.000287"
    },
    {
        "type": "message",
        "user": "U34SPJ5LG",
        "text": "they only have one, so Imma make it a link to a dynamic iFrame for now",
        "ts": "1481301782.000288"
    },
    {
        "type": "message",
        "user": "U0V9PD50R",
        "text": "lucky, we've been barred from iframes on this project",
        "ts": "1481302397.000289"
    },
    {
        "type": "message",
        "user": "U34SPJ5LG",
        "text": "I warned them that this was in beta stage so until SN has finished it we should allow iFrames to create a loophole for exceptions in the development gaps",
        "ts": "1481302651.000290"
    },
    {
        "type": "message",
        "user": "U0V9PD50R",
        "text": "i came late into the project, and no one seems to know how the client got on the no iframes bandwagon, but they are pretty adamant about it...",
        "ts": "1481303134.000291"
    },
    {
        "type": "message",
        "user": "U0V9PD50R",
        "text": "i really wish we could have used them...it would have saved so much time",
        "ts": "1481303161.000292"
    },
    {
        "type": "message",
        "user": "U34SPJ5LG",
        "text": "That sucks. :disappointed:",
        "ts": "1481303167.000293"
    },
    {
        "user": "U3C6Y7N0G",
        "text": "<@U3C6Y7N0G|willsam> has joined the channel",
        "type": "message",
        "subtype": "channel_join",
        "ts": "1481304862.000294"
    },
    {
        "type": "message",
        "user": "U0V9PD50R",
        "text": "can you push an object through options?",
        "ts": "1481309997.000295"
    },
    {
        "type": "message",
        "user": "U0V9PD50R",
        "text": "or maybe the question is, how do i get an object to an embedded widget?",
        "ts": "1481310035.000296"
    },
    {
        "type": "message",
        "user": "U1R3SELAE",
        "text": "Well i think u can do it in isranbul",
        "ts": "1481310573.000297"
    },
    {
        "type": "message",
        "user": "U0V9PD50R",
        "text": "poo...not the answer i need right now",
        "ts": "1481310644.000298"
    },
    {
        "type": "message",
        "user": "U1R3SELAE",
        "text": "Well i know how it feels",
        "ts": "1481310662.000299"
    },
    {
        "type": "message",
        "user": "U1R3SELAE",
        "text": "But I'll test soemthing and let u know ",
        "ts": "1481310677.000300"
    },
    {
        "type": "message",
        "user": "U0V9PD50R",
        "text": "lol ok",
        "ts": "1481310685.000301"
    },
    {
        "type": "message",
        "user": "U0V9PD50R",
        "text": "yeah it works in helsinki",
        "ts": "1481310760.000302"
    },
    {
        "type": "message",
        "user": "U0V9PD50R",
        "text": "i was just mispelling my variable...",
        "ts": "1481310772.000303"
    },
    {
        "type": "message",
        "user": "U0V9PD50R",
        "text": "geeez...",
        "ts": "1481310779.000304"
    },
    {
        "type": "message",
        "user": "U34SPJ5LG",
        "text": "LOL I did that earlier on a UI page,",
        "ts": "1481327296.000305"
    },
    {
        "type": "message",
        "user": "U34SPJ5LG",
        "text": "=x",
        "ts": "1481327298.000306"
    },
    {
        "user": "U25JD2H8T",
        "text": "<@U25JD2H8T|joshua> has joined the channel",
        "type": "message",
        "subtype": "channel_join",
        "ts": "1481333879.000307"
    }
]