[
    {
        "type": "message",
        "user": "U0ED7DUBD",
        "text": "Hey everyone.  Is there anyway to set a portal as inactive?  I’m not seeing a flag or anything.",
        "ts": "1483546835.000705"
    },
    {
        "type": "message",
        "user": "U34SPJ5LG",
        "text": "I just rename it to have \"INACTIVE\" in there and update the list in the module.",
        "ts": "1483547865.000706"
    },
    {
        "type": "message",
        "user": "U0ED7DUBD",
        "text": "Well, someone would still be able to find it, but that might work.",
        "ts": "1483557162.000707"
    }
]