[
    {
        "user": "U4XM79R9V",
        "text": "<@U4XM79R9V|sbrady> has joined the channel",
        "type": "message",
        "subtype": "channel_join",
        "ts": "1491833976.808170"
    },
    {
        "user": "U4XMSPBDL",
        "text": "<@U4XMSPBDL|adevezin> has joined the channel",
        "type": "message",
        "subtype": "channel_join",
        "ts": "1491836505.017182"
    },
    {
        "user": "U2F7JCFBN",
        "text": "<@U2F7JCFBN|mspencer> has joined the channel",
        "type": "message",
        "subtype": "channel_join",
        "ts": "1491837651.572512"
    },
    {
        "user": "U1JRS8MNE",
        "text": "<@U1JRS8MNE|rcheek2> has joined the channel",
        "type": "message",
        "subtype": "channel_join",
        "ts": "1491839371.391890"
    },
    {
        "type": "message",
        "user": "U43DSL6PL",
        "text": "Has anyone run into issues with onSubmit client scripts not working properly in Service Portal? Works fine in native SN, just doesn't work as it should in portal.",
        "ts": "1491840502.932352"
    },
    {
        "type": "message",
        "user": "U3MFNF4PK",
        "text": "<@U43DSL6PL> make sure that your client script has “Type=Both” or Mobile",
        "ts": "1491840788.058730"
    },
    {
        "type": "message",
        "user": "U43DSL6PL",
        "text": "Yep, I have set the UI type to both.",
        "ts": "1491840853.087276"
    },
    {
        "type": "message",
        "user": "U1R3SELAE",
        "text": "Hi",
        "ts": "1491842452.772818"
    },
    {
        "type": "message",
        "user": "U1R3SELAE",
        "text": "I'm getting error in Kb article page",
        "ts": "1491842473.781082"
    },
    {
        "type": "message",
        "user": "U1R3SELAE",
        "text": "Error: [$sce:itype] Attempted to trust a non-string value in a content requiring a string: Context: html",
        "ts": "1491842489.788303"
    },
    {
        "type": "message",
        "user": "U1R3SELAE",
        "text": "any idea",
        "ts": "1491842491.789043"
    }
]