[
    {
        "type": "message",
        "user": "U1R3SELAE",
        "text": "Niceerer",
        "ts": "1487077043.786757"
    },
    {
        "user": "U0EDHLAV8",
        "text": "<@U0EDHLAV8|huntj06> has joined the channel",
        "type": "message",
        "subtype": "channel_join",
        "ts": "1487090134.984723"
    },
    {
        "type": "message",
        "user": "U0V9PD50R",
        "text": "has anyone built anything (widget) to use the email client?",
        "ts": "1487090224.038173"
    },
    {
        "type": "message",
        "user": "U0KA6CNR0",
        "text": "i'd be interested to see this too",
        "ts": "1487090916.417177"
    },
    {
        "type": "message",
        "user": "U0V9PD50R",
        "text": "looks like i might need to build one...poo...",
        "ts": "1487090975.447239"
    },
    {
        "type": "message",
        "user": "U0V9PD50R",
        "text": "i might cheat and iframe it...lol",
        "ts": "1487091125.527364"
    },
    {
        "type": "message",
        "user": "U235A44S0",
        "text": "haha",
        "ts": "1487091152.541666"
    },
    {
        "user": "U44LGKGEM",
        "text": "<@U44LGKGEM|kobby> has joined the channel",
        "type": "message",
        "subtype": "channel_join",
        "ts": "1487093523.848463"
    },
    {
        "user": "U1T343KFT",
        "text": "<@U1T343KFT|yzma> has joined the channel",
        "type": "message",
        "subtype": "channel_join",
        "ts": "1487093877.033672"
    },
    {
        "user": "U1E3KC21G",
        "text": "<@U1E3KC21G|josehweb> has joined the channel",
        "type": "message",
        "subtype": "channel_join",
        "ts": "1487094082.128309"
    },
    {
        "user": "U44NVE75E",
        "text": "<@U44NVE75E|awalker> has joined the channel",
        "type": "message",
        "subtype": "channel_join",
        "ts": "1487104402.751285"
    },
    {
        "type": "message",
        "user": "U44NVE75E",
        "text": "I have a question, how would you pass parameters to variables in an order guide in the portal. I had this working perfectly in the app",
        "ts": "1487104451.772897"
    },
    {
        "user": "U13UK17PS",
        "text": "<@U13UK17PS|englep10> has joined the channel",
        "type": "message",
        "subtype": "channel_join",
        "ts": "1487104524.808484"
    },
    {
        "type": "message",
        "user": "U13UK17PS",
        "text": "$sp.getParameter('sys_id')\n<@U44NVE75E> if its in your url",
        "edited": {
            "user": "U13UK17PS",
            "ts": "1487104579.000000"
        },
        "ts": "1487104554.822440"
    },
    {
        "text": "Have you seen <https:\/\/github.com\/service-portal\/documentation> ?",
        "attachments": [
            {
                "title": "GitHub - service-portal\/documentation: Here you will find unofficial documentation for the ServiceNow Service Portal technology. The materials here have been written by the developers for the developers. In other words, if you are going to be writing widgets, you are in the right place.",
                "title_link": "https:\/\/github.com\/service-portal\/documentation",
                "text": "Here you will find unofficial documentation for the ServiceNow Service Portal technology. The materials here have been written by the developers for the developers. In other words, if you are going to be writing widgets, you are in the right place.",
                "fallback": "GitHub - service-portal\/documentation: Here you will find unofficial documentation for the ServiceNow Service Portal technology. The materials here have been written by the developers for the developers. In other words, if you are going to be writing widgets, you are in the right place.",
                "from_url": "https:\/\/github.com\/service-portal\/documentation",
                "service_icon": "https:\/\/assets-cdn.github.com\/favicon.ico",
                "service_name": "github.com",
                "id": 1
            }
        ],
        "type": "message",
        "subtype": "slackbot_response",
        "user": "USLACKBOT",
        "ts": "1487104554.822480"
    },
    {
        "type": "message",
        "user": "U13UK17PS",
        "text": "ahhh i see what you are trying to do. onload client script should do what you are talking about",
        "ts": "1487104658.868413"
    },
    {
        "type": "message",
        "user": "U26H846DR",
        "text": "<@U44NVE75E> I actually wrote a blog post on that a while back. <https:\/\/community.servicenow.com\/community\/develop\/blog\/2016\/11\/04\/adventures-in-service-portaling-populate-catalog-variable-values-through-the-url>",
        "attachments": [
            {
                "title": "Developer Community: Adventures in Service Port... | ServiceNow Community",
                "title_link": "https:\/\/community.servicenow.com\/community\/develop\/blog\/2016\/11\/04\/adventures-in-service-portaling-populate-catalog-variable-values-through-the-url",
                "text": "There's a pretty common use case in ServiceNow that goes something like this: A new user is onboarded and some sort of automation kicks off an onboarding",
                "fallback": "Developer Community: Adventures in Service Port... | ServiceNow Community",
                "from_url": "https:\/\/community.servicenow.com\/community\/develop\/blog\/2016\/11\/04\/adventures-in-service-portaling-populate-catalog-variable-values-through-the-url",
                "service_icon": "https:\/\/community.servicenow.com\/8.0.4.21bdc7e\/themes\/servicenow\/img\/favicon.ico",
                "service_name": "community.servicenow.com",
                "id": 1
            }
        ],
        "ts": "1487104687.881495"
    },
    {
        "type": "message",
        "user": "U26H846DR",
        "text": "If you're trying to access a url parameter through a client script, it's a little more difficult in service portal due to service portal blocking global client side objects like window",
        "ts": "1487104742.905107"
    },
    {
        "user": "U2SNS3FJ8",
        "text": "<@U2SNS3FJ8|johnroberts> has joined the channel",
        "type": "message",
        "subtype": "channel_join",
        "ts": "1487104769.922787"
    },
    {
        "type": "message",
        "user": "U0V9PD50R",
        "text": "so i'm playing around in a scoped app in the service portal, but everytime i try to assign something to `data` in the server side code, it will fail with `java.lang.NullPointerException`",
        "ts": "1487113360.970312"
    },
    {
        "type": "message",
        "user": "U0V9PD50R",
        "text": "anyone seen anything like this?",
        "ts": "1487113379.976591"
    },
    {
        "type": "message",
        "user": "U3BU8FGKV",
        "text": "<@U0V9PD50R> You may need to initialize data as an object (data = {}) prior to assigning anything to it. I feel like I had some issues with data not being instantiated in some cases?",
        "ts": "1487113985.220607"
    },
    {
        "type": "message",
        "user": "U3BU8FGKV",
        "text": "I could be making that up, but I remember a similar error happening around the data object either not being instantiated or my reinstantiating it unnecessarily. One or the other. :slightly_smiling_face:",
        "ts": "1487114052.241593"
    },
    {
        "type": "message",
        "user": "U0V9PD50R",
        "text": "no, that wasn't is - turns out, global vs scoped handled the object differently...in global i can `$sp.log(data)` with no problems, in scoped i have to `$sp.log(JSON.stringify(data))`",
        "ts": "1487114068.246320"
    },
    {
        "type": "message",
        "user": "U3BU8FGKV",
        "text": "ah, that is interesting.",
        "ts": "1487114079.249809"
    },
    {
        "type": "message",
        "user": "U0V9PD50R",
        "text": "yeah it is...",
        "ts": "1487114084.253470"
    },
    {
        "type": "message",
        "user": "U3BU8FGKV",
        "text": "and in no way obvious. :slightly_smiling_face:",
        "ts": "1487114102.264148"
    },
    {
        "type": "message",
        "user": "U0V9PD50R",
        "text": "not at all, it would just die everytime i logged it out...",
        "ts": "1487114144.278621"
    },
    {
        "user": "U33U37NE7",
        "text": "<@U33U37NE7|andycary> has joined the channel",
        "type": "message",
        "subtype": "channel_join",
        "ts": "1487114872.565294"
    }
]