[
    {
        "type": "message",
        "user": "U0KA6CNR0",
        "text": "A whole lot of new folks have joined lately, greetings to all. wanted to put out a gauge to see in what capacity people have joined for  - new to SP dev, consultants looking for tips, or something else completely?",
        "ts": "1484670650.000761",
        "reactions": [
            {
                "name": "+1",
                "users": [
                    "U2V15S3MF"
                ],
                "count": 1
            }
        ]
    },
    {
        "type": "message",
        "user": "U0KA6CNR0",
        "text": "any new finds in SP? currently, i've been working on broadcasting filter elements into a widget with a scripted Rest call, which has been fun to say the least.",
        "ts": "1484670786.000762"
    },
    {
        "type": "message",
        "user": "U2V15S3MF",
        "text": "I developed most of our CMS implementation with the help of an implementation partner, and then switched over to SP when we upgraded to Helsinki. Always looking for tips\/tricks on how to do things in SP!",
        "edited": {
            "user": "U2V15S3MF",
            "ts": "1484671083.000000"
        },
        "ts": "1484671073.000763"
    },
    {
        "type": "message",
        "user": "U0KA6CNR0",
        "text": "the community is growing, hopefully at some point, more resources will be documented",
        "ts": "1484671300.000765"
    },
    {
        "type": "message",
        "user": "U0KA6CNR0",
        "text": "share does have a series of developed components, but activity on there is very intermitent",
        "ts": "1484671317.000766"
    },
    {
        "type": "message",
        "user": "U0V9PD50R",
        "text": "the last project i was on, we converted a hellacious CMS to SP...that included embedded lists, variable sets and forms with working sections and tabs...",
        "ts": "1484673063.000767"
    },
    {
        "type": "message",
        "user": "U0V9PD50R",
        "text": "it was brutal...",
        "ts": "1484673069.000768"
    },
    {
        "user": "U3SK7GAP5",
        "text": "<@U3SK7GAP5|alancoding> has joined the channel",
        "type": "message",
        "subtype": "channel_join",
        "ts": "1484679543.000769"
    },
    {
        "user": "U3SLMTNHH",
        "text": "<@U3SLMTNHH|sam.mackenzie88> has joined the channel",
        "type": "message",
        "subtype": "channel_join",
        "ts": "1484684437.000770"
    },
    {
        "user": "U2ETX620Y",
        "text": "<@U2ETX620Y|willw> has joined the channel",
        "type": "message",
        "subtype": "channel_join",
        "ts": "1484685023.000771"
    },
    {
        "type": "message",
        "user": "U2ETX620Y",
        "text": "Anyone know of OOB options I'm not aware of to have a filterable list on a Service Portal page?  Simple List, Task List, and Data Tables seem to all be flavors of the same thing... I'd like users to be able to use all the SN list functionality that came with embedding a list in an iFrame in the old CMS",
        "ts": "1484685132.000772"
    },
    {
        "type": "message",
        "user": "U0KA6CNR0",
        "text": "what kind of filtering are you looking to apply?",
        "ts": "1484685271.000773"
    },
    {
        "type": "message",
        "user": "U2ETX620Y",
        "text": "I want users to be able to go to a list (incidents for example) in our new portal and search for all inc's of a certain CI, or assigned to a certain group.  basically list filtering",
        "ts": "1484685375.000774"
    },
    {
        "type": "message",
        "user": "U2ETX620Y",
        "text": "I'm not sure how they'll want to use it &gt; i'd like to give them basic list filtering abilty",
        "ts": "1484685400.000775"
    },
    {
        "type": "message",
        "user": "U0KA6CNR0",
        "text": "there are a few options",
        "ts": "1484685415.000776"
    },
    {
        "type": "message",
        "user": "U0KA6CNR0",
        "text": "creating a custom widget that has filtering is really not that bad",
        "ts": "1484685424.000777"
    },
    {
        "type": "message",
        "user": "U0KA6CNR0",
        "text": "angular filtering is relatively simple",
        "ts": "1484685431.000778"
    },
    {
        "type": "message",
        "user": "U0KA6CNR0",
        "text": "and pretty robust",
        "ts": "1484685436.000779"
    },
    {
        "type": "message",
        "user": "U0KA6CNR0",
        "text": "bu there are some options with the OOB list view",
        "ts": "1484685445.000780"
    },
    {
        "type": "message",
        "user": "U2ETX620Y",
        "text": "Do you know where I can look to see what OOB list view options are?  I'd be willing to go the custom route and look into that if there's nothing that gives me at least a stable phase 1 product.",
        "ts": "1484685684.000781"
    },
    {
        "type": "message",
        "user": "U0KA6CNR0",
        "text": "one sec.",
        "ts": "1484685864.000782"
    },
    {
        "type": "message",
        "user": "U0KA6CNR0",
        "text": "so the keyword search doesn't work for you? on the list view?",
        "ts": "1484685925.000783"
    },
    {
        "type": "message",
        "user": "U2ETX620Y",
        "text": "That may -&gt; I'm not even seeing that as an option.  Is that on the widget instance record?",
        "ts": "1484685949.000784"
    },
    {
        "type": "message",
        "user": "U2ETX620Y",
        "text": "keyword actually would probably be fine",
        "ts": "1484686003.000785"
    },
    {
        "type": "message",
        "user": "U0KA6CNR0",
        "text": "so, if you go into the service portal config add the simple list widget",
        "ts": "1484686018.000786"
    },
    {
        "type": "message",
        "user": "U2ETX620Y",
        "text": "got it",
        "ts": "1484686072.000787"
    },
    {
        "type": "message",
        "subtype": "file_share",
        "text": "<@U0KA6CNR0|kiernan.mcmorrow> uploaded a file: <https:\/\/sndevs.slack.com\/files\/kiernan.mcmorrow\/F3S2APSKA\/screen_shot_2017-01-17_at_3.47.54_pm.png|Screen Shot 2017-01-17 at 3.47.54 PM.png>",
        "file": {
            "id": "F3S2APSKA",
            "created": 1484686088,
            "timestamp": 1484686088,
            "name": "Screen Shot 2017-01-17 at 3.47.54 PM.png",
            "title": "Screen Shot 2017-01-17 at 3.47.54 PM.png",
            "mimetype": "image\/png",
            "filetype": "png",
            "pretty_type": "PNG",
            "user": "U0KA6CNR0",
            "editable": false,
            "size": 199599,
            "mode": "hosted",
            "is_external": false,
            "external_type": "",
            "is_public": true,
            "public_url_shared": false,
            "display_as_bot": false,
            "username": "",
            "url_private": "https:\/\/files.slack.com\/files-pri\/T0E2AD6AY-F3S2APSKA\/screen_shot_2017-01-17_at_3.47.54_pm.png?t=xoxe-14078448372-167243557781-166475819265-182f5ebf49",
            "url_private_download": "https:\/\/files.slack.com\/files-pri\/T0E2AD6AY-F3S2APSKA\/download\/screen_shot_2017-01-17_at_3.47.54_pm.png?t=xoxe-14078448372-167243557781-166475819265-182f5ebf49",
            "thumb_64": "https:\/\/files.slack.com\/files-tmb\/T0E2AD6AY-F3S2APSKA-d9897c444a\/screen_shot_2017-01-17_at_3.47.54_pm_64.png?t=xoxe-14078448372-167243557781-166475819265-182f5ebf49",
            "thumb_80": "https:\/\/files.slack.com\/files-tmb\/T0E2AD6AY-F3S2APSKA-d9897c444a\/screen_shot_2017-01-17_at_3.47.54_pm_80.png?t=xoxe-14078448372-167243557781-166475819265-182f5ebf49",
            "thumb_360": "https:\/\/files.slack.com\/files-tmb\/T0E2AD6AY-F3S2APSKA-d9897c444a\/screen_shot_2017-01-17_at_3.47.54_pm_360.png?t=xoxe-14078448372-167243557781-166475819265-182f5ebf49",
            "thumb_360_w": 289,
            "thumb_360_h": 360,
            "thumb_480": "https:\/\/files.slack.com\/files-tmb\/T0E2AD6AY-F3S2APSKA-d9897c444a\/screen_shot_2017-01-17_at_3.47.54_pm_480.png?t=xoxe-14078448372-167243557781-166475819265-182f5ebf49",
            "thumb_480_w": 385,
            "thumb_480_h": 480,
            "thumb_160": "https:\/\/files.slack.com\/files-tmb\/T0E2AD6AY-F3S2APSKA-d9897c444a\/screen_shot_2017-01-17_at_3.47.54_pm_160.png?t=xoxe-14078448372-167243557781-166475819265-182f5ebf49",
            "thumb_720": "https:\/\/files.slack.com\/files-tmb\/T0E2AD6AY-F3S2APSKA-d9897c444a\/screen_shot_2017-01-17_at_3.47.54_pm_720.png?t=xoxe-14078448372-167243557781-166475819265-182f5ebf49",
            "thumb_720_w": 577,
            "thumb_720_h": 720,
            "thumb_960": "https:\/\/files.slack.com\/files-tmb\/T0E2AD6AY-F3S2APSKA-d9897c444a\/screen_shot_2017-01-17_at_3.47.54_pm_960.png?t=xoxe-14078448372-167243557781-166475819265-182f5ebf49",
            "thumb_960_w": 770,
            "thumb_960_h": 960,
            "thumb_1024": "https:\/\/files.slack.com\/files-tmb\/T0E2AD6AY-F3S2APSKA-d9897c444a\/screen_shot_2017-01-17_at_3.47.54_pm_1024.png?t=xoxe-14078448372-167243557781-166475819265-182f5ebf49",
            "thumb_1024_w": 821,
            "thumb_1024_h": 1024,
            "image_exif_rotation": 1,
            "original_w": 1786,
            "original_h": 2228,
            "permalink": "https:\/\/sndevs.slack.com\/files\/kiernan.mcmorrow\/F3S2APSKA\/screen_shot_2017-01-17_at_3.47.54_pm.png",
            "permalink_public": "https:\/\/slack-files.com\/T0E2AD6AY-F3S2APSKA-b4de9bd518",
            "channels": [
                "C36D45F60"
            ],
            "groups": [],
            "ims": [],
            "comments_count": 0
        },
        "user": "U0KA6CNR0",
        "upload": true,
        "display_as_bot": false,
        "username": "kiernan.mcmorrow",
        "bot_id": null,
        "ts": "1484686091.000788"
    },
    {
        "type": "message",
        "user": "U0KA6CNR0",
        "text": "the default list page should be list",
        "ts": "1484686095.000789"
    },
    {
        "type": "message",
        "user": "U0KA6CNR0",
        "text": "which by default, will have the keyword search option visible",
        "ts": "1484686116.000790"
    },
    {
        "type": "message",
        "user": "U2ETX620Y",
        "text": "I feel pretty stupid...",
        "ts": "1484686127.000791"
    },
    {
        "type": "message",
        "user": "U0KA6CNR0",
        "text": "you shouldn't",
        "ts": "1484686139.000792"
    },
    {
        "type": "message",
        "user": "U2ETX620Y",
        "text": "I didn't have any defaults",
        "ts": "1484686141.000793"
    },
    {
        "type": "message",
        "user": "U2ETX620Y",
        "text": "Thanks Kiernan",
        "ts": "1484686151.000794"
    },
    {
        "type": "message",
        "user": "U0KA6CNR0",
        "text": "no problem Will, thats what the channel is for!",
        "ts": "1484686174.000795"
    },
    {
        "type": "message",
        "user": "U0KA6CNR0",
        "text": "to publicize those moments you'd normally be like \"gahh, how did i miss that\"",
        "ts": "1484686261.000796"
    },
    {
        "user": "U3SS84JCD",
        "text": "<@U3SS84JCD|mmecucci> has joined the channel",
        "type": "message",
        "subtype": "channel_join",
        "ts": "1484688185.000797"
    },
    {
        "user": "U3TJREXJT",
        "text": "<@U3TJREXJT|dwebber> has joined the channel",
        "type": "message",
        "subtype": "channel_join",
        "ts": "1484713723.000798"
    }
]