[
    {
        "user": "U3WDJ1VU4",
        "text": "<@U3WDJ1VU4|nlinde> has joined the channel",
        "type": "message",
        "subtype": "channel_join",
        "ts": "1485361652.000846"
    },
    {
        "user": "U13HNCJ4X",
        "text": "<@U13HNCJ4X|tkojames> has joined the channel",
        "type": "message",
        "subtype": "channel_join",
        "ts": "1485361906.000847"
    },
    {
        "user": "U3WGDA2UV",
        "text": "<@U3WGDA2UV|rv888> has joined the channel",
        "type": "message",
        "subtype": "channel_join",
        "ts": "1485369948.000848"
    },
    {
        "user": "U3WHM78GL",
        "text": "<@U3WHM78GL|helen> has joined the channel",
        "type": "message",
        "subtype": "channel_join",
        "ts": "1485375058.000849"
    },
    {
        "user": "U3WNFEY5A",
        "text": "<@U3WNFEY5A|dwolf> has joined the channel",
        "type": "message",
        "subtype": "channel_join",
        "ts": "1485400609.000850"
    }
]