[
    {
        "user": "U4M8B7B1P",
        "text": "<@U4M8B7B1P|vegard> has joined the channel",
        "type": "message",
        "subtype": "channel_join",
        "ts": "1490180980.023468"
    },
    {
        "user": "U4N2WJBEH",
        "text": "<@U4N2WJBEH|emoreno> has joined the channel",
        "type": "message",
        "subtype": "channel_join",
        "ts": "1490188224.982074"
    },
    {
        "user": "U4MTQU9CK",
        "text": "<@U4MTQU9CK|tgoings> has joined the channel",
        "type": "message",
        "subtype": "channel_join",
        "ts": "1490188375.035362"
    },
    {
        "user": "U4NLD62LE",
        "text": "<@U4NLD62LE|austin.treutel> has joined the channel",
        "type": "message",
        "subtype": "channel_join",
        "ts": "1490188491.077483"
    },
    {
        "user": "U4M93H4V6",
        "text": "<@U4M93H4V6|shamill70> has joined the channel",
        "type": "message",
        "subtype": "channel_join",
        "ts": "1490188950.244534"
    },
    {
        "user": "U4NM0B90X",
        "text": "<@U4NM0B90X|sherard> has joined the channel",
        "type": "message",
        "subtype": "channel_join",
        "ts": "1490189501.458810"
    },
    {
        "user": "U4N0N0Y1G",
        "text": "<@U4N0N0Y1G|dagarwal82> has joined the channel",
        "type": "message",
        "subtype": "channel_join",
        "ts": "1490189524.468073"
    },
    {
        "type": "message",
        "user": "U0KA6CNR0",
        "text": "has anyone experienced issues with footers overlapping content on landing pages within the SP?",
        "ts": "1490189574.488741"
    },
    {
        "user": "U4M9D0G2C",
        "text": "<@U4M9D0G2C|spdobro> has joined the channel",
        "type": "message",
        "subtype": "channel_join",
        "ts": "1490189917.626178"
    },
    {
        "type": "message",
        "user": "U0E96U52M",
        "text": "<@U0KA6CNR0> i'd just ask your question",
        "ts": "1490191859.483345"
    },
    {
        "type": "message",
        "user": "U0E96U52M",
        "text": "worst case scenario, no one knows adn you can use your typed question to hi, or community",
        "ts": "1490191884.495102"
    },
    {
        "type": "message",
        "user": "U0KA6CNR0",
        "text": "specifically, if the footer\/header are not set to fixed, the footer will overlap the main content region.",
        "ts": "1490191911.507694"
    },
    {
        "type": "message",
        "user": "U0KA6CNR0",
        "text": "when the window is displayed in certain aspect ratios.",
        "ts": "1490191959.530221"
    },
    {
        "type": "message",
        "user": "U0KA6CNR0",
        "text": "tried all manner of positioning on the footer element, the only one that do not cause the overlapping issue is when both footer and header are set to fixed.",
        "ts": "1490192022.559150"
    },
    {
        "type": "message",
        "user": "U0KA6CNR0",
        "text": "i hope that is a clear explanation of the issue.",
        "ts": "1490192035.565302"
    },
    {
        "user": "U4NMX9RUP",
        "text": "<@U4NMX9RUP|npatel> has joined the channel",
        "type": "message",
        "subtype": "channel_join",
        "ts": "1490192356.717526"
    },
    {
        "type": "message",
        "user": "U13UK17PS",
        "text": "Hey guys I want to disable the modal preview of a selected record from a reference picker. I was wondering if anyone came across any options to easily do so",
        "ts": "1490193640.357189"
    },
    {
        "type": "message",
        "user": "U13UK17PS",
        "text": "nvm gonna use a look up select box",
        "ts": "1490193831.454976"
    },
    {
        "type": "message",
        "user": "U34SPJ5LG",
        "text": "I usually disable those via jquery.",
        "ts": "1490193861.470404",
        "reactions": [
            {
                "name": "+1",
                "users": [
                    "U3WV7RFGU"
                ],
                "count": 1
            }
        ]
    },
    {
        "type": "message",
        "user": "U3WV7RFGU",
        "text": "They really need to make that an attribute, because Service Portal is going to make the jQuery solution impossible.",
        "ts": "1490194142.617055"
    },
    {
        "type": "message",
        "user": "U34SPJ5LG",
        "text": "If they disable my jquery I'm throwing a temper tantrum.",
        "ts": "1490194169.631408"
    },
    {
        "type": "message",
        "user": "U34SPJ5LG",
        "text": "LOL",
        "ts": "1490194177.635648"
    },
    {
        "type": "message",
        "user": "U34SPJ5LG",
        "text": "I keed.... kinda.",
        "ts": "1490194205.650093"
    },
    {
        "type": "message",
        "user": "U34SPJ5LG",
        "text": "&gt;.&gt;",
        "ts": "1490194208.651504"
    },
    {
        "type": "message",
        "user": "U13UK17PS",
        "text": "hmm <@U34SPJ5LG> curious would you attach another widget to the item?",
        "edited": {
            "user": "U13UK17PS",
            "ts": "1490194575.000000"
        },
        "ts": "1490194566.840290"
    },
    {
        "type": "message",
        "user": "U13UK17PS",
        "text": "thats what we were trying to avoid",
        "ts": "1490194611.864869"
    },
    {
        "user": "U4N2E7LD8",
        "text": "<@U4N2E7LD8|dcdeaton> has joined the channel",
        "type": "message",
        "subtype": "channel_join",
        "ts": "1490194799.965913"
    },
    {
        "user": "U0NMXHWBY",
        "text": "<@U0NMXHWBY|mark> has joined the channel",
        "type": "message",
        "subtype": "channel_join",
        "ts": "1490200829.111112"
    },
    {
        "type": "message",
        "user": "U0NNAGPRS",
        "text": "<@U13UK17PS> - what’s the motivation for disabling modal preview?",
        "ts": "1490205566.416216"
    },
    {
        "type": "message",
        "user": "U13UK17PS",
        "text": "overwhelming to the user. Nothing major just ascetics",
        "ts": "1490205654.461265"
    },
    {
        "type": "message",
        "user": "U34SPJ5LG",
        "text": "<@U13UK17PS> I typically clone a widget and make my updates (even jquery hide), from that. You can hide the box which has the hover effect and it works fine.\n\nThe other piece of that is to update the CSS so the display of that modal is always none.",
        "ts": "1490210798.736158"
    },
    {
        "type": "message",
        "user": "U13UK17PS",
        "text": "cool thanks curious as to what your approach would have been",
        "ts": "1490210894.774502"
    },
    {
        "user": "U4MHS0R8Q",
        "text": "<@U4MHS0R8Q|dana.burgard> has joined the channel",
        "type": "message",
        "subtype": "channel_join",
        "ts": "1490214382.231317"
    },
    {
        "type": "message",
        "user": "U47NL4M4P",
        "text": "can anyone tell me the best way to list a clickable URL in a ui macro within the jelly code?  currently I've tried just listing a span with an anchor tag, but it displays that anchor literally",
        "ts": "1490215588.734027"
    },
    {
        "type": "message",
        "user": "U47NL4M4P",
        "text": "this is within a macro attached to a catalog item",
        "ts": "1490215619.746366"
    },
    {
        "user": "U4P2JDDLN",
        "text": "<@U4P2JDDLN|davidloo> has joined the channel",
        "type": "message",
        "subtype": "channel_join",
        "ts": "1490226210.883861"
    },
    {
        "type": "message",
        "user": "U34SPJ5LG",
        "text": "<@U47NL4M4P> make a variable\/array that uses &amp;gt; \/ &amp;lt; for the brackets and use the variable during a loop.",
        "ts": "1490228083.249618"
    },
    {
        "type": "message",
        "user": "U34SPJ5LG",
        "text": "Might have to prefix it with HTML: -- but its been forever since I did CMS portals, all SP work lately. (Forever meaning more than 3 months, goldfish memory),",
        "edited": {
            "user": "U34SPJ5LG",
            "ts": "1490228255.000000"
        },
        "ts": "1490228141.260290"
    },
    {
        "type": "message",
        "user": "U47NL4M4P",
        "text": "I get the &amp;gt and &amp;lt since it's an xml document, but why a loop?",
        "ts": "1490228150.261779"
    },
    {
        "type": "message",
        "user": "U34SPJ5LG",
        "text": "Loop if its an array\/",
        "ts": "1490228161.263863"
    },
    {
        "type": "message",
        "user": "U47NL4M4P",
        "text": "ah i see, no array, just a single macro to display a static html link",
        "ts": "1490228179.267134"
    },
    {
        "type": "message",
        "user": "U34SPJ5LG",
        "text": "Since each link would drop into it's own array value... esp if its a list",
        "ts": "1490228180.267395"
    },
    {
        "type": "message",
        "user": "U34SPJ5LG",
        "text": "Then just the html &lt;&gt; thingies",
        "ts": "1490228194.269766"
    },
    {
        "type": "message",
        "user": "U47NL4M4P",
        "text": "thanks though, I'll give it a shot",
        "edited": {
            "user": "U47NL4M4P",
            "ts": "1490228206.000000"
        },
        "ts": "1490228199.270503"
    },
    {
        "type": "message",
        "user": "U34SPJ5LG",
        "text": "GL",
        "edited": {
            "user": "U34SPJ5LG",
            "ts": "1490228217.000000"
        },
        "ts": "1490228211.272573"
    },
    {
        "user": "U4NDKPX60",
        "text": "<@U4NDKPX60|paul.nguyen> has joined the channel",
        "type": "message",
        "subtype": "channel_join",
        "ts": "1490229662.521791"
    },
    {
        "user": "U4P349N86",
        "text": "<@U4P349N86|hblanck> has joined the channel",
        "type": "message",
        "subtype": "channel_join",
        "ts": "1490230012.579541"
    },
    {
        "user": "U4MM7LCKS",
        "text": "<@U4MM7LCKS|jackson.davenport> has joined the channel",
        "type": "message",
        "subtype": "channel_join",
        "ts": "1490230653.683930"
    }
]