[
    {
        "user": "U4FT9SU1W",
        "text": "<@U4FT9SU1W|andrew.cross> has joined the channel",
        "type": "message",
        "subtype": "channel_join",
        "ts": "1489156247.629412"
    },
    {
        "user": "U1WEZEZL5",
        "text": "<@U1WEZEZL5|steve.funk> has joined the channel",
        "type": "message",
        "subtype": "channel_join",
        "ts": "1489161627.521406"
    },
    {
        "user": "U4GJF5WMR",
        "text": "<@U4GJF5WMR|victor_ruiz> has joined the channel",
        "type": "message",
        "subtype": "channel_join",
        "ts": "1489162120.708715"
    },
    {
        "type": "message",
        "user": "U2V15S3MF",
        "text": "Does anyone know if Order Guides in Service Portal have been fixed in Istanbul?",
        "ts": "1489176665.657191"
    },
    {
        "type": "message",
        "user": "U26H846DR",
        "text": "I think there were a bunch of service portal related order guide fixes in istanbul",
        "ts": "1489177507.895687"
    },
    {
        "type": "message",
        "user": "U2V15S3MF",
        "text": "I recall the release notes for initial launch stated the issue was resolved, but then it ended up being not so fixed :disappointed:",
        "ts": "1489177960.026054"
    },
    {
        "type": "message",
        "user": "U26H846DR",
        "text": "I think there was something in patch 1 as well. what specifically wasn’t working?",
        "ts": "1489178132.075882"
    },
    {
        "type": "message",
        "user": "U2V15S3MF",
        "text": "It hangs up the instance. The issue had something to do with the JSON payload on long order guides. We have a form with about 20 options to select items on. If you select a few, it freezes the instance for a bit.",
        "ts": "1489178492.179137"
    },
    {
        "type": "message",
        "user": "U2V15S3MF",
        "text": "So, there is a workaround by loading an iFrame in the SP widget so it can render the native UI or CMS style of order guide. That of course has it's own set of issues :disappointed:",
        "ts": "1489178551.195958"
    },
    {
        "type": "message",
        "user": "U2V15S3MF",
        "text": "Small ones, which I was able to get around using jQuery and DoM manipulation",
        "ts": "1489178602.211034"
    },
    {
        "text": "Bad!",
        "type": "message",
        "subtype": "slackbot_response",
        "user": "USLACKBOT",
        "ts": "1489178603.211213"
    },
    {
        "type": "message",
        "user": "U2V15S3MF",
        "text": ":disappointed:",
        "ts": "1489178606.212223"
    },
    {
        "type": "message",
        "user": "U26H846DR",
        "text": "hmm…I did a little bit of testing in my istanbul instance and it appeared to work ok, but it’s a pretty short order guide",
        "ts": "1489178718.243351"
    },
    {
        "type": "message",
        "user": "U2V15S3MF",
        "text": "are you on patch 1? I wil test as well. I am mostly curious, as I just had to fix another little issue in the iFrame. Was hoping it was finally resolved. Having a nice SP interface and then a old-style iFrame just looks poopy",
        "ts": "1489178814.271334"
    },
    {
        "type": "message",
        "user": "U26H846DR",
        "text": "the instance I tested was patch 3",
        "ts": "1489178937.307175"
    },
    {
        "type": "message",
        "user": "U26H846DR",
        "text": "but I agree on having to use iframes on SP pages",
        "ts": "1489178953.311844"
    },
    {
        "type": "message",
        "user": "U2V15S3MF",
        "text": "Thanks man!",
        "ts": "1489179096.352661"
    }
]