[
    {
        "type": "message",
        "user": "U34SPJ5LG",
        "text": "You can put it in an iFrame.",
        "thread_ts": "1491316469.007690",
        "parent_user_id": "U4S3UQXP0",
        "ts": "1491486891.871779"
    },
    {
        "type": "message",
        "user": "U44NVE75E",
        "text": "has anyone ever used connect support in CMS",
        "ts": "1491488424.596985"
    },
    {
        "user": "U4W79DAR5",
        "text": "<@U4W79DAR5|julieleung> has joined the channel",
        "type": "message",
        "subtype": "channel_join",
        "ts": "1491490680.723313"
    },
    {
        "type": "message",
        "user": "U44NVE75E",
        "text": "has anyone ever used connect support in ESS",
        "ts": "1491492383.600296"
    },
    {
        "type": "message",
        "user": "U0E96U52M",
        "text": "not me",
        "ts": "1491492407.612142"
    },
    {
        "user": "U4MTQU9CK",
        "text": "<@U4MTQU9CK|tgoings> has left the channel",
        "type": "message",
        "subtype": "channel_leave",
        "ts": "1491492494.655724"
    },
    {
        "type": "message",
        "user": "U2PL7CPBR",
        "text": "Does anyone use the out of the box Social Q&amp;A widgets? I can't seem to get the ability to add URLs in Answers and Ideally I'd like the ability to insert links as we do for KBs. I know that we can add them via source code icon, but that's not exactly intuitive for our users",
        "ts": "1491494285.552088"
    },
    {
        "user": "U4VK9LKNE",
        "text": "<@U4VK9LKNE|bbenjey> has joined the channel",
        "type": "message",
        "subtype": "channel_join",
        "ts": "1491499076.741248"
    },
    {
        "user": "U4VHFK459",
        "text": "<@U4VHFK459|demowipper> has joined the channel",
        "type": "message",
        "subtype": "channel_join",
        "ts": "1491499584.966847"
    },
    {
        "user": "U4VHGGG67",
        "text": "<@U4VHGGG67|harps86> has joined the channel",
        "type": "message",
        "subtype": "channel_join",
        "ts": "1491499676.007964"
    },
    {
        "user": "U4WA5F4CW",
        "text": "<@U4WA5F4CW|bdubz7> has joined the channel",
        "type": "message",
        "subtype": "channel_join",
        "ts": "1491499798.062331"
    },
    {
        "user": "U4V1111EV",
        "text": "<@U4V1111EV|motorcyclemelee> has joined the channel",
        "type": "message",
        "subtype": "channel_join",
        "ts": "1491504132.027030"
    },
    {
        "user": "U4VMFBJQK",
        "text": "<@U4VMFBJQK|elemonnier> has joined the channel",
        "type": "message",
        "subtype": "channel_join",
        "ts": "1491512350.448324"
    }
]