[
    {
        "type": "message",
        "user": "U1R3SELAE",
        "text": "Yes i have played",
        "ts": "1486112776.000932"
    },
    {
        "type": "message",
        "user": "U3UDYLW6N",
        "text": "<@U0V9PD50R> like this? <http:\/\/styleguide.servicenow.com\/#\/components\/tooltips>",
        "ts": "1486115964.000933"
    },
    {
        "user": "U37480WGJ",
        "text": "<@U37480WGJ|nemendes> has joined the channel",
        "type": "message",
        "subtype": "channel_join",
        "ts": "1486135395.000934"
    },
    {
        "type": "message",
        "user": "U37480WGJ",
        "text": "hello again",
        "ts": "1486135404.000935"
    },
    {
        "type": "message",
        "user": "U37480WGJ",
        "text": "do you write your code in the sp window?",
        "ts": "1486135424.000936"
    },
    {
        "type": "message",
        "user": "U37480WGJ",
        "text": "how i can manage my code, like a repos",
        "ts": "1486135435.000937"
    },
    {
        "type": "message",
        "user": "U37480WGJ",
        "text": "or write the code in atom or sublime text",
        "ts": "1486135450.000938"
    },
    {
        "type": "message",
        "user": "U235A44S0",
        "text": "That is what I do",
        "ts": "1486135632.000939"
    },
    {
        "type": "message",
        "user": "U235A44S0",
        "text": "Write code in Sublime and then copy\/paste into the SN editor",
        "ts": "1486135655.000940"
    },
    {
        "type": "message",
        "user": "U3BU8FGKV",
        "text": "You gents need to level up! Our friend <@U3C6H5S04> built a great Sublime plug-in to automate that sync. I use it daily. <http:\/\/snaug.com\/?p=127>",
        "ts": "1486135730.000941",
        "reactions": [
            {
                "name": "+1",
                "users": [
                    "U0EKK4BTP",
                    "U0KA6CNR0",
                    "U37480WGJ"
                ],
                "count": 3
            }
        ]
    },
    {
        "type": "message",
        "user": "U235A44S0",
        "text": "I use that, but only for my personal dev instance",
        "ts": "1486135754.000942"
    },
    {
        "type": "message",
        "user": "U235A44S0",
        "text": "Have not used it for \"work\" instance",
        "ts": "1486135765.000943"
    },
    {
        "type": "message",
        "user": "U3BU8FGKV",
        "text": "big time saver, for sure",
        "ts": "1486135773.000944"
    },
    {
        "type": "message",
        "user": "U37480WGJ",
        "text": "yeah i will try that",
        "ts": "1486135777.000945"
    },
    {
        "type": "message",
        "user": "U0EKK4BTP",
        "text": "And always have to give a shoutout to <https:\/\/github.com\/dynamicdan\/sn-filesync> in the same category",
        "attachments": [
            {
                "service_name": "GitHub",
                "title": "dynamicdan\/sn-filesync",
                "title_link": "https:\/\/github.com\/dynamicdan\/sn-filesync",
                "text": "sn-filesync - 2-way sync ServiceNow field values to local files",
                "fallback": "GitHub: dynamicdan\/sn-filesync",
                "thumb_url": "https:\/\/avatars3.githubusercontent.com\/u\/1011280?v=3&s=400",
                "from_url": "https:\/\/github.com\/dynamicdan\/sn-filesync",
                "thumb_width": 400,
                "thumb_height": 400,
                "service_icon": "https:\/\/github.com\/apple-touch-icon.png",
                "id": 1
            }
        ],
        "ts": "1486135797.000946"
    },
    {
        "type": "message",
        "user": "U235A44S0",
        "text": "There is a new version he put out last month or maybe December",
        "ts": "1486135812.000948"
    },
    {
        "type": "message",
        "user": "U235A44S0",
        "text": "Thanks <@U0EKK4BTP>! Had not seen that one",
        "ts": "1486135839.000949"
    },
    {
        "type": "message",
        "user": "U0EKK4BTP",
        "text": "it requires more work up front, but works with any editor",
        "ts": "1486135866.000950"
    },
    {
        "type": "message",
        "user": "U235A44S0",
        "text": "ahh",
        "ts": "1486135882.000951"
    },
    {
        "type": "message",
        "user": "U3BU8FGKV",
        "text": "Also works great if you do any automated precompiling (sass, etc), minifying, whatever on your local machine. Pretty cool.",
        "edited": {
            "user": "U3BU8FGKV",
            "ts": "1486135950.000000"
        },
        "ts": "1486135907.000952"
    },
    {
        "type": "message",
        "user": "U0KA6CNR0",
        "text": "newest version of sal's SNSync has filediffing, and multiiple record sync",
        "ts": "1486136406.000954"
    },
    {
        "type": "message",
        "user": "U0KA6CNR0",
        "text": "huge change to the workflow if you're not familiar",
        "ts": "1486136414.000955"
    },
    {
        "type": "message",
        "user": "U37480WGJ",
        "text": "but it works for sync tables only no?",
        "ts": "1486136744.000956"
    },
    {
        "type": "message",
        "user": "U37480WGJ",
        "text": "im trying to sync my client script, server script, html and css",
        "ts": "1486136800.000957"
    },
    {
        "user": "U29530AN7",
        "text": "<@U29530AN7|codette34> has joined the channel",
        "type": "message",
        "subtype": "channel_join",
        "ts": "1486137502.000958"
    },
    {
        "type": "message",
        "user": "U0KA6CNR0",
        "text": "it works for widgets",
        "ts": "1486139042.000959"
    },
    {
        "type": "message",
        "user": "U0KA6CNR0",
        "text": "if you sync the widget record, it'll pull down all 4 files into separate items",
        "ts": "1486139055.000960"
    },
    {
        "type": "message",
        "user": "U0KA6CNR0",
        "text": "and when saved, will save the changes back to the specific area of the widget",
        "ts": "1486139065.000961"
    },
    {
        "user": "U41CJFELX",
        "text": "<@U41CJFELX|latentchange> has joined the channel",
        "type": "message",
        "subtype": "channel_join",
        "ts": "1486139885.000962"
    },
    {
        "type": "message",
        "user": "U0ED7DUBD",
        "text": "This looks interesting?",
        "ts": "1486140033.000963"
    },
    {
        "type": "message",
        "user": "U0ED7DUBD",
        "text": "<http:\/\/snoweditor.com\/>",
        "attachments": [
            {
                "title": "SnowEditor™ IDE | SnowEditor for ServiceNow™ Platform",
                "title_link": "http:\/\/snoweditor.com\/",
                "text": "SnowEditor is a powerful Eclipse based IDE for ServiceNow Platform. It supports code assits, auto suggestion, business rules, Glide, Jelly, UI scripts, UI actions, web services, scripted web services, forms, form layouts, server side includes, client scripts, client side and service side scripting, reports, code debugging, source code version control, git-integration among other enterprise class features.",
                "fallback": "SnowEditor™ IDE | SnowEditor for ServiceNow™ Platform",
                "from_url": "http:\/\/snoweditor.com\/",
                "service_icon": "http:\/\/snoweditor.com\/assets\/images\/favicon\/favicon.ico",
                "service_name": "snoweditor.com",
                "id": 1
            }
        ],
        "ts": "1486140033.000964"
    },
    {
        "type": "message",
        "user": "U0EKK4BTP",
        "text": "iiiiiiinteresting",
        "ts": "1486140161.000966"
    },
    {
        "type": "message",
        "user": "U0EKK4BTP",
        "text": "I’ve wondered when someone would go build something in Eclipse",
        "ts": "1486140171.000967"
    },
    {
        "type": "message",
        "user": "U235A44S0",
        "text": "That does look interesting",
        "ts": "1486140493.000968"
    },
    {
        "type": "message",
        "user": "U0ED7DUBD",
        "text": "I’d sort of like to sign up for early access, but they seem to want quite a bit of info.",
        "ts": "1486141322.000969"
    },
    {
        "user": "U40QFGB28",
        "text": "<@U40QFGB28|tom> has joined the channel",
        "type": "message",
        "subtype": "channel_join",
        "ts": "1486141529.000970"
    },
    {
        "type": "message",
        "subtype": "file_share",
        "text": "<@U29530AN7|codette34> uploaded a file: <https:\/\/sndevs.slack.com\/files\/codette34\/F40NPU35Y\/-.js|Untitled> and commented: So this works in catalog, but not in the portal, I've been hunting but can't see any information.  Has anyone here an idea?",
        "file": {
            "id": "F40NPU35Y",
            "created": 1486143339,
            "timestamp": 1486143339,
            "name": "-.js",
            "title": "Untitled",
            "mimetype": "text\/plain",
            "filetype": "javascript",
            "pretty_type": "JavaScript\/JSON",
            "user": "U29530AN7",
            "editable": true,
            "size": 661,
            "mode": "snippet",
            "is_external": false,
            "external_type": "",
            "is_public": true,
            "public_url_shared": false,
            "display_as_bot": false,
            "username": "",
            "url_private": "https:\/\/files.slack.com\/files-pri\/T0E2AD6AY-F40NPU35Y\/-.js?t=xoxe-14078448372-167243557781-166475819265-182f5ebf49",
            "url_private_download": "https:\/\/files.slack.com\/files-pri\/T0E2AD6AY-F40NPU35Y\/download\/-.js?t=xoxe-14078448372-167243557781-166475819265-182f5ebf49",
            "permalink": "https:\/\/sndevs.slack.com\/files\/codette34\/F40NPU35Y\/-.js",
            "permalink_public": "https:\/\/slack-files.com\/T0E2AD6AY-F40NPU35Y-191a7076d8",
            "edit_link": "https:\/\/sndevs.slack.com\/files\/codette34\/F40NPU35Y\/-.js\/edit",
            "preview": "function onChange(control, oldValue, newValue, isLoading) {\r\n   if (isLoading || newValue == '') {\r\n      return;\r\n   }\r\n\t\r",
            "preview_highlight": "<div class=\"CodeMirror cm-s-default CodeMirrorServer\" oncopy=\"if(event.clipboardData){event.clipboardData.setData('text\/plain',window.getSelection().toString().replace(\/\\u200b\/g,''));event.preventDefault();event.stopPropagation();}\">\n<div class=\"CodeMirror-code\">\n<div><pre><span class=\"cm-keyword\">function<\/span> <span class=\"cm-def\">onChange<\/span>(<span class=\"cm-def\">control<\/span>, <span class=\"cm-def\">oldValue<\/span>, <span class=\"cm-def\">newValue<\/span>, <span class=\"cm-def\">isLoading<\/span>) {<\/pre><\/div>\n<div><pre>   <span class=\"cm-keyword\">if<\/span> (<span class=\"cm-variable-2\">isLoading<\/span> <span class=\"cm-operator\">||<\/span> <span class=\"cm-variable-2\">newValue<\/span> <span class=\"cm-operator\">==<\/span> <span class=\"cm-string\">''<\/span>) {<\/pre><\/div>\n<div><pre>      <span class=\"cm-keyword\">return<\/span>;<\/pre><\/div>\n<div><pre>   }<\/pre><\/div>\n<div><pre>\t<\/pre><\/div>\n<\/div>\n<\/div>\n",
            "lines": 17,
            "lines_more": 12,
            "preview_is_truncated": false,
            "channels": [
                "C36D45F60"
            ],
            "groups": [],
            "ims": [],
            "comments_count": 1,
            "initial_comment": {
                "id": "Fc41D9962J",
                "created": 1486143339,
                "timestamp": 1486143339,
                "user": "U29530AN7",
                "is_intro": true,
                "comment": "So this works in catalog, but not in the portal, I've been hunting but can't see any information.  Has anyone here an idea?",
                "channel": ""
            }
        },
        "user": "U29530AN7",
        "upload": true,
        "display_as_bot": false,
        "username": "codette34",
        "bot_id": null,
        "ts": "1486143340.000971"
    },
    {
        "type": "message",
        "user": "U29530AN7",
        "text": "Oh and yes,  UI type is both :slightly_smiling_face:",
        "ts": "1486143410.000972"
    },
    {
        "type": "message",
        "user": "U1R3SELAE",
        "text": "client side gliderecord will not work in portal",
        "edited": {
            "user": "U1R3SELAE",
            "ts": "1486143590.000000"
        },
        "ts": "1486143584.000973"
    },
    {
        "type": "message",
        "user": "U29530AN7",
        "text": "Well that explains that",
        "ts": "1486143595.000975"
    },
    {
        "type": "message",
        "user": "U29530AN7",
        "text": "Do you know the workaround\/correct method? Or can point me to a doc somewhere?",
        "ts": "1486143632.000976"
    },
    {
        "type": "message",
        "user": "U1R3SELAE",
        "text": "leme just find the right thing for you",
        "ts": "1486143658.000977"
    },
    {
        "type": "message",
        "user": "U29530AN7",
        "text": "Appreciated.  I scoured the mobile script guide but didn't anything that resembled my snippet",
        "ts": "1486143703.000978"
    },
    {
        "type": "message",
        "user": "U3JNFAQSU",
        "text": "the sdes.get() doesnt work like this i client script (not sure if this happens only on portal or on default view as well)... but you need to pass the logic into its call back function",
        "ts": "1486143707.000979"
    },
    {
        "type": "message",
        "user": "U3JNFAQSU",
        "text": "like this in* client script",
        "ts": "1486143721.000980"
    },
    {
        "type": "message",
        "user": "U29530AN7",
        "text": "addQuery?",
        "ts": "1486143748.000981"
    },
    {
        "type": "message",
        "user": "U1R3SELAE",
        "text": "yes",
        "ts": "1486143765.000982"
    },
    {
        "type": "message",
        "user": "U3JNFAQSU",
        "text": "same philo - add the logic in .query()",
        "ts": "1486143770.000983"
    },
    {
        "type": "message",
        "user": "U3JNFAQSU",
        "text": "callback of .query()",
        "ts": "1486143779.000984"
    },
    {
        "type": "message",
        "user": "U1R3SELAE",
        "text": "and you just want department name",
        "ts": "1486143842.000985"
    },
    {
        "type": "message",
        "user": "U1R3SELAE",
        "text": "use g_form.getDisplayValue() function",
        "ts": "1486143854.000986"
    },
    {
        "type": "message",
        "user": "U1R3SELAE",
        "text": "`g_form.getDisplayValue('department');`",
        "edited": {
            "user": "U1R3SELAE",
            "ts": "1486143899.000000"
        },
        "ts": "1486143891.000987"
    },
    {
        "type": "message",
        "user": "U29530AN7",
        "text": "It's a dot walk, variable department is a reference to home_department on the table I need the name field",
        "ts": "1486143899.000989"
    },
    {
        "type": "message",
        "user": "U1R3SELAE",
        "text": "then you can use getReference",
        "ts": "1486143914.000990"
    },
    {
        "type": "message",
        "user": "U1R3SELAE",
        "text": "`g_form.getReference('department',callbackfunction)`",
        "ts": "1486143939.000991"
    },
    {
        "type": "message",
        "user": "U1R3SELAE",
        "text": "as client side Gliderecord are not best one to perform",
        "ts": "1486143964.000992"
    },
    {
        "type": "message",
        "user": "U29530AN7",
        "text": "I think I get it..lol.  I'll get back to poking.  I appreciate the info greatly.",
        "ts": "1486144011.000993"
    },
    {
        "type": "message",
        "subtype": "file_share",
        "text": "<@U3JNFAQSU|sumeet.ninawe> uploaded a file: <https:\/\/sndevs.slack.com\/files\/sumeet.ninawe\/F41DG01HU\/-.txt|Untitled> and commented: something like this should work + .getDisplayValue() for 'sdes.name'",
        "file": {
            "id": "F41DG01HU",
            "created": 1486144027,
            "timestamp": 1486144027,
            "name": "-.txt",
            "title": "Untitled",
            "mimetype": "text\/plain",
            "filetype": "text",
            "pretty_type": "Plain Text",
            "user": "U3JNFAQSU",
            "editable": true,
            "size": 686,
            "mode": "snippet",
            "is_external": false,
            "external_type": "",
            "is_public": true,
            "public_url_shared": false,
            "display_as_bot": false,
            "username": "",
            "url_private": "https:\/\/files.slack.com\/files-pri\/T0E2AD6AY-F41DG01HU\/-.txt?t=xoxe-14078448372-167243557781-166475819265-182f5ebf49",
            "url_private_download": "https:\/\/files.slack.com\/files-pri\/T0E2AD6AY-F41DG01HU\/download\/-.txt?t=xoxe-14078448372-167243557781-166475819265-182f5ebf49",
            "permalink": "https:\/\/sndevs.slack.com\/files\/sumeet.ninawe\/F41DG01HU\/-.txt",
            "permalink_public": "https:\/\/slack-files.com\/T0E2AD6AY-F41DG01HU-3a1c609a08",
            "edit_link": "https:\/\/sndevs.slack.com\/files\/sumeet.ninawe\/F41DG01HU\/-.txt\/edit",
            "preview": "function onChange(control, oldValue, newValue, isLoading) {\r\n   if (isLoading || newValue == '') {\r\n      return;\r\n   }\r\n\t\r",
            "preview_highlight": "<div class=\"CodeMirror cm-s-default CodeMirrorServer\" oncopy=\"if(event.clipboardData){event.clipboardData.setData('text\/plain',window.getSelection().toString().replace(\/\\u200b\/g,''));event.preventDefault();event.stopPropagation();}\">\n<div class=\"CodeMirror-code\">\n<div><pre>function onChange(control, oldValue, newValue, isLoading) {<\/pre><\/div>\n<div><pre>   if (isLoading || newValue == '') {<\/pre><\/div>\n<div><pre>      return;<\/pre><\/div>\n<div><pre>   }<\/pre><\/div>\n<div><pre>    <\/pre><\/div>\n<div><pre><\/pre><\/div>\n<\/div>\n<\/div>\n",
            "lines": 20,
            "lines_more": 15,
            "preview_is_truncated": false,
            "channels": [
                "C36D45F60"
            ],
            "groups": [],
            "ims": [],
            "comments_count": 1,
            "initial_comment": {
                "id": "Fc40240RDW",
                "created": 1486144027,
                "timestamp": 1486144027,
                "user": "U3JNFAQSU",
                "is_intro": true,
                "comment": "something like this should work + .getDisplayValue() for 'sdes.name'",
                "channel": ""
            }
        },
        "user": "U3JNFAQSU",
        "upload": true,
        "display_as_bot": false,
        "username": "sumeet.ninawe",
        "bot_id": null,
        "ts": "1486144027.000994"
    },
    {
        "type": "message",
        "user": "U29530AN7",
        "text": "Gotcha (I hope)",
        "ts": "1486144146.000995"
    },
    {
        "user": "U40MPEQCT",
        "text": "<@U40MPEQCT|tlgross> has joined the channel",
        "type": "message",
        "subtype": "channel_join",
        "ts": "1486146840.000996"
    },
    {
        "type": "message",
        "user": "U235A44S0",
        "text": "<@U0ED7DUBD> I do not know how viable the SnowEditor is going to be. The web site has a copyright date of 2015 at the bottom of the site. Hopefully it is still viable",
        "ts": "1486150072.000997"
    },
    {
        "type": "message",
        "user": "U0ED7DUBD",
        "text": "You might be right.  Their twitter appears to have dropped off in 2015 as well.",
        "ts": "1486150171.000998"
    },
    {
        "type": "message",
        "user": "U235A44S0",
        "text": "yeah, noticed there are no tweets in twitter feed at the bottom of the page",
        "edited": {
            "user": "U235A44S0",
            "ts": "1486150262.000000"
        },
        "ts": "1486150242.000999"
    },
    {
        "user": "U40PAL7H9",
        "text": "<@U40PAL7H9|bryce.clodfelter> has joined the channel",
        "type": "message",
        "subtype": "channel_join",
        "ts": "1486152506.001001"
    },
    {
        "user": "U405KBW3S",
        "text": "<@U405KBW3S|chking> has joined the channel",
        "type": "message",
        "subtype": "channel_join",
        "ts": "1486156469.001002"
    }
]