[
    {
        "type": "message",
        "user": "U0KA6CNR0",
        "text": "Welcome new folks",
        "ts": "1484751015.000799"
    },
    {
        "user": "U3SDP1Q3S",
        "text": "<@U3SDP1Q3S|jefdc> has joined the channel",
        "type": "message",
        "subtype": "channel_join",
        "ts": "1484753113.000800"
    },
    {
        "user": "U3T6Y078A",
        "text": "<@U3T6Y078A|jaywigard> has joined the channel",
        "type": "message",
        "subtype": "channel_join",
        "ts": "1484758995.000801"
    },
    {
        "type": "message",
        "user": "U0V9PD50R",
        "text": "is there a mechanism to get the page you are on from server side script?",
        "ts": "1484776991.000802"
    },
    {
        "type": "message",
        "user": "U0V9PD50R",
        "text": "like $sp....something",
        "ts": "1484776997.000803"
    },
    {
        "type": "message",
        "user": "U0V9PD50R",
        "text": "or am i thinking of something else...",
        "ts": "1484777004.000804"
    }
]