[
    {
        "user": "U3RD2ETV5",
        "text": "<@U3RD2ETV5|chapel86> has joined the channel",
        "type": "message",
        "subtype": "channel_join",
        "ts": "1484238261.000746"
    },
    {
        "user": "U1R5SC6GZ",
        "text": "<@U1R5SC6GZ|l2larry> has joined the channel",
        "type": "message",
        "subtype": "channel_join",
        "ts": "1484250192.000747"
    },
    {
        "user": "U3QUUKWQL",
        "text": "<@U3QUUKWQL|sdogbeh> has joined the channel",
        "type": "message",
        "subtype": "channel_join",
        "ts": "1484253328.000748"
    },
    {
        "type": "message",
        "user": "U0KA6CNR0",
        "text": "Cerna Solutions is  looking for a Service Portal\/CMS developer, if interested please PM me for details.",
        "ts": "1484255127.000749"
    },
    {
        "type": "message",
        "user": "U0KA6CNR0",
        "text": "or pass on the info to any you know who are looking.",
        "ts": "1484255166.000750"
    },
    {
        "user": "U3QSKPJV9",
        "text": "<@U3QSKPJV9|d.stancil> has joined the channel",
        "type": "message",
        "subtype": "channel_join",
        "ts": "1484261418.000751"
    },
    {
        "user": "U3RMVUH70",
        "text": "<@U3RMVUH70|richard.brounstein> has joined the channel",
        "type": "message",
        "subtype": "channel_join",
        "ts": "1484281472.000752"
    }
]