[
    {
        "type": "message",
        "user": "U0KA6CNR0",
        "text": "Welcome Judi!",
        "ts": "1489068762.040306"
    },
    {
        "user": "U4FAABU65",
        "text": "<@U4FAABU65|nfurno> has joined the channel",
        "type": "message",
        "subtype": "channel_join",
        "ts": "1489069680.251806"
    },
    {
        "type": "message",
        "user": "U4FAABU65",
        "text": "Hey all! im new to developing on servicenow",
        "ts": "1489073286.227899"
    },
    {
        "type": "message",
        "user": "U15LF2CTD",
        "text": "Hello ... _wave_",
        "ts": "1489076250.103272",
        "reactions": [
            {
                "name": "wave",
                "users": [
                    "U2V15S3MF"
                ],
                "count": 1
            }
        ]
    },
    {
        "type": "message",
        "subtype": "file_share",
        "text": "<@U4DKJN85A|cpao> uploaded a file: <https:\/\/sndevs.slack.com\/files\/cpao\/F4GR84M54\/screen_shot_2017-03-08_at_5.55.30_pm.png|Custom outages widget> and commented: Got this up and running for one of our clients. Any ideas how to make this better?",
        "file": {
            "id": "F4GR84M54",
            "created": 1489083064,
            "timestamp": 1489083064,
            "name": "Screen Shot 2017-03-08 at 5.55.30 PM.png",
            "title": "Custom outages widget",
            "mimetype": "image\/png",
            "filetype": "png",
            "pretty_type": "PNG",
            "user": "U4DKJN85A",
            "editable": false,
            "size": 78803,
            "mode": "hosted",
            "is_external": false,
            "external_type": "",
            "is_public": true,
            "public_url_shared": false,
            "display_as_bot": false,
            "username": "",
            "url_private": "https:\/\/files.slack.com\/files-pri\/T0E2AD6AY-F4GR84M54\/screen_shot_2017-03-08_at_5.55.30_pm.png?t=xoxe-14078448372-167243557781-166475819265-182f5ebf49",
            "url_private_download": "https:\/\/files.slack.com\/files-pri\/T0E2AD6AY-F4GR84M54\/download\/screen_shot_2017-03-08_at_5.55.30_pm.png?t=xoxe-14078448372-167243557781-166475819265-182f5ebf49",
            "thumb_64": "https:\/\/files.slack.com\/files-tmb\/T0E2AD6AY-F4GR84M54-bb27ef04d3\/screen_shot_2017-03-08_at_5.55.30_pm_64.png?t=xoxe-14078448372-167243557781-166475819265-182f5ebf49",
            "thumb_80": "https:\/\/files.slack.com\/files-tmb\/T0E2AD6AY-F4GR84M54-bb27ef04d3\/screen_shot_2017-03-08_at_5.55.30_pm_80.png?t=xoxe-14078448372-167243557781-166475819265-182f5ebf49",
            "thumb_360": "https:\/\/files.slack.com\/files-tmb\/T0E2AD6AY-F4GR84M54-bb27ef04d3\/screen_shot_2017-03-08_at_5.55.30_pm_360.png?t=xoxe-14078448372-167243557781-166475819265-182f5ebf49",
            "thumb_360_w": 360,
            "thumb_360_h": 253,
            "thumb_480": "https:\/\/files.slack.com\/files-tmb\/T0E2AD6AY-F4GR84M54-bb27ef04d3\/screen_shot_2017-03-08_at_5.55.30_pm_480.png?t=xoxe-14078448372-167243557781-166475819265-182f5ebf49",
            "thumb_480_w": 480,
            "thumb_480_h": 337,
            "thumb_160": "https:\/\/files.slack.com\/files-tmb\/T0E2AD6AY-F4GR84M54-bb27ef04d3\/screen_shot_2017-03-08_at_5.55.30_pm_160.png?t=xoxe-14078448372-167243557781-166475819265-182f5ebf49",
            "thumb_720": "https:\/\/files.slack.com\/files-tmb\/T0E2AD6AY-F4GR84M54-bb27ef04d3\/screen_shot_2017-03-08_at_5.55.30_pm_720.png?t=xoxe-14078448372-167243557781-166475819265-182f5ebf49",
            "thumb_720_w": 720,
            "thumb_720_h": 506,
            "thumb_960": "https:\/\/files.slack.com\/files-tmb\/T0E2AD6AY-F4GR84M54-bb27ef04d3\/screen_shot_2017-03-08_at_5.55.30_pm_960.png?t=xoxe-14078448372-167243557781-166475819265-182f5ebf49",
            "thumb_960_w": 960,
            "thumb_960_h": 675,
            "thumb_1024": "https:\/\/files.slack.com\/files-tmb\/T0E2AD6AY-F4GR84M54-bb27ef04d3\/screen_shot_2017-03-08_at_5.55.30_pm_1024.png?t=xoxe-14078448372-167243557781-166475819265-182f5ebf49",
            "thumb_1024_w": 1024,
            "thumb_1024_h": 720,
            "image_exif_rotation": 1,
            "original_w": 1044,
            "original_h": 734,
            "permalink": "https:\/\/sndevs.slack.com\/files\/cpao\/F4GR84M54\/screen_shot_2017-03-08_at_5.55.30_pm.png",
            "permalink_public": "https:\/\/slack-files.com\/T0E2AD6AY-F4GR84M54-b17e8bd630",
            "channels": [
                "C36D45F60"
            ],
            "groups": [],
            "ims": [],
            "comments_count": 1,
            "initial_comment": {
                "id": "Fc4G7TV10V",
                "created": 1489083064,
                "timestamp": 1489083064,
                "user": "U4DKJN85A",
                "is_intro": true,
                "comment": "Got this up and running for one of our clients. Any ideas how to make this better?",
                "channel": ""
            },
            "reactions": [
                {
                    "name": "+1",
                    "users": [
                        "U15LF2CTD",
                        "U13UK17PS",
                        "U0ED7DUBD"
                    ],
                    "count": 3
                }
            ]
        },
        "user": "U4DKJN85A",
        "upload": true,
        "display_as_bot": false,
        "username": "cpao",
        "bot_id": null,
        "ts": "1489083067.051178"
    },
    {
        "type": "message",
        "user": "U13UK17PS",
        "text": "i would have a thumbs down for if the user pressed thumbsdown and if they click it again it will reset and essentially ask the user again",
        "thread_ts": "1489084432.417845",
        "reply_count": 1,
        "replies": [
            {
                "user": "U4DKJN85A",
                "ts": "1489084733.496605"
            }
        ],
        "unread_count": 1,
        "ts": "1489084432.417845"
    },
    {
        "type": "message",
        "user": "U4DKJN85A",
        "text": "After the user clicks up or down, that’s the thumb that appears. Sorry should’ve taken a better s-shot. But I do like that idea to make it retractable\/re-answerable",
        "thread_ts": "1489084432.417845",
        "parent_user_id": "U13UK17PS",
        "ts": "1489084733.496605"
    },
    {
        "type": "message",
        "subtype": "file_share",
        "text": "<@U4DKJN85A|cpao> uploaded a file: <https:\/\/sndevs.slack.com\/files\/cpao\/F4FEFRXPA\/screen_shot_2017-03-09_at_1.43.00_pm.png|better pic>",
        "file": {
            "id": "F4FEFRXPA",
            "created": 1489085020,
            "timestamp": 1489085020,
            "name": "Screen Shot 2017-03-09 at 1.43.00 PM.png",
            "title": "better pic",
            "mimetype": "image\/png",
            "filetype": "png",
            "pretty_type": "PNG",
            "user": "U4DKJN85A",
            "editable": false,
            "size": 80546,
            "mode": "hosted",
            "is_external": false,
            "external_type": "",
            "is_public": true,
            "public_url_shared": false,
            "display_as_bot": false,
            "username": "",
            "url_private": "https:\/\/files.slack.com\/files-pri\/T0E2AD6AY-F4FEFRXPA\/screen_shot_2017-03-09_at_1.43.00_pm.png?t=xoxe-14078448372-167243557781-166475819265-182f5ebf49",
            "url_private_download": "https:\/\/files.slack.com\/files-pri\/T0E2AD6AY-F4FEFRXPA\/download\/screen_shot_2017-03-09_at_1.43.00_pm.png?t=xoxe-14078448372-167243557781-166475819265-182f5ebf49",
            "thumb_64": "https:\/\/files.slack.com\/files-tmb\/T0E2AD6AY-F4FEFRXPA-090bc58ccb\/screen_shot_2017-03-09_at_1.43.00_pm_64.png?t=xoxe-14078448372-167243557781-166475819265-182f5ebf49",
            "thumb_80": "https:\/\/files.slack.com\/files-tmb\/T0E2AD6AY-F4FEFRXPA-090bc58ccb\/screen_shot_2017-03-09_at_1.43.00_pm_80.png?t=xoxe-14078448372-167243557781-166475819265-182f5ebf49",
            "thumb_360": "https:\/\/files.slack.com\/files-tmb\/T0E2AD6AY-F4FEFRXPA-090bc58ccb\/screen_shot_2017-03-09_at_1.43.00_pm_360.png?t=xoxe-14078448372-167243557781-166475819265-182f5ebf49",
            "thumb_360_w": 360,
            "thumb_360_h": 250,
            "thumb_480": "https:\/\/files.slack.com\/files-tmb\/T0E2AD6AY-F4FEFRXPA-090bc58ccb\/screen_shot_2017-03-09_at_1.43.00_pm_480.png?t=xoxe-14078448372-167243557781-166475819265-182f5ebf49",
            "thumb_480_w": 480,
            "thumb_480_h": 333,
            "thumb_160": "https:\/\/files.slack.com\/files-tmb\/T0E2AD6AY-F4FEFRXPA-090bc58ccb\/screen_shot_2017-03-09_at_1.43.00_pm_160.png?t=xoxe-14078448372-167243557781-166475819265-182f5ebf49",
            "thumb_720": "https:\/\/files.slack.com\/files-tmb\/T0E2AD6AY-F4FEFRXPA-090bc58ccb\/screen_shot_2017-03-09_at_1.43.00_pm_720.png?t=xoxe-14078448372-167243557781-166475819265-182f5ebf49",
            "thumb_720_w": 720,
            "thumb_720_h": 500,
            "thumb_960": "https:\/\/files.slack.com\/files-tmb\/T0E2AD6AY-F4FEFRXPA-090bc58ccb\/screen_shot_2017-03-09_at_1.43.00_pm_960.png?t=xoxe-14078448372-167243557781-166475819265-182f5ebf49",
            "thumb_960_w": 960,
            "thumb_960_h": 666,
            "thumb_1024": "https:\/\/files.slack.com\/files-tmb\/T0E2AD6AY-F4FEFRXPA-090bc58ccb\/screen_shot_2017-03-09_at_1.43.00_pm_1024.png?t=xoxe-14078448372-167243557781-166475819265-182f5ebf49",
            "thumb_1024_w": 1024,
            "thumb_1024_h": 710,
            "image_exif_rotation": 1,
            "original_w": 1058,
            "original_h": 734,
            "permalink": "https:\/\/sndevs.slack.com\/files\/cpao\/F4FEFRXPA\/screen_shot_2017-03-09_at_1.43.00_pm.png",
            "permalink_public": "https:\/\/slack-files.com\/T0E2AD6AY-F4FEFRXPA-ab8e6bf7cc",
            "channels": [
                "C36D45F60"
            ],
            "groups": [],
            "ims": [],
            "comments_count": 0
        },
        "user": "U4DKJN85A",
        "upload": true,
        "display_as_bot": false,
        "username": "cpao",
        "bot_id": null,
        "ts": "1489085022.575934"
    },
    {
        "type": "message",
        "user": "U0ED7DUBD",
        "text": "How’s it look when you shrink it to phone size?",
        "ts": "1489085061.586712"
    },
    {
        "type": "message",
        "subtype": "file_share",
        "text": "<@U4DKJN85A|cpao> uploaded a file: <https:\/\/sndevs.slack.com\/files\/cpao\/F4GRVVAA2\/screen_shot_2017-03-09_at_1.44.43_pm.png|@dfranko same just skinnier>",
        "file": {
            "id": "F4GRVVAA2",
            "created": 1489085113,
            "timestamp": 1489085113,
            "name": "Screen Shot 2017-03-09 at 1.44.43 PM.png",
            "title": "@dfranko same just skinnier",
            "mimetype": "image\/png",
            "filetype": "png",
            "pretty_type": "PNG",
            "user": "U4DKJN85A",
            "editable": false,
            "size": 92149,
            "mode": "hosted",
            "is_external": false,
            "external_type": "",
            "is_public": true,
            "public_url_shared": false,
            "display_as_bot": false,
            "username": "",
            "url_private": "https:\/\/files.slack.com\/files-pri\/T0E2AD6AY-F4GRVVAA2\/screen_shot_2017-03-09_at_1.44.43_pm.png?t=xoxe-14078448372-167243557781-166475819265-182f5ebf49",
            "url_private_download": "https:\/\/files.slack.com\/files-pri\/T0E2AD6AY-F4GRVVAA2\/download\/screen_shot_2017-03-09_at_1.44.43_pm.png?t=xoxe-14078448372-167243557781-166475819265-182f5ebf49",
            "thumb_64": "https:\/\/files.slack.com\/files-tmb\/T0E2AD6AY-F4GRVVAA2-a8b1ac1534\/screen_shot_2017-03-09_at_1.44.43_pm_64.png?t=xoxe-14078448372-167243557781-166475819265-182f5ebf49",
            "thumb_80": "https:\/\/files.slack.com\/files-tmb\/T0E2AD6AY-F4GRVVAA2-a8b1ac1534\/screen_shot_2017-03-09_at_1.44.43_pm_80.png?t=xoxe-14078448372-167243557781-166475819265-182f5ebf49",
            "thumb_360": "https:\/\/files.slack.com\/files-tmb\/T0E2AD6AY-F4GRVVAA2-a8b1ac1534\/screen_shot_2017-03-09_at_1.44.43_pm_360.png?t=xoxe-14078448372-167243557781-166475819265-182f5ebf49",
            "thumb_360_w": 326,
            "thumb_360_h": 360,
            "thumb_480": "https:\/\/files.slack.com\/files-tmb\/T0E2AD6AY-F4GRVVAA2-a8b1ac1534\/screen_shot_2017-03-09_at_1.44.43_pm_480.png?t=xoxe-14078448372-167243557781-166475819265-182f5ebf49",
            "thumb_480_w": 435,
            "thumb_480_h": 480,
            "thumb_160": "https:\/\/files.slack.com\/files-tmb\/T0E2AD6AY-F4GRVVAA2-a8b1ac1534\/screen_shot_2017-03-09_at_1.44.43_pm_160.png?t=xoxe-14078448372-167243557781-166475819265-182f5ebf49",
            "thumb_720": "https:\/\/files.slack.com\/files-tmb\/T0E2AD6AY-F4GRVVAA2-a8b1ac1534\/screen_shot_2017-03-09_at_1.44.43_pm_720.png?t=xoxe-14078448372-167243557781-166475819265-182f5ebf49",
            "thumb_720_w": 653,
            "thumb_720_h": 720,
            "image_exif_rotation": 1,
            "original_w": 778,
            "original_h": 858,
            "permalink": "https:\/\/sndevs.slack.com\/files\/cpao\/F4GRVVAA2\/screen_shot_2017-03-09_at_1.44.43_pm.png",
            "permalink_public": "https:\/\/slack-files.com\/T0E2AD6AY-F4GRVVAA2-2a87a39721",
            "channels": [
                "C36D45F60"
            ],
            "groups": [],
            "ims": [],
            "comments_count": 0
        },
        "user": "U4DKJN85A",
        "upload": true,
        "display_as_bot": false,
        "username": "cpao",
        "bot_id": null,
        "ts": "1489085116.601167"
    },
    {
        "type": "message",
        "user": "U0ED7DUBD",
        "text": "Cool.  Only thing I can think of is maybe a last updated date in addition to the created and the feedback received icons seem a little oversized?",
        "thread_ts": "1489085254.640050",
        "reply_count": 1,
        "replies": [
            {
                "user": "U4DKJN85A",
                "ts": "1489085482.702327"
            }
        ],
        "unread_count": 1,
        "ts": "1489085254.640050"
    },
    {
        "type": "message",
        "user": "U4DKJN85A",
        "text": "Good idea. And yeah I think the received state icon is a bit too big right now. Since this is still in prototyping mode for client, trying to get the idea across and see what direction they want to take it in next. I’ll add in the last updated field so thanks!",
        "thread_ts": "1489085254.640050",
        "parent_user_id": "U0ED7DUBD",
        "ts": "1489085482.702327"
    },
    {
        "type": "message",
        "user": "U13UK17PS",
        "text": "<@U4DKJN85A> hey do you happen to have any experience messing around in `system mobile ui`?",
        "thread_ts": "1489086439.965749",
        "reply_count": 1,
        "replies": [
            {
                "user": "U4DKJN85A",
                "ts": "1489086456.970486"
            }
        ],
        "unread_count": 1,
        "ts": "1489086439.965749"
    },
    {
        "type": "message",
        "user": "U4DKJN85A",
        "text": "in the app? not too much unfortunately",
        "edited": {
            "user": "U4DKJN85A",
            "ts": "1489086520.000000"
        },
        "thread_ts": "1489086439.965749",
        "parent_user_id": "U13UK17PS",
        "ts": "1489086456.970486"
    },
    {
        "user": "U4GT0UJ3G",
        "text": "<@U4GT0UJ3G|shantcancik> has joined the channel",
        "type": "message",
        "subtype": "channel_join",
        "ts": "1489088746.587239"
    },
    {
        "user": "U4G7201GA",
        "text": "<@U4G7201GA|tony2times2times> has joined the channel",
        "type": "message",
        "subtype": "channel_join",
        "ts": "1489088906.630445"
    },
    {
        "type": "message",
        "user": "U104Y4770",
        "text": "ha, <@U4DKJN85A>, that just gave me flashbacks to one of the most awkward meetings I’ve ever been in",
        "thread_ts": "1489095292.241388",
        "reply_count": 8,
        "replies": [
            {
                "user": "U4DKJN85A",
                "ts": "1489095307.245038"
            },
            {
                "user": "U104Y4770",
                "ts": "1489095367.258820"
            },
            {
                "user": "U4DKJN85A",
                "ts": "1489095431.274868"
            },
            {
                "user": "U4DKJN85A",
                "ts": "1489095443.278089"
            },
            {
                "user": "U104Y4770",
                "ts": "1489095451.280054"
            },
            {
                "user": "U104Y4770",
                "ts": "1489095462.282999"
            },
            {
                "user": "U104Y4770",
                "ts": "1489095484.288330"
            },
            {
                "user": "U4DKJN85A",
                "ts": "1489095525.297887"
            }
        ],
        "unread_count": 8,
        "ts": "1489095292.241388"
    },
    {
        "type": "message",
        "user": "U4DKJN85A",
        "text": "haha go on....",
        "thread_ts": "1489095292.241388",
        "parent_user_id": "U104Y4770",
        "ts": "1489095307.245038"
    },
    {
        "type": "message",
        "user": "U104Y4770",
        "text": "We were in a meeting to discuss an outage workflow and there was a new PM there who said literally no less than a dozen times that they REALLY thought there should be a way for people to thumbs up\/down if an outage is affecting them… because that’s what they had at their last job",
        "edited": {
            "user": "U104Y4770",
            "ts": "1489095375.000000"
        },
        "thread_ts": "1489095292.241388",
        "parent_user_id": "U104Y4770",
        "ts": "1489095367.258820"
    },
    {
        "type": "message",
        "user": "U4DKJN85A",
        "text": "Haha nice. what made it awkward?",
        "thread_ts": "1489095292.241388",
        "parent_user_id": "U104Y4770",
        "ts": "1489095431.274868"
    },
    {
        "type": "message",
        "user": "U4DKJN85A",
        "text": "just the # of times he brought it up?",
        "thread_ts": "1489095292.241388",
        "parent_user_id": "U104Y4770",
        "ts": "1489095443.278089"
    },
    {
        "type": "message",
        "user": "U104Y4770",
        "text": "the fact that they kept saying the same thing over… and over… and over, and no one else in the room thought it was  a good idea",
        "thread_ts": "1489095292.241388",
        "parent_user_id": "U104Y4770",
        "ts": "1489095451.280054"
    },
    {
        "type": "message",
        "user": "U104Y4770",
        "text": "and it was clear they weren’t able to contribute anything other than… “at my last job we did x\"",
        "thread_ts": "1489095292.241388",
        "parent_user_id": "U104Y4770",
        "ts": "1489095462.282999"
    },
    {
        "type": "message",
        "user": "U104Y4770",
        "text": "not saying what you did wasn’t a good idea, just that it didn’t make sense in the context of what we were doing",
        "thread_ts": "1489095292.241388",
        "parent_user_id": "U104Y4770",
        "ts": "1489095484.288330"
    },
    {
        "type": "message",
        "user": "U4DKJN85A",
        "text": "Gotcha. No worries! This is something we decided to build for the client to help drive them towards using outage and problem management more actively",
        "thread_ts": "1489095292.241388",
        "parent_user_id": "U104Y4770",
        "ts": "1489095525.297887"
    }
]