[
    {
        "user": "U4RUQ2YD7",
        "text": "<@U4RUQ2YD7|trenzi> has joined the channel",
        "type": "message",
        "subtype": "channel_join",
        "ts": "1490961584.861256"
    },
    {
        "user": "U4TFBUEUW",
        "text": "<@U4TFBUEUW|gthor7> has joined the channel",
        "type": "message",
        "subtype": "channel_join",
        "ts": "1490980237.388516"
    },
    {
        "user": "U4STKSTB7",
        "text": "<@U4STKSTB7|cwtanguyen> has joined the channel",
        "type": "message",
        "subtype": "channel_join",
        "ts": "1490981009.699754"
    }
]