[
    {
        "user": "U47ND74EP",
        "text": "<@U47ND74EP|brandyc> has joined the channel",
        "type": "message",
        "subtype": "channel_join",
        "ts": "1487600734.782671"
    },
    {
        "user": "U474WDR5W",
        "text": "<@U474WDR5W|sjohnson> has joined the channel",
        "type": "message",
        "subtype": "channel_join",
        "ts": "1487605902.882421"
    },
    {
        "user": "U476LF1NU",
        "text": "<@U476LF1NU|aanderson> has joined the channel",
        "type": "message",
        "subtype": "channel_join",
        "ts": "1487612993.779158"
    },
    {
        "type": "message",
        "user": "U0ED7DUBD",
        "text": "Also, anyone got a notification preference widget?",
        "ts": "1487615470.525351"
    },
    {
        "user": "U47UVT326",
        "text": "<@U47UVT326|nader> has joined the channel",
        "type": "message",
        "subtype": "channel_join",
        "ts": "1487620284.956816"
    },
    {
        "type": "message",
        "user": "U2PL7CPBR",
        "text": "My typehead search seems to only search the knowledge base associated with that portal page, has anyone every figured out a way to use this widget to search across KBs\/Portals?",
        "ts": "1487622990.006945"
    },
    {
        "type": "message",
        "user": "U0E96U52M",
        "text": "<@U2PL7CPBR> im not sure what is available in the sp widgets but i know that \"OneSearch\" works great, and can be pretty easily set up",
        "ts": "1487625347.688388"
    },
    {
        "type": "message",
        "user": "U0E96U52M",
        "text": "otherwise you could roll your own",
        "ts": "1487625353.689810"
    },
    {
        "type": "message",
        "user": "U0E96U52M",
        "text": "make a script include to search things on keyup events",
        "ts": "1487625367.693029"
    },
    {
        "type": "message",
        "user": "U235A44S0",
        "text": "I have been following OneSearch. It looks pretty good thus far.",
        "ts": "1487641532.500408"
    }
]