[
    {
        "type": "message",
        "user": "U1ALM3K24",
        "text": "Good morning, has anyone seen the issue I am experiencing where I cannot add a container to a new page I created?",
        "ts": "1485874901.000895"
    },
    {
        "type": "message",
        "user": "U0KA6CNR0",
        "text": "what occurs when you attempt to?",
        "ts": "1485874939.000896"
    },
    {
        "type": "message",
        "user": "U1ALM3K24",
        "text": "I just get the no symbol. I think I got it though. Apparently you have to drag the container to \"juuust the right spot on the page\"",
        "ts": "1485875033.000897"
    },
    {
        "type": "message",
        "user": "U0KA6CNR0",
        "text": "yeah, its a little wonky..",
        "ts": "1485875095.000898"
    },
    {
        "type": "message",
        "user": "U0KA6CNR0",
        "text": "if need be, from the native ui, load the page record, and you can add the container from the related list",
        "ts": "1485875138.000899"
    },
    {
        "type": "message",
        "user": "U1ALM3K24",
        "text": "ahh. Great tip!",
        "ts": "1485875160.000900"
    },
    {
        "type": "message",
        "user": "U1ALM3K24",
        "text": "After I got the container added I could add layouts like a boss!",
        "ts": "1485875170.000901"
    },
    {
        "type": "message",
        "user": "U1ALM3K24",
        "text": "<https:\/\/community.servicenow.com\/community\/develop\/blog\/2016\/11\/18\/single-page-app-on-service-portal-part-1-ui-router>",
        "attachments": [
            {
                "title": "Developer Community: Single page app on Service... | ServiceNow Community",
                "title_link": "https:\/\/community.servicenow.com\/community\/develop\/blog\/2016\/11\/18\/single-page-app-on-service-portal-part-1-ui-router",
                "text": "\"Single-Page Applications are Web apps that load a single HTML page and dynamically update that page as the user interacts with the app. \" Microsoft",
                "fallback": "Developer Community: Single page app on Service... | ServiceNow Community",
                "from_url": "https:\/\/community.servicenow.com\/community\/develop\/blog\/2016\/11\/18\/single-page-app-on-service-portal-part-1-ui-router",
                "service_icon": "https:\/\/community.servicenow.com\/8.0.4.21bdc7e\/themes\/servicenow\/img\/favicon.ico",
                "service_name": "community.servicenow.com",
                "id": 1
            }
        ],
        "ts": "1485875408.000902"
    },
    {
        "type": "message",
        "user": "U1ALM3K24",
        "text": "I am trying to set this up on my Istanbul instance but having some troubles. I have gone through this article 2 times, but when previewing the page that has the widget contained in it, I don't see the text or the button.",
        "ts": "1485875446.000904"
    },
    {
        "type": "message",
        "user": "U1ALM3K24",
        "text": "Could I get some help with this?",
        "ts": "1485875455.000905"
    },
    {
        "type": "message",
        "user": "U1ALM3K24",
        "text": "I solved my own issue... I still had the boilerplate client script function in there, as well as the newly created function. After I removed the boilerplate code this worked like a charm.",
        "ts": "1485876015.000906"
    },
    {
        "user": "U3YS1TV34",
        "text": "<@U3YS1TV34|nmayo> has joined the channel",
        "type": "message",
        "subtype": "channel_join",
        "ts": "1485876588.000907"
    },
    {
        "type": "message",
        "user": "U0KA6CNR0",
        "text": "Welcome!",
        "ts": "1485876597.000908"
    },
    {
        "type": "message",
        "user": "U3YS1TV34",
        "text": "Thank you!!",
        "ts": "1485877094.000909"
    },
    {
        "user": "U3Y6X78AV",
        "text": "<@U3Y6X78AV|sncsenpai> has joined the channel",
        "type": "message",
        "subtype": "channel_join",
        "ts": "1485879140.000910"
    },
    {
        "user": "U3Z0NUM7X",
        "text": "<@U3Z0NUM7X|aditi> has joined the channel",
        "type": "message",
        "subtype": "channel_join",
        "ts": "1485880980.000911"
    },
    {
        "user": "U1WAV4R1R",
        "text": "<@U1WAV4R1R|saif.azmi> has joined the channel",
        "type": "message",
        "subtype": "channel_join",
        "ts": "1485883885.000912"
    }
]