[
    {
        "type": "message",
        "user": "U0V9PD50R",
        "text": "has anyone gotten bootstrap tooltips to work?",
        "ts": "1486060657.000923"
    },
    {
        "type": "message",
        "user": "U3BU8FGKV",
        "text": "<@U0V9PD50R> go with ui-bootstrap tooltips. I've had better luck with those.",
        "edited": {
            "user": "U3BU8FGKV",
            "ts": "1486060779.000000"
        },
        "ts": "1486060766.000924"
    },
    {
        "type": "message",
        "user": "U0V9PD50R",
        "text": "well that looks a lot more simple...lol",
        "ts": "1486060887.000926"
    },
    {
        "type": "message",
        "user": "U3BU8FGKV",
        "text": "yeah, they 'just work' :slightly_smiling_face:",
        "ts": "1486060894.000927"
    },
    {
        "type": "message",
        "user": "U0V9PD50R",
        "text": "that's what i like...lol",
        "ts": "1486060904.000928"
    },
    {
        "type": "message",
        "user": "U0KA6CNR0",
        "text": "anyone played with ngMaterial tooltips?\"",
        "ts": "1486060947.000929"
    },
    {
        "type": "message",
        "user": "U0KA6CNR0",
        "text": "i've had some success with it",
        "ts": "1486060952.000930"
    },
    {
        "user": "U415648JK",
        "text": "<@U415648JK|jaya> has joined the channel",
        "type": "message",
        "subtype": "channel_join",
        "ts": "1486101333.000931"
    }
]