[
    {
        "type": "message",
        "user": "U3UDYLW6N",
        "text": "<@U0ED7DUBD> I always prefer editing large scripts outside of chrome, would have preferred intellij.",
        "ts": "1486375325.001003"
    },
    {
        "user": "U41E8UCRY",
        "text": "<@U41E8UCRY|dennis.melchi> has joined the channel",
        "type": "message",
        "subtype": "channel_join",
        "ts": "1486388475.001004"
    },
    {
        "type": "message",
        "user": "U0KA6CNR0",
        "text": "<@U41E8UCRY> welcome to our little corner of Slack",
        "ts": "1486391169.001005"
    },
    {
        "type": "message",
        "user": "U0V9PD50R",
        "text": "if you embed a widget client side, how do you pass it options?",
        "ts": "1486396718.001006"
    },
    {
        "type": "message",
        "user": "U0V9PD50R",
        "text": "is it still options={} in the html template?",
        "ts": "1486396740.001007"
    },
    {
        "type": "message",
        "user": "U3BU8FGKV",
        "text": "You got it, <@U0V9PD50R> <https:\/\/github.com\/service-portal\/documentation\/blob\/master\/documentation\/widget_embedded.md>",
        "attachments": [
            {
                "service_name": "GitHub",
                "title": "service-portal\/documentation",
                "title_link": "https:\/\/github.com\/service-portal\/documentation\/blob\/master\/documentation\/widget_embedded.md",
                "text": "Here you will find unofficial documentation for the ServiceNow Service Portal technology. The materials here have been written by the developers for the developers. In other words, if you are going...",
                "fallback": "GitHub: service-portal\/documentation",
                "thumb_url": "https:\/\/avatars2.githubusercontent.com\/u\/19556914?v=3&s=400",
                "from_url": "https:\/\/github.com\/service-portal\/documentation\/blob\/master\/documentation\/widget_embedded.md",
                "thumb_width": 334,
                "thumb_height": 334,
                "service_icon": "https:\/\/github.com\/apple-touch-icon.png",
                "id": 1
            }
        ],
        "ts": "1486398725.001008"
    },
    {
        "type": "message",
        "user": "U0V9PD50R",
        "text": "yeah i was having trouble calling the options through the template - so i used the api reference and pushed them through the get method instead - <https:\/\/github.com\/service-portal\/documentation\/blob\/master\/documentation\/widget_embedded.md#api-reference>",
        "attachments": [
            {
                "service_name": "GitHub",
                "title": "service-portal\/documentation",
                "title_link": "https:\/\/github.com\/service-portal\/documentation\/blob\/master\/documentation\/widget_embedded.md#api-reference",
                "text": "Here you will find unofficial documentation for the ServiceNow Service Portal technology. The materials here have been written by the developers for the developers. In other words, if you are going...",
                "fallback": "GitHub: service-portal\/documentation",
                "thumb_url": "https:\/\/avatars2.githubusercontent.com\/u\/19556914?v=3&s=400",
                "from_url": "https:\/\/github.com\/service-portal\/documentation\/blob\/master\/documentation\/widget_embedded.md#api-reference",
                "thumb_width": 334,
                "thumb_height": 334,
                "service_icon": "https:\/\/github.com\/apple-touch-icon.png",
                "id": 1
            }
        ],
        "ts": "1486398816.001010"
    },
    {
        "type": "message",
        "user": "U0V9PD50R",
        "text": "well i know it looks like the same link, but it points directly to the api reference4 section ...lol",
        "ts": "1486398836.001012"
    },
    {
        "user": "U41MRSWUU",
        "text": "<@U41MRSWUU|justin.null> has joined the channel",
        "type": "message",
        "subtype": "channel_join",
        "ts": "1486406722.001013"
    },
    {
        "user": "U42F2DZ2S",
        "text": "<@U42F2DZ2S|jdevlin> has joined the channel",
        "type": "message",
        "subtype": "channel_join",
        "ts": "1486428154.001014"
    },
    {
        "user": "U41NG8H6X",
        "text": "<@U41NG8H6X|techmetz> has joined the channel",
        "type": "message",
        "subtype": "channel_join",
        "ts": "1486428166.001015"
    }
]