[
    {
        "type": "message",
        "user": "U0KA6CNR0",
        "text": "new chrome plugin that i've found very helpful - <https:\/\/chrome.google.com\/webstore\/detail\/angular-scope-inspector\/aaglpchhlnofjbbpopfdfgllfkhnljnl>",
        "attachments": [
            {
                "title": "Angular Scope Inspector",
                "title_link": "https:\/\/chrome.google.com\/webstore\/detail\/angular-scope-inspector\/aaglpchhlnofjbbpopfdfgllfkhnljnl",
                "text": "Help you debug AngularJs scope, inside the Elements tab of the Developer Toolbar.",
                "fallback": "Angular Scope Inspector",
                "from_url": "https:\/\/chrome.google.com\/webstore\/detail\/angular-scope-inspector\/aaglpchhlnofjbbpopfdfgllfkhnljnl",
                "thumb_url": "https:\/\/lh5.googleusercontent.com\/ebp-UIv-BS4zsq5XJ3K8qwDwGtrpZSUPu_4_kV_VvOcWqAOAh_vm-kQ88LzLXSFzcY2fGeD5Mg",
                "thumb_width": 128,
                "thumb_height": 128,
                "service_icon": "https:\/\/www.google.com\/images\/icons\/product\/chrome_web_store-32.png",
                "service_name": "chrome.google.com",
                "id": 1
            }
        ],
        "ts": "1486736743.948409"
    },
    {
        "type": "message",
        "user": "U0KA6CNR0",
        "text": "instead of having to manually log out $scope",
        "ts": "1486736762.955121"
    },
    {
        "user": "U44G9PL3Z",
        "text": "<@U44G9PL3Z|bardakov> has joined the channel",
        "type": "message",
        "subtype": "channel_join",
        "ts": "1486738766.920374"
    },
    {
        "type": "message",
        "user": "U0KA6CNR0",
        "text": "welcome bardakov",
        "ts": "1486740638.818302"
    },
    {
        "type": "message",
        "user": "U0V9PD50R",
        "text": "checking out that plugin <@U0KA6CNR0>",
        "ts": "1486745408.364246"
    },
    {
        "type": "message",
        "user": "U0V9PD50R",
        "text": "hey speaking of this stuff, you happy where you're at <@U0KA6CNR0>?",
        "ts": "1486745425.377620"
    },
    {
        "type": "message",
        "user": "U0KA6CNR0",
        "text": "Fast growing company despite our size",
        "ts": "1486745483.405336"
    },
    {
        "type": "message",
        "user": "U0KA6CNR0",
        "text": "i'd encourage anyone to join",
        "ts": "1486745490.408903"
    },
    {
        "type": "message",
        "user": "U235A44S0",
        "text": "<@U0KA6CNR0> What company are you with?",
        "ts": "1486746985.182016"
    },
    {
        "type": "message",
        "user": "U0KA6CNR0",
        "text": "i work for Cerna Solutions,  recently added to the INC 500",
        "ts": "1486747121.253493"
    },
    {
        "type": "message",
        "user": "U0V9PD50R",
        "text": "nice",
        "ts": "1486747127.256063"
    },
    {
        "type": "message",
        "user": "U235A44S0",
        "text": "I misread that as INDY 500",
        "ts": "1486747165.277260"
    },
    {
        "type": "message",
        "user": "U0KA6CNR0",
        "text": "not to advertise, but we are looking for CMS\/SP folks",
        "ts": "1486747167.278141"
    },
    {
        "type": "message",
        "user": "U235A44S0",
        "text": "<@U1R3SELAE> is getting better and better at SP. He has been doing some really good work",
        "ts": "1486747197.291843"
    },
    {
        "type": "message",
        "user": "U0KA6CNR0",
        "text": "I wish i could say the same...",
        "ts": "1486747215.301101"
    },
    {
        "type": "message",
        "user": "U235A44S0",
        "text": "me too. I have not had a chance to touch much SP yet",
        "ts": "1486747243.313956"
    },
    {
        "type": "message",
        "user": "U235A44S0",
        "text": "My main focus has been Service Catalog. Now, I am on Asset Management. Working on beefing up my JavaScript skills and then will start working on Angular and SP",
        "ts": "1486747284.333523"
    },
    {
        "type": "message",
        "user": "U0V9PD50R",
        "text": "i feel like in the past few months my SP\/Angular abilities have grown exponentially",
        "ts": "1486747461.414861"
    },
    {
        "type": "message",
        "user": "U235A44S0",
        "text": "That is good to hear. I was going to go for the Certified Application Developer course if it is offered at Knowledge. I think I need to start with the Scripting course first and then do that one later",
        "ts": "1486747558.458752"
    },
    {
        "type": "message",
        "user": "U0V9PD50R",
        "text": "from what i heard they are not offering scripting class this year...i'll be TA'ing the app creator class though, and they will have a SP calss",
        "ts": "1486747636.494821"
    },
    {
        "type": "message",
        "user": "U0V9PD50R",
        "text": "*class",
        "ts": "1486747640.496261"
    },
    {
        "type": "message",
        "user": "U0KA6CNR0",
        "text": "oh man, very bummed i'm not able to go.",
        "ts": "1486747667.508969"
    },
    {
        "type": "message",
        "user": "U235A44S0",
        "text": "Well, that will force my hand then. App Creator class it is then",
        "ts": "1486747720.533206"
    },
    {
        "type": "message",
        "user": "U0V9PD50R",
        "text": "hahahaha",
        "ts": "1486747739.542487"
    },
    {
        "type": "message",
        "user": "U235A44S0",
        "text": "Time to finish my scripting tutorials and practice and get into App creation in my Personal Dev environment",
        "ts": "1486747784.564705"
    },
    {
        "type": "message",
        "user": "U43260FU6",
        "text": "<@U235A44S0> i’m doing the same.  I’m using Martin Wood’s Mastering ServiceNow book to get the concepts down, then focusing on developer tutorials and working on an app within my dev instance",
        "ts": "1486747843.592901"
    },
    {
        "type": "message",
        "user": "U235A44S0",
        "text": "Yeah, I am reading through his book as well and doing the same with the developer tutorials",
        "ts": "1486747868.610937"
    },
    {
        "type": "message",
        "user": "U0V9PD50R",
        "text": "at some point i probably should do that too...lol",
        "ts": "1486748012.689762"
    },
    {
        "user": "U26H846DR",
        "text": "<@U26H846DR|btilton> has joined the channel",
        "type": "message",
        "subtype": "channel_join",
        "ts": "1486757117.525772"
    },
    {
        "user": "U2PL7CPBR",
        "text": "<@U2PL7CPBR|bsnow> has joined the channel",
        "type": "message",
        "subtype": "channel_join",
        "ts": "1486757797.854777"
    },
    {
        "user": "U43AA4W64",
        "text": "<@U43AA4W64|ctomasi> has joined the channel",
        "type": "message",
        "subtype": "channel_join",
        "ts": "1486758138.995763"
    },
    {
        "type": "message",
        "user": "U0KA6CNR0",
        "text": "<@U26H846DR> welcome!",
        "ts": "1486758718.246514"
    },
    {
        "type": "message",
        "user": "U26H846DR",
        "text": "thanks! didn't even realize this existed until I saw it linked in general",
        "ts": "1486758755.260674"
    },
    {
        "user": "U23EBK134",
        "text": "<@U23EBK134|vinay> has joined the channel",
        "type": "message",
        "subtype": "channel_join",
        "ts": "1486762559.090938"
    },
    {
        "user": "U44A9U6KY",
        "text": "<@U44A9U6KY|reed.owens> has joined the channel",
        "type": "message",
        "subtype": "channel_join",
        "ts": "1486788434.105631"
    },
    {
        "type": "message",
        "user": "U44A9U6KY",
        "text": "Hi guys!",
        "ts": "1486788520.109433"
    },
    {
        "type": "message",
        "user": "U44A9U6KY",
        "text": "Looks like everyone wants a different process flow.  Here is something we are working on and will release shortly.  It has it's own process flow also.",
        "ts": "1486788596.114272"
    },
    {
        "type": "message",
        "user": "U1R3SELAE",
        "text": "Hey great to hear that",
        "ts": "1486788642.117190"
    },
    {
        "type": "message",
        "subtype": "file_share",
        "text": "<@U44A9U6KY|reed.owens> uploaded a file: <https:\/\/sndevs.slack.com\/files\/reed.owens\/F443MNS9Z\/pasted_image_at_2017_02_10_11_49_pm.png|HRnotebook> and commented: Notebook for hrsp users to manage all the PDF\/forms for onboarding.",
        "file": {
            "id": "F443MNS9Z",
            "created": 1486788639,
            "timestamp": 1486788639,
            "name": "Pasted image at 2017_02_10 11_49 PM.png",
            "title": "HRnotebook",
            "mimetype": "image\/png",
            "filetype": "png",
            "pretty_type": "PNG",
            "user": "U44A9U6KY",
            "editable": false,
            "size": 471193,
            "mode": "hosted",
            "is_external": false,
            "external_type": "",
            "is_public": true,
            "public_url_shared": false,
            "display_as_bot": false,
            "username": "",
            "url_private": "https:\/\/files.slack.com\/files-pri\/T0E2AD6AY-F443MNS9Z\/pasted_image_at_2017_02_10_11_49_pm.png?t=xoxe-14078448372-167243557781-166475819265-182f5ebf49",
            "url_private_download": "https:\/\/files.slack.com\/files-pri\/T0E2AD6AY-F443MNS9Z\/download\/pasted_image_at_2017_02_10_11_49_pm.png?t=xoxe-14078448372-167243557781-166475819265-182f5ebf49",
            "thumb_64": "https:\/\/files.slack.com\/files-tmb\/T0E2AD6AY-F443MNS9Z-460c8b46a7\/pasted_image_at_2017_02_10_11_49_pm_64.png?t=xoxe-14078448372-167243557781-166475819265-182f5ebf49",
            "thumb_80": "https:\/\/files.slack.com\/files-tmb\/T0E2AD6AY-F443MNS9Z-460c8b46a7\/pasted_image_at_2017_02_10_11_49_pm_80.png?t=xoxe-14078448372-167243557781-166475819265-182f5ebf49",
            "thumb_360": "https:\/\/files.slack.com\/files-tmb\/T0E2AD6AY-F443MNS9Z-460c8b46a7\/pasted_image_at_2017_02_10_11_49_pm_360.png?t=xoxe-14078448372-167243557781-166475819265-182f5ebf49",
            "thumb_360_w": 149,
            "thumb_360_h": 360,
            "thumb_480": "https:\/\/files.slack.com\/files-tmb\/T0E2AD6AY-F443MNS9Z-460c8b46a7\/pasted_image_at_2017_02_10_11_49_pm_480.png?t=xoxe-14078448372-167243557781-166475819265-182f5ebf49",
            "thumb_480_w": 199,
            "thumb_480_h": 480,
            "thumb_160": "https:\/\/files.slack.com\/files-tmb\/T0E2AD6AY-F443MNS9Z-460c8b46a7\/pasted_image_at_2017_02_10_11_49_pm_160.png?t=xoxe-14078448372-167243557781-166475819265-182f5ebf49",
            "thumb_720": "https:\/\/files.slack.com\/files-tmb\/T0E2AD6AY-F443MNS9Z-460c8b46a7\/pasted_image_at_2017_02_10_11_49_pm_720.png?t=xoxe-14078448372-167243557781-166475819265-182f5ebf49",
            "thumb_720_w": 298,
            "thumb_720_h": 720,
            "thumb_960": "https:\/\/files.slack.com\/files-tmb\/T0E2AD6AY-F443MNS9Z-460c8b46a7\/pasted_image_at_2017_02_10_11_49_pm_960.png?t=xoxe-14078448372-167243557781-166475819265-182f5ebf49",
            "thumb_960_w": 397,
            "thumb_960_h": 960,
            "thumb_1024": "https:\/\/files.slack.com\/files-tmb\/T0E2AD6AY-F443MNS9Z-460c8b46a7\/pasted_image_at_2017_02_10_11_49_pm_1024.png?t=xoxe-14078448372-167243557781-166475819265-182f5ebf49",
            "thumb_1024_w": 424,
            "thumb_1024_h": 1024,
            "image_exif_rotation": 1,
            "original_w": 1002,
            "original_h": 2422,
            "permalink": "https:\/\/sndevs.slack.com\/files\/reed.owens\/F443MNS9Z\/pasted_image_at_2017_02_10_11_49_pm.png",
            "permalink_public": "https:\/\/slack-files.com\/T0E2AD6AY-F443MNS9Z-db6525ec21",
            "channels": [
                "C36D45F60"
            ],
            "groups": [],
            "ims": [],
            "comments_count": 1,
            "initial_comment": {
                "id": "Fc43F3AYJD",
                "created": 1486788639,
                "timestamp": 1486788639,
                "user": "U44A9U6KY",
                "is_intro": true,
                "comment": "Notebook for hrsp users to manage all the PDF\/forms for onboarding.",
                "channel": ""
            }
        },
        "user": "U44A9U6KY",
        "upload": true,
        "display_as_bot": false,
        "username": "reed.owens",
        "bot_id": null,
        "ts": "1486788643.117214"
    }
]