[
    {
        "user": "U4UPSPAN9",
        "text": "<@U4UPSPAN9|petter.bjorgmo> has joined the channel",
        "type": "message",
        "subtype": "channel_join",
        "ts": "1491379614.332896"
    },
    {
        "user": "U4VEGGNR5",
        "text": "<@U4VEGGNR5|donmac> has joined the channel",
        "type": "message",
        "subtype": "channel_join",
        "ts": "1491391959.703388"
    },
    {
        "user": "U4USJ683C",
        "text": "<@U4USJ683C|cmartin> has joined the channel",
        "type": "message",
        "subtype": "channel_join",
        "ts": "1491403222.906982"
    },
    {
        "user": "U4U6R2XNU",
        "text": "<@U4U6R2XNU|chris_t> has joined the channel",
        "type": "message",
        "subtype": "channel_join",
        "ts": "1491405814.254745"
    },
    {
        "user": "U4V0895B6",
        "text": "<@U4V0895B6|cmupythia> has joined the channel",
        "type": "message",
        "subtype": "channel_join",
        "ts": "1491408474.613866"
    },
    {
        "user": "U4V0KRSTW",
        "text": "<@U4V0KRSTW|t0m> has joined the channel",
        "type": "message",
        "subtype": "channel_join",
        "ts": "1491409453.064514"
    },
    {
        "user": "U4V39A3JR",
        "text": "<@U4V39A3JR|jcummings17> has joined the channel",
        "type": "message",
        "subtype": "channel_join",
        "ts": "1491413011.662615"
    },
    {
        "type": "message",
        "user": "U104Y4770",
        "text": "PSA: The Service Portal documentation lies regarding embedding widgets<https:\/\/github.com\/service-portal\/documentation\/blob\/master\/documentation\/widget_embedded.md>",
        "attachments": [
            {
                "service_name": "GitHub",
                "title": "service-portal\/documentation",
                "title_link": "https:\/\/github.com\/service-portal\/documentation\/blob\/master\/documentation\/widget_embedded.md",
                "text": "Here you will find unofficial documentation for the ServiceNow Service Portal technology. The materials here have been written by the developers for the developers. In other words, if you are going...",
                "fallback": "GitHub: service-portal\/documentation",
                "from_url": "https:\/\/github.com\/service-portal\/documentation\/blob\/master\/documentation\/widget_embedded.md",
                "thumb_url": "https:\/\/avatars2.githubusercontent.com\/u\/19556914?v=3&s=400",
                "thumb_width": 250,
                "thumb_height": 250,
                "service_icon": "https:\/\/a.slack-edge.com\/bfaba\/img\/unfurl_icons\/github.png",
                "id": 1
            }
        ],
        "ts": "1491414695.422243"
    },
    {
        "type": "message",
        "user": "U104Y4770",
        "text": "to embed a widget, use `&lt;widget id=\"your-widget-id\"&gt;&lt;\/widget&gt;`, not `&lt;sp-widget id=“your-widget-id”&gt;&lt;\/sp-widget&gt;`",
        "edited": {
            "user": "U104Y4770",
            "ts": "1491414750.000000"
        },
        "ts": "1491414746.445591"
    },
    {
        "type": "message",
        "user": "U0ED7DUBD",
        "text": "Hey, anyone have trouble with this in Service Portal?",
        "ts": "1491417755.834997"
    },
    {
        "type": "message",
        "user": "U0ED7DUBD",
        "text": "var validatedItem = new GlideappCatalogItem.get(data.sys_id);\nif (!validatedItem.canView())\nreturn;",
        "ts": "1491417757.835840"
    },
    {
        "type": "message",
        "user": "U0ED7DUBD",
        "text": "If we set ‘available for’ for particular roles for a catalog item, this seems to return false and therefore the item isn’t viewable.",
        "ts": "1491417809.859265"
    },
    {
        "type": "message",
        "user": "U0ED7DUBD",
        "text": "It does work in “vanilla” ServiceNow.",
        "ts": "1491417827.866938"
    },
    {
        "type": "message",
        "user": "U1RV83U5N",
        "text": "what kind of script record is this?",
        "ts": "1491418361.109167"
    },
    {
        "type": "message",
        "user": "U1RV83U5N",
        "text": "Catalog UI Script?",
        "ts": "1491418376.116282"
    },
    {
        "type": "message",
        "user": "U1RV83U5N",
        "text": "The SP has very different requirements for Catalog UI scripts.",
        "ts": "1491418388.121226"
    },
    {
        "type": "message",
        "user": "U0ED7DUBD",
        "text": "This is in the server side script on a widget.",
        "ts": "1491419022.414723"
    },
    {
        "type": "message",
        "user": "U0ED7DUBD",
        "text": "Like this on the OOB catalog items actually in the service portal.",
        "ts": "1491419031.418909"
    },
    {
        "type": "message",
        "user": "U1RV83U5N",
        "text": "Hmm",
        "ts": "1491419123.458931"
    },
    {
        "type": "message",
        "user": "U1RV83U5N",
        "text": "I'm confused what you mean by \"return false\" since you don't have anything after \"return\"...",
        "ts": "1491419135.464107"
    },
    {
        "type": "message",
        "user": "U1RV83U5N",
        "text": "is that within a function in your server side logic?",
        "ts": "1491419163.475744"
    },
    {
        "type": "message",
        "user": "U1RV83U5N",
        "text": "I guess a better question is, can you share more of your code",
        "ts": "1491419180.483238"
    },
    {
        "type": "message",
        "user": "U0ED7DUBD",
        "text": "This is from the OOB ‘SC Catalog Item’ widget.",
        "ts": "1491419299.533304"
    },
    {
        "type": "message",
        "user": "U0ED7DUBD",
        "text": "Line 37-39 of the server script.",
        "ts": "1491419317.541034"
    },
    {
        "type": "message",
        "user": "U0ED7DUBD",
        "text": "Problem is I can’t really tell what the logic is in GlideappCatalogItem to tell why it’s broken.",
        "ts": "1491419352.555139"
    },
    {
        "type": "message",
        "user": "U1RV83U5N",
        "text": "Sorry i'm confused. You say you put \"available for\" roles, and then the roles that you set can't see the item?",
        "ts": "1491420260.931059"
    },
    {
        "type": "message",
        "user": "U1RV83U5N",
        "text": "Or no one can see the item",
        "ts": "1491420267.933837"
    },
    {
        "type": "message",
        "user": "U1RV83U5N",
        "text": "I'm fairly certain that glideappcatalogitem is just a shorthand for gliderecord('sc_cat_item') with some extra helper methods",
        "ts": "1491420400.989264"
    },
    {
        "type": "message",
        "user": "U1RV83U5N",
        "text": "It looks like in my org we use the \"available for\" on a category as opposed to individual items.",
        "ts": "1491420535.045220"
    },
    {
        "type": "message",
        "user": "U1RV83U5N",
        "text": "which seems to work well.",
        "ts": "1491420548.050465"
    },
    {
        "type": "message",
        "user": "U0ED7DUBD",
        "text": "Yeah, exactly.",
        "ts": "1491420641.090132"
    },
    {
        "type": "message",
        "user": "U1RV83U5N",
        "text": "<@U0ED7DUBD> I can confirm that it works for me, at least with a Department qualifier in the user criteria. Maybe you'd have more luck if you added the role to a group and used that in the criteria instead?",
        "edited": {
            "user": "U1RV83U5N",
            "ts": "1491421627.000000"
        },
        "ts": "1491421607.489295"
    },
    {
        "type": "message",
        "user": "U0ED7DUBD",
        "text": "Hmmm… maybe.  Let me give that a try.",
        "ts": "1491421652.507501"
    },
    {
        "type": "message",
        "user": "U1RV83U5N",
        "text": "ALSO what version\/patch are you on? I'm finding there are a lot of SP bugs in even the most recent Helsinki patch",
        "ts": "1491421799.569274"
    },
    {
        "type": "message",
        "user": "U0ED7DUBD",
        "text": "Well, that’s interesting.",
        "ts": "1491421882.603345"
    },
    {
        "type": "message",
        "user": "U0ED7DUBD",
        "text": "Patch 7 of Helsinki.",
        "ts": "1491421888.606054"
    },
    {
        "type": "message",
        "user": "U0ED7DUBD",
        "text": "The group did seem to work actually.",
        "ts": "1491421894.608422"
    },
    {
        "type": "message",
        "user": "U0ED7DUBD",
        "text": "<@U40QFGB28> Check this out.",
        "ts": "1491421900.610993"
    },
    {
        "type": "message",
        "user": "U1RV83U5N",
        "text": "that's pretty bizzare!",
        "ts": "1491421919.618917"
    },
    {
        "type": "message",
        "user": "U0ED7DUBD",
        "text": "Indeed.  Thanks for looking though!",
        "ts": "1491422072.682571"
    },
    {
        "type": "message",
        "user": "U43DSL6PL",
        "text": "Hello, I am trying to re-direct to any external webpage from a record producer in portal. I was able to accomplish this via onSubmit client script in native SN, but doesn't work like it should in service portal. Any suggestions?",
        "ts": "1491426336.450354"
    },
    {
        "type": "message",
        "user": "U1RV83U5N",
        "text": "<@U43DSL6PL> To do redirects I had to clone the SC Catalog Item widget and customize the logic there. Client scripts on the SP don't work the same way, and you have no access to globals like `window`",
        "ts": "1491426691.582629"
    },
    {
        "type": "message",
        "user": "U43DSL6PL",
        "text": "Gotcha, and this is a global change that will affect re-directs for all catalog items from portal correct?",
        "ts": "1491426754.605523"
    },
    {
        "type": "message",
        "user": "U1RV83U5N",
        "text": "It depends on how you write your logic. You can probably easily branch on the type of catalog item loaded, or even the specific sys_id(s) of your items",
        "ts": "1491426786.617375"
    },
    {
        "type": "message",
        "user": "U1RV83U5N",
        "text": "You may have to pass whatever info you want to switch on out to the client controller from the server side.",
        "ts": "1491426823.630603"
    },
    {
        "type": "message",
        "user": "U1RV83U5N",
        "text": "And also, you'll have to replace the SC Catalog Item widget with your own on the catalog item page in the portal.",
        "ts": "1491426883.652531"
    },
    {
        "type": "message",
        "user": "U1RV83U5N",
        "text": "But yes, this would change the widget used for all catalog items.",
        "ts": "1491426893.655904"
    },
    {
        "type": "message",
        "user": "U43DSL6PL",
        "text": "I see. Thanks for the response! I will tinker around with it and see what I can come up with.",
        "ts": "1491426968.683973"
    },
    {
        "type": "message",
        "user": "U1RV83U5N",
        "text": "No problem.",
        "ts": "1491426977.687259"
    },
    {
        "type": "message",
        "user": "U1RV83U5N",
        "text": "SP List Collector widget still allows input of random junk in istanbul...",
        "ts": "1491428806.317213"
    },
    {
        "user": "U4V93UQ93",
        "text": "<@U4V93UQ93|dford> has joined the channel",
        "type": "message",
        "subtype": "channel_join",
        "ts": "1491433624.591540"
    }
]