[
    {
        "user": "U4DE6AUSZ",
        "text": "<@U4DE6AUSZ|sarbello> has joined the channel",
        "type": "message",
        "subtype": "channel_join",
        "ts": "1488557110.711207"
    },
    {
        "type": "message",
        "user": "U0V9PD50R",
        "text": "does anyone know if you can disable the sn record picker?",
        "ts": "1488557469.748952"
    },
    {
        "user": "U4E2Z0XT9",
        "text": "<@U4E2Z0XT9|baghelbt> has joined the channel",
        "type": "message",
        "subtype": "channel_join",
        "ts": "1488558549.863488"
    },
    {
        "user": "U4CPUP8D7",
        "text": "<@U4CPUP8D7|schelljwsnslack> has joined the channel",
        "type": "message",
        "subtype": "channel_join",
        "ts": "1488566166.640356"
    },
    {
        "type": "message",
        "user": "U3T6Y078A",
        "text": "Hello! Is there a way in service portal to disable the reloading\/scrolling to top when using $location.search('someParam', 'someValue'), window.history.pushState('someDate', '', '\/new-url?someParam), or window.location.hash=\"someDiv\"?\n\non a ui page, I can perform any of the above in javascript without reloading, but doing them on a service portal page will force navigation\/redirect after a couple seconds",
        "ts": "1488567625.793513"
    },
    {
        "text": "Bad! Try g_navigation",
        "type": "message",
        "subtype": "slackbot_response",
        "user": "USLACKBOT",
        "ts": "1488567627.793747"
    },
    {
        "type": "message",
        "user": "U3T6Y078A",
        "text": "its like a part of the service portal is scanning for url changes every couple seconds",
        "ts": "1488567667.798643"
    },
    {
        "user": "U4DKJN85A",
        "text": "<@U4DKJN85A|cpao> has joined the channel",
        "type": "message",
        "subtype": "channel_join",
        "ts": "1488582280.095741"
    },
    {
        "user": "U4D04FG2D",
        "text": "<@U4D04FG2D|bruckect> has joined the channel",
        "type": "message",
        "subtype": "channel_join",
        "ts": "1488598586.610595"
    }
]