[
    {
        "user": "U46KW8GL8",
        "text": "<@U46KW8GL8|diegosantiago> has joined the channel",
        "type": "message",
        "subtype": "channel_join",
        "ts": "1487420145.166764"
    },
    {
        "user": "U46MD0C01",
        "text": "<@U46MD0C01|svillilo> has joined the channel",
        "type": "message",
        "subtype": "channel_join",
        "ts": "1487433295.554025"
    },
    {
        "user": "U482X4S07",
        "text": "<@U482X4S07|kyle.brueckner> has joined the channel",
        "type": "message",
        "subtype": "channel_join",
        "ts": "1487434071.647684"
    },
    {
        "user": "U482XBGUX",
        "text": "<@U482XBGUX|ronholton> has joined the channel",
        "type": "message",
        "subtype": "channel_join",
        "ts": "1487434170.654783"
    },
    {
        "user": "U479ZEFRR",
        "text": "<@U479ZEFRR|omargmartinez> has joined the channel",
        "type": "message",
        "subtype": "channel_join",
        "ts": "1487434474.680701"
    },
    {
        "user": "U46M2AEPJ",
        "text": "<@U46M2AEPJ|adriantan> has joined the channel",
        "type": "message",
        "subtype": "channel_join",
        "ts": "1487440494.678637"
    },
    {
        "user": "U4833PP70",
        "text": "<@U4833PP70|nthumma> has joined the channel",
        "type": "message",
        "subtype": "channel_join",
        "ts": "1487441779.818853"
    },
    {
        "user": "U46MCHB5W",
        "text": "<@U46MCHB5W|odiluso> has joined the channel",
        "type": "message",
        "subtype": "channel_join",
        "ts": "1487444921.273367"
    },
    {
        "user": "U46Q6SKK3",
        "text": "<@U46Q6SKK3|cyran> has joined the channel",
        "type": "message",
        "subtype": "channel_join",
        "ts": "1487487989.504200"
    }
]