[
    {
        "type": "message",
        "user": "U3857M3T9",
        "text": "How to use GlideAjax in SP?\n<@U104Y4770> :point_up_2::skin-tone-2:",
        "ts": "1491565953.188705"
    },
    {
        "type": "message",
        "user": "U34SPJ5LG",
        "text": "SP uses angularjs, which is almost identical (functionality wise) to AJAX, as it has server script, and client script. Server script allows you access within a scoped widget to the back end. \n\nWhy do you need GlideAjax specifically?",
        "ts": "1491570832.577604"
    },
    {
        "type": "message",
        "user": "U0E96U52M",
        "text": "<@U3857M3T9> you dont.  you can use the widget code like <@U34SPJ5LG> suggest or you can use scripted end points (srapi)",
        "ts": "1491574123.920023"
    },
    {
        "type": "message",
        "user": "U3857M3T9",
        "text": "<@U34SPJ5LG>  I could't figure out how to do the task the way we do through glideajax",
        "edited": {
            "user": "U3857M3T9",
            "ts": "1491574208.000000"
        },
        "ts": "1491574193.950132"
    },
    {
        "type": "message",
        "user": "U3857M3T9",
        "text": "<@U0E96U52M> I'll look into it :blush:",
        "ts": "1491574229.965864"
    },
    {
        "user": "U4W7UFBK5",
        "text": "<@U4W7UFBK5|portalhonu> has joined the channel",
        "type": "message",
        "subtype": "channel_join",
        "ts": "1491591489.404937"
    },
    {
        "user": "U4WDSPHFW",
        "text": "<@U4WDSPHFW|stacey.bailey> has joined the channel",
        "type": "message",
        "subtype": "channel_join",
        "ts": "1491603027.192690"
    },
    {
        "user": "U4WFA1D61",
        "text": "<@U4WFA1D61|shimon.klein> has joined the channel",
        "type": "message",
        "subtype": "channel_join",
        "ts": "1491603076.202633"
    },
    {
        "user": "U4X3BDXP0",
        "text": "<@U4X3BDXP0|meaghan.grant> has joined the channel",
        "type": "message",
        "subtype": "channel_join",
        "ts": "1491603399.270585"
    },
    {
        "type": "message",
        "user": "U34SPJ5LG",
        "text": "Do the task? Form page.",
        "ts": "1491628116.548657"
    }
]