[
    {
        "user": "U3Y2EQNRH",
        "text": "<@U3Y2EQNRH|critch> has joined the channel",
        "type": "message",
        "subtype": "channel_join",
        "ts": "1485769302.000882"
    },
    {
        "type": "message",
        "user": "U3M2YLWNS",
        "text": "hello guys, I am wondering if it is possible to edit Select2 configuration (to customize the matcher)?",
        "edited": {
            "user": "U3M2YLWNS",
            "ts": "1485773846.000000"
        },
        "ts": "1485773803.000883"
    },
    {
        "type": "message",
        "user": "U3M2YLWNS",
        "text": "As shown here <https:\/\/select2.github.io\/examples.html#matcher>",
        "ts": "1485773808.000884"
    },
    {
        "user": "U3YSQPB1U",
        "text": "<@U3YSQPB1U|bhenningsen> has joined the channel",
        "type": "message",
        "subtype": "channel_join",
        "ts": "1485781769.000886"
    },
    {
        "user": "U3XGA0BFB",
        "text": "<@U3XGA0BFB|chriswaters> has joined the channel",
        "type": "message",
        "subtype": "channel_join",
        "ts": "1485782422.000887"
    },
    {
        "user": "U3Y8V8R9Q",
        "text": "<@U3Y8V8R9Q|lorenzosjb> has joined the channel",
        "type": "message",
        "subtype": "channel_join",
        "ts": "1485790382.000888"
    },
    {
        "type": "message",
        "user": "U0KA6CNR0",
        "text": "tony, i haven't played around with it much, but i'd imagine that it'd be feasible",
        "ts": "1485794089.000889"
    },
    {
        "type": "message",
        "user": "U0VRZSSPQ",
        "text": "Good morning everyone! I'm trying to figure out if there's a way for SP to use the DEFAULT cart instead of creating  a new cart record when an order is placed from the catalog....",
        "ts": "1485795240.000890"
    },
    {
        "user": "U198DC33R",
        "text": "<@U198DC33R|bizzlenetwork> has joined the channel",
        "type": "message",
        "subtype": "channel_join",
        "ts": "1485795260.000891"
    },
    {
        "user": "U3XP4BUM7",
        "text": "<@U3XP4BUM7|sean_walters> has joined the channel",
        "type": "message",
        "subtype": "channel_join",
        "ts": "1485806129.000892"
    },
    {
        "user": "U3YJ2GE20",
        "text": "<@U3YJ2GE20|lansford.hazel> has joined the channel",
        "type": "message",
        "subtype": "channel_join",
        "ts": "1485813782.000893"
    },
    {
        "user": "U3XT79GQZ",
        "text": "<@U3XT79GQZ|dubstyle70> has joined the channel",
        "type": "message",
        "subtype": "channel_join",
        "ts": "1485824006.000894"
    }
]