[
    {
        "user": "U3U708TR9",
        "text": "<@U3U708TR9|nfaucher> has joined the channel",
        "type": "message",
        "subtype": "channel_join",
        "ts": "1484922989.000826"
    },
    {
        "user": "U3UDYLW6N",
        "text": "<@U3UDYLW6N|aqib> has joined the channel",
        "type": "message",
        "subtype": "channel_join",
        "ts": "1484940560.000827"
    },
    {
        "type": "message",
        "user": "U0KA6CNR0",
        "text": "<@U3U708TR9> - never want to see the secrets behind the curtain. ",
        "ts": "1484948158.000828"
    },
    {
        "type": "message",
        "user": "U0KA6CNR0",
        "text": "But youre more than welcome!",
        "ts": "1484948174.000829",
        "reactions": [
            {
                "name": "shuffleparrot",
                "users": [
                    "U3U708TR9"
                ],
                "count": 1
            }
        ]
    },
    {
        "type": "message",
        "user": "U3U708TR9",
        "text": "<@U0KA6CNR0> so this is where you hang out eh!?!?",
        "ts": "1484949589.000830"
    },
    {
        "user": "U3V9KQ7GF",
        "text": "<@U3V9KQ7GF|jade> has joined the channel",
        "type": "message",
        "subtype": "channel_join",
        "ts": "1484976482.000831"
    }
]