[
    {
        "type": "message",
        "user": "U1R3SELAE",
        "text": "GM guys",
        "ts": "1487857281.717021"
    },
    {
        "type": "message",
        "user": "U1R3SELAE",
        "text": "getting one issue in portal form",
        "ts": "1487857288.717171"
    },
    {
        "type": "message",
        "user": "U1R3SELAE",
        "text": "choice field(dependent field) is adding extra --none-- option",
        "edited": {
            "user": "U1R3SELAE",
            "ts": "1487857322.000000"
        },
        "ts": "1487857309.717602"
    },
    {
        "type": "message",
        "user": "U1R3SELAE",
        "text": "any idea how to solve this",
        "ts": "1487857605.724129"
    },
    {
        "type": "message",
        "subtype": "file_share",
        "text": "<@U1R3SELAE|artemis> uploaded a file: <https:\/\/sndevs.slack.com\/files\/artemis\/F49FU6JTF\/pasted_image_at_2017_02_23_07_19_pm.png|Pasted image at 2017-02-23, 7:19 PM>",
        "file": {
            "id": "F49FU6JTF",
            "created": 1487857753,
            "timestamp": 1487857753,
            "name": "Pasted image at 2017_02_23 07_19 PM.png",
            "title": "Pasted image at 2017-02-23, 7:19 PM",
            "mimetype": "image\/png",
            "filetype": "png",
            "pretty_type": "PNG",
            "user": "U1R3SELAE",
            "editable": false,
            "size": 33505,
            "mode": "hosted",
            "is_external": false,
            "external_type": "",
            "is_public": true,
            "public_url_shared": false,
            "display_as_bot": false,
            "username": "",
            "url_private": "https:\/\/files.slack.com\/files-pri\/T0E2AD6AY-F49FU6JTF\/pasted_image_at_2017_02_23_07_19_pm.png?t=xoxe-14078448372-167243557781-166475819265-182f5ebf49",
            "url_private_download": "https:\/\/files.slack.com\/files-pri\/T0E2AD6AY-F49FU6JTF\/download\/pasted_image_at_2017_02_23_07_19_pm.png?t=xoxe-14078448372-167243557781-166475819265-182f5ebf49",
            "thumb_64": "https:\/\/files.slack.com\/files-tmb\/T0E2AD6AY-F49FU6JTF-3daef45926\/pasted_image_at_2017_02_23_07_19_pm_64.png?t=xoxe-14078448372-167243557781-166475819265-182f5ebf49",
            "thumb_80": "https:\/\/files.slack.com\/files-tmb\/T0E2AD6AY-F49FU6JTF-3daef45926\/pasted_image_at_2017_02_23_07_19_pm_80.png?t=xoxe-14078448372-167243557781-166475819265-182f5ebf49",
            "thumb_360": "https:\/\/files.slack.com\/files-tmb\/T0E2AD6AY-F49FU6JTF-3daef45926\/pasted_image_at_2017_02_23_07_19_pm_360.png?t=xoxe-14078448372-167243557781-166475819265-182f5ebf49",
            "thumb_360_w": 360,
            "thumb_360_h": 229,
            "thumb_480": "https:\/\/files.slack.com\/files-tmb\/T0E2AD6AY-F49FU6JTF-3daef45926\/pasted_image_at_2017_02_23_07_19_pm_480.png?t=xoxe-14078448372-167243557781-166475819265-182f5ebf49",
            "thumb_480_w": 480,
            "thumb_480_h": 305,
            "thumb_160": "https:\/\/files.slack.com\/files-tmb\/T0E2AD6AY-F49FU6JTF-3daef45926\/pasted_image_at_2017_02_23_07_19_pm_160.png?t=xoxe-14078448372-167243557781-166475819265-182f5ebf49",
            "thumb_720": "https:\/\/files.slack.com\/files-tmb\/T0E2AD6AY-F49FU6JTF-3daef45926\/pasted_image_at_2017_02_23_07_19_pm_720.png?t=xoxe-14078448372-167243557781-166475819265-182f5ebf49",
            "thumb_720_w": 720,
            "thumb_720_h": 458,
            "image_exif_rotation": 1,
            "original_w": 777,
            "original_h": 494,
            "permalink": "https:\/\/sndevs.slack.com\/files\/artemis\/F49FU6JTF\/pasted_image_at_2017_02_23_07_19_pm.png",
            "permalink_public": "https:\/\/slack-files.com\/T0E2AD6AY-F49FU6JTF-eb62dee27a",
            "channels": [
                "C36D45F60"
            ],
            "groups": [],
            "ims": [],
            "comments_count": 0
        },
        "user": "U1R3SELAE",
        "upload": true,
        "display_as_bot": false,
        "username": "artemis",
        "bot_id": null,
        "ts": "1487857755.727286"
    },
    {
        "type": "message",
        "user": "U235A44S0",
        "text": "This is a Choice list?",
        "ts": "1487858021.733754"
    },
    {
        "type": "message",
        "user": "U1R3SELAE",
        "text": "Yes",
        "ts": "1487858036.734098"
    },
    {
        "type": "message",
        "user": "U1R3SELAE",
        "text": "Dependent choice on function",
        "ts": "1487858046.734283"
    },
    {
        "type": "message",
        "user": "U235A44S0",
        "text": "So, for the Dictionary Entry, on the Choice selection, I would imagine you have `Dropdown with -- None --` selected",
        "ts": "1487858084.735146"
    },
    {
        "type": "message",
        "user": "U1R3SELAE",
        "text": "Yea",
        "ts": "1487858099.735439"
    },
    {
        "type": "message",
        "user": "U235A44S0",
        "text": "In your Choices list on the Dictionary, do any of the values have -- None -- or no Label?",
        "ts": "1487858148.736636"
    },
    {
        "type": "message",
        "user": "U1R3SELAE",
        "text": "Nups",
        "ts": "1487858165.737023"
    },
    {
        "type": "message",
        "user": "U235A44S0",
        "text": "Ok, focusing on Function then",
        "ts": "1487858204.738074"
    },
    {
        "type": "message",
        "user": "U235A44S0",
        "text": "Is that the same for Function as well?",
        "ts": "1487858212.738287"
    },
    {
        "type": "message",
        "user": "U1R3SELAE",
        "text": "Yea",
        "ts": "1487858221.738542"
    },
    {
        "type": "message",
        "user": "U235A44S0",
        "text": "As in, could it be pulling `-- None --` from Function?",
        "ts": "1487858231.738807"
    },
    {
        "type": "message",
        "user": "U1R3SELAE",
        "text": "No",
        "ts": "1487858285.740151"
    },
    {
        "type": "message",
        "user": "U1R3SELAE",
        "text": "I dont think so",
        "ts": "1487858289.740373"
    },
    {
        "type": "message",
        "user": "U235A44S0",
        "text": "That is interesting",
        "ts": "1487858473.745114"
    },
    {
        "type": "message",
        "user": "U1R3SELAE",
        "text": "hmm",
        "ts": "1487858604.748691"
    },
    {
        "type": "message",
        "user": "U1R3SELAE",
        "text": "this is stange",
        "ts": "1487858619.749047"
    },
    {
        "type": "message",
        "user": "U235A44S0",
        "text": "What is strange?",
        "ts": "1487858888.756694"
    },
    {
        "type": "message",
        "user": "U1R3SELAE",
        "text": "interesting is strange",
        "ts": "1487858984.760720"
    },
    {
        "type": "message",
        "user": "U3Y6X78AV",
        "text": "Hey <@U1R3SELAE> There's something in the HI Known Error Knowledge Base that seems similar to what you have - KB0610427. Does this help?",
        "ts": "1487860582.811695"
    },
    {
        "type": "message",
        "user": "U1R3SELAE",
        "text": "Can you provide me link",
        "ts": "1487865723.007647"
    },
    {
        "type": "message",
        "user": "U1R3SELAE",
        "text": "Will try to open in my phn",
        "ts": "1487865732.008004"
    },
    {
        "type": "message",
        "user": "U235A44S0",
        "text": "see if I can pull one for you",
        "ts": "1487865743.008615"
    },
    {
        "type": "message",
        "user": "U235A44S0",
        "text": "<https:\/\/hi.service-now.com\/kb_view.do?sysparm_article=KB0610427>",
        "attachments": [
            {
                "service_name": "ServiceNow Knowledge Base",
                "title": "ServiceNow KB: PRB714724: Multiple instance of -- None -- appear in Service Portal dropdown (select) boxes when populated by addOption via Client Script (KB0610427)",
                "title_link": "https:\/\/hi.service-now.com\/kb_view.do?sysparm_article=KB0610427",
                "text": "Description. When a dropdown (select) box is populated via addOption and -- None -- is added, multiple instances of -- None -- appear in the list even though Unique values only is selected in the v...",
                "fallback": "ServiceNow Knowledge Base: ServiceNow KB: PRB714724: Multiple instance of -- None -- appear in Service Portal dropdown (select) boxes when populated by addOption via Client Script (KB0610427)",
                "thumb_url": "https:\/\/hi.service-now.com\/KB_Icon_484x252px.jpegx",
                "ts": 1484035200,
                "from_url": "https:\/\/hi.service-now.com\/kb_view.do?sysparm_article=KB0610427",
                "thumb_width": 484,
                "thumb_height": 252,
                "service_icon": "https:\/\/hi.service-now.com\/favicon.ico",
                "id": 1
            }
        ],
        "ts": "1487865866.013513"
    },
    {
        "type": "message",
        "user": "U235A44S0",
        "text": "If you cannot access the content of the article, let me know and I will pull it for you",
        "ts": "1487865908.015127"
    },
    {
        "type": "message",
        "user": "U1R3SELAE",
        "text": "well this is not what i 'm looking for",
        "ts": "1487869916.183193"
    },
    {
        "type": "message",
        "user": "U1R3SELAE",
        "text": "this is for adding values via addOption",
        "ts": "1487869929.183617"
    },
    {
        "type": "message",
        "user": "U15LF2CTD",
        "text": "<@U1R3SELAE> ... not quite a resolution, but what happens if you add your own Null variable to the choice list to replace the default \"-- None --\"",
        "ts": "1487870257.196646"
    },
    {
        "type": "message",
        "user": "U1R3SELAE",
        "text": "I got 3 none then",
        "ts": "1487870275.197480"
    },
    {
        "type": "message",
        "user": "U1R3SELAE",
        "text": ":cry:",
        "ts": "1487870277.197545"
    },
    {
        "type": "message",
        "user": "U15LF2CTD",
        "text": "Lol...how odd......",
        "ts": "1487870348.200798"
    },
    {
        "type": "message",
        "user": "U104Y4770",
        "text": "I’ve had this same issue",
        "ts": "1487870368.201627"
    },
    {
        "type": "message",
        "user": "U1R3SELAE",
        "text": "how did u solve this one?",
        "ts": "1487870442.204212"
    },
    {
        "type": "message",
        "user": "U104Y4770",
        "text": "",
        "bot_id": "B0NUYRN04",
        "attachments": [
            {
                "fallback": "giphy: http:\/\/giphy.com\/gifs\/form-z9AUvhAEiXOqA",
                "image_url": "http:\/\/media.giphy.com\/media\/z9AUvhAEiXOqA\/giphy-tumblr.gif",
                "image_width": 250,
                "image_height": 139,
                "image_bytes": 780095,
                "is_animated": true,
                "title": "dog fire this is fine",
                "footer": "Posted using \/giphy",
                "id": 1,
                "title_link": "http:\/\/giphy.com\/gifs\/form-z9AUvhAEiXOqA"
            }
        ],
        "ts": "1487870509.206955",
        "reactions": [
            {
                "name": "the_horns",
                "users": [
                    "U2V15S3MF"
                ],
                "count": 1
            }
        ]
    },
    {
        "type": "message",
        "user": "U1R3SELAE",
        "text": "this issue is making me nuts",
        "ts": "1487870979.227058"
    },
    {
        "type": "message",
        "user": "U0V9PD50R",
        "text": "<@U1R3SELAE> - it could be part of the sp-form-model that you don't have access too...",
        "ts": "1487871301.239067"
    },
    {
        "type": "message",
        "user": "U1R3SELAE",
        "text": "hmmm",
        "ts": "1487871314.239543"
    },
    {
        "type": "message",
        "user": "U0V9PD50R",
        "text": "look at the html template and see what it's loading",
        "ts": "1487871335.240583"
    },
    {
        "type": "message",
        "user": "U0V9PD50R",
        "text": "there's probably a &lt;sp-form-model&gt; in there...(i'm going off the top of my head...but that's the big one...",
        "ts": "1487871361.241668"
    },
    {
        "type": "message",
        "user": "U1U2FPE4F",
        "text": "try to uncheck “none” and create “none” option to the choice list",
        "ts": "1487872907.303294"
    },
    {
        "type": "message",
        "user": "U1R3SELAE",
        "text": "already done",
        "ts": "1487873244.316760"
    },
    {
        "type": "message",
        "user": "U1R3SELAE",
        "text": "getting 3-4 nones",
        "ts": "1487873249.316995"
    },
    {
        "user": "U49H8NND9",
        "text": "<@U49H8NND9|saasrobert> has joined the channel",
        "type": "message",
        "subtype": "channel_join",
        "ts": "1487877440.480047"
    },
    {
        "user": "U49QRSBRA",
        "text": "<@U49QRSBRA|david.tapia> has joined the channel",
        "type": "message",
        "subtype": "channel_join",
        "ts": "1487889951.927169"
    },
    {
        "user": "U4AEJTPTQ",
        "text": "<@U4AEJTPTQ|tonywelle> has joined the channel",
        "type": "message",
        "subtype": "channel_join",
        "ts": "1487896328.091182"
    }
]