[
    {
        "user": "U42D3Q3FT",
        "text": "<@U42D3Q3FT|pdhumal> has joined the channel",
        "type": "message",
        "subtype": "channel_join",
        "ts": "1486627206.594676"
    },
    {
        "user": "U2ZA4G8RK",
        "text": "<@U2ZA4G8RK|rafael> has joined the channel",
        "type": "message",
        "subtype": "channel_join",
        "ts": "1486647020.608332"
    },
    {
        "type": "message",
        "user": "U2ZA4G8RK",
        "text": "Have you ever experienced issues on Service Portal with Assignment Rule?\nI have an assignment rule that does work on the default service now interface but does not work on Service Portal",
        "ts": "1486647026.610189"
    },
    {
        "type": "message",
        "subtype": "file_share",
        "text": "<@U1R3SELAE|artemis> uploaded a file: <https:\/\/sndevs.slack.com\/files\/artemis\/F42GWD02D\/capture.png|Process flow>",
        "file": {
            "id": "F42GWD02D",
            "created": 1486648882,
            "timestamp": 1486648882,
            "name": "Capture.PNG",
            "title": "Process flow",
            "mimetype": "image\/png",
            "filetype": "png",
            "pretty_type": "PNG",
            "user": "U1R3SELAE",
            "editable": false,
            "size": 33332,
            "mode": "hosted",
            "is_external": false,
            "external_type": "",
            "is_public": true,
            "public_url_shared": false,
            "display_as_bot": false,
            "username": "",
            "url_private": "https:\/\/files.slack.com\/files-pri\/T0E2AD6AY-F42GWD02D\/capture.png?t=xoxe-14078448372-167243557781-166475819265-182f5ebf49",
            "url_private_download": "https:\/\/files.slack.com\/files-pri\/T0E2AD6AY-F42GWD02D\/download\/capture.png?t=xoxe-14078448372-167243557781-166475819265-182f5ebf49",
            "thumb_64": "https:\/\/files.slack.com\/files-tmb\/T0E2AD6AY-F42GWD02D-d53d987938\/capture_64.png?t=xoxe-14078448372-167243557781-166475819265-182f5ebf49",
            "thumb_80": "https:\/\/files.slack.com\/files-tmb\/T0E2AD6AY-F42GWD02D-d53d987938\/capture_80.png?t=xoxe-14078448372-167243557781-166475819265-182f5ebf49",
            "thumb_360": "https:\/\/files.slack.com\/files-tmb\/T0E2AD6AY-F42GWD02D-d53d987938\/capture_360.png?t=xoxe-14078448372-167243557781-166475819265-182f5ebf49",
            "thumb_360_w": 360,
            "thumb_360_h": 45,
            "thumb_480": "https:\/\/files.slack.com\/files-tmb\/T0E2AD6AY-F42GWD02D-d53d987938\/capture_480.png?t=xoxe-14078448372-167243557781-166475819265-182f5ebf49",
            "thumb_480_w": 480,
            "thumb_480_h": 60,
            "thumb_160": "https:\/\/files.slack.com\/files-tmb\/T0E2AD6AY-F42GWD02D-d53d987938\/capture_160.png?t=xoxe-14078448372-167243557781-166475819265-182f5ebf49",
            "thumb_720": "https:\/\/files.slack.com\/files-tmb\/T0E2AD6AY-F42GWD02D-d53d987938\/capture_720.png?t=xoxe-14078448372-167243557781-166475819265-182f5ebf49",
            "thumb_720_w": 720,
            "thumb_720_h": 90,
            "thumb_960": "https:\/\/files.slack.com\/files-tmb\/T0E2AD6AY-F42GWD02D-d53d987938\/capture_960.png?t=xoxe-14078448372-167243557781-166475819265-182f5ebf49",
            "thumb_960_w": 960,
            "thumb_960_h": 120,
            "thumb_1024": "https:\/\/files.slack.com\/files-tmb\/T0E2AD6AY-F42GWD02D-d53d987938\/capture_1024.png?t=xoxe-14078448372-167243557781-166475819265-182f5ebf49",
            "thumb_1024_w": 1024,
            "thumb_1024_h": 128,
            "image_exif_rotation": 1,
            "original_w": 1917,
            "original_h": 240,
            "permalink": "https:\/\/sndevs.slack.com\/files\/artemis\/F42GWD02D\/capture.png",
            "permalink_public": "https:\/\/slack-files.com\/T0E2AD6AY-F42GWD02D-a97e1d0c48",
            "channels": [
                "C36D45F60"
            ],
            "groups": [],
            "ims": [],
            "comments_count": 0,
            "reactions": [
                {
                    "name": "+1",
                    "users": [
                        "U3BU8FGKV"
                    ],
                    "count": 1
                }
            ]
        },
        "user": "U1R3SELAE",
        "upload": true,
        "display_as_bot": false,
        "username": "artemis",
        "bot_id": null,
        "ts": "1486648884.243773"
    },
    {
        "type": "message",
        "user": "U235A44S0",
        "text": "nice",
        "ts": "1486649029.308533"
    },
    {
        "user": "U42H8F540",
        "text": "<@U42H8F540|evrard> has joined the channel",
        "type": "message",
        "subtype": "channel_join",
        "ts": "1486653064.155152"
    },
    {
        "type": "message",
        "user": "U0V9PD50R",
        "text": "that's beautiful <@U1R3SELAE> !",
        "ts": "1486655291.562390"
    },
    {
        "type": "message",
        "user": "U0V9PD50R",
        "text": "we're building something like that - i'll post a pic when it's done...",
        "ts": "1486655308.580508"
    },
    {
        "type": "message",
        "user": "U1R3SELAE",
        "text": "Gr8",
        "ts": "1486655411.634689"
    },
    {
        "type": "message",
        "user": "U1R3SELAE",
        "text": "Let me know if u need my help there",
        "ts": "1486655421.639865"
    },
    {
        "type": "message",
        "user": "U1R3SELAE",
        "text": "Anyone got form widget working in public page",
        "ts": "1486655546.706877"
    },
    {
        "type": "message",
        "user": "U1R3SELAE",
        "text": "?",
        "ts": "1486655547.707552"
    },
    {
        "type": "message",
        "user": "U0V9PD50R",
        "text": "hahaha not OOB...",
        "ts": "1486656441.390059"
    },
    {
        "type": "message",
        "user": "U0V9PD50R",
        "text": "the form widget works fine for simple forms...",
        "ts": "1486656455.398460"
    },
    {
        "type": "message",
        "user": "U0V9PD50R",
        "text": "but if you have, you know a real form it won't be 100% compatible",
        "ts": "1486656480.412762"
    },
    {
        "type": "message",
        "user": "U1R3SELAE",
        "text": "Hmm",
        "ts": "1486656528.448298"
    },
    {
        "type": "message",
        "user": "U1R3SELAE",
        "text": "Means i have to again tackle with it",
        "ts": "1486656542.457514"
    },
    {
        "type": "message",
        "user": "U0V9PD50R",
        "text": "probably...one of the simple techniques would be iframing it...",
        "ts": "1486656564.484345"
    },
    {
        "type": "message",
        "user": "U0V9PD50R",
        "text": "unless you are completely forbidden from iframes...lol",
        "ts": "1486656582.496090"
    },
    {
        "type": "message",
        "user": "U1R3SELAE",
        "text": "No way",
        "ts": "1486656718.574683"
    },
    {
        "type": "message",
        "user": "U1R3SELAE",
        "text": "I hate i frames",
        "ts": "1486656724.577987"
    },
    {
        "type": "message",
        "user": "U1R3SELAE",
        "text": "I would rather die",
        "ts": "1486656731.580972"
    },
    {
        "type": "message",
        "user": "U1R3SELAE",
        "text": ":space_invader:",
        "ts": "1486656736.583373"
    },
    {
        "type": "message",
        "user": "U0V9PD50R",
        "text": "you just might, if i showed you what we went through to get forms working...",
        "ts": "1486656753.592191"
    },
    {
        "type": "message",
        "user": "U1R3SELAE",
        "text": "Wao",
        "ts": "1486656786.612240"
    },
    {
        "type": "message",
        "user": "U1R3SELAE",
        "text": "Show me boss",
        "ts": "1486656792.614485"
    },
    {
        "type": "message",
        "user": "U235A44S0",
        "text": "me too!",
        "ts": "1486656817.627983"
    },
    {
        "type": "message",
        "user": "U0V9PD50R",
        "text": "i don't think i can...lol but suffice it to say, we had to rebuild the entire thing, virtually from scratch",
        "ts": "1486656821.630022"
    },
    {
        "type": "message",
        "user": "U0V9PD50R",
        "text": "i mean i don't think i'm allowed too",
        "ts": "1486656829.634129"
    },
    {
        "type": "message",
        "user": "U0E96U52M",
        "text": "before service portal we made something similar, it was a macro that read the stge of the ritm",
        "ts": "1486656830.634419"
    },
    {
        "type": "message",
        "user": "U235A44S0",
        "text": "awww",
        "ts": "1486656830.634568"
    },
    {
        "type": "message",
        "user": "U0E96U52M",
        "text": "it was terrible to code",
        "ts": "1486656835.636883"
    },
    {
        "type": "message",
        "user": "U0E96U52M",
        "text": "the problem was stages were all over the palce",
        "ts": "1486656849.644012"
    },
    {
        "type": "message",
        "user": "U0V9PD50R",
        "text": "and even then, not everything works with forms, like client scripts and stuff",
        "ts": "1486656852.646153"
    },
    {
        "type": "message",
        "user": "U1R3SELAE",
        "text": "Yeah",
        "ts": "1486656861.651565"
    },
    {
        "type": "message",
        "user": "U1R3SELAE",
        "text": "I know",
        "ts": "1486656871.657530"
    },
    {
        "type": "message",
        "user": "U0V9PD50R",
        "text": "so there was a lot of customization",
        "ts": "1486656872.658550"
    },
    {
        "type": "message",
        "user": "U0V9PD50R",
        "text": "that when along with it",
        "ts": "1486656880.671485"
    },
    {
        "type": "message",
        "user": "U1R3SELAE",
        "text": "In Jakarta its going to be easy ",
        "ts": "1486656888.689409"
    },
    {
        "type": "message",
        "user": "U1R3SELAE",
        "text": "And super easy in kingston ",
        "ts": "1486656897.710018"
    },
    {
        "type": "message",
        "user": "U0V9PD50R",
        "text": "i hope so...because if i ever have to deal with forms again...i'll kill myself..hahahaha",
        "ts": "1486656921.769837"
    },
    {
        "type": "message",
        "user": "U0V9PD50R",
        "text": "i mean ones that don't work OOB",
        "ts": "1486656936.809156"
    },
    {
        "type": "message",
        "user": "U1R3SELAE",
        "text": "Hahahaha",
        "ts": "1486656940.817561"
    },
    {
        "user": "U43D589GC",
        "text": "<@U43D589GC|yocombs> has joined the channel",
        "type": "message",
        "subtype": "channel_join",
        "ts": "1486659764.522877"
    },
    {
        "type": "message",
        "subtype": "file_share",
        "text": "<@U1R3SELAE|artemis> uploaded a file: <https:\/\/sndevs.slack.com\/files\/artemis\/F42LCUD3K\/2017-02-09-photo-00000306.jpg|Final widget>",
        "file": {
            "id": "F42LCUD3K",
            "created": 1486660011,
            "timestamp": 1486660011,
            "name": "2017-02-09-PHOTO-00000306.jpg",
            "title": "Final widget",
            "mimetype": "image\/jpeg",
            "filetype": "jpg",
            "pretty_type": "JPEG",
            "user": "U1R3SELAE",
            "editable": false,
            "size": 129553,
            "mode": "hosted",
            "is_external": false,
            "external_type": "",
            "is_public": true,
            "public_url_shared": false,
            "display_as_bot": false,
            "username": "",
            "url_private": "https:\/\/files.slack.com\/files-pri\/T0E2AD6AY-F42LCUD3K\/2017-02-09-photo-00000306.jpg?t=xoxe-14078448372-167243557781-166475819265-182f5ebf49",
            "url_private_download": "https:\/\/files.slack.com\/files-pri\/T0E2AD6AY-F42LCUD3K\/download\/2017-02-09-photo-00000306.jpg?t=xoxe-14078448372-167243557781-166475819265-182f5ebf49",
            "thumb_64": "https:\/\/files.slack.com\/files-tmb\/T0E2AD6AY-F42LCUD3K-3ec5197326\/2017-02-09-photo-00000306_64.jpg?t=xoxe-14078448372-167243557781-166475819265-182f5ebf49",
            "thumb_80": "https:\/\/files.slack.com\/files-tmb\/T0E2AD6AY-F42LCUD3K-3ec5197326\/2017-02-09-photo-00000306_80.jpg?t=xoxe-14078448372-167243557781-166475819265-182f5ebf49",
            "thumb_360": "https:\/\/files.slack.com\/files-tmb\/T0E2AD6AY-F42LCUD3K-3ec5197326\/2017-02-09-photo-00000306_360.jpg?t=xoxe-14078448372-167243557781-166475819265-182f5ebf49",
            "thumb_360_w": 360,
            "thumb_360_h": 203,
            "thumb_480": "https:\/\/files.slack.com\/files-tmb\/T0E2AD6AY-F42LCUD3K-3ec5197326\/2017-02-09-photo-00000306_480.jpg?t=xoxe-14078448372-167243557781-166475819265-182f5ebf49",
            "thumb_480_w": 480,
            "thumb_480_h": 270,
            "thumb_160": "https:\/\/files.slack.com\/files-tmb\/T0E2AD6AY-F42LCUD3K-3ec5197326\/2017-02-09-photo-00000306_160.jpg?t=xoxe-14078448372-167243557781-166475819265-182f5ebf49",
            "thumb_720": "https:\/\/files.slack.com\/files-tmb\/T0E2AD6AY-F42LCUD3K-3ec5197326\/2017-02-09-photo-00000306_720.jpg?t=xoxe-14078448372-167243557781-166475819265-182f5ebf49",
            "thumb_720_w": 720,
            "thumb_720_h": 406,
            "thumb_960": "https:\/\/files.slack.com\/files-tmb\/T0E2AD6AY-F42LCUD3K-3ec5197326\/2017-02-09-photo-00000306_960.jpg?t=xoxe-14078448372-167243557781-166475819265-182f5ebf49",
            "thumb_960_w": 960,
            "thumb_960_h": 541,
            "thumb_1024": "https:\/\/files.slack.com\/files-tmb\/T0E2AD6AY-F42LCUD3K-3ec5197326\/2017-02-09-photo-00000306_1024.jpg?t=xoxe-14078448372-167243557781-166475819265-182f5ebf49",
            "thumb_1024_w": 1024,
            "thumb_1024_h": 577,
            "image_exif_rotation": 1,
            "original_w": 1280,
            "original_h": 721,
            "permalink": "https:\/\/sndevs.slack.com\/files\/artemis\/F42LCUD3K\/2017-02-09-photo-00000306.jpg",
            "permalink_public": "https:\/\/slack-files.com\/T0E2AD6AY-F42LCUD3K-cd6040d936",
            "channels": [
                "C36D45F60"
            ],
            "groups": [],
            "ims": [],
            "comments_count": 0
        },
        "user": "U1R3SELAE",
        "upload": true,
        "display_as_bot": false,
        "username": "artemis",
        "bot_id": null,
        "ts": "1486660014.665113"
    },
    {
        "type": "message",
        "user": "U0V9PD50R",
        "text": "niceeeeee",
        "ts": "1486660114.714782"
    },
    {
        "type": "message",
        "user": "U0KA6CNR0",
        "text": "has anyone located other alternate SP page views similar to the \/sp_config?id=widget_edit page",
        "ts": "1486668581.197081"
    },
    {
        "type": "message",
        "user": "U0KA6CNR0",
        "text": "?",
        "ts": "1486668582.197910"
    },
    {
        "user": "U43DSL6PL",
        "text": "<@U43DSL6PL|chai.kiatathikom> has joined the channel",
        "type": "message",
        "subtype": "channel_join",
        "ts": "1486669149.505641"
    },
    {
        "type": "message",
        "user": "U0V9PD50R",
        "text": "not i",
        "ts": "1486669520.897643"
    },
    {
        "type": "message",
        "user": "U43DSL6PL",
        "text": "Hello, has anyone configured a delay\/timeout on the Catalog item widget in the portal?",
        "ts": "1486669592.933424"
    },
    {
        "type": "message",
        "user": "U0V9PD50R",
        "text": "coding a timeout is done using `$timeout` via client side",
        "edited": {
            "user": "U0V9PD50R",
            "ts": "1486669650.000000"
        },
        "ts": "1486669641.957825"
    },
    {
        "type": "message",
        "user": "U0V9PD50R",
        "text": "<https:\/\/docs.angularjs.org\/api\/ng\/service\/$timeout>",
        "attachments": [
            {
                "title": "AngularJS",
                "title_link": "https:\/\/docs.angularjs.org\/api\/ng\/service\/$timeout",
                "text": "AngularJS is what HTML would have been, had it been designed for building web-apps. Declarative templates with data-binding, MVC, dependency injection and great testability story all implemented with pure client-side JavaScript!",
                "fallback": "AngularJS",
                "from_url": "https:\/\/docs.angularjs.org\/api\/ng\/service\/$timeout",
                "service_icon": "https:\/\/docs.angularjs.org\/favicon.ico",
                "service_name": "docs.angularjs.org",
                "id": 1
            }
        ],
        "ts": "1486669665.971786"
    },
    {
        "type": "message",
        "user": "U43DSL6PL",
        "text": "So what I'm trying to do is add a delay once a request is submitted. I've configured it to redirect back to the homepage, so I should be able to use this $timeout API to set a delay upon submission?",
        "ts": "1486669899.090945"
    },
    {
        "type": "message",
        "user": "U0V9PD50R",
        "text": "if you have access to the subission in the code...like if you can attach to the click event through angular...if not (OOB widget probably not) then no...",
        "ts": "1486670194.260108"
    },
    {
        "type": "message",
        "user": "U0V9PD50R",
        "text": "i know who artemis is!!!! hahahaha",
        "ts": "1486675817.379472"
    },
    {
        "type": "message",
        "user": "U0V9PD50R",
        "text": "hey <@U1R3SELAE> i know you...",
        "ts": "1486675833.390990"
    },
    {
        "type": "message",
        "user": "U0V9PD50R",
        "text": "oh well, maybe i don't know who <@U1R3SELAE> is just yet...but things look pretty familar...",
        "ts": "1486676530.741923"
    },
    {
        "user": "U447FSYLE",
        "text": "<@U447FSYLE|andygonzo> has joined the channel",
        "type": "message",
        "subtype": "channel_join",
        "ts": "1486680615.590050"
    }
]