[
    {
        "user": "U420BAXCG",
        "text": "<@U420BAXCG|jodelius> has joined the channel",
        "type": "message",
        "subtype": "channel_join",
        "ts": "1486568413.845811"
    },
    {
        "user": "U422R95G8",
        "text": "<@U422R95G8|michaeltlombardi> has joined the channel",
        "type": "message",
        "subtype": "channel_join",
        "ts": "1486575818.757999"
    },
    {
        "user": "U42R4A4UT",
        "text": "<@U42R4A4UT|brandon.keibler> has joined the channel",
        "type": "message",
        "subtype": "channel_join",
        "ts": "1486587932.112149"
    },
    {
        "user": "U43HU31KQ",
        "text": "<@U43HU31KQ|mewalker> has joined the channel",
        "type": "message",
        "subtype": "channel_join",
        "ts": "1486588305.145220"
    },
    {
        "user": "U431EKVMH",
        "text": "<@U431EKVMH|ivan.zhigalov> has joined the channel",
        "type": "message",
        "subtype": "channel_join",
        "ts": "1486625314.052088"
    }
]