[
    {
        "type": "message",
        "user": "U3UDYLW6N",
        "text": "Who else thinks the Server Script in SP a widget defeats the purpose of an angularjs web app? It’s horrid!",
        "edited": {
            "user": "U3UDYLW6N",
            "ts": "1485169885.000000"
        },
        "ts": "1485169549.000833"
    },
    {
        "user": "U3VN7290F",
        "text": "<@U3VN7290F|arturos192> has joined the channel",
        "type": "message",
        "subtype": "channel_join",
        "ts": "1485171244.000836"
    },
    {
        "type": "message",
        "user": "U0KA6CNR0",
        "text": "has anyone else here noticed the sp_documentation table?",
        "ts": "1485188737.000837"
    },
    {
        "user": "U15LF2CTD",
        "text": "<@U15LF2CTD|pduff> has joined the channel",
        "type": "message",
        "subtype": "channel_join",
        "ts": "1485201487.000838"
    },
    {
        "type": "message",
        "user": "U0ED7DUBD",
        "text": "<@U3UDYLW6N> I think it’s a fine way to get data to and from the server.",
        "ts": "1485201868.000839"
    }
]