[
    {
        "type": "message",
        "subtype": "file_share",
        "text": "<@U1R3SELAE|artemis> uploaded a file: <https:\/\/sndevs.slack.com\/files\/artemis\/F4GARAENL\/pasted_image_at_2017_03_11_11_57_pm.png|contextual search>",
        "file": {
            "id": "F4GARAENL",
            "created": 1489256847,
            "timestamp": 1489256847,
            "name": "Pasted image at 2017_03_11 11_57 PM.png",
            "title": "contextual search",
            "mimetype": "image\/png",
            "filetype": "png",
            "pretty_type": "PNG",
            "user": "U1R3SELAE",
            "editable": false,
            "size": 128351,
            "mode": "hosted",
            "is_external": false,
            "external_type": "",
            "is_public": true,
            "public_url_shared": false,
            "display_as_bot": false,
            "username": "",
            "url_private": "https:\/\/files.slack.com\/files-pri\/T0E2AD6AY-F4GARAENL\/pasted_image_at_2017_03_11_11_57_pm.png?t=xoxe-14078448372-167243557781-166475819265-182f5ebf49",
            "url_private_download": "https:\/\/files.slack.com\/files-pri\/T0E2AD6AY-F4GARAENL\/download\/pasted_image_at_2017_03_11_11_57_pm.png?t=xoxe-14078448372-167243557781-166475819265-182f5ebf49",
            "thumb_64": "https:\/\/files.slack.com\/files-tmb\/T0E2AD6AY-F4GARAENL-a84cd73080\/pasted_image_at_2017_03_11_11_57_pm_64.png?t=xoxe-14078448372-167243557781-166475819265-182f5ebf49",
            "thumb_80": "https:\/\/files.slack.com\/files-tmb\/T0E2AD6AY-F4GARAENL-a84cd73080\/pasted_image_at_2017_03_11_11_57_pm_80.png?t=xoxe-14078448372-167243557781-166475819265-182f5ebf49",
            "thumb_360": "https:\/\/files.slack.com\/files-tmb\/T0E2AD6AY-F4GARAENL-a84cd73080\/pasted_image_at_2017_03_11_11_57_pm_360.png?t=xoxe-14078448372-167243557781-166475819265-182f5ebf49",
            "thumb_360_w": 360,
            "thumb_360_h": 181,
            "thumb_480": "https:\/\/files.slack.com\/files-tmb\/T0E2AD6AY-F4GARAENL-a84cd73080\/pasted_image_at_2017_03_11_11_57_pm_480.png?t=xoxe-14078448372-167243557781-166475819265-182f5ebf49",
            "thumb_480_w": 480,
            "thumb_480_h": 241,
            "thumb_160": "https:\/\/files.slack.com\/files-tmb\/T0E2AD6AY-F4GARAENL-a84cd73080\/pasted_image_at_2017_03_11_11_57_pm_160.png?t=xoxe-14078448372-167243557781-166475819265-182f5ebf49",
            "thumb_720": "https:\/\/files.slack.com\/files-tmb\/T0E2AD6AY-F4GARAENL-a84cd73080\/pasted_image_at_2017_03_11_11_57_pm_720.png?t=xoxe-14078448372-167243557781-166475819265-182f5ebf49",
            "thumb_720_w": 720,
            "thumb_720_h": 362,
            "thumb_960": "https:\/\/files.slack.com\/files-tmb\/T0E2AD6AY-F4GARAENL-a84cd73080\/pasted_image_at_2017_03_11_11_57_pm_960.png?t=xoxe-14078448372-167243557781-166475819265-182f5ebf49",
            "thumb_960_w": 960,
            "thumb_960_h": 482,
            "thumb_1024": "https:\/\/files.slack.com\/files-tmb\/T0E2AD6AY-F4GARAENL-a84cd73080\/pasted_image_at_2017_03_11_11_57_pm_1024.png?t=xoxe-14078448372-167243557781-166475819265-182f5ebf49",
            "thumb_1024_w": 1024,
            "thumb_1024_h": 514,
            "image_exif_rotation": 1,
            "original_w": 1591,
            "original_h": 799,
            "permalink": "https:\/\/sndevs.slack.com\/files\/artemis\/F4GARAENL\/pasted_image_at_2017_03_11_11_57_pm.png",
            "permalink_public": "https:\/\/slack-files.com\/T0E2AD6AY-F4GARAENL-c787c2ded3",
            "channels": [
                "C36D45F60"
            ],
            "groups": [],
            "ims": [],
            "comments_count": 0
        },
        "user": "U1R3SELAE",
        "upload": true,
        "display_as_bot": false,
        "username": "artemis",
        "bot_id": null,
        "ts": "1489256849.455682"
    },
    {
        "user": "U4HP3VDGW",
        "text": "<@U4HP3VDGW|nayeem_263> has joined the channel",
        "type": "message",
        "subtype": "channel_join",
        "ts": "1489272104.513683"
    }
]