[
    {
        "user": "U4QLN51M2",
        "text": "<@U4QLN51M2|mai> has joined the channel",
        "type": "message",
        "subtype": "channel_join",
        "ts": "1490690537.463243"
    },
    {
        "user": "U4QNZ0GLD",
        "text": "<@U4QNZ0GLD|rags003> has joined the channel",
        "type": "message",
        "subtype": "channel_join",
        "ts": "1490694689.669052"
    },
    {
        "type": "message",
        "user": "U3688E6MQ",
        "text": "Has anyone ever tried to display more activitys in the ticket conversation widget? The customer wants to see for example when some fields on the incident form change. OOTB only additional comments and work notes are visible.",
        "ts": "1490699579.888560"
    },
    {
        "type": "message",
        "user": "U46KW8GL8",
        "text": "<@U3688E6MQ> this information you are mentioning is stored on audit tables, right? what about gliderecording this info and pushing to the entries information on the conversation widget?",
        "ts": "1490699911.964568"
    },
    {
        "type": "message",
        "user": "U3688E6MQ",
        "text": "didn't know its on the audit table, thanks for the hint",
        "ts": "1490699943.971919"
    },
    {
        "type": "message",
        "user": "U46KW8GL8",
        "text": "let me check that to be sure",
        "ts": "1490700224.037474"
    },
    {
        "type": "message",
        "user": "U46KW8GL8",
        "text": "https:\/\/{{YOURINSTANCE}}.<http:\/\/service-now.com\/sys_audit_list.do?sysparm_query=sys_created_onONToday%40javascript%3Ags.daysAgoStart(0)%40javascript%3Ags.daysAgoEnd(0)|service-now.com\/sys_audit_list.do?sysparm_query=sys_created_onONToday%40javascript%3Ags.daysAgoStart(0)%40javascript%3Ags.daysAgoEnd(0)>",
        "ts": "1490700427.084153"
    },
    {
        "type": "message",
        "user": "U46KW8GL8",
        "text": "try that",
        "ts": "1490700429.084569"
    },
    {
        "type": "message",
        "user": "U3688E6MQ",
        "text": "yeah there are the records thanks :slightly_smiling_face:",
        "ts": "1490701249.276071"
    },
    {
        "user": "U3WV7RFGU",
        "text": "<@U3WV7RFGU|garrett.griffin> has left the channel",
        "type": "message",
        "subtype": "channel_leave",
        "ts": "1490704552.159145"
    },
    {
        "user": "U0FNZLMCP",
        "text": "<@U0FNZLMCP|flexsite> has left the channel",
        "type": "message",
        "subtype": "channel_leave",
        "ts": "1490704710.206648"
    },
    {
        "user": "U4QT5NU3X",
        "text": "<@U4QT5NU3X|thekthepthe3> has joined the channel",
        "type": "message",
        "subtype": "channel_join",
        "ts": "1490712397.474640"
    },
    {
        "user": "U4QTJQ22H",
        "text": "<@U4QTJQ22H|ccanova> has joined the channel",
        "type": "message",
        "subtype": "channel_join",
        "ts": "1490713449.013240"
    },
    {
        "user": "U4Q67AWG0",
        "text": "<@U4Q67AWG0|josh.sutton> has joined the channel",
        "type": "message",
        "subtype": "channel_join",
        "ts": "1490719204.793605"
    },
    {
        "type": "message",
        "subtype": "file_share",
        "text": "<@U15LF2CTD|pduff> uploaded a file: <https:\/\/sndevs.slack.com\/files\/pduff\/F4RJ1EFFH\/screen_shot_2017-03-28_at_11.36.25_am.png|Screen Shot 2017-03-28 at 11.36.25 AM.png> and commented: Do UI macros\/UI Pages attached to a Catalog Item not work within the Service Catalog?",
        "file": {
            "id": "F4RJ1EFFH",
            "created": 1490719412,
            "timestamp": 1490719412,
            "name": "Screen Shot 2017-03-28 at 11.36.25 AM.png",
            "title": "Screen Shot 2017-03-28 at 11.36.25 AM.png",
            "mimetype": "image\/png",
            "filetype": "png",
            "pretty_type": "PNG",
            "user": "U15LF2CTD",
            "editable": false,
            "size": 261112,
            "mode": "hosted",
            "is_external": false,
            "external_type": "",
            "is_public": true,
            "public_url_shared": false,
            "display_as_bot": false,
            "username": "",
            "url_private": "https:\/\/files.slack.com\/files-pri\/T0E2AD6AY-F4RJ1EFFH\/screen_shot_2017-03-28_at_11.36.25_am.png?t=xoxe-14078448372-167243557781-166475819265-182f5ebf49",
            "url_private_download": "https:\/\/files.slack.com\/files-pri\/T0E2AD6AY-F4RJ1EFFH\/download\/screen_shot_2017-03-28_at_11.36.25_am.png?t=xoxe-14078448372-167243557781-166475819265-182f5ebf49",
            "thumb_64": "https:\/\/files.slack.com\/files-tmb\/T0E2AD6AY-F4RJ1EFFH-1735bbee88\/screen_shot_2017-03-28_at_11.36.25_am_64.png?t=xoxe-14078448372-167243557781-166475819265-182f5ebf49",
            "thumb_80": "https:\/\/files.slack.com\/files-tmb\/T0E2AD6AY-F4RJ1EFFH-1735bbee88\/screen_shot_2017-03-28_at_11.36.25_am_80.png?t=xoxe-14078448372-167243557781-166475819265-182f5ebf49",
            "thumb_360": "https:\/\/files.slack.com\/files-tmb\/T0E2AD6AY-F4RJ1EFFH-1735bbee88\/screen_shot_2017-03-28_at_11.36.25_am_360.png?t=xoxe-14078448372-167243557781-166475819265-182f5ebf49",
            "thumb_360_w": 360,
            "thumb_360_h": 111,
            "thumb_480": "https:\/\/files.slack.com\/files-tmb\/T0E2AD6AY-F4RJ1EFFH-1735bbee88\/screen_shot_2017-03-28_at_11.36.25_am_480.png?t=xoxe-14078448372-167243557781-166475819265-182f5ebf49",
            "thumb_480_w": 480,
            "thumb_480_h": 148,
            "thumb_160": "https:\/\/files.slack.com\/files-tmb\/T0E2AD6AY-F4RJ1EFFH-1735bbee88\/screen_shot_2017-03-28_at_11.36.25_am_160.png?t=xoxe-14078448372-167243557781-166475819265-182f5ebf49",
            "thumb_720": "https:\/\/files.slack.com\/files-tmb\/T0E2AD6AY-F4RJ1EFFH-1735bbee88\/screen_shot_2017-03-28_at_11.36.25_am_720.png?t=xoxe-14078448372-167243557781-166475819265-182f5ebf49",
            "thumb_720_w": 720,
            "thumb_720_h": 222,
            "thumb_960": "https:\/\/files.slack.com\/files-tmb\/T0E2AD6AY-F4RJ1EFFH-1735bbee88\/screen_shot_2017-03-28_at_11.36.25_am_960.png?t=xoxe-14078448372-167243557781-166475819265-182f5ebf49",
            "thumb_960_w": 960,
            "thumb_960_h": 296,
            "thumb_1024": "https:\/\/files.slack.com\/files-tmb\/T0E2AD6AY-F4RJ1EFFH-1735bbee88\/screen_shot_2017-03-28_at_11.36.25_am_1024.png?t=xoxe-14078448372-167243557781-166475819265-182f5ebf49",
            "thumb_1024_w": 1024,
            "thumb_1024_h": 315,
            "image_exif_rotation": 1,
            "original_w": 2344,
            "original_h": 722,
            "permalink": "https:\/\/sndevs.slack.com\/files\/pduff\/F4RJ1EFFH\/screen_shot_2017-03-28_at_11.36.25_am.png",
            "permalink_public": "https:\/\/slack-files.com\/T0E2AD6AY-F4RJ1EFFH-1dbb28800b",
            "channels": [
                "C36D45F60"
            ],
            "groups": [],
            "ims": [],
            "comments_count": 1,
            "initial_comment": {
                "id": "Fc4RHPELEA",
                "created": 1490719412,
                "timestamp": 1490719412,
                "user": "U15LF2CTD",
                "is_intro": true,
                "comment": "Do UI macros\/UI Pages attached to a Catalog Item not work within the Service Catalog?",
                "channel": ""
            }
        },
        "user": "U15LF2CTD",
        "upload": true,
        "display_as_bot": false,
        "username": "pduff",
        "bot_id": null,
        "ts": "1490719415.886229"
    },
    {
        "type": "message",
        "user": "U2V15S3MF",
        "text": "You would need to create a Service Portal widget\/macro. There's a reference field on the macro item you can select a widget to display",
        "ts": "1490719533.937181"
    },
    {
        "type": "message",
        "user": "U15LF2CTD",
        "text": "Ahhhh",
        "ts": "1490719559.948641"
    },
    {
        "type": "message",
        "user": "U2V15S3MF",
        "text": "you may have to configure the form for it to show",
        "ts": "1490719580.957587"
    },
    {
        "type": "message",
        "user": "U46KW8GL8",
        "text": "<@U2V15S3MF> working on helsinki?",
        "ts": "1490719697.009010"
    },
    {
        "type": "message",
        "user": "U2V15S3MF",
        "text": "yes",
        "ts": "1490719712.015433"
    },
    {
        "type": "message",
        "subtype": "file_share",
        "text": "<@U2V15S3MF|t1mb0b> uploaded a file: <https:\/\/sndevs.slack.com\/files\/t1mb0b\/F4RJ658B1\/h_widget.png|h_Widget.PNG> and commented: On the catalogue item variable form, you can select a widget",
        "file": {
            "id": "F4RJ658B1",
            "created": 1490719822,
            "timestamp": 1490719822,
            "name": "h_Widget.PNG",
            "title": "h_Widget.PNG",
            "mimetype": "image\/png",
            "filetype": "png",
            "pretty_type": "PNG",
            "user": "U2V15S3MF",
            "editable": false,
            "size": 6197,
            "mode": "hosted",
            "is_external": false,
            "external_type": "",
            "is_public": true,
            "public_url_shared": false,
            "display_as_bot": false,
            "username": "",
            "url_private": "https:\/\/files.slack.com\/files-pri\/T0E2AD6AY-F4RJ658B1\/h_widget.png?t=xoxe-14078448372-167243557781-166475819265-182f5ebf49",
            "url_private_download": "https:\/\/files.slack.com\/files-pri\/T0E2AD6AY-F4RJ658B1\/download\/h_widget.png?t=xoxe-14078448372-167243557781-166475819265-182f5ebf49",
            "thumb_64": "https:\/\/files.slack.com\/files-tmb\/T0E2AD6AY-F4RJ658B1-158f02b7bf\/h_widget_64.png?t=xoxe-14078448372-167243557781-166475819265-182f5ebf49",
            "thumb_80": "https:\/\/files.slack.com\/files-tmb\/T0E2AD6AY-F4RJ658B1-158f02b7bf\/h_widget_80.png?t=xoxe-14078448372-167243557781-166475819265-182f5ebf49",
            "thumb_360": "https:\/\/files.slack.com\/files-tmb\/T0E2AD6AY-F4RJ658B1-158f02b7bf\/h_widget_360.png?t=xoxe-14078448372-167243557781-166475819265-182f5ebf49",
            "thumb_360_w": 360,
            "thumb_360_h": 64,
            "thumb_480": "https:\/\/files.slack.com\/files-tmb\/T0E2AD6AY-F4RJ658B1-158f02b7bf\/h_widget_480.png?t=xoxe-14078448372-167243557781-166475819265-182f5ebf49",
            "thumb_480_w": 480,
            "thumb_480_h": 86,
            "thumb_160": "https:\/\/files.slack.com\/files-tmb\/T0E2AD6AY-F4RJ658B1-158f02b7bf\/h_widget_160.png?t=xoxe-14078448372-167243557781-166475819265-182f5ebf49",
            "image_exif_rotation": 1,
            "original_w": 548,
            "original_h": 98,
            "permalink": "https:\/\/sndevs.slack.com\/files\/t1mb0b\/F4RJ658B1\/h_widget.png",
            "permalink_public": "https:\/\/slack-files.com\/T0E2AD6AY-F4RJ658B1-baab441aec",
            "channels": [
                "C36D45F60"
            ],
            "groups": [],
            "ims": [],
            "comments_count": 1,
            "initial_comment": {
                "id": "Fc4Q6EEECQ",
                "created": 1490719822,
                "timestamp": 1490719822,
                "user": "U2V15S3MF",
                "is_intro": true,
                "comment": "On the catalogue item variable form, you can select a widget",
                "channel": ""
            }
        },
        "user": "U2V15S3MF",
        "upload": true,
        "display_as_bot": false,
        "username": "t1mb0b",
        "bot_id": null,
        "ts": "1490719823.064410"
    },
    {
        "type": "message",
        "user": "U46KW8GL8",
        "text": "variable type = macro?",
        "ts": "1490719942.116524"
    },
    {
        "type": "message",
        "user": "U2V15S3MF",
        "text": "yes; sorry, should have clarified",
        "ts": "1490720013.148300"
    },
    {
        "type": "message",
        "user": "U46KW8GL8",
        "text": "no prob, thx mate",
        "ts": "1490720054.166290",
        "reactions": [
            {
                "name": "+1",
                "users": [
                    "U2V15S3MF"
                ],
                "count": 1
            }
        ]
    },
    {
        "user": "U4QRU366P",
        "text": "<@U4QRU366P|wmhfitz> has joined the channel",
        "type": "message",
        "subtype": "channel_join",
        "ts": "1490721661.888506"
    },
    {
        "user": "U4RKR9U5U",
        "text": "<@U4RKR9U5U|bbarthel> has joined the channel",
        "type": "message",
        "subtype": "channel_join",
        "ts": "1490725526.653842"
    },
    {
        "type": "message",
        "user": "U2PL7CPBR",
        "text": "Anyone have a widget that shows KB articles alphabetically, it seems that _Most Viewed_ and _Top Rated_ are my only OOTB options?",
        "thread_ts": "1490727512.550131",
        "reply_count": 4,
        "replies": [
            {
                "user": "U28QSH9T3",
                "ts": "1490750796.823477"
            },
            {
                "user": "U34SPJ5LG",
                "ts": "1490797106.476598"
            },
            {
                "user": "U2PL7CPBR",
                "ts": "1490798580.210533"
            },
            {
                "user": "U2PL7CPBR",
                "ts": "1490798611.226364"
            }
        ],
        "unread_count": 4,
        "ts": "1490727512.550131"
    },
    {
        "type": "message",
        "user": "U2PL7CPBR",
        "text": "...How about opening forms in a separate window from the portal? Can I do that via a URL?",
        "thread_ts": "1490731444.638583",
        "reply_count": 11,
        "replies": [
            {
                "user": "U28QSH9T3",
                "ts": "1490751647.953314"
            },
            {
                "user": "USLACKBOT",
                "ts": "1490751647.953340"
            },
            {
                "user": "U34SPJ5LG",
                "ts": "1490797144.494583"
            },
            {
                "user": "USLACKBOT",
                "ts": "1490797144.494644"
            },
            {
                "user": "U2PL7CPBR",
                "ts": "1490798555.198100"
            },
            {
                "user": "U34SPJ5LG",
                "ts": "1490799228.544488"
            },
            {
                "user": "U34SPJ5LG",
                "ts": "1490799272.567524"
            },
            {
                "user": "U34SPJ5LG",
                "ts": "1490799339.602371"
            },
            {
                "user": "U34SPJ5LG",
                "ts": "1490799354.609981"
            },
            {
                "user": "U34SPJ5LG",
                "ts": "1490799434.650974"
            },
            {
                "user": "U2PL7CPBR",
                "ts": "1490806141.940157"
            }
        ],
        "unread_count": 11,
        "ts": "1490731444.638583"
    },
    {
        "type": "message",
        "user": "U2V15S3MF",
        "text": "What kind of forms? Like another SP form, in a new browser window?",
        "ts": "1490731776.773777"
    },
    {
        "user": "U4RN38170",
        "text": "<@U4RN38170|daavid> has joined the channel",
        "type": "message",
        "subtype": "channel_join",
        "ts": "1490733055.303194"
    },
    {
        "user": "U4R7B2ATX",
        "text": "<@U4R7B2ATX|queese> has joined the channel",
        "type": "message",
        "subtype": "channel_join",
        "ts": "1490744726.773694"
    },
    {
        "type": "message",
        "user": "U28QSH9T3",
        "text": "Those are the only OOB options that I'm aware of aside from the KB Category page, but you could easily create a custom one that's alphabetized. \n\nIf you go to the KB Most Viewed widget and click the Clone Widget UI Action in the header, you can change z.orderByDesc('sys_view_count'); in the server script to z.orderByDesc('short_description');",
        "edited": {
            "user": "U28QSH9T3",
            "ts": "1490750819.000000"
        },
        "thread_ts": "1490727512.550131",
        "parent_user_id": "U2PL7CPBR",
        "ts": "1490750796.823477"
    },
    {
        "type": "message",
        "user": "U28QSH9T3",
        "text": "You can't use a URL to open stuff in a new window, but you can construct a widget that will have links  that open in a new window. \n\nIf the widget you're working with has something like \n&lt;a href=\"?id=form&amp;blahBlahOtherStuff\"&gt;{{data.number}}&lt;\/a&gt;\nadding a target=\"_blank\" attribute to the node will cause it to open in a new tab.\n&lt;a href=\"?id=form&amp;blahBlahOtherStuff\" target=\"_blank\"&gt;{{data.number}}&lt;\/a&gt;\n\nFor opening in a new window, I've seen some onclick functions that do this, but my users are too accustomed to forms and such opening in a tab instead of a window for me to have tested it personally. :slightly_smiling_face:",
        "edited": {
            "user": "U28QSH9T3",
            "ts": "1490751668.000000"
        },
        "thread_ts": "1490731444.638583",
        "parent_user_id": "U2PL7CPBR",
        "ts": "1490751647.953314"
    },
    {
        "text": "(－‸ლ) Try g_navigation",
        "type": "message",
        "subtype": "slackbot_response",
        "user": "USLACKBOT",
        "thread_ts": "1490731444.638583",
        "parent_user_id": "U2PL7CPBR",
        "ts": "1490751647.953340"
    }
]