[
    {
        "user": "U3N8B817F",
        "text": "<@U3N8B817F|nancyr> has joined the channel",
        "type": "message",
        "subtype": "channel_join",
        "ts": "1483706053.000710"
    },
    {
        "user": "U3MFNF4PK",
        "text": "<@U3MFNF4PK|gabrielterra> has joined the channel",
        "type": "message",
        "subtype": "channel_join",
        "ts": "1483709682.000711"
    },
    {
        "user": "U3N93JZ9A",
        "text": "<@U3N93JZ9A|viraj_j> has joined the channel",
        "type": "message",
        "subtype": "channel_join",
        "ts": "1483713335.000712"
    },
    {
        "user": "U3NDEH5V3",
        "text": "<@U3NDEH5V3|dsmith> has joined the channel",
        "type": "message",
        "subtype": "channel_join",
        "ts": "1483729192.000713"
    },
    {
        "user": "U3NA5PAD9",
        "text": "<@U3NA5PAD9|matt.espley> has joined the channel",
        "type": "message",
        "subtype": "channel_join",
        "ts": "1483734481.000714"
    },
    {
        "type": "message",
        "user": "U3NA5PAD9",
        "text": "Hello. I am just starting to get exposure to the new Service Portal. I am building catalog items and learning that not all client scripts work properly in the Portal. I have worked through most of them, but I am stuck on one: I need a catalog client script that validates a date variable against today's date. I.e.  if it's already after 3pm today you can't put tomorrow's date in the variable.  Has anyone had experience with this?",
        "ts": "1483736003.000715"
    },
    {
        "type": "message",
        "user": "U0V9PD50R",
        "text": "does it generate errors in developer tools (chrome)?",
        "ts": "1483737856.000716"
    },
    {
        "user": "U3MP0D4KT",
        "text": "<@U3MP0D4KT|nbaker137> has joined the channel",
        "type": "message",
        "subtype": "channel_join",
        "ts": "1483740836.000717"
    }
]