[
    {
        "user": "U46B06197",
        "text": "<@U46B06197|jamieetonwood> has joined the channel",
        "type": "message",
        "subtype": "channel_join",
        "ts": "1487346790.914392"
    },
    {
        "user": "U473WSD1A",
        "text": "<@U473WSD1A|paul> has joined the channel",
        "type": "message",
        "subtype": "channel_join",
        "ts": "1487346868.950831"
    },
    {
        "user": "U47MYP5BR",
        "text": "<@U47MYP5BR|lars.sigurdsson> has joined the channel",
        "type": "message",
        "subtype": "channel_join",
        "ts": "1487346985.005499"
    },
    {
        "user": "U46BLADUZ",
        "text": "<@U46BLADUZ|sabjani> has joined the channel",
        "type": "message",
        "subtype": "channel_join",
        "ts": "1487348674.851975"
    },
    {
        "user": "U46BMNJCR",
        "text": "<@U46BMNJCR|ryanstreety> has joined the channel",
        "type": "message",
        "subtype": "channel_join",
        "ts": "1487348810.948774"
    },
    {
        "user": "U47NL4M4P",
        "text": "<@U47NL4M4P|josh.cook> has joined the channel",
        "type": "message",
        "subtype": "channel_join",
        "ts": "1487348992.037997"
    },
    {
        "user": "U47NM5TF1",
        "text": "<@U47NM5TF1|washingtonfrank> has joined the channel",
        "type": "message",
        "subtype": "channel_join",
        "ts": "1487349078.087297"
    },
    {
        "user": "U47NCSUDC",
        "text": "<@U47NCSUDC|jtbrandt> has joined the channel",
        "type": "message",
        "subtype": "channel_join",
        "ts": "1487349402.248030"
    },
    {
        "user": "U472FVA9Y",
        "text": "<@U472FVA9Y|blackburn.171> has joined the channel",
        "type": "message",
        "subtype": "channel_join",
        "ts": "1487349695.394594"
    },
    {
        "user": "U475QF0MS",
        "text": "<@U475QF0MS|greg.steinbach> has joined the channel",
        "type": "message",
        "subtype": "channel_join",
        "ts": "1487352734.985836"
    },
    {
        "user": "U476VJ0SH",
        "text": "<@U476VJ0SH|ktreddy> has joined the channel",
        "type": "message",
        "subtype": "channel_join",
        "ts": "1487355786.386007"
    },
    {
        "user": "U46DATY56",
        "text": "<@U46DATY56|psalessi> has joined the channel",
        "type": "message",
        "subtype": "channel_join",
        "ts": "1487357304.129620"
    },
    {
        "user": "U46E57ZMX",
        "text": "<@U46E57ZMX|mithuna> has joined the channel",
        "type": "message",
        "subtype": "channel_join",
        "ts": "1487357384.165419"
    },
    {
        "type": "message",
        "user": "U2ETX620Y",
        "text": "Is there an OOB widget that supports real-time updates via REST or database insert, that will update the view for the active session without a refresh?",
        "ts": "1487358010.468486"
    },
    {
        "type": "message",
        "user": "U1R3SELAE",
        "text": "not oob",
        "ts": "1487358079.502817"
    },
    {
        "type": "message",
        "user": "U1R3SELAE",
        "text": "but u can use recordwatch for the same",
        "ts": "1487358092.513735"
    },
    {
        "type": "message",
        "user": "U2ETX620Y",
        "text": "what is recordwatch?",
        "ts": "1487358125.538073"
    },
    {
        "type": "message",
        "user": "U2ETX620Y",
        "text": "Oh I see",
        "ts": "1487358148.552901"
    },
    {
        "type": "message",
        "user": "U2ETX620Y",
        "text": "Thank you",
        "ts": "1487358150.557254"
    },
    {
        "type": "message",
        "user": "U1R3SELAE",
        "text": "check this",
        "ts": "1487358155.567136"
    },
    {
        "type": "message",
        "user": "U1R3SELAE",
        "text": "<https:\/\/github.com\/service-portal\/documentation\/blob\/4d87f23bf877e43d740d14858116a6fa4cfb19f9\/documentation\/widget_record_watch.md>",
        "attachments": [
            {
                "title": "documentation\/widget_record_watch.md at 4d87f23bf877e43d740d14858116a6fa4cfb19f9 · service-portal\/documentation · GitHub",
                "title_link": "https:\/\/github.com\/service-portal\/documentation\/blob\/4d87f23bf877e43d740d14858116a6fa4cfb19f9\/documentation\/widget_record_watch.md",
                "text": "Here you will find unofficial documentation for the ServiceNow Service Portal technology. The materials here have been written by the developers for the developers. In other words, if you are going to be writing widgets, you are in the right place.",
                "fallback": "documentation\/widget_record_watch.md at 4d87f23bf877e43d740d14858116a6fa4cfb19f9 · service-portal\/documentation · GitHub",
                "from_url": "https:\/\/github.com\/service-portal\/documentation\/blob\/4d87f23bf877e43d740d14858116a6fa4cfb19f9\/documentation\/widget_record_watch.md",
                "service_icon": "https:\/\/assets-cdn.github.com\/favicon.ico",
                "service_name": "github.com",
                "id": 1
            }
        ],
        "ts": "1487358156.569003"
    },
    {
        "type": "message",
        "user": "U2ETX620Y",
        "text": "awesome",
        "ts": "1487358159.577401"
    },
    {
        "type": "message",
        "user": "U235A44S0",
        "text": "I keep forgetting about that site. I have it bookmarked in several places too",
        "ts": "1487358575.921361"
    },
    {
        "type": "message",
        "user": "U1R3SELAE",
        "text": "check this for better example",
        "ts": "1487358616.940093"
    },
    {
        "type": "message",
        "user": "U1R3SELAE",
        "text": "<https:\/\/serviceportal.io\/real-time-app-using-service-portal-record-watchers\/>",
        "attachments": [
            {
                "service_name": "ServicePortal.io",
                "title": "Real Time To Do App using Service Portal &amp; Record Watchers - ServicePortal.io - Service Portal, CMS, and Custom Apps",
                "title_link": "https:\/\/serviceportal.io\/real-time-app-using-service-portal-record-watchers\/",
                "text": "One of the powerful features of the new Helsinki Service Portal is the integrated “record watcher” capability. This allows widgets to update in near realtime as the data changes in the database. In this tutorial we will build a sample To Do (task ) app that uses two widgets, one for creating records, and the [...]Read More...",
                "fallback": "ServicePortal.io: Real Time To Do App using Service Portal &amp; Record Watchers - ServicePortal.io - Service Portal, CMS, and Custom Apps",
                "ts": 1465425502,
                "from_url": "https:\/\/serviceportal.io\/real-time-app-using-service-portal-record-watchers\/",
                "id": 1
            }
        ],
        "ts": "1487358617.940378"
    },
    {
        "type": "message",
        "user": "U1R3SELAE",
        "text": "a real time one",
        "ts": "1487358620.941940"
    },
    {
        "type": "message",
        "user": "U1R3SELAE",
        "text": "though i have made some extension in this function of my own",
        "ts": "1487358647.953331"
    },
    {
        "type": "message",
        "user": "U1R3SELAE",
        "text": "will tell you guys once it is tested fully",
        "ts": "1487358658.958678"
    },
    {
        "type": "message",
        "user": "U2ETX620Y",
        "text": "this is really cool",
        "ts": "1487358709.981141"
    },
    {
        "type": "message",
        "user": "U2ETX620Y",
        "text": "Thank you <@U1R3SELAE>",
        "ts": "1487358719.985586"
    },
    {
        "type": "message",
        "user": "U1R3SELAE",
        "text": "well one news I've successfully used macros in widgets",
        "ts": "1487358741.995777"
    },
    {
        "type": "message",
        "user": "U1R3SELAE",
        "text": ":smile:",
        "ts": "1487358742.996112"
    },
    {
        "type": "message",
        "user": "U1R3SELAE",
        "text": "just a last testing is pending",
        "ts": "1487358749.999574"
    },
    {
        "type": "message",
        "user": "U0KA6CNR0",
        "text": "Oh yeah?",
        "ts": "1487358753.001096"
    },
    {
        "type": "message",
        "user": "U1R3SELAE",
        "text": "yes",
        "ts": "1487358756.002605"
    },
    {
        "type": "message",
        "user": "U0KA6CNR0",
        "text": "in what capacity?",
        "ts": "1487358757.002818"
    },
    {
        "type": "message",
        "user": "U0KA6CNR0",
        "text": "i'd love to see any implementation of that",
        "ts": "1487358780.012333"
    },
    {
        "type": "message",
        "user": "U1R3SELAE",
        "text": "well, getting custom html output",
        "ts": "1487358783.013474"
    },
    {
        "type": "message",
        "user": "U1R3SELAE",
        "text": "like oob ui macros produce",
        "ts": "1487358798.019876"
    },
    {
        "user": "U477RGXNH",
        "text": "<@U477RGXNH|bravosa> has joined the channel",
        "type": "message",
        "subtype": "channel_join",
        "ts": "1487358890.063657"
    },
    {
        "type": "message",
        "user": "U43260FU6",
        "text": "i’d love to see the catalog table variable work",
        "ts": "1487358976.100745"
    },
    {
        "type": "message",
        "user": "U1R3SELAE",
        "text": "will add this one in my bucket list",
        "ts": "1487359099.156942"
    },
    {
        "user": "U475EM8HY",
        "text": "<@U475EM8HY|russell> has joined the channel",
        "type": "message",
        "subtype": "channel_join",
        "ts": "1487359940.563153"
    },
    {
        "type": "message",
        "user": "U43260FU6",
        "text": "Kind of a cms question, we have requested for (custom field)\/requested by (caller_id) on our incident form, and it looks like only requested by can read\/write comments, has anyone encountered this?",
        "ts": "1487362031.839170"
    },
    {
        "type": "message",
        "user": "U2V15S3MF",
        "text": "<@U43260FU6> I believe this is how the ACL is setup OOB. 'caller_id' has write access to the record. You'd have to add the 'requested_for' to the ACL as well",
        "ts": "1487362950.232321"
    },
    {
        "type": "message",
        "user": "U2V15S3MF",
        "text": "There are two ACLs which control write access to the incident.comments field; one allows itil role, the other is a condition match `caller_id=javascript:gs.getUserID()^ORopened_by=javascript:gs.getUserID()^EQ`",
        "ts": "1487363130.323511"
    },
    {
        "type": "message",
        "user": "U43260FU6",
        "text": "<@U2V15S3MF> thank you!",
        "ts": "1487363159.338086"
    },
    {
        "type": "message",
        "user": "U2V15S3MF",
        "text": "you could modify that one to be `caller_id=javascript:gs.getUserID()^ORopened_by=javascript:gs.getUserID()^ORu_requested_for=javascript:gs.getUserID()^EQ`",
        "ts": "1487363181.348792"
    },
    {
        "type": "message",
        "user": "U0ED7DUBD",
        "text": "Anyone gotten a tree view\/picker to work with a reference field in the portal?",
        "edited": {
            "user": "U0ED7DUBD",
            "ts": "1487363217.000000"
        },
        "ts": "1487363193.353557"
    },
    {
        "user": "U46EYFJF2",
        "text": "<@U46EYFJF2|rsvatos> has joined the channel",
        "type": "message",
        "subtype": "channel_join",
        "ts": "1487363273.386000"
    },
    {
        "user": "U46FXKTA5",
        "text": "<@U46FXKTA5|hank.blair> has joined the channel",
        "type": "message",
        "subtype": "channel_join",
        "ts": "1487363921.654244"
    },
    {
        "user": "U474JML0K",
        "text": "<@U474JML0K|bjalili> has joined the channel",
        "type": "message",
        "subtype": "channel_join",
        "ts": "1487364301.817158"
    },
    {
        "user": "U47BVQ5JR",
        "text": "<@U47BVQ5JR|kvd> has joined the channel",
        "type": "message",
        "subtype": "channel_join",
        "ts": "1487379361.853876"
    }
]