[
    {
        "type": "message",
        "user": "U1R3SELAE",
        "text": "anyone know how to use radio button in form widget?",
        "ts": "1489411907.803803"
    },
    {
        "user": "U4HH90K9A",
        "text": "<@U4HH90K9A|snowpdonlin> has joined the channel",
        "type": "message",
        "subtype": "channel_join",
        "ts": "1489419288.141837"
    },
    {
        "user": "U4J81CNSK",
        "text": "<@U4J81CNSK|ravivalluri> has joined the channel",
        "type": "message",
        "subtype": "channel_join",
        "ts": "1489421957.459177"
    },
    {
        "user": "U4HH93DV0",
        "text": "<@U4HH93DV0|jbarker> has joined the channel",
        "type": "message",
        "subtype": "channel_join",
        "ts": "1489422451.693328"
    },
    {
        "user": "U4HJDEHS8",
        "text": "<@U4HJDEHS8|erwilliams> has joined the channel",
        "type": "message",
        "subtype": "channel_join",
        "ts": "1489422494.713129"
    },
    {
        "user": "U4GRZK7FA",
        "text": "<@U4GRZK7FA|asx9> has joined the channel",
        "type": "message",
        "subtype": "channel_join",
        "ts": "1489422698.812441"
    },
    {
        "user": "U4JGQHB1V",
        "text": "<@U4JGQHB1V|jhelebrant> has joined the channel",
        "type": "message",
        "subtype": "channel_join",
        "ts": "1489457466.024184"
    }
]