[
    {
        "user": "U4BJSRSSJ",
        "text": "<@U4BJSRSSJ|deepaknalla> has joined the channel",
        "type": "message",
        "subtype": "channel_join",
        "ts": "1488210291.688675"
    },
    {
        "user": "U4AU9NN82",
        "text": "<@U4AU9NN82|unfool> has joined the channel",
        "type": "message",
        "subtype": "channel_join",
        "ts": "1488210629.713664"
    },
    {
        "user": "U4B1B9XHA",
        "text": "<@U4B1B9XHA|sg4u> has joined the channel",
        "type": "message",
        "subtype": "channel_join",
        "ts": "1488212053.824675"
    },
    {
        "type": "message",
        "user": "U47NL4M4P",
        "text": "any way to set focus to a particular variable on a catalog item in the service portal?  getControl and gel seem to not work",
        "thread_ts": "1488214360.010467",
        "reply_count": 2,
        "replies": [
            {
                "user": "U3Y6X78AV",
                "ts": "1488236032.679476"
            },
            {
                "user": "U3Y6X78AV",
                "ts": "1488236090.683226"
            }
        ],
        "unread_count": 2,
        "ts": "1488214360.010467"
    },
    {
        "type": "message",
        "user": "U47NL4M4P",
        "text": "this is in an on-submit catalog client script",
        "ts": "1488214369.011126"
    },
    {
        "user": "U1H19HH9D",
        "text": "<@U1H19HH9D|chrischris> has joined the channel",
        "type": "message",
        "subtype": "channel_join",
        "ts": "1488220376.488310"
    },
    {
        "user": "U2PE25F8Q",
        "text": "<@U2PE25F8Q|tmuhl> has joined the channel",
        "type": "message",
        "subtype": "channel_join",
        "ts": "1488220737.515607"
    },
    {
        "user": "U4BND2SG6",
        "text": "<@U4BND2SG6|mrigank> has joined the channel",
        "type": "message",
        "subtype": "channel_join",
        "ts": "1488221985.612763"
    },
    {
        "type": "message",
        "user": "U0V9PD50R",
        "text": "has anyone run acorss `spUtil.update` not run, but the system think it did - like it logs out the callback like it ran...",
        "ts": "1488231165.323968"
    },
    {
        "type": "message",
        "user": "U3Y6X78AV",
        "text": "<@U47NL4M4P> Unfortunately, the Service Portal doesn't give you the full g_form API, so there's not getControl (or gel) support",
        "thread_ts": "1488214360.010467",
        "parent_user_id": "U47NL4M4P",
        "ts": "1488236032.679476"
    },
    {
        "timestamp": "1488236032679476",
        "is_multiteam": false,
        "slog_is_shared": "0",
        "slog_is_mpdm": null,
        "slog_is_slackbot_dm": false,
        "slog_is_self_dm": false,
        "attachments": [
            {
                "from_url": "https:\/\/sndevs.slack.com\/archives\/service-portal-cms\/p1488214360010467",
                "fallback": "[February 27th, 2017 8:52 AM] josh.cook: any way to set focus to a particular variable on a catalog item in the service portal?  getControl and gel seem to not work",
                "ts": "1488214360.010467",
                "author_subname": "josh.cook",
                "channel_id": "C36D45F60",
                "channel_name": "service-portal-cms",
                "is_msg_unfurl": true,
                "text": "any way to set focus to a particular variable on a catalog item in the service portal?  getControl and gel seem to not work",
                "author_name": "Josh Cook",
                "author_link": "https:\/\/sndevs.slack.com\/team\/josh.cook",
                "author_icon": "https:\/\/secure.gravatar.com\/avatar\/b9e4a8bf3bacbb00a4d86d8fff090d83.jpg?s=48&d=https%3A%2F%2Fa.slack-edge.com%2F66f9%2Fimg%2Favatars%2Fava_0019-48.png",
                "mrkdwn_in": [
                    "text"
                ],
                "id": 1,
                "footer": "1 reply"
            },
            {
                "fallback": "<@U47NL4M4P> Unfortunately, the Service Portal doesn't give you the full g_form API, so there's not getControl (or gel) support",
                "author_name": "Shahid 'Senpai' Shah",
                "author_subname": "sncsenpai",
                "text": "<@U47NL4M4P> Unfortunately, the Service Portal doesn't give you the full g_form API, so there's not getControl (or gel) support",
                "mrkdwn_in": [
                    "text"
                ],
                "author_link": "https:\/\/sndevs.slack.com\/team\/sncsenpai",
                "from_url": "https:\/\/sndevs.slack.com\/archives\/service-portal-cms\/p1488236032679476?thread_ts=1488214360010467&cid=C36D45F60",
                "ts": "1488236032.679476",
                "author_icon": "https:\/\/secure.gravatar.com\/avatar\/1c5d9f0b09cb67b393b6eb21b5cf88de.jpg?s=48&d=https%3A%2F%2Fa.slack-edge.com%2F3654%2Fimg%2Favatars%2Fava_0021-48.png",
                "id": 2
            }
        ],
        "text": "",
        "type": "message",
        "subtype": "reply_broadcast",
        "user": "U3Y6X78AV",
        "ts": "1488236032.679489"
    },
    {
        "type": "message",
        "user": "U3Y6X78AV",
        "text": "Here's some scripting docs for Service Portal: <https:\/\/github.com\/service-portal\/documentation\/blob\/master\/documentation\/client_scripting.md>",
        "attachments": [
            {
                "title": "documentation\/client_scripting.md at master · service-portal\/documentation · GitHub",
                "title_link": "https:\/\/github.com\/service-portal\/documentation\/blob\/master\/documentation\/client_scripting.md",
                "text": "Here you will find unofficial documentation for the ServiceNow Service Portal technology. The materials here have been written by the developers for the developers. In other words, if you are going to be writing widgets, you are in the right place.",
                "fallback": "documentation\/client_scripting.md at master · service-portal\/documentation · GitHub",
                "from_url": "https:\/\/github.com\/service-portal\/documentation\/blob\/master\/documentation\/client_scripting.md",
                "service_icon": "https:\/\/assets-cdn.github.com\/favicon.ico",
                "service_name": "github.com",
                "id": 1
            }
        ],
        "thread_ts": "1488214360.010467",
        "parent_user_id": "U47NL4M4P",
        "ts": "1488236090.683226"
    }
]