[
    {
        "user": "U4S0KE942",
        "text": "<@U4S0KE942|medgustav> has joined the channel",
        "type": "message",
        "subtype": "channel_join",
        "ts": "1490874363.633769"
    },
    {
        "user": "U4S0LR8RY",
        "text": "<@U4S0LR8RY|sirterje> has joined the channel",
        "type": "message",
        "subtype": "channel_join",
        "ts": "1490874592.687111"
    },
    {
        "user": "U4S1TB4Q3",
        "text": "<@U4S1TB4Q3|faazilahamed> has joined the channel",
        "type": "message",
        "subtype": "channel_join",
        "ts": "1490885946.126329"
    },
    {
        "user": "U4S53FY3E",
        "text": "<@U4S53FY3E|kyle.lester> has joined the channel",
        "type": "message",
        "subtype": "channel_join",
        "ts": "1490886346.343841"
    },
    {
        "type": "message",
        "user": "U4NKZGN65",
        "text": "<@U2T4U0E3F>: Thanks for the suggestion; unfortunately, like with Containers, the Break does not render in the Portal :sadpanda:",
        "thread_ts": "1490814305.647900",
        "parent_user_id": "U4NKZGN65",
        "ts": "1490889230.798219"
    },
    {
        "type": "message",
        "user": "U2T4U0E3F",
        "text": "That's odd. It renders just fine in my dev instance (istanbul patch 1)",
        "thread_ts": "1490814305.647900",
        "parent_user_id": "U4NKZGN65",
        "ts": "1490889468.919060"
    },
    {
        "type": "message",
        "subtype": "file_share",
        "text": "<@U2PL7CPBR|bsnow> uploaded a file: <https:\/\/sndevs.slack.com\/files\/bsnow\/F4S95RZAR\/-.js|Untitled> and commented: Anyone have luck getting rid of the back button on a iframe argument? Basically what I am investigating here is embedding ability into a widget to create KBs from the portal. Seems to work with the exception that the back button is available",
        "file": {
            "id": "F4S95RZAR",
            "created": 1490893787,
            "timestamp": 1490893787,
            "name": "-.js",
            "title": "Untitled",
            "mimetype": "text\/plain",
            "filetype": "javascript",
            "pretty_type": "JavaScript\/JSON",
            "user": "U2PL7CPBR",
            "editable": true,
            "size": 97,
            "mode": "snippet",
            "is_external": false,
            "external_type": "",
            "is_public": true,
            "public_url_shared": false,
            "display_as_bot": false,
            "username": "",
            "url_private": "https:\/\/files.slack.com\/files-pri\/T0E2AD6AY-F4S95RZAR\/-.js?t=xoxe-14078448372-167243557781-166475819265-182f5ebf49",
            "url_private_download": "https:\/\/files.slack.com\/files-pri\/T0E2AD6AY-F4S95RZAR\/download\/-.js?t=xoxe-14078448372-167243557781-166475819265-182f5ebf49",
            "permalink": "https:\/\/sndevs.slack.com\/files\/bsnow\/F4S95RZAR\/-.js",
            "permalink_public": "https:\/\/slack-files.com\/T0E2AD6AY-F4S95RZAR-19d17cd455",
            "edit_link": "https:\/\/sndevs.slack.com\/files\/bsnow\/F4S95RZAR\/-.js\/edit",
            "preview": "  <iframe src=\"\/kb_knowledge.do?3Fsys_id%3D-1\" height=\"850\" width=\"1400\" scrolling=\"no\"><\/iframe>",
            "preview_highlight": "<div class=\"CodeMirror cm-s-default CodeMirrorServer\" oncopy=\"if(event.clipboardData){event.clipboardData.setData('text\/plain',window.getSelection().toString().replace(\/\\u200b\/g,''));event.preventDefault();event.stopPropagation();}\">\n<div class=\"CodeMirror-code\">\n<div><pre>  <span class=\"cm-operator\">&lt;<\/span><span class=\"cm-variable\">iframe<\/span> <span class=\"cm-variable\">src<\/span><span class=\"cm-operator\">=<\/span><span class=\"cm-string\">&quot;\/kb_knowledge.do?3Fsys_id%3D-1&quot;<\/span> <span class=\"cm-variable\">height<\/span><span class=\"cm-operator\">=<\/span><span class=\"cm-string\">&quot;850&quot;<\/span> <span class=\"cm-variable\">width<\/span><span class=\"cm-operator\">=<\/span><span class=\"cm-string\">&quot;1400&quot;<\/span> <span class=\"cm-variable\">scrolling<\/span><span class=\"cm-operator\">=<\/span><span class=\"cm-string\">&quot;no&quot;<\/span><span class=\"cm-operator\">&gt;&lt;<\/span><span class=\"cm-string-2\">\/iframe&gt;<\/span><\/pre><\/div>\n<\/div>\n<\/div>\n",
            "lines": 1,
            "lines_more": 0,
            "preview_is_truncated": false,
            "channels": [
                "C36D45F60"
            ],
            "groups": [],
            "ims": [],
            "comments_count": 1,
            "initial_comment": {
                "id": "Fc4S95S4HK",
                "created": 1490893787,
                "timestamp": 1490893787,
                "user": "U2PL7CPBR",
                "is_intro": true,
                "comment": "Anyone have luck getting rid of the back button on a iframe argument? Basically what I am investigating here is embedding ability into a widget to create KBs from the portal. Seems to work with the exception that the back button is available",
                "channel": ""
            }
        },
        "user": "U2PL7CPBR",
        "upload": true,
        "display_as_bot": false,
        "username": "bsnow",
        "bot_id": null,
        "ts": "1490893788.880928"
    },
    {
        "type": "message",
        "user": "U2V15S3MF",
        "text": "I have done this on the Order guide widget workaround provided for Helsinki. It basically loads the native UI verision of the order guide in an iframe in the widget. I used jQuery to hide the backbutton",
        "ts": "1490894406.149128"
    },
    {
        "type": "message",
        "subtype": "file_share",
        "text": "<@U2V15S3MF|t1mb0b> uploaded a file: <https:\/\/sndevs.slack.com\/files\/t1mb0b\/F4S4TTCV9\/-.js|Untitled> and commented: I put this in the 'Link' section of the widget. You'll obviously need to find the element name of the iframe and button and update appropriately",
        "file": {
            "id": "F4S4TTCV9",
            "created": 1490894572,
            "timestamp": 1490894572,
            "name": "-.js",
            "title": "Untitled",
            "mimetype": "text\/plain",
            "filetype": "javascript",
            "pretty_type": "JavaScript\/JSON",
            "user": "U2V15S3MF",
            "editable": true,
            "size": 184,
            "mode": "snippet",
            "is_external": false,
            "external_type": "",
            "is_public": true,
            "public_url_shared": false,
            "display_as_bot": false,
            "username": "",
            "url_private": "https:\/\/files.slack.com\/files-pri\/T0E2AD6AY-F4S4TTCV9\/-.js?t=xoxe-14078448372-167243557781-166475819265-182f5ebf49",
            "url_private_download": "https:\/\/files.slack.com\/files-pri\/T0E2AD6AY-F4S4TTCV9\/download\/-.js?t=xoxe-14078448372-167243557781-166475819265-182f5ebf49",
            "permalink": "https:\/\/sndevs.slack.com\/files\/t1mb0b\/F4S4TTCV9\/-.js",
            "permalink_public": "https:\/\/slack-files.com\/T0E2AD6AY-F4S4TTCV9-b6314add08",
            "edit_link": "https:\/\/sndevs.slack.com\/files\/t1mb0b\/F4S4TTCV9\/-.js\/edit",
            "preview": "\/* Hide the back button when the iFrame Loads *\/\r\ndocument.querySelector('#og_iframe').onload = function(){\r\n\tjQuery('#og_iframe').contents().find('#back_button_in_header').hide();\r\n};",
            "preview_highlight": "<div class=\"CodeMirror cm-s-default CodeMirrorServer\" oncopy=\"if(event.clipboardData){event.clipboardData.setData('text\/plain',window.getSelection().toString().replace(\/\\u200b\/g,''));event.preventDefault();event.stopPropagation();}\">\n<div class=\"CodeMirror-code\">\n<div><pre><span class=\"cm-comment\">\/* Hide the back button when the iFrame Loads *\/<\/span><\/pre><\/div>\n<div><pre><span class=\"cm-variable\">document<\/span>.<span class=\"cm-property\">querySelector<\/span>(<span class=\"cm-string\">'#og_iframe'<\/span>).<span class=\"cm-property\">onload<\/span> <span class=\"cm-operator\">=<\/span> <span class=\"cm-keyword\">function<\/span>(){<\/pre><\/div>\n<div><pre>\t<span class=\"cm-variable\">jQuery<\/span>(<span class=\"cm-string\">'#og_iframe'<\/span>).<span class=\"cm-property\">contents<\/span>().<span class=\"cm-property\">find<\/span>(<span class=\"cm-string\">'#back_button_in_header'<\/span>).<span class=\"cm-property\">hide<\/span>();<\/pre><\/div>\n<div><pre>};<\/pre><\/div>\n<\/div>\n<\/div>\n",
            "lines": 4,
            "lines_more": 0,
            "preview_is_truncated": false,
            "channels": [
                "C36D45F60"
            ],
            "groups": [],
            "ims": [],
            "comments_count": 1,
            "initial_comment": {
                "id": "Fc4RFESEQY",
                "created": 1490894572,
                "timestamp": 1490894572,
                "user": "U2V15S3MF",
                "is_intro": true,
                "comment": "I put this in the 'Link' section of the widget. You'll obviously need to find the element name of the iframe and button and update appropriately",
                "channel": ""
            }
        },
        "user": "U2V15S3MF",
        "upload": true,
        "display_as_bot": false,
        "username": "t1mb0b",
        "bot_id": null,
        "ts": "1490894572.222061"
    },
    {
        "type": "message",
        "user": "U2V15S3MF",
        "text": "Rather, set an id on your iFrame, and update appropriately",
        "ts": "1490894683.270869"
    },
    {
        "type": "message",
        "user": "U2PL7CPBR",
        "text": "Thanks <@U2V15S3MF> !!! I know how to set an ID in Iframe but finding the button element. Doesnt seem to be working",
        "ts": "1490895095.458192"
    },
    {
        "type": "message",
        "user": "U2V15S3MF",
        "text": "Right click on the button in the browser and inspect element. You can get the I'd that way",
        "ts": "1490896051.889137",
        "reactions": [
            {
                "name": "bug",
                "users": [
                    "U2PL7CPBR"
                ],
                "count": 1
            }
        ]
    },
    {
        "user": "U4STQDTUN",
        "text": "<@U4STQDTUN|abhijat> has joined the channel",
        "type": "message",
        "subtype": "channel_join",
        "ts": "1490897186.420689"
    },
    {
        "user": "U4RJN1Y0Y",
        "text": "<@U4RJN1Y0Y|tanisha> has joined the channel",
        "type": "message",
        "subtype": "channel_join",
        "ts": "1490904629.618191"
    },
    {
        "user": "U4SCQAYR3",
        "text": "<@U4SCQAYR3|leehollister> has joined the channel",
        "type": "message",
        "subtype": "channel_join",
        "ts": "1490904890.724110"
    },
    {
        "user": "U4T0X14MU",
        "text": "<@U4T0X14MU|newbie23> has joined the channel",
        "type": "message",
        "subtype": "channel_join",
        "ts": "1490905561.994777"
    },
    {
        "user": "U4T1HNS5D",
        "text": "<@U4T1HNS5D|sai> has joined the channel",
        "type": "message",
        "subtype": "channel_join",
        "ts": "1490906432.350369"
    },
    {
        "type": "message",
        "user": "U4NKZGN65",
        "text": "Interestingly, they don’t seem to render in the Portal when included in a Variable Set on a Catalog Item, but they render just fine if added as a Variable directly...",
        "thread_ts": "1490814305.647900",
        "parent_user_id": "U4NKZGN65",
        "ts": "1490914167.829348"
    }
]