[
    {
        "type": "message",
        "user": "U4DKJN85A",
        "text": "Just curious, has anyone developed a “Requested For” widget in SP that is presented before the item order process?",
        "thread_ts": "1490022734.168803",
        "reply_count": 10,
        "replies": [
            {
                "user": "U4DKJN85A",
                "ts": "1490023046.320588"
            },
            {
                "user": "U34SPJ5LG",
                "ts": "1490023129.361643"
            },
            {
                "user": "U34SPJ5LG",
                "ts": "1490023181.386145"
            },
            {
                "user": "U4DKJN85A",
                "ts": "1490023563.573974"
            },
            {
                "user": "U4DKJN85A",
                "ts": "1490023740.660993"
            },
            {
                "user": "U4DKJN85A",
                "ts": "1490023748.664929"
            },
            {
                "user": "U34SPJ5LG",
                "ts": "1490025112.336244"
            },
            {
                "user": "U34SPJ5LG",
                "ts": "1490028376.888986"
            },
            {
                "user": "U4DKJN85A",
                "ts": "1490030696.959777"
            },
            {
                "user": "U34SPJ5LG",
                "ts": "1490038284.220353"
            }
        ],
        "unread_count": 10,
        "ts": "1490022734.168803"
    },
    {
        "type": "message",
        "user": "U4DKJN85A",
        "text": "thread responses please",
        "thread_ts": "1490022734.168803",
        "parent_user_id": "U4DKJN85A",
        "ts": "1490023046.320588"
    },
    {
        "type": "message",
        "user": "U34SPJ5LG",
        "text": "I have",
        "thread_ts": "1490022734.168803",
        "parent_user_id": "U4DKJN85A",
        "ts": "1490023129.361643"
    },
    {
        "type": "message",
        "user": "U34SPJ5LG",
        "text": "It requires an update to the catalog widget as well, I created a \"sticky\" requested for, so the user would have to update the requested for if they want to change it.\n\nThe OOB Cart has a requested for, functionality that is utilized upon each cart checkout.",
        "edited": {
            "user": "U34SPJ5LG",
            "ts": "1490023280.000000"
        },
        "thread_ts": "1490022734.168803",
        "parent_user_id": "U4DKJN85A",
        "ts": "1490023181.386145"
    },
    {
        "type": "message",
        "user": "U4DKJN85A",
        "text": "Awesome. Would you be willing to share your code for this?",
        "thread_ts": "1490022734.168803",
        "parent_user_id": "U4DKJN85A",
        "ts": "1490023563.573974"
    },
    {
        "type": "message",
        "user": "U4DKJN85A",
        "text": "Or provide some instruction to how you got to where you are with this?",
        "thread_ts": "1490022734.168803",
        "parent_user_id": "U4DKJN85A",
        "ts": "1490023740.660993"
    },
    {
        "type": "message",
        "user": "U4DKJN85A",
        "text": "Any help would be much appreciated",
        "thread_ts": "1490022734.168803",
        "parent_user_id": "U4DKJN85A",
        "ts": "1490023748.664929"
    },
    {
        "type": "message",
        "user": "U34SPJ5LG",
        "text": "I would have to find the code.",
        "thread_ts": "1490022734.168803",
        "parent_user_id": "U4DKJN85A",
        "ts": "1490025112.336244"
    },
    {
        "user": "U4L6D7MTK",
        "text": "<@U4L6D7MTK|jonathonbarton> has joined the channel",
        "type": "message",
        "subtype": "channel_join",
        "ts": "1490027138.300957"
    },
    {
        "user": "U4MHBHMAT",
        "text": "<@U4MHBHMAT|jsmock> has joined the channel",
        "type": "message",
        "subtype": "channel_join",
        "ts": "1490027343.399858"
    },
    {
        "type": "message",
        "user": "U34SPJ5LG",
        "text": "<https:\/\/github.com\/mbenitez-sn\/service-portal\/tree\/mbenitez-sn-sc>",
        "attachments": [
            {
                "service_name": "GitHub",
                "title": "mbenitez-sn\/service-portal",
                "title_link": "https:\/\/github.com\/mbenitez-sn\/service-portal\/tree\/mbenitez-sn-sc",
                "text": "service-portal - Glidefast's Collection of ServiceNow Service Portal widgets",
                "fallback": "GitHub: mbenitez-sn\/service-portal",
                "from_url": "https:\/\/github.com\/mbenitez-sn\/service-portal\/tree\/mbenitez-sn-sc",
                "thumb_url": "https:\/\/avatars1.githubusercontent.com\/u\/26550527?v=3&s=400",
                "thumb_width": 250,
                "thumb_height": 250,
                "service_icon": "https:\/\/a.slack-edge.com\/bfaba\/img\/unfurl_icons\/github.png",
                "id": 1
            }
        ],
        "thread_ts": "1490022734.168803",
        "parent_user_id": "U4DKJN85A",
        "ts": "1490028376.888986"
    },
    {
        "type": "message",
        "user": "U46KW8GL8",
        "text": "anyone managed to create a widget to track workflow stages realtime? (without page refresh)",
        "thread_ts": "1490028785.079214",
        "reply_count": 3,
        "replies": [
            {
                "user": "U3BU8FGKV",
                "ts": "1490031013.106325"
            },
            {
                "user": "U46KW8GL8",
                "ts": "1490031563.356113"
            },
            {
                "user": "U3BU8FGKV",
                "ts": "1490032054.577628"
            }
        ],
        "unread_count": 3,
        "ts": "1490028785.079214"
    },
    {
        "type": "message",
        "user": "U4DKJN85A",
        "text": "thanks!",
        "thread_ts": "1490022734.168803",
        "parent_user_id": "U4DKJN85A",
        "ts": "1490030696.959777"
    },
    {
        "type": "message",
        "user": "U1R3SELAE",
        "text": "anyone know about \"Service Portal UI Formatters\" table",
        "ts": "1490030909.057556"
    },
    {
        "type": "message",
        "user": "U3BU8FGKV",
        "text": "I’m aware of a paid option, <@U46KW8GL8>, if that’s of any interest.",
        "thread_ts": "1490028785.079214",
        "parent_user_id": "U46KW8GL8",
        "ts": "1490031013.106325"
    },
    {
        "type": "message",
        "user": "U2PL7CPBR",
        "text": "Does anyone have any luck with tweaking the KB category widget to show Subcategories? There is a widget out there for SC just need to tweak it to fit KB tables <https:\/\/share.servicenow.com\/app.do#\/detailV2\/68302cdadbf8760010c37ecfbf961971>",
        "ts": "1490031031.115307"
    },
    {
        "type": "message",
        "user": "U46KW8GL8",
        "text": "any demos?",
        "thread_ts": "1490028785.079214",
        "parent_user_id": "U46KW8GL8",
        "ts": "1490031563.356113"
    },
    {
        "type": "message",
        "user": "U3BU8FGKV",
        "text": "I’m sure! Let me check and I’ll hit you up directly.",
        "thread_ts": "1490028785.079214",
        "parent_user_id": "U46KW8GL8",
        "ts": "1490032054.577628"
    },
    {
        "user": "U4LTMDWAF",
        "text": "<@U4LTMDWAF|allison.miller> has joined the channel",
        "type": "message",
        "subtype": "channel_join",
        "ts": "1490037275.819031"
    },
    {
        "type": "message",
        "user": "U34SPJ5LG",
        "text": "No Problem",
        "thread_ts": "1490022734.168803",
        "parent_user_id": "U4DKJN85A",
        "ts": "1490038284.220353"
    },
    {
        "type": "message",
        "user": "U34SPJ5LG",
        "text": "Does anyone know if glide aggregate in widgets for csm sites requires ACL access?",
        "ts": "1490038537.320469"
    },
    {
        "user": "U4M1PKAHG",
        "text": "<@U4M1PKAHG|bkozlowski_pewtrust> has joined the channel",
        "type": "message",
        "subtype": "channel_join",
        "ts": "1490042312.793409"
    },
    {
        "type": "message",
        "user": "U1R3SELAE",
        "text": "Glideagg and gliderecord doesnot obey acl",
        "ts": "1490063782.569785"
    },
    {
        "type": "message",
        "user": "U2SNS3FJ8",
        "text": "checkout GlideRecordSecure, not sure if there's a agg secure",
        "ts": "1490066063.884447"
    },
    {
        "user": "U4MT1RJMD",
        "text": "<@U4MT1RJMD|capnsammeh> has joined the channel",
        "type": "message",
        "subtype": "channel_join",
        "ts": "1490075620.030004"
    },
    {
        "type": "message",
        "user": "U4MT1RJMD",
        "text": "Hi All! Thanks for having me. We're having a weird issue with our CMS Portal during our Helsinki Upgrade; 1 user (just 1!) has reported that his CMS Layout has different icons and \"is more visually appealing\" than the Out of Box CMS portal, but we're unsure how to replicate it! Has anyone seen this before? \n\n<https:\/\/gyazo.com\/beac611994b45f4eaa57af8b5b46a5a5>",
        "attachments": [
            {
                "service_name": "Gyazo",
                "service_url": "https:\/\/gyazo.com",
                "fallback": "Gyazo Photo: ",
                "image_url": "https:\/\/bot.gyazo.com\/beac611994b45f4eaa57af8b5b46a5a5.png",
                "image_width": 883,
                "image_height": 291,
                "from_url": "https:\/\/gyazo.com\/beac611994b45f4eaa57af8b5b46a5a5",
                "image_bytes": 10645,
                "title_link": "https:\/\/gyazo.com\/beac611994b45f4eaa57af8b5b46a5a5",
                "service_icon": "https:\/\/gyazo.com\/favicon.ico",
                "id": 1
            }
        ],
        "ts": "1490077317.239059"
    }
]