[
    {
        "type": "message",
        "user": "U1R3SELAE",
        "text": "I heard about some internal loading services in portal",
        "ts": "1488799607.211409"
    },
    {
        "type": "message",
        "user": "U1R3SELAE",
        "text": "I think you have to open one request in github… some ppl might answer u there",
        "ts": "1488799642.212796"
    },
    {
        "type": "message",
        "user": "U3T6Y078A",
        "text": "Hello! Is there a way in service portal to disable the reloading\/scrolling to top when using $location.search('someParam', 'someValue'), window.history.pushState('someDate', '', '\/new-url?someParam), or window.location.hash=\"someDivId\"?\n\non a ui page, I can perform any of the above in javascript without reloading, but doing them on a service portal page will force navigation\/redirect after a couple seconds",
        "ts": "1488816971.490650"
    },
    {
        "text": "Bad! Try g_navigation",
        "type": "message",
        "subtype": "slackbot_response",
        "user": "USLACKBOT",
        "ts": "1488816971.490666"
    },
    {
        "user": "U4EHNLPQV",
        "text": "<@U4EHNLPQV|pnallamothu> has joined the channel",
        "type": "message",
        "subtype": "channel_join",
        "ts": "1488841007.930668"
    },
    {
        "type": "message",
        "user": "U3PALSBN1",
        "text": "I put this in the General channel first, but it probably belongs here.  Hope someone can assist.\n\nHello all,  we have a cms site which uses a dynamic block to retrieve all the ritm, incident, req, or any information.  This allows us to continuously display the same footer and header information and place the data how we like.  I am trying to create a link that will also use this, but need guidance on how to do so.  If i just append <http:\/\/sc_req_item.do?sys_id=abc123&amp;sysparm_view=ess|sc_req_item.do?sys_id=abc123&amp;sysparm_view=ess>  it opens in a new page without the header and footer.  Is it possible to make a link and have it open within the client portal(using the header and footer)?",
        "ts": "1488842702.054833"
    }
]