[
    {
        "user": "U3SVA5YAC",
        "text": "<@U3SVA5YAC|brutusthecat> has joined the channel",
        "type": "message",
        "subtype": "channel_join",
        "ts": "1484833172.000805"
    },
    {
        "type": "message",
        "user": "U0KA6CNR0",
        "text": "<@U0V9PD50R>, you can do $sp.getParemeter(\"id\")'; in the server script",
        "ts": "1484835304.000806"
    },
    {
        "text": "Have you seen <https:\/\/github.com\/service-portal\/documentation> ?",
        "attachments": [
            {
                "service_name": "GitHub",
                "title": "service-portal\/documentation",
                "title_link": "https:\/\/github.com\/service-portal\/documentation",
                "text": "Here you will find unofficial documentation for the ServiceNow Service Portal technology. The materials here have been written by the developers for the developers. In other words, if you are going...",
                "fallback": "GitHub: service-portal\/documentation",
                "thumb_url": "https:\/\/avatars2.githubusercontent.com\/u\/19556914?v=3&s=400",
                "from_url": "https:\/\/github.com\/service-portal\/documentation",
                "thumb_width": 334,
                "thumb_height": 334,
                "service_icon": "https:\/\/github.com\/apple-touch-icon.png",
                "id": 1
            }
        ],
        "type": "message",
        "subtype": "slackbot_response",
        "user": "USLACKBOT",
        "ts": "1484835304.000807"
    },
    {
        "type": "message",
        "user": "U0KA6CNR0",
        "text": "i'm looking to create a reopen ticket widget on previously closed incidents, thinking through how to best tailor the widget to allow for the user reopening to add comments that will append to the incident.",
        "ts": "1484837965.000809"
    },
    {
        "type": "message",
        "user": "U0KA6CNR0",
        "text": "any recommendations?",
        "ts": "1484837973.000810"
    },
    {
        "type": "message",
        "user": "U0V9PD50R",
        "text": "<@U0KA6CNR0>: I think you're right, I'm handling it on the client side currently , but I'll look at that...it might be a better way to deal with it",
        "ts": "1484844157.000811"
    },
    {
        "type": "message",
        "user": "U1R3SELAE",
        "text": "Hi keirnan i have just completed this type of functionality",
        "ts": "1484844782.000812"
    },
    {
        "user": "U3TQJPCE6",
        "text": "<@U3TQJPCE6|pporter> has joined the channel",
        "type": "message",
        "subtype": "channel_join",
        "ts": "1484846478.000813"
    },
    {
        "type": "message",
        "user": "U0KA6CNR0",
        "text": "<@U1R3SELAE>, any tips?",
        "ts": "1484846525.000814"
    },
    {
        "type": "message",
        "user": "U0KA6CNR0",
        "text": ";",
        "ts": "1484846525.000815"
    },
    {
        "type": "message",
        "user": "U0KA6CNR0",
        "text": "i'm currently looking into the ticket conversation functionality to see about replicating some of the behaviors",
        "ts": "1484846668.000816"
    },
    {
        "type": "message",
        "user": "U0V9PD50R",
        "text": "a modal <@U0KA6CNR0>, we're abut to do something similar...they want to close a ticket but it requires a comment before can be closed, so we're gonna pop it in a modal...",
        "ts": "1484852498.000817"
    },
    {
        "type": "message",
        "user": "U0KA6CNR0",
        "text": "yep, thats what i'm doing currently",
        "ts": "1484852960.000818"
    },
    {
        "type": "message",
        "user": "U0V9PD50R",
        "text": "coolio",
        "ts": "1484853235.000819"
    },
    {
        "type": "message",
        "user": "U1R3SELAE",
        "text": "Well what i did is something different",
        "ts": "1484855386.000820"
    },
    {
        "type": "message",
        "user": "U1R3SELAE",
        "text": "I copied ticket conversation widget and added event on trigger condition which is broadcasted by my button, which makes ticket conversation field mandatory to submit ",
        "ts": "1484855452.000821"
    },
    {
        "type": "message",
        "user": "U1R3SELAE",
        "text": "But again modal approach is also good",
        "ts": "1484855462.000822"
    },
    {
        "type": "message",
        "user": "U1R3SELAE",
        "text": "Though my client doesnt want that so i redesigned this one",
        "ts": "1484855478.000823"
    },
    {
        "user": "U3TTRMKLJ",
        "text": "<@U3TTRMKLJ|lance> has joined the channel",
        "type": "message",
        "subtype": "channel_join",
        "ts": "1484857304.000824"
    },
    {
        "user": "U3UJD1AA2",
        "text": "<@U3UJD1AA2|jessi.graves> has joined the channel",
        "type": "message",
        "subtype": "channel_join",
        "ts": "1484857555.000825"
    }
]