[
    {
        "user": "U2J0FBPS7",
        "text": "<@U2J0FBPS7|sandeep> has joined the channel",
        "type": "message",
        "subtype": "channel_join",
        "ts": "1487769809.553466"
    },
    {
        "user": "U492BUA7N",
        "text": "<@U492BUA7N|sodoloufo> has joined the channel",
        "type": "message",
        "subtype": "channel_join",
        "ts": "1487785596.098284"
    },
    {
        "type": "message",
        "user": "U15LF2CTD",
        "text": "<@U2PL7CPBR>  I happened to run across this on Share and thought you may be interested based on your knowledge base question: <https:\/\/share.servicenow.com\/app.do#\/detailV2\/34b7f7d513592a000de935528144b029\/overview>",
        "ts": "1487794220.433230"
    },
    {
        "user": "U49UGRN15",
        "text": "<@U49UGRN15|craigc> has joined the channel",
        "type": "message",
        "subtype": "channel_join",
        "ts": "1487822700.118401"
    },
    {
        "user": "U498BG726",
        "text": "<@U498BG726|vahan.galachyan> has joined the channel",
        "type": "message",
        "subtype": "channel_join",
        "ts": "1487824487.138261"
    },
    {
        "user": "U48JS7L3T",
        "text": "<@U48JS7L3T|kamleshprasad> has joined the channel",
        "type": "message",
        "subtype": "channel_join",
        "ts": "1487834367.273857"
    }
]