[
    {
        "user": "U4JHPSJ7N",
        "text": "<@U4JHPSJ7N|eibesa> has joined the channel",
        "type": "message",
        "subtype": "channel_join",
        "ts": "1489564767.375154"
    },
    {
        "user": "U4JN44Z61",
        "text": "<@U4JN44Z61|fred> has joined the channel",
        "type": "message",
        "subtype": "channel_join",
        "ts": "1489580744.426638"
    },
    {
        "user": "U4KBL5BPZ",
        "text": "<@U4KBL5BPZ|reanimate> has joined the channel",
        "type": "message",
        "subtype": "channel_join",
        "ts": "1489585478.989158"
    },
    {
        "user": "U4JJRBY8K",
        "text": "<@U4JJRBY8K|gk> has joined the channel",
        "type": "message",
        "subtype": "channel_join",
        "ts": "1489585885.159129"
    },
    {
        "user": "U4J27BQNL",
        "text": "<@U4J27BQNL|babernathy> has joined the channel",
        "type": "message",
        "subtype": "channel_join",
        "ts": "1489592345.362131"
    },
    {
        "user": "U4JQV00G4",
        "text": "<@U4JQV00G4|csabo> has joined the channel",
        "type": "message",
        "subtype": "channel_join",
        "ts": "1489594271.376636"
    },
    {
        "user": "U28QSH9T3",
        "text": "<@U28QSH9T3|doombringer> has joined the channel",
        "type": "message",
        "subtype": "channel_join",
        "ts": "1489599057.732012"
    },
    {
        "user": "U4JTKEBQA",
        "text": "<@U4JTKEBQA|designedbydave> has joined the channel",
        "type": "message",
        "subtype": "channel_join",
        "ts": "1489605275.627245"
    },
    {
        "user": "U4K0V197U",
        "text": "<@U4K0V197U|mohith> has joined the channel",
        "type": "message",
        "subtype": "channel_join",
        "ts": "1489614330.313858"
    },
    {
        "user": "U4K3B5L92",
        "text": "<@U4K3B5L92|thepartycow> has joined the channel",
        "type": "message",
        "subtype": "channel_join",
        "ts": "1489620987.069705"
    },
    {
        "user": "U0J4KKK0V",
        "text": "<@U0J4KKK0V|professor> has joined the channel",
        "type": "message",
        "subtype": "channel_join",
        "ts": "1489627300.187073"
    },
    {
        "user": "U0NNAGPRS",
        "text": "<@U0NNAGPRS|jerryhjones> has joined the channel",
        "type": "message",
        "subtype": "channel_join",
        "ts": "1489638103.056778"
    }
]