[
    {
        "user": "U4CLKHYB0",
        "text": "<@U4CLKHYB0|farath> has joined the channel",
        "type": "message",
        "subtype": "channel_join",
        "ts": "1488364069.959223"
    },
    {
        "type": "message",
        "user": "U3WV7RFGU",
        "text": "<@U0ED7DUBD> There are two issues with `g_form.getReference` currently that I know of (they're not bugs though).\n\n1. Like client side GlideRecord calls it _might_ (I'm not positive) be subject to ACLs, restricting what information it is allowed to grab.\n\n2. In the service portal, it will not function unless it has a callback function specified.",
        "ts": "1488374150.441833"
    },
    {
        "type": "message",
        "user": "U0ED7DUBD",
        "text": "Might be some change in terms of ACLs in the patch, but it is using the callback.",
        "ts": "1488378371.726266"
    },
    {
        "type": "message",
        "user": "U34SPJ5LG",
        "text": "<@U0ED7DUBD> I've noticed that if a user does not have access to a referenced record\/table shit goes left. It either: throws an error; shows blank record text in the container; does not allow the widget\/section to appear.\n\nI had this issue with approvals, and had to add read access for approvers to all the tables which the approvers will be referenced to.",
        "edited": {
            "user": "U34SPJ5LG",
            "ts": "1488382758.000000"
        },
        "ts": "1488382633.136702"
    },
    {
        "type": "message",
        "user": "U0ED7DUBD",
        "text": "Well, in this case it turns out it was a Workday plugin I turned on that put additional restrictions on sys_user :flushed:",
        "ts": "1488385199.427725"
    },
    {
        "type": "message",
        "user": "U3WV7RFGU",
        "text": "<@U0ED7DUBD> If it _is_ due to ACLs, you might consider using a custom Script Include with GlideAjax instead. That works around the ACL issue.",
        "ts": "1488385944.514689"
    },
    {
        "type": "message",
        "user": "U0ED7DUBD",
        "text": "Yeah.  I actually don’t plan to use that plugin in prod, so simply turning off the ACL seems to do the trick for me.  Thanks though!",
        "ts": "1488385995.520105"
    },
    {
        "type": "message",
        "user": "U3WV7RFGU",
        "text": ":thumbsup:",
        "ts": "1488386014.522547"
    },
    {
        "user": "U4C4JCW2F",
        "text": "<@U4C4JCW2F|mahmed98> has joined the channel",
        "type": "message",
        "subtype": "channel_join",
        "ts": "1488388191.771656"
    },
    {
        "user": "U4CAAS729",
        "text": "<@U4CAAS729|msonza> has joined the channel",
        "type": "message",
        "subtype": "channel_join",
        "ts": "1488391753.148213"
    },
    {
        "type": "message",
        "user": "U1R3SELAE",
        "text": "anyone got any workaround for contextual search in servicenow service portal",
        "ts": "1488394618.455143"
    },
    {
        "type": "message",
        "user": "U1R3SELAE",
        "text": "?",
        "ts": "1488396323.637369"
    },
    {
        "type": "message",
        "user": "U3BU8FGKV",
        "text": "<@U1R3SELAE> workaround to accomplish what?",
        "ts": "1488399509.977556"
    },
    {
        "type": "message",
        "user": "U1R3SELAE",
        "text": "contextual search on record producer?",
        "ts": "1488399535.979963"
    },
    {
        "type": "message",
        "user": "U3BU8FGKV",
        "text": "Oh, does it fall apart when the RP renders in SP?",
        "ts": "1488399552.981490"
    },
    {
        "type": "message",
        "user": "U1R3SELAE",
        "text": "yes",
        "ts": "1488399819.007700"
    },
    {
        "type": "message",
        "user": "U1R3SELAE",
        "text": "you never tried that",
        "ts": "1488399825.008280"
    },
    {
        "type": "message",
        "user": "U3BU8FGKV",
        "text": "can’t say that I have. Looks like SP suppresses ui macros altogether perhaps?",
        "thread_ts": "1488400471.070169",
        "reply_count": 1,
        "replies": [
            {
                "user": "U3857M3T9",
                "ts": "1488435265.093560"
            }
        ],
        "unread_count": 1,
        "ts": "1488400471.070169"
    },
    {
        "type": "message",
        "user": "U3BU8FGKV",
        "text": "If so, probably not a lot to be done about that. :confused:",
        "ts": "1488400477.070725"
    },
    {
        "type": "message",
        "user": "U3BU8FGKV",
        "text": "Tested out OneSearch in the same situation - it should work fine in that framework, but also appears to not render at all, so I’m guessing that’s a ‘feature’ of SP to suppress macros",
        "ts": "1488401407.157462"
    },
    {
        "type": "message",
        "user": "U26H846DR",
        "text": "<@U1R3SELAE> There’s an app on the store for that, but it’s not free: <https:\/\/store.servicenow.com\/sn_appstore_store.do#!\/store\/application\/579f6f044fc0f2007e2cfa218110c7cc\/1.0.0>",
        "attachments": [
            {
                "title": "ServiceNow Store",
                "title_link": "https:\/\/store.servicenow.com\/sn_appstore_store.do#!\/store\/application\/579f6f044fc0f2007e2cfa218110c7cc\/1.0.0",
                "text": "ServiceNow Store delivers trusted business apps across various business lines and industries",
                "fallback": "ServiceNow Store",
                "thumb_url": "https:\/\/store.servicenow.com\/images\/logo\/sn_store_logo.png",
                "from_url": "https:\/\/store.servicenow.com\/sn_appstore_store.do#!\/store\/application\/579f6f044fc0f2007e2cfa218110c7cc\/1.0.0",
                "thumb_width": 200,
                "thumb_height": 200,
                "service_icon": "https:\/\/store.servicenow.com\/favicon.ico",
                "service_name": "store.servicenow.com",
                "id": 1
            }
        ],
        "ts": "1488401465.163183"
    },
    {
        "type": "message",
        "user": "U235A44S0",
        "text": "Ahh, NewRocket",
        "ts": "1488401521.169127"
    },
    {
        "type": "message",
        "user": "U3BU8FGKV",
        "text": "Ah, I see what he’s doing there. I’ll want to add that to the OneSearch enhancement list, for sure.",
        "ts": "1488403405.366355"
    },
    {
        "type": "message",
        "user": "U0E36J5EU",
        "text": "I shall subscribe to your newsletter on that - can't go back to not having onesearch when I move to service portal!",
        "ts": "1488403932.419936",
        "reactions": [
            {
                "name": "fist",
                "users": [
                    "U3BU8FGKV"
                ],
                "count": 1
            }
        ]
    },
    {
        "type": "message",
        "user": "U44NVE75E",
        "text": "anyone know how to make a catalog item mandatory in the portal along with alert message",
        "ts": "1488422003.601934"
    },
    {
        "type": "message",
        "user": "U1R3SELAE",
        "text": "Well i dont want to purchase…so creating my own",
        "ts": "1488429285.829661"
    },
    {
        "type": "message",
        "user": "U1R3SELAE",
        "text": "Poc is done",
        "ts": "1488429321.830501"
    },
    {
        "user": "U4BREN5Q9",
        "text": "<@U4BREN5Q9|amvivekanand1992> has joined the channel",
        "type": "message",
        "subtype": "channel_join",
        "ts": "1488430563.864056"
    },
    {
        "type": "message",
        "user": "U3857M3T9",
        "text": "<@U3BU8FGKV>  SP uses Angular whereas ui macros use Jelly so Macros don't work in SP",
        "thread_ts": "1488400471.070169",
        "parent_user_id": "U3BU8FGKV",
        "ts": "1488435265.093560"
    }
]