[
    {
        "user": "U3ZD0G5SR",
        "text": "<@U3ZD0G5SR|justin.loftas> has joined the channel",
        "type": "message",
        "subtype": "channel_join",
        "ts": "1485945265.000913"
    },
    {
        "type": "message",
        "user": "U0KA6CNR0",
        "text": "has anyone used the My HR SP widget from share?",
        "ts": "1485964972.000914"
    },
    {
        "type": "message",
        "user": "U0KA6CNR0",
        "text": "there's a component which appears is necessary  \"service portal, iframe widget\" which is indicated",
        "ts": "1485964995.000915"
    },
    {
        "type": "message",
        "user": "U0KA6CNR0",
        "text": "but it does not indicate the specific place to find the update set containing it",
        "ts": "1485965012.000916"
    },
    {
        "type": "message",
        "user": "U0V9PD50R",
        "text": "i haven't...sorry",
        "ts": "1485970669.000917"
    },
    {
        "type": "message",
        "user": "U0KA6CNR0",
        "text": "drat",
        "ts": "1485971043.000918"
    },
    {
        "user": "U409HU1HD",
        "text": "<@U409HU1HD|iamwill> has joined the channel",
        "type": "message",
        "subtype": "channel_join",
        "ts": "1485975590.000919"
    },
    {
        "user": "U3ZNCJ1PW",
        "text": "<@U3ZNCJ1PW|strovato> has joined the channel",
        "type": "message",
        "subtype": "channel_join",
        "ts": "1485980331.000920"
    },
    {
        "user": "U3ZR7VDRQ",
        "text": "<@U3ZR7VDRQ|ghostey> has joined the channel",
        "type": "message",
        "subtype": "channel_join",
        "ts": "1486006543.000921"
    },
    {
        "user": "U3Z6D66RF",
        "text": "<@U3Z6D66RF|awade> has joined the channel",
        "type": "message",
        "subtype": "channel_join",
        "ts": "1486018257.000922"
    }
]