[
    {
        "type": "message",
        "user": "U1R3SELAE",
        "text": "Not now",
        "ts": "1483440399.000691"
    },
    {
        "type": "message",
        "user": "U1R3SELAE",
        "text": "What is ur requirement?",
        "ts": "1483440449.000692"
    },
    {
        "type": "message",
        "user": "U3KQA8KA4",
        "text": "<@U1R3SELAE> I am needing to create a widget that replicates the functionality of the list collector w\/ a condition builder just like we have in the CMS portal.",
        "ts": "1483455337.000693"
    },
    {
        "type": "message",
        "user": "U1R3SELAE",
        "text": "Can you share screenshot of lookalike ",
        "ts": "1483457738.000694"
    },
    {
        "user": "U3LQPC811",
        "text": "<@U3LQPC811|bbrow003> has joined the channel",
        "type": "message",
        "subtype": "channel_join",
        "ts": "1483471079.000695"
    },
    {
        "type": "message",
        "user": "U0E96U52M",
        "text": "so we are finally starting to use sp",
        "ts": "1483474301.000696"
    },
    {
        "type": "message",
        "user": "U0E96U52M",
        "text": "and we're changing a few things but i dont see where something is set",
        "ts": "1483474324.000697"
    },
    {
        "type": "message",
        "user": "U0E96U52M",
        "text": "Line 3 of the server script",
        "ts": "1483474357.000698"
    },
    {
        "type": "message",
        "subtype": "file_share",
        "text": "<@U0E96U52M|jace> uploaded a file: <https:\/\/sndevs.slack.com\/files\/jace\/F3L7JM00H\/pasted_image_at_2017_01_03_14_12.png|Pasted image at 2017-01-03, 14:12>",
        "file": {
            "id": "F3L7JM00H",
            "created": 1483474360,
            "timestamp": 1483474360,
            "name": "Pasted image at 2017_01_03 14_12.png",
            "title": "Pasted image at 2017-01-03, 14:12",
            "mimetype": "image\/png",
            "filetype": "png",
            "pretty_type": "PNG",
            "user": "U0E96U52M",
            "editable": false,
            "size": 141874,
            "mode": "hosted",
            "is_external": false,
            "external_type": "",
            "is_public": true,
            "public_url_shared": false,
            "display_as_bot": false,
            "username": "",
            "url_private": "https:\/\/files.slack.com\/files-pri\/T0E2AD6AY-F3L7JM00H\/pasted_image_at_2017_01_03_14_12.png?t=xoxe-14078448372-167243557781-166475819265-182f5ebf49",
            "url_private_download": "https:\/\/files.slack.com\/files-pri\/T0E2AD6AY-F3L7JM00H\/download\/pasted_image_at_2017_01_03_14_12.png?t=xoxe-14078448372-167243557781-166475819265-182f5ebf49",
            "thumb_64": "https:\/\/files.slack.com\/files-tmb\/T0E2AD6AY-F3L7JM00H-b4d64659b8\/pasted_image_at_2017_01_03_14_12_64.png?t=xoxe-14078448372-167243557781-166475819265-182f5ebf49",
            "thumb_80": "https:\/\/files.slack.com\/files-tmb\/T0E2AD6AY-F3L7JM00H-b4d64659b8\/pasted_image_at_2017_01_03_14_12_80.png?t=xoxe-14078448372-167243557781-166475819265-182f5ebf49",
            "thumb_360": "https:\/\/files.slack.com\/files-tmb\/T0E2AD6AY-F3L7JM00H-b4d64659b8\/pasted_image_at_2017_01_03_14_12_360.png?t=xoxe-14078448372-167243557781-166475819265-182f5ebf49",
            "thumb_360_w": 360,
            "thumb_360_h": 93,
            "thumb_480": "https:\/\/files.slack.com\/files-tmb\/T0E2AD6AY-F3L7JM00H-b4d64659b8\/pasted_image_at_2017_01_03_14_12_480.png?t=xoxe-14078448372-167243557781-166475819265-182f5ebf49",
            "thumb_480_w": 480,
            "thumb_480_h": 124,
            "thumb_160": "https:\/\/files.slack.com\/files-tmb\/T0E2AD6AY-F3L7JM00H-b4d64659b8\/pasted_image_at_2017_01_03_14_12_160.png?t=xoxe-14078448372-167243557781-166475819265-182f5ebf49",
            "thumb_720": "https:\/\/files.slack.com\/files-tmb\/T0E2AD6AY-F3L7JM00H-b4d64659b8\/pasted_image_at_2017_01_03_14_12_720.png?t=xoxe-14078448372-167243557781-166475819265-182f5ebf49",
            "thumb_720_w": 720,
            "thumb_720_h": 186,
            "thumb_960": "https:\/\/files.slack.com\/files-tmb\/T0E2AD6AY-F3L7JM00H-b4d64659b8\/pasted_image_at_2017_01_03_14_12_960.png?t=xoxe-14078448372-167243557781-166475819265-182f5ebf49",
            "thumb_960_w": 960,
            "thumb_960_h": 247,
            "thumb_1024": "https:\/\/files.slack.com\/files-tmb\/T0E2AD6AY-F3L7JM00H-b4d64659b8\/pasted_image_at_2017_01_03_14_12_1024.png?t=xoxe-14078448372-167243557781-166475819265-182f5ebf49",
            "thumb_1024_w": 1024,
            "thumb_1024_h": 264,
            "image_exif_rotation": 1,
            "original_w": 1894,
            "original_h": 488,
            "permalink": "https:\/\/sndevs.slack.com\/files\/jace\/F3L7JM00H\/pasted_image_at_2017_01_03_14_12.png",
            "permalink_public": "https:\/\/slack-files.com\/T0E2AD6AY-F3L7JM00H-14c53b6b01",
            "channels": [],
            "groups": [],
            "ims": [],
            "comments_count": 0
        },
        "user": "U0E96U52M",
        "upload": true,
        "display_as_bot": false,
        "username": "jace",
        "bot_id": null,
        "ts": "1483474365.000699"
    },
    {
        "type": "message",
        "user": "U0E96U52M",
        "text": "`$sp.getValue(\"kb_knowledge_base\")`",
        "ts": "1483474377.000700"
    },
    {
        "type": "message",
        "user": "U0E96U52M",
        "text": "where is that set?",
        "ts": "1483474393.000701"
    },
    {
        "type": "message",
        "user": "U0E96U52M",
        "text": "found igt",
        "ts": "1483474606.000702"
    },
    {
        "type": "message",
        "user": "U0E96U52M",
        "text": "its on the \"portal\" pages",
        "ts": "1483474612.000703"
    },
    {
        "type": "message",
        "subtype": "file_share",
        "text": "<@U0E96U52M|jace> uploaded a file: <https:\/\/sndevs.slack.com\/files\/jace\/F3MJ55AUE\/pasted_image_at_2017_01_03_14_17.png|Pasted image at 2017-01-03, 14:17>",
        "file": {
            "id": "F3MJ55AUE",
            "created": 1483474638,
            "timestamp": 1483474638,
            "name": "Pasted image at 2017_01_03 14_17.png",
            "title": "Pasted image at 2017-01-03, 14:17",
            "mimetype": "image\/png",
            "filetype": "png",
            "pretty_type": "PNG",
            "user": "U0E96U52M",
            "editable": false,
            "size": 97150,
            "mode": "hosted",
            "is_external": false,
            "external_type": "",
            "is_public": true,
            "public_url_shared": false,
            "display_as_bot": false,
            "username": "",
            "url_private": "https:\/\/files.slack.com\/files-pri\/T0E2AD6AY-F3MJ55AUE\/pasted_image_at_2017_01_03_14_17.png?t=xoxe-14078448372-167243557781-166475819265-182f5ebf49",
            "url_private_download": "https:\/\/files.slack.com\/files-pri\/T0E2AD6AY-F3MJ55AUE\/download\/pasted_image_at_2017_01_03_14_17.png?t=xoxe-14078448372-167243557781-166475819265-182f5ebf49",
            "thumb_64": "https:\/\/files.slack.com\/files-tmb\/T0E2AD6AY-F3MJ55AUE-f6e82eefa2\/pasted_image_at_2017_01_03_14_17_64.png?t=xoxe-14078448372-167243557781-166475819265-182f5ebf49",
            "thumb_80": "https:\/\/files.slack.com\/files-tmb\/T0E2AD6AY-F3MJ55AUE-f6e82eefa2\/pasted_image_at_2017_01_03_14_17_80.png?t=xoxe-14078448372-167243557781-166475819265-182f5ebf49",
            "thumb_360": "https:\/\/files.slack.com\/files-tmb\/T0E2AD6AY-F3MJ55AUE-f6e82eefa2\/pasted_image_at_2017_01_03_14_17_360.png?t=xoxe-14078448372-167243557781-166475819265-182f5ebf49",
            "thumb_360_w": 360,
            "thumb_360_h": 161,
            "thumb_480": "https:\/\/files.slack.com\/files-tmb\/T0E2AD6AY-F3MJ55AUE-f6e82eefa2\/pasted_image_at_2017_01_03_14_17_480.png?t=xoxe-14078448372-167243557781-166475819265-182f5ebf49",
            "thumb_480_w": 480,
            "thumb_480_h": 214,
            "thumb_160": "https:\/\/files.slack.com\/files-tmb\/T0E2AD6AY-F3MJ55AUE-f6e82eefa2\/pasted_image_at_2017_01_03_14_17_160.png?t=xoxe-14078448372-167243557781-166475819265-182f5ebf49",
            "thumb_720": "https:\/\/files.slack.com\/files-tmb\/T0E2AD6AY-F3MJ55AUE-f6e82eefa2\/pasted_image_at_2017_01_03_14_17_720.png?t=xoxe-14078448372-167243557781-166475819265-182f5ebf49",
            "thumb_720_w": 720,
            "thumb_720_h": 321,
            "thumb_960": "https:\/\/files.slack.com\/files-tmb\/T0E2AD6AY-F3MJ55AUE-f6e82eefa2\/pasted_image_at_2017_01_03_14_17_960.png?t=xoxe-14078448372-167243557781-166475819265-182f5ebf49",
            "thumb_960_w": 960,
            "thumb_960_h": 428,
            "thumb_1024": "https:\/\/files.slack.com\/files-tmb\/T0E2AD6AY-F3MJ55AUE-f6e82eefa2\/pasted_image_at_2017_01_03_14_17_1024.png?t=xoxe-14078448372-167243557781-166475819265-182f5ebf49",
            "thumb_1024_w": 1024,
            "thumb_1024_h": 457,
            "image_exif_rotation": 1,
            "original_w": 1531,
            "original_h": 683,
            "permalink": "https:\/\/sndevs.slack.com\/files\/jace\/F3MJ55AUE\/pasted_image_at_2017_01_03_14_17.png",
            "permalink_public": "https:\/\/slack-files.com\/T0E2AD6AY-F3MJ55AUE-446cc1a533",
            "channels": [],
            "groups": [],
            "ims": [],
            "comments_count": 0
        },
        "user": "U0E96U52M",
        "upload": true,
        "display_as_bot": false,
        "username": "jace",
        "bot_id": null,
        "ts": "1483474641.000704"
    }
]