[
    {
        "user": "U4JL0T86B",
        "text": "<@U4JL0T86B|dag> has joined the channel",
        "type": "message",
        "subtype": "channel_join",
        "ts": "1489484721.372028"
    },
    {
        "user": "U4J2PTUKE",
        "text": "<@U4J2PTUKE|jwemerso> has joined the channel",
        "type": "message",
        "subtype": "channel_join",
        "ts": "1489494860.032652"
    },
    {
        "type": "message",
        "user": "U2PL7CPBR",
        "text": "Has anyone figured out how to have collapsible Categories widget for KB pages?",
        "ts": "1489499851.884976"
    },
    {
        "type": "message",
        "user": "U1R3SELAE",
        "text": "I have done collapsible for catalog item",
        "ts": "1489499955.933917"
    },
    {
        "type": "message",
        "user": "U1R3SELAE",
        "text": "based on categories",
        "ts": "1489499964.938919"
    },
    {
        "user": "U4HBZ6UQG",
        "text": "<@U4HBZ6UQG|fv> has joined the channel",
        "type": "message",
        "subtype": "channel_join",
        "ts": "1489501190.535897"
    },
    {
        "type": "message",
        "user": "U46KW8GL8",
        "text": "any idea why when a record is updated the event record.updated is fired two times in SP?\n\" $scope.$on('record.updated', function(name, data) {\t\"",
        "ts": "1489501364.622439"
    },
    {
        "user": "U4J5RQJ2G",
        "text": "<@U4J5RQJ2G|jonathanjacob> has joined the channel",
        "type": "message",
        "subtype": "channel_join",
        "ts": "1489504706.381751",
        "reactions": [
            {
                "name": "+1",
                "users": [
                    "U0EPK6QHM"
                ],
                "count": 1
            }
        ]
    },
    {
        "type": "message",
        "user": "U4J5RQJ2G",
        "text": "Hi All, just joined but wanted to share the following: <https:\/\/share.servicenow.com\/app.do#\/detailV2\/1906d2e8136d3e00f609b6076144b01f\/overview> (it allows impersonation within service portal- similar to regular UI, plus some additions)",
        "edited": {
            "user": "U4J5RQJ2G",
            "ts": "1489505074.000000"
        },
        "ts": "1489505050.562140",
        "reactions": [
            {
                "name": "+1",
                "users": [
                    "U3BU8FGKV",
                    "U1WAV4R1R"
                ],
                "count": 2
            }
        ]
    },
    {
        "type": "message",
        "user": "U235A44S0",
        "text": "Nice! Thank you for `share`ing",
        "ts": "1489505381.741300"
    },
    {
        "type": "message",
        "user": "U2PL7CPBR",
        "text": "<@U1R3SELAE> I have found a subcategory collapsible category widget for Catalog on the share, looks like there isn't one for KBs :weary:<https:\/\/share.servicenow.com\/app.do#\/detailV2\/68302cdadbf8760010c37ecfbf961971>",
        "ts": "1489507482.892357"
    },
    {
        "type": "message",
        "user": "U3ZD0G5SR",
        "text": "I've had a trawl through previous posts to check and can't find anything so don't know if it's been asked, but is there a way to show a portal page in the normal UI?",
        "ts": "1489508491.407917"
    },
    {
        "type": "message",
        "user": "U1R3SELAE",
        "text": "yes",
        "ts": "1489508968.653114"
    },
    {
        "type": "message",
        "user": "U1R3SELAE",
        "text": "<@U2PL7CPBR> I have modified that one according to my need",
        "ts": "1489508995.666914"
    },
    {
        "type": "message",
        "user": "U1R3SELAE",
        "text": "i actually made a configurable one",
        "ts": "1489509018.678835"
    },
    {
        "type": "message",
        "user": "U1R3SELAE",
        "text": "wil post it on share today",
        "ts": "1489509045.694062",
        "reactions": [
            {
                "name": "the_horns",
                "users": [
                    "U2V15S3MF",
                    "U2PL7CPBR"
                ],
                "count": 2
            }
        ]
    },
    {
        "type": "message",
        "user": "U2PL7CPBR",
        "text": "That would be incredible if you could! Thank you <@U1R3SELAE> !",
        "ts": "1489509093.719089"
    },
    {
        "type": "message",
        "user": "U1R3SELAE",
        "text": "np buddy",
        "ts": "1489509102.724204",
        "reactions": [
            {
                "name": "grinning",
                "users": [
                    "U2PL7CPBR"
                ],
                "count": 1
            }
        ]
    },
    {
        "type": "message",
        "user": "U2PL7CPBR",
        "text": "Has anyone successfully on Helsinki figured out a way to embed pdfs into KB articles? Open to suggestions at this point.",
        "ts": "1489512034.219886"
    },
    {
        "type": "message",
        "user": "U2PL7CPBR",
        "text": "I've had no luck with the Update set on share <https:\/\/share.servicenow.com\/app.do#\/detailV2\/46550cf62b08210067b53f4be8da1518\/overview> and the method of adding a .pdf embed object type is proving problematic as well",
        "ts": "1489512065.235273"
    },
    {
        "user": "U4J7G3AP4",
        "text": "<@U4J7G3AP4|brian.weston> has joined the channel",
        "type": "message",
        "subtype": "channel_join",
        "ts": "1489512301.351391"
    },
    {
        "type": "message",
        "user": "U4J5RQJ2G",
        "text": "<@U2PL7CPBR> I actually built that originally and have another share update set for Service Portal, interested in testing it?",
        "ts": "1489514436.397213"
    },
    {
        "type": "message",
        "user": "U2PL7CPBR",
        "text": "Sure <@U4J5RQJ2G>",
        "ts": "1489515328.826961"
    },
    {
        "type": "message",
        "user": "U2PL7CPBR",
        "text": "Glad to!",
        "ts": "1489515339.832456"
    },
    {
        "user": "U4K5HGCP8",
        "text": "<@U4K5HGCP8|coconut> has joined the channel",
        "type": "message",
        "subtype": "channel_join",
        "ts": "1489549258.283343"
    }
]