[
    {
        "user": "U48EZ6HEG",
        "text": "<@U48EZ6HEG|monicask> has joined the channel",
        "type": "message",
        "subtype": "channel_join",
        "ts": "1487697994.229625"
    },
    {
        "user": "U48DQ1ETC",
        "text": "<@U48DQ1ETC|techskipow> has joined the channel",
        "type": "message",
        "subtype": "channel_join",
        "ts": "1487701445.958060"
    },
    {
        "user": "U48JH2VUM",
        "text": "<@U48JH2VUM|hmoreira> has joined the channel",
        "type": "message",
        "subtype": "channel_join",
        "ts": "1487708687.921856"
    },
    {
        "user": "U48JN4XV3",
        "text": "<@U48JN4XV3|stan> has joined the channel",
        "type": "message",
        "subtype": "channel_join",
        "ts": "1487709205.162309"
    },
    {
        "user": "U49A3E37Z",
        "text": "<@U49A3E37Z|ygens> has joined the channel",
        "type": "message",
        "subtype": "channel_join",
        "ts": "1487722339.049571"
    },
    {
        "user": "U0E33U6BX",
        "text": "<@U0E33U6BX|tomalday> has joined the channel",
        "type": "message",
        "subtype": "channel_join",
        "ts": "1487724567.611682"
    },
    {
        "type": "message",
        "user": "U0E33U6BX",
        "text": "I've got what I think is a simple question - how do I display a catalog item's form on a page? I just want a page that is nothing but that  catalog item, like how we could do in CMS with iframes.",
        "ts": "1487724711.645366"
    },
    {
        "type": "message",
        "user": "U0KA6CNR0",
        "text": "Well how are you directing people to the page? ",
        "ts": "1487725012.717298"
    },
    {
        "type": "message",
        "user": "U0KA6CNR0",
        "text": "If you have a simple list widget, you can direct them to the form page ",
        "ts": "1487725030.722522"
    },
    {
        "type": "message",
        "user": "U0KA6CNR0",
        "text": "Or create a widget to feed in the Id of the item programmatically ",
        "ts": "1487725060.729143"
    },
    {
        "type": "message",
        "user": "U0E33U6BX",
        "text": "It will be a link directly to this page. Basically I don't wan them to have to go through the catalog, I want to dump them right into the item on it's own page",
        "ts": "1487725061.729439"
    },
    {
        "type": "message",
        "user": "U0KA6CNR0",
        "text": "How are they accessing the particular item? ",
        "ts": "1487725095.736671"
    },
    {
        "type": "message",
        "user": "U0E33U6BX",
        "text": "Currently in the CMS we have I made a page, <http:\/\/banner.do|banner.do>, that just has an iframe of this one catalog item. I want to recreate that in SP",
        "ts": "1487725171.760772"
    },
    {
        "type": "message",
        "user": "U0EKK4BTP",
        "text": "Take a look at the *SC Catalog Item* widget.",
        "ts": "1487725252.785354"
    },
    {
        "type": "message",
        "user": "U0EKK4BTP",
        "text": "At its simplest, you can drop this onto an empty Service Portal page",
        "ts": "1487725282.796249"
    },
    {
        "type": "message",
        "user": "U0E33U6BX",
        "text": "Would I add the link to the item in the HREF\/URL field on the widget instance?",
        "ts": "1487725312.805186"
    },
    {
        "type": "message",
        "user": "U0EKK4BTP",
        "text": "Navigate to it using <https:\/\/instance.service-now.com\/portal?id=your_page&amp;sys_id=&lt;catalog_item_sys_id&gt;>",
        "ts": "1487725327.808491"
    },
    {
        "type": "message",
        "user": "U0E33U6BX",
        "text": "If I add a SC Catalog Item widget to a container in the page editor it does nothing, doesn't even show the widget",
        "ts": "1487725417.834795"
    },
    {
        "type": "message",
        "user": "U0EKK4BTP",
        "text": "The OOB page that does this is called sc_cat_item",
        "ts": "1487725420.835949"
    },
    {
        "type": "message",
        "user": "U0EKK4BTP",
        "text": "It won’t render anything until you pass the item’s sys_id as a URL parameter",
        "ts": "1487725442.841893"
    },
    {
        "type": "message",
        "user": "U0EKK4BTP",
        "text": "Try hitting this URL in your instance: \/sp?id=sc_cat_item&amp;sys_id=060f3afa3731300054b6a3549dbe5d3e",
        "edited": {
            "user": "U0EKK4BTP",
            "ts": "1487725466.000000"
        },
        "ts": "1487725459.845751"
    },
    {
        "type": "message",
        "user": "U0E33U6BX",
        "text": "It's almost easier just linking right to the catalog item now that I look at it",
        "ts": "1487725523.867864"
    },
    {
        "type": "message",
        "user": "U0EKK4BTP",
        "text": "Yeah, it’s easy to do, easy to explain, easy to manage",
        "ts": "1487725552.876031"
    },
    {
        "type": "message",
        "user": "U0EKK4BTP",
        "text": "If you wanted to obscure this and embed it into a page somehow, you could copy the SC Catalog Item widget and find the bit that gets the sys_id from the URL param",
        "ts": "1487725588.886037"
    },
    {
        "type": "message",
        "user": "U0EKK4BTP",
        "text": "Replace that with the item you want",
        "ts": "1487725594.887538"
    },
    {
        "type": "message",
        "user": "U0EKK4BTP",
        "text": "But depending on why you’re doing this, it won’t scale well",
        "edited": {
            "user": "U0EKK4BTP",
            "ts": "1487725620.000000"
        },
        "ts": "1487725616.894379"
    },
    {
        "type": "message",
        "user": "U0E33U6BX",
        "text": "This is good stuff. I need to stop thinking of this in CMS terms I guess",
        "ts": "1487725645.901186"
    },
    {
        "type": "message",
        "user": "U0E33U6BX",
        "text": "thanks Josh",
        "ts": "1487725651.903131",
        "reactions": [
            {
                "name": "+1",
                "users": [
                    "U0EKK4BTP",
                    "U2V15S3MF"
                ],
                "count": 2
            }
        ]
    },
    {
        "user": "U1RV83U5N",
        "text": "<@U1RV83U5N|andyh> has joined the channel",
        "type": "message",
        "subtype": "channel_join",
        "ts": "1487728345.648744"
    },
    {
        "user": "U2T4U0E3F",
        "text": "<@U2T4U0E3F|mg> has joined the channel",
        "type": "message",
        "subtype": "channel_join",
        "ts": "1487733421.643899"
    }
]