[
    {
        "user": "U4FFAPRQW",
        "text": "<@U4FFAPRQW|reggie.renteria> has joined the channel",
        "type": "message",
        "subtype": "channel_join",
        "ts": "1488899707.813618"
    },
    {
        "user": "U4E8FP87J",
        "text": "<@U4E8FP87J|afroiland> has joined the channel",
        "type": "message",
        "subtype": "channel_join",
        "ts": "1488913506.327554"
    },
    {
        "user": "U3R141CK0",
        "text": "<@U3R141CK0|vetsin> has left the channel",
        "type": "message",
        "subtype": "channel_leave",
        "ts": "1488929827.968972"
    }
]