[
    {
        "user": "U4QSELB9D",
        "text": "<@U4QSELB9D|gsp> has joined the channel",
        "type": "message",
        "subtype": "channel_join",
        "ts": "1490625828.767147"
    },
    {
        "user": "U4Q87RU9J",
        "text": "<@U4Q87RU9J|jtsalsbury> has joined the channel",
        "type": "message",
        "subtype": "channel_join",
        "ts": "1490628787.199752"
    },
    {
        "type": "message",
        "user": "U4N2BA7B9",
        "text": "has anyone successfully built a dynamic filter in a widget to be used in SP that allows for more than one checkbox condition to be checked?",
        "ts": "1490636663.716593"
    },
    {
        "type": "message",
        "user": "U0KA6CNR0",
        "text": "yes, you trying to do the filtering locally with angular?",
        "ts": "1490636971.851124"
    },
    {
        "type": "message",
        "user": "U0KA6CNR0",
        "text": "or filtering an external data set?",
        "ts": "1490636975.853023"
    },
    {
        "type": "message",
        "user": "U4N2BA7B9",
        "text": "locally, on a particular category of kb to be exact",
        "ts": "1490637134.922647"
    },
    {
        "type": "message",
        "user": "U0KA6CNR0",
        "text": "what are you looking to do with the checkboxes?",
        "ts": "1490637149.929711"
    },
    {
        "type": "message",
        "user": "U4N2BA7B9",
        "text": "the shareholder wanted something that would filter her articles by time, target audience, topic, etc",
        "ts": "1490637228.964588"
    },
    {
        "type": "message",
        "user": "U4N2BA7B9",
        "text": "it's getting them all running together that is tripping me up",
        "ts": "1490637263.979840"
    },
    {
        "type": "message",
        "user": "U46KW8GL8",
        "text": "anyone using highcharts on SP?",
        "ts": "1490641130.658805"
    },
    {
        "type": "message",
        "user": "U3BU8FGKV",
        "text": "<@U46KW8GL8> You’ve probably already seen it, but there’s a pretty killer Share app for high charts in SP… <https:\/\/share.servicenow.com\/app.do#\/detailV2\/3a1949fd13d262000de935528144b09d\/overview>",
        "ts": "1490641956.007820"
    },
    {
        "type": "message",
        "user": "U46KW8GL8",
        "text": "yes, i'm using this.. but facing some issues when rendering charts on modal",
        "ts": "1490641986.020133"
    },
    {
        "type": "message",
        "user": "U3BU8FGKV",
        "text": "ah - have not tested that in a modal",
        "ts": "1490641997.024493"
    },
    {
        "type": "message",
        "user": "U46KW8GL8",
        "text": "the reflow() function don't resize the chart properly",
        "ts": "1490642014.031206"
    },
    {
        "type": "message",
        "user": "U34SPJ5LG",
        "text": "Anyone have any idea how to get $sp.getRecordVariablesArray(0 to display variables based on view?",
        "ts": "1490650213.250306"
    },
    {
        "type": "message",
        "user": "U34SPJ5LG",
        "text": "nevermind, custom built a solution",
        "ts": "1490651707.722288"
    },
    {
        "type": "message",
        "user": "U34SPJ5LG",
        "text": ":slightly_smiling_face:",
        "ts": "1490651708.722586"
    },
    {
        "type": "message",
        "user": "U46KW8GL8",
        "text": "<@U34SPJ5LG> do you mind to share your approach?",
        "ts": "1490652243.885220"
    },
    {
        "type": "message",
        "user": "U34SPJ5LG",
        "text": "sure",
        "ts": "1490652291.899495"
    },
    {
        "type": "message",
        "subtype": "file_share",
        "text": "<@U34SPJ5LG|meia.benitez> uploaded a file: <https:\/\/sndevs.slack.com\/files\/meia.benitez\/F4PPUT5DX\/build_variable_array_based_on_table_view.js|Build Variable Array based on table view>",
        "file": {
            "id": "F4PPUT5DX",
            "created": 1490652453,
            "timestamp": 1490652453,
            "name": "Build_Variable_Array_based_on_table_view.js",
            "title": "Build Variable Array based on table view",
            "mimetype": "text\/plain",
            "filetype": "javascript",
            "pretty_type": "JavaScript\/JSON",
            "user": "U34SPJ5LG",
            "editable": true,
            "size": 572,
            "mode": "snippet",
            "is_external": false,
            "external_type": "",
            "is_public": true,
            "public_url_shared": false,
            "display_as_bot": false,
            "username": "",
            "url_private": "https:\/\/files.slack.com\/files-pri\/T0E2AD6AY-F4PPUT5DX\/build_variable_array_based_on_table_view.js?t=xoxe-14078448372-167243557781-166475819265-182f5ebf49",
            "url_private_download": "https:\/\/files.slack.com\/files-pri\/T0E2AD6AY-F4PPUT5DX\/download\/build_variable_array_based_on_table_view.js?t=xoxe-14078448372-167243557781-166475819265-182f5ebf49",
            "permalink": "https:\/\/sndevs.slack.com\/files\/meia.benitez\/F4PPUT5DX\/build_variable_array_based_on_table_view.js",
            "permalink_public": "https:\/\/slack-files.com\/T0E2AD6AY-F4PPUT5DX-4ec880690b",
            "edit_link": "https:\/\/sndevs.slack.com\/files\/meia.benitez\/F4PPUT5DX\/build_variable_array_based_on_table_view.js\/edit",
            "preview": "var variables = []; \/\/ set empty array\r\nvar colstr = $sp.getListColumns(data.table, data.view); \/\/ returns string\r\nvar colarr = colstr.split(','); \/\/ split into array\r\nfor (var i in colarr) \r\n{\t\/\/ loop through array\r",
            "preview_highlight": "<div class=\"CodeMirror cm-s-default CodeMirrorServer\" oncopy=\"if(event.clipboardData){event.clipboardData.setData('text\/plain',window.getSelection().toString().replace(\/\\u200b\/g,''));event.preventDefault();event.stopPropagation();}\">\n<div class=\"CodeMirror-code\">\n<div><pre><span class=\"cm-keyword\">var<\/span> <span class=\"cm-def\">variables<\/span> <span class=\"cm-operator\">=<\/span> []; <span class=\"cm-comment\">\/\/ set empty array<\/span><\/pre><\/div>\n<div><pre><span class=\"cm-keyword\">var<\/span> <span class=\"cm-def\">colstr<\/span> <span class=\"cm-operator\">=<\/span> <span class=\"cm-variable\">$sp<\/span>.<span class=\"cm-property\">getListColumns<\/span>(<span class=\"cm-variable\">data<\/span>.<span class=\"cm-property\">table<\/span>, <span class=\"cm-variable\">data<\/span>.<span class=\"cm-property\">view<\/span>); <span class=\"cm-comment\">\/\/ returns string<\/span><\/pre><\/div>\n<div><pre><span class=\"cm-keyword\">var<\/span> <span class=\"cm-def\">colarr<\/span> <span class=\"cm-operator\">=<\/span> <span class=\"cm-variable\">colstr<\/span>.<span class=\"cm-property\">split<\/span>(<span class=\"cm-string\">','<\/span>); <span class=\"cm-comment\">\/\/ split into array<\/span><\/pre><\/div>\n<div><pre><span class=\"cm-keyword\">for<\/span> (<span class=\"cm-keyword\">var<\/span> <span class=\"cm-def\">i<\/span> <span class=\"cm-keyword\">in<\/span> <span class=\"cm-variable\">colarr<\/span>) <\/pre><\/div>\n<div><pre>{\t<span class=\"cm-comment\">\/\/ loop through array<\/span><\/pre><\/div>\n<\/div>\n<\/div>\n",
            "lines": 15,
            "lines_more": 10,
            "preview_is_truncated": false,
            "channels": [
                "C36D45F60"
            ],
            "groups": [],
            "ims": [],
            "comments_count": 0
        },
        "user": "U34SPJ5LG",
        "upload": true,
        "display_as_bot": false,
        "username": "meia.benitez",
        "bot_id": null,
        "ts": "1490652453.946115"
    },
    {
        "type": "message",
        "user": "U46KW8GL8",
        "text": "nice",
        "ts": "1490652932.074638"
    },
    {
        "type": "message",
        "user": "U46KW8GL8",
        "text": "thanks",
        "ts": "1490652937.076156"
    },
    {
        "type": "message",
        "user": "U46KW8GL8",
        "text": "this will be useful for the ritm details widget",
        "ts": "1490652950.079446"
    },
    {
        "type": "message",
        "user": "U34SPJ5LG",
        "text": "It uses a \"list view\"",
        "ts": "1490659826.565167"
    },
    {
        "type": "message",
        "user": "U34SPJ5LG",
        "text": "But its plenty effective",
        "ts": "1490659830.565895"
    }
]