[
    {
        "user": "U4FGCQCGM",
        "text": "<@U4FGCQCGM|kzidek> has joined the channel",
        "type": "message",
        "subtype": "channel_join",
        "ts": "1488988186.029917"
    },
    {
        "user": "U4FN1ULNR",
        "text": "<@U4FN1ULNR|elewis33> has joined the channel",
        "type": "message",
        "subtype": "channel_join",
        "ts": "1489006064.119439"
    },
    {
        "type": "message",
        "user": "U104Y4770",
        "text": "Does anyone have experience with spmodal? I’m trying to apply some in line styling for text in the modal, but it’s getting overwritten by the portal theme colors",
        "ts": "1489008501.389283"
    },
    {
        "type": "message",
        "user": "U104Y4770",
        "text": "^in case anyone else runs into this, I had to use a font tag",
        "ts": "1489008711.415913"
    },
    {
        "type": "message",
        "user": "U0KA6CNR0",
        "text": "Folks, of the K17 session offerings, are there any SP specific ones that you are looking forward to?",
        "ts": "1489010738.641044"
    },
    {
        "user": "U4FPHGRJR",
        "text": "<@U4FPHGRJR|joshuah> has joined the channel",
        "type": "message",
        "subtype": "channel_join",
        "ts": "1489011237.691026"
    },
    {
        "type": "message",
        "user": "U104Y4770",
        "text": "There’s a good chance I’m gonna do the SP Pre-Con so I haven’t looked at the individual sessions for it",
        "ts": "1489011305.698241"
    },
    {
        "type": "message",
        "user": "U0KA6CNR0",
        "text": "hadn't heard about the sp pre-con",
        "ts": "1489013009.864190"
    },
    {
        "type": "message",
        "user": "U235A44S0",
        "text": "Neither have I",
        "ts": "1489014142.966398"
    },
    {
        "type": "message",
        "user": "U235A44S0",
        "text": "Oh, the pre-conference training",
        "ts": "1489014168.968855"
    },
    {
        "type": "message",
        "user": "U235A44S0",
        "text": "I think I posted a list of the pre con sessions to the <#C2YQ2E7UG|knowledge> channel",
        "ts": "1489014203.971905"
    },
    {
        "user": "U4F5W8QQ1",
        "text": "<@U4F5W8QQ1|judi_rose> has joined the channel",
        "type": "message",
        "subtype": "channel_join",
        "ts": "1489046043.756561"
    }
]