[
    {
        "user": "U4KPJ9BL2",
        "text": "<@U4KPJ9BL2|korhojoa> has joined the channel",
        "type": "message",
        "subtype": "channel_join",
        "ts": "1489735406.011328"
    },
    {
        "type": "message",
        "user": "U235A44S0",
        "text": "Would this be of any use to anyone?: <https:\/\/share.servicenow.com\/app.do#\/detailV2\/3a673f3813617e00f609b6076144b004\/overview>",
        "edited": {
            "user": "U235A44S0",
            "ts": "1489758180.000000"
        },
        "ts": "1489758172.592110"
    },
    {
        "type": "message",
        "user": "U46KW8GL8",
        "text": "what do you mean?",
        "ts": "1489760051.372335"
    },
    {
        "type": "message",
        "user": "U46KW8GL8",
        "text": "If you use any sso + redirect end users to service portal there is no \"unimpersonate\" between the platform and the SP, so it is very useful",
        "ts": "1489760132.408425"
    },
    {
        "type": "message",
        "user": "U2V15S3MF",
        "text": "Yeah, I usually have to logout and back in again on the side_door after doing this",
        "ts": "1489760244.457037"
    },
    {
        "type": "message",
        "user": "U235A44S0",
        "text": "yep",
        "ts": "1489760378.515395"
    },
    {
        "type": "message",
        "user": "U235A44S0",
        "text": "Thought it might be helpful. ServiceNow Share recommended it to me, I guess based on my previous searches on their site",
        "ts": "1489760413.530056"
    },
    {
        "type": "message",
        "user": "U46KW8GL8",
        "text": "<@U235A44S0> just check my comments on to ensure a good experience",
        "ts": "1489760516.575902"
    },
    {
        "type": "message",
        "user": "U46KW8GL8",
        "text": "on the widget*",
        "ts": "1489760522.578558"
    },
    {
        "type": "message",
        "user": "U235A44S0",
        "text": "Ahh, I see. Thank you for the comment on that",
        "ts": "1489760559.594986"
    },
    {
        "type": "message",
        "user": "U4J5RQJ2G",
        "text": "I shared a similar impersonation ability on share, slightly different how it shows up <https:\/\/sndevs.slack.com\/archives\/C36D45F60\/p1489505050562140>",
        "attachments": [
            {
                "from_url": "https:\/\/sndevs.slack.com\/archives\/C36D45F60\/p1489505050562140",
                "fallback": "[March 14th, 2017 8:24 AM] jonathanjacob: Hi All, just joined but wanted to share the following: <https:\/\/share.servicenow.com\/app.do#\/detailV2\/1906d2e8136d3e00f609b6076144b01f\/overview> (it allows impersonation within service portal- similar to regular UI, plus some additions)",
                "ts": "1489505050.562140",
                "author_subname": "jonathanjacob",
                "channel_id": "C36D45F60",
                "channel_name": "service-portal-cms",
                "is_msg_unfurl": true,
                "text": "Hi All, just joined but wanted to share the following: <https:\/\/share.servicenow.com\/app.do#\/detailV2\/1906d2e8136d3e00f609b6076144b01f\/overview> (it allows impersonation within service portal- similar to regular UI, plus some additions)",
                "author_name": "Jonathan Jacob",
                "author_link": "https:\/\/sndevs.slack.com\/team\/jonathanjacob",
                "author_icon": "https:\/\/secure.gravatar.com\/avatar\/8313549d90d12eedfa290865992e40f6.jpg?s=48&d=https%3A%2F%2Fa.slack-edge.com%2F66f9%2Fimg%2Favatars%2Fava_0000-48.png",
                "mrkdwn_in": [
                    "text"
                ],
                "id": 1,
                "footer": "Posted in #service-portal-cms"
            }
        ],
        "ts": "1489768205.153879"
    },
    {
        "type": "message",
        "user": "U235A44S0",
        "text": "Hi <@U4J5RQJ2G>! I remember you posted that, but could not remember when it was",
        "ts": "1489771382.534829"
    },
    {
        "type": "message",
        "user": "U235A44S0",
        "text": "or what channel",
        "ts": "1489771386.536474"
    },
    {
        "user": "U4KCLKDJ5",
        "text": "<@U4KCLKDJ5|hnguyen> has joined the channel",
        "type": "message",
        "subtype": "channel_join",
        "ts": "1489773536.448621"
    },
    {
        "user": "U4L5R7XE1",
        "text": "<@U4L5R7XE1|kapineda> has joined the channel",
        "type": "message",
        "subtype": "channel_join",
        "ts": "1489773562.459785"
    },
    {
        "user": "U4L382CV8",
        "text": "<@U4L382CV8|nanna> has joined the channel",
        "type": "message",
        "subtype": "channel_join",
        "ts": "1489773876.598536"
    },
    {
        "user": "U4KBXE3HN",
        "text": "<@U4KBXE3HN|gopi> has joined the channel",
        "type": "message",
        "subtype": "channel_join",
        "ts": "1489774115.698100"
    },
    {
        "type": "message",
        "user": "U43DSL6PL",
        "text": "Anyone have experience with mandating multiple choice\/radio buttons in portal?",
        "ts": "1489782910.987481"
    }
]