[
    {
        "type": "message",
        "user": "U235A44S0",
        "text": "That is interesting that you need to stringify the data in order for it to be used in a Scoped app",
        "ts": "1487164137.173407"
    },
    {
        "type": "message",
        "subtype": "pinned_item",
        "user": "U1R3SELAE",
        "item_type": "C",
        "attachments": [
            {
                "fallback": "[February 14th, 2017 3:14 PM] jmerchant: no, that wasn't is - turns out, global vs scoped handled the object differently...in global i can `$sp.log(data)` with no problems, in scoped i have to `$sp.log(JSON.stringify(data))`",
                "ts": "1487114068.246320",
                "author_subname": "jmerchant",
                "channel_id": "C36D45F60",
                "channel_name": "service-portal-cms",
                "is_msg_unfurl": true,
                "text": "no, that wasn't is - turns out, global vs scoped handled the object differently...in global i can `$sp.log(data)` with no problems, in scoped i have to `$sp.log(JSON.stringify(data))`",
                "author_name": "Jon Merchant",
                "author_link": "https:\/\/sndevs.slack.com\/team\/jmerchant",
                "author_icon": "https:\/\/avatars.slack-edge.com\/2016-08-12\/68964684643_356a4b1280d7c871b03d_48.jpg",
                "mrkdwn_in": [
                    "text"
                ]
            }
        ],
        "text": "<@U1R3SELAE|artemis> pinned a message to this channel.",
        "ts": "1487166958.158071"
    }
]