[
    {
        "type": "message",
        "user": "U1R3SELAE",
        "text": "Are radio buttons visible on portal?",
        "ts": "1489907230.077267"
    },
    {
        "type": "message",
        "user": "U235A44S0",
        "text": "<@U1R3SELAE> I believe so according to a search on the community. What are you having trouble with?",
        "ts": "1489927484.944944"
    },
    {
        "type": "message",
        "user": "U1R3SELAE",
        "text": "Well … if you have radio button on forms and if u use form widget to show that form on portal then radio buttons ate not visible  ",
        "ts": "1489928519.000811"
    },
    {
        "type": "message",
        "user": "U235A44S0",
        "text": "I do not know much about service portal. Have you searched the developer site or communities?",
        "ts": "1489932070.197937"
    },
    {
        "type": "message",
        "user": "U235A44S0",
        "text": "I searched on communities and found something about using d3.js, although that is an external JavaScript file you would need to import",
        "ts": "1489932113.200642"
    },
    {
        "type": "message",
        "user": "U1R3SELAE",
        "text": "Im not creating a new form in widget",
        "ts": "1489939538.686537"
    },
    {
        "type": "message",
        "user": "U235A44S0",
        "text": "I, unfortunately, do not know enough about SP or Angular to be able to help with this. In fact, I am still on Geneva, so I cannot really speak to SP yet",
        "ts": "1489939865.709936"
    }
]