[
    {
        "user": "U3NRB56V9",
        "text": "<@U3NRB56V9|pemarquez> has joined the channel",
        "type": "message",
        "subtype": "channel_join",
        "ts": "1483959627.000719"
    },
    {
        "user": "U3PLW8GMC",
        "text": "<@U3PLW8GMC|caseys> has joined the channel",
        "type": "message",
        "subtype": "channel_join",
        "ts": "1483974629.000720"
    },
    {
        "user": "U3PALSBN1",
        "text": "<@U3PALSBN1|mmorales> has joined the channel",
        "type": "message",
        "subtype": "channel_join",
        "ts": "1484000580.000721"
    }
]