[
    {
        "type": "message",
        "user": "U0KA6CNR0",
        "text": "whats the login url they're going to?",
        "ts": "1484147937.000724"
    },
    {
        "type": "message",
        "user": "U0KA6CNR0",
        "text": "are you using sso?",
        "ts": "1484147945.000725"
    },
    {
        "type": "message",
        "user": "U0ED7DUBD",
        "text": "Yeah, we’re using SSO.",
        "ts": "1484149330.000726"
    },
    {
        "type": "message",
        "user": "U0ED7DUBD",
        "text": "If they just go to the OOB \/sp it sends them to \/ess.",
        "ts": "1484149353.000727"
    },
    {
        "type": "message",
        "user": "U0ED7DUBD",
        "text": "I’m pretty sure this is tied up in the other problem that’s out there where it reverts to UI11 as well.",
        "ts": "1484149396.000728"
    },
    {
        "type": "message",
        "user": "U0KA6CNR0",
        "text": "<https:\/\/docs.servicenow.com\/bundle\/istanbul-servicenow-platform\/page\/build\/service-portal\/concept\/c_LoginRedirectDebugging.html>",
        "attachments": [
            {
                "title": "Debug Service Portal URL redirects",
                "title_link": "https:\/\/docs.servicenow.com\/bundle\/istanbul-servicenow-platform\/page\/build\/service-portal\/concept\/c_LoginRedirectDebugging.html",
                "text": "You can debug the URL redirects for logging in to Service Portal and redirecting to the first page.",
                "fallback": "Debug Service Portal URL redirects",
                "from_url": "https:\/\/docs.servicenow.com\/bundle\/istanbul-servicenow-platform\/page\/build\/service-portal\/concept\/c_LoginRedirectDebugging.html",
                "service_icon": "https:\/\/docs.servicenow.com\/favicon.ico",
                "service_name": "docs.servicenow.com",
                "id": 1
            }
        ],
        "ts": "1484150265.000729"
    },
    {
        "type": "message",
        "user": "U0KA6CNR0",
        "text": "you can also go to the sys_properties table and modify to force the user to the SP.",
        "ts": "1484150373.000731"
    },
    {
        "type": "message",
        "user": "U0KA6CNR0",
        "text": "<https:\/\/docs.servicenow.com\/bundle\/istanbul-servicenow-platform\/page\/build\/service-portal\/concept\/c_RedirectToSPAfterLogin.html#c_RedirectToSPAfterLogin>",
        "attachments": [
            {
                "title": "Redirect to Service Portal after login",
                "title_link": "https:\/\/docs.servicenow.com\/bundle\/istanbul-servicenow-platform\/page\/build\/service-portal\/concept\/c_RedirectToSPAfterLogin.html#c_RedirectToSPAfterLogin",
                "text": "Use system properties and script includes to conditionally redirect users to a page after logging in.",
                "fallback": "Redirect to Service Portal after login",
                "from_url": "https:\/\/docs.servicenow.com\/bundle\/istanbul-servicenow-platform\/page\/build\/service-portal\/concept\/c_RedirectToSPAfterLogin.html#c_RedirectToSPAfterLogin",
                "service_icon": "https:\/\/docs.servicenow.com\/favicon.ico",
                "service_name": "docs.servicenow.com",
                "id": 1
            }
        ],
        "ts": "1484150384.000732"
    },
    {
        "user": "U3QRR58B0",
        "text": "<@U3QRR58B0|rexked> has joined the channel",
        "type": "message",
        "subtype": "channel_join",
        "ts": "1484152370.000734"
    },
    {
        "type": "message",
        "user": "U0ED7DUBD",
        "text": "I’m pretty sure that’ll send it into a nasty loop :slightly_smiling_face:",
        "ts": "1484153218.000737"
    },
    {
        "type": "message",
        "user": "U0V9PD50R",
        "text": "only on safari...lol",
        "ts": "1484153377.000738"
    },
    {
        "type": "message",
        "user": "U0V9PD50R",
        "text": "and really, who uses safari...lol",
        "ts": "1484153391.000739"
    },
    {
        "type": "message",
        "user": "U0ED7DUBD",
        "text": "Well, at a university, a bunch of people. :grimacing:",
        "ts": "1484153453.000740"
    },
    {
        "type": "message",
        "user": "U0V9PD50R",
        "text": "that's probably true...they got a mac and are to scared to install a different browser...lol",
        "ts": "1484153513.000741"
    },
    {
        "user": "U3Q6M6MU2",
        "text": "<@U3Q6M6MU2|anandb> has joined the channel",
        "type": "message",
        "subtype": "channel_join",
        "ts": "1484155114.000742"
    },
    {
        "user": "U3R141CK0",
        "text": "<@U3R141CK0|vetsin> has joined the channel",
        "type": "message",
        "subtype": "channel_join",
        "ts": "1484169092.000743"
    },
    {
        "user": "U3QBYQELA",
        "text": "<@U3QBYQELA|narashbringer> has joined the channel",
        "type": "message",
        "subtype": "channel_join",
        "ts": "1484174952.000744"
    },
    {
        "user": "U3QFDSBE1",
        "text": "<@U3QFDSBE1|tom.c> has joined the channel",
        "type": "message",
        "subtype": "channel_join",
        "ts": "1484179767.000745"
    }
]