[
    {
        "type": "message",
        "user": "U0KA6CNR0",
        "text": "have any of you used this plugin for sublime - <https:\/\/packagecontrol.io\/packages\/ServiceNow%20API%20Autocompletion>",
        "ts": "1488298619.590999"
    },
    {
        "type": "message",
        "user": "U0KA6CNR0",
        "text": "?",
        "ts": "1488298621.591182"
    },
    {
        "type": "message",
        "user": "U235A44S0",
        "text": "not I",
        "ts": "1488298831.613627"
    },
    {
        "type": "message",
        "user": "U0KA6CNR0",
        "text": "looks to be a big help in scripting without having to look up the api",
        "ts": "1488298859.617005"
    },
    {
        "type": "message",
        "user": "U1R3SELAE",
        "text": "there is one more js lib...which can be used in visual studio and webstorm jetbrain",
        "ts": "1488299414.678468"
    },
    {
        "type": "message",
        "user": "U34SPJ5LG",
        "text": "I use dreamweaver.",
        "ts": "1488305555.344949",
        "reactions": [
            {
                "name": "the_horns",
                "users": [
                    "U2V15S3MF"
                ],
                "count": 1
            }
        ]
    },
    {
        "type": "message",
        "user": "U3WNFEY5A",
        "text": "in a service catalog (using service Portal) is it possible to automatically fill in data from a site outside servicenow? Example: Have a button on a blocked web page to request to unblock site. When the button is clicked, it will automatically input the URL and IP Address.",
        "ts": "1488306362.430511"
    },
    {
        "type": "message",
        "user": "U235A44S0",
        "text": "wow, talk about throwback. Haven't used Dreamweaver in years",
        "edited": {
            "user": "U235A44S0",
            "ts": "1488306922.000000"
        },
        "ts": "1488306912.491130"
    },
    {
        "type": "message",
        "user": "U43260FU6",
        "text": "dreamweaver is awesome",
        "ts": "1488307757.588391"
    },
    {
        "user": "U1MPYF0MN",
        "text": "<@U1MPYF0MN|shannonthurston> has joined the channel",
        "type": "message",
        "subtype": "channel_join",
        "ts": "1488317760.600714"
    },
    {
        "user": "U0EDZ1736",
        "text": "<@U0EDZ1736|benson> has joined the channel",
        "type": "message",
        "subtype": "channel_join",
        "ts": "1488317989.625044"
    },
    {
        "type": "message",
        "user": "U0V9PD50R",
        "text": "<@U3WNFEY5A> - i think you'd have to write a catalog client script to get that info, but i can't guarantee it'll work in SP...",
        "ts": "1488320497.900514"
    },
    {
        "type": "message",
        "user": "U0V9PD50R",
        "text": "<@U34SPJ5LG> - i use sublime text 3 now...just got the servicenow sync set up this morning and it makes things better...",
        "ts": "1488320530.904202"
    },
    {
        "type": "message",
        "user": "U3WNFEY5A",
        "text": "<@U0V9PD50R> I figured as much but more so dependent on the script of the button. I was wondering if we can do something like \"<https:\/\/instancename.service-now.com\/sp?id=sc_cat_item&amp;sys_id=catalogitemsysid?description=”Custom%20populated%20description>”",
        "ts": "1488321060.961792"
    },
    {
        "type": "message",
        "user": "U0V9PD50R",
        "text": "off the top of my head, you'd have to clone the catalog widget, then script out a button. URL parameters are easy to get from either server or client side - SS, `var parm = $sp.getUrlParameter(\"description\")` and CS, `var parm = $location.search(\"description\")` or something to effect, you have to load up `$location` though on CS...",
        "ts": "1488321246.980574"
    },
    {
        "text": "Have you seen <https:\/\/github.com\/service-portal\/documentation> ?",
        "attachments": [
            {
                "title": "GitHub - service-portal\/documentation: Here you will find unofficial documentation for the ServiceNow Service Portal technology. The materials here have been written by the developers for the developers. In other words, if you are going to be writing widgets, you are in the right place.",
                "title_link": "https:\/\/github.com\/service-portal\/documentation",
                "text": "Here you will find unofficial documentation for the ServiceNow Service Portal technology. The materials here have been written by the developers for the developers. In other words, if you are going to be writing widgets, you are in the right place.",
                "fallback": "GitHub - service-portal\/documentation: Here you will find unofficial documentation for the ServiceNow Service Portal technology. The materials here have been written by the developers for the developers. In other words, if you are going to be writing widgets, you are in the right place.",
                "from_url": "https:\/\/github.com\/service-portal\/documentation",
                "service_icon": "https:\/\/assets-cdn.github.com\/favicon.ico",
                "service_name": "github.com",
                "id": 1
            }
        ],
        "type": "message",
        "subtype": "slackbot_response",
        "user": "USLACKBOT",
        "ts": "1488321246.980590"
    },
    {
        "type": "message",
        "user": "U34SPJ5LG",
        "text": "<@U0V9PD50R> That's cool. :slightly_smiling_face: I work with so many clients, its easier to use dw for me. Plus I'm so used to it after years of using it. I like sublime for quick edits though. :slightly_smiling_face:",
        "ts": "1488321423.999774"
    },
    {
        "type": "message",
        "user": "U0ED7DUBD",
        "text": "This might be old news, but anyone run into an issue running g_form.getReference as a non-admin user?",
        "ts": "1488330935.690260"
    },
    {
        "type": "message",
        "user": "U0ED7DUBD",
        "text": "I think this is broken in a patch actually.  It works in my prod which hasn’t been patched.",
        "ts": "1488331197.703639"
    }
]