[
    {
        "type": "message",
        "user": "U0E96U52M",
        "text": "has anyone done anything to allow multiple knowledge bases on a single service portal?",
        "thread_ts": "1491241809.555566",
        "reply_count": 41,
        "replies": [
            {
                "user": "U4DKJN85A",
                "ts": "1491311508.764832"
            },
            {
                "user": "U4DKJN85A",
                "ts": "1491311555.782422"
            },
            {
                "user": "U0E96U52M",
                "ts": "1491315666.609892"
            },
            {
                "user": "U4DKJN85A",
                "ts": "1491315700.626046"
            },
            {
                "user": "U4DKJN85A",
                "ts": "1491315707.629497"
            },
            {
                "user": "U0E96U52M",
                "ts": "1491315718.634905"
            },
            {
                "user": "U4DKJN85A",
                "ts": "1491315728.639512"
            },
            {
                "user": "U4DKJN85A",
                "ts": "1491315740.645978"
            },
            {
                "user": "U0E96U52M",
                "ts": "1491315749.650414"
            },
            {
                "user": "U4DKJN85A",
                "ts": "1491315780.665486"
            },
            {
                "user": "U0E96U52M",
                "ts": "1491315894.721008"
            },
            {
                "user": "U4DKJN85A",
                "ts": "1491315922.734492"
            },
            {
                "user": "U4DKJN85A",
                "ts": "1491315942.743956"
            },
            {
                "user": "U4DKJN85A",
                "ts": "1491315968.756603"
            },
            {
                "user": "U0E96U52M",
                "ts": "1491315978.761486"
            },
            {
                "user": "U4DKJN85A",
                "ts": "1491315988.766899"
            },
            {
                "user": "U0E96U52M",
                "ts": "1491316010.777510"
            },
            {
                "user": "U4DKJN85A",
                "ts": "1491316025.784787"
            },
            {
                "user": "U0E96U52M",
                "ts": "1491316028.785809"
            },
            {
                "user": "U4DKJN85A",
                "ts": "1491316034.788756"
            },
            {
                "user": "U4DKJN85A",
                "ts": "1491316052.798483"
            },
            {
                "user": "U4DKJN85A",
                "ts": "1491316078.811131"
            },
            {
                "user": "U4DKJN85A",
                "ts": "1491316255.901375"
            },
            {
                "user": "U0E96U52M",
                "ts": "1491316615.080013"
            },
            {
                "user": "U0E96U52M",
                "ts": "1491316631.087262"
            },
            {
                "user": "U0E96U52M",
                "ts": "1491316702.122897"
            },
            {
                "user": "U4DKJN85A",
                "ts": "1491316743.142825"
            },
            {
                "user": "U4DKJN85A",
                "ts": "1491316752.147107"
            },
            {
                "user": "U4DKJN85A",
                "ts": "1491316791.166157"
            },
            {
                "user": "U0E96U52M",
                "ts": "1491316824.182408"
            },
            {
                "user": "U4DKJN85A",
                "ts": "1491316848.194040"
            },
            {
                "user": "U0E96U52M",
                "ts": "1491316897.217846"
            },
            {
                "user": "U4DKJN85A",
                "ts": "1491316907.222531"
            },
            {
                "user": "U4DKJN85A",
                "ts": "1491316924.230431"
            },
            {
                "user": "U4DKJN85A",
                "ts": "1491316930.233279"
            },
            {
                "user": "U0E96U52M",
                "ts": "1491316946.241339"
            },
            {
                "user": "U4DKJN85A",
                "ts": "1491316959.247680"
            },
            {
                "user": "U4DKJN85A",
                "ts": "1491316969.252386"
            },
            {
                "user": "U0E96U52M",
                "ts": "1491316996.265775"
            },
            {
                "user": "U0E96U52M",
                "ts": "1491317008.271490"
            },
            {
                "user": "U4DKJN85A",
                "ts": "1491317013.274266"
            }
        ],
        "unread_count": 41,
        "ts": "1491241809.555566"
    },
    {
        "type": "message",
        "user": "U0E96U52M",
        "text": "<https:\/\/community.servicenow.com\/thread\/225590>",
        "attachments": [
            {
                "title": "Service Portal widget not showing other knowled... | ServiceNow Community",
                "title_link": "https:\/\/community.servicenow.com\/thread\/225590",
                "text": "Hello. I am having trouble creating a widget for Service Portal that shows more than one Knowledge Base and the articles it contains. I created a",
                "fallback": "Service Portal widget not showing other knowled... | ServiceNow Community",
                "from_url": "https:\/\/community.servicenow.com\/thread\/225590",
                "service_icon": "https:\/\/community.servicenow.com\/8.0.4.21bdc7e\/themes\/servicenow\/img\/favicon.ico",
                "service_name": "community.servicenow.com",
                "id": 1
            }
        ],
        "ts": "1491241810.556113"
    },
    {
        "user": "U4UFLA3E3",
        "text": "<@U4UFLA3E3|arybalchenko> has joined the channel",
        "type": "message",
        "subtype": "channel_join",
        "ts": "1491248668.436809"
    },
    {
        "user": "U4TP88D0B",
        "text": "<@U4TP88D0B|zxcv1008004002> has joined the channel",
        "type": "message",
        "subtype": "channel_join",
        "ts": "1491250741.261057"
    },
    {
        "user": "U4T5AD3QR",
        "text": "<@U4T5AD3QR|peterdebock> has joined the channel",
        "type": "message",
        "subtype": "channel_join",
        "ts": "1491250745.262708"
    },
    {
        "user": "U4T571BQ8",
        "text": "<@U4T571BQ8|jimbr> has joined the channel",
        "type": "message",
        "subtype": "channel_join",
        "ts": "1491253304.269217"
    },
    {
        "type": "message",
        "user": "U44NVE75E",
        "text": "has anyone create an attachment widget for order guides",
        "ts": "1491265153.211412"
    },
    {
        "user": "U4T8HUKME",
        "text": "<@U4T8HUKME|sabrina_e> has joined the channel",
        "type": "message",
        "subtype": "channel_join",
        "ts": "1491273037.408016"
    }
]