[
    {
        "type": "message",
        "user": "U3688E6MQ",
        "text": "Does anyone know how to sort a reference field in the Service Portal? Its weird but it looks like mine is sorted by the field \"short description\".",
        "ts": "1488444027.399324"
    },
    {
        "type": "message",
        "user": "U3857M3T9",
        "text": "hey everyone!!\nI have a scenario that I have asked over community. \n<https:\/\/community.servicenow.com\/thread\/255646>",
        "attachments": [
            {
                "title": "Redirecting users to record producer | ServiceNow Community",
                "title_link": "https:\/\/community.servicenow.com\/thread\/255646",
                "text": "---&gt; I have created a Mobile Module and had set the path as view\/macro_name. ---&gt; When the user clicks on the module, he's redirected to the Macro",
                "fallback": "Redirecting users to record producer | ServiceNow Community",
                "from_url": "https:\/\/community.servicenow.com\/thread\/255646",
                "service_icon": "https:\/\/community.servicenow.com\/8.0.4.21bdc7e\/themes\/servicenow\/img\/favicon.ico",
                "service_name": "community.servicenow.com",
                "id": 1
            }
        ],
        "ts": "1488447379.564820"
    },
    {
        "type": "message",
        "user": "U3857M3T9",
        "text": "Would you guys take a look and help me out",
        "ts": "1488447382.565001"
    },
    {
        "type": "message",
        "user": "U3857M3T9",
        "text": "The functionality is working in mobile view",
        "ts": "1488447548.573588"
    },
    {
        "type": "message",
        "user": "U3857M3T9",
        "text": "I want that kinda functionality in Mobile App",
        "ts": "1488447631.578014"
    },
    {
        "type": "message",
        "user": "U3857M3T9",
        "text": "Chuck suggested to go the Portal way",
        "ts": "1488447655.579162"
    },
    {
        "type": "message",
        "user": "U3857M3T9",
        "text": "Not sure how to do that though :slightly_smiling_face:",
        "ts": "1488447668.579766"
    },
    {
        "user": "U4C0SS509",
        "text": "<@U4C0SS509|mtstanger> has joined the channel",
        "type": "message",
        "subtype": "channel_join",
        "ts": "1488461727.265270"
    },
    {
        "user": "U4DBU3YKY",
        "text": "<@U4DBU3YKY|pslattery23> has joined the channel",
        "type": "message",
        "subtype": "channel_join",
        "ts": "1488463774.401354"
    },
    {
        "type": "message",
        "user": "U3857M3T9",
        "text": "Welcome Mark :slightly_smiling_face:",
        "ts": "1488477790.860602"
    },
    {
        "type": "message",
        "user": "U3857M3T9",
        "text": "Welcome <@U4DBU3YKY>",
        "ts": "1488477813.863211"
    },
    {
        "type": "message",
        "user": "U45QT59SL",
        "text": "I have set the system property to redirect non-role'd users to the portal. But how do I give them the option to have the full platform access view thereafter?",
        "ts": "1488478779.961223"
    },
    {
        "user": "U4D3PKVL5",
        "text": "<@U4D3PKVL5|willonit> has joined the channel",
        "type": "message",
        "subtype": "channel_join",
        "ts": "1488493721.546936"
    },
    {
        "user": "U4D2YT8BE",
        "text": "<@U4D2YT8BE|pradeepsharma> has joined the channel",
        "type": "message",
        "subtype": "channel_join",
        "ts": "1488497194.825751"
    },
    {
        "user": "U4D4P3P98",
        "text": "<@U4D4P3P98|bihag> has joined the channel",
        "type": "message",
        "subtype": "channel_join",
        "ts": "1488517752.681392"
    }
]