[
    {
        "user": "U3WV7RFGU",
        "text": "<@U3WV7RFGU|garrett.griffin> has joined the channel",
        "type": "message",
        "subtype": "channel_join",
        "ts": "1485445069.000851"
    },
    {
        "user": "U0EPK6QHM",
        "text": "<@U0EPK6QHM|jennifer> has joined the channel",
        "type": "message",
        "subtype": "channel_join",
        "ts": "1485445153.000852"
    },
    {
        "user": "U3WAGQ6E5",
        "text": "<@U3WAGQ6E5|rodrigohiga> has joined the channel",
        "type": "message",
        "subtype": "channel_join",
        "ts": "1485456376.000853"
    },
    {
        "user": "U3X1M3LLS",
        "text": "<@U3X1M3LLS|andrew.och> has joined the channel",
        "type": "message",
        "subtype": "channel_join",
        "ts": "1485458186.000854"
    },
    {
        "user": "U3XAPKBBP",
        "text": "<@U3XAPKBBP|shankar1> has joined the channel",
        "type": "message",
        "subtype": "channel_join",
        "ts": "1485496198.000855"
    }
]