[
    {
        "user": "U4NKPP3D0",
        "text": "<@U4NKPP3D0|bscherer> has joined the channel",
        "type": "message",
        "subtype": "channel_join",
        "ts": "1490277262.112181"
    },
    {
        "user": "U4PBNL7SA",
        "text": "<@U4PBNL7SA|sbolton> has joined the channel",
        "type": "message",
        "subtype": "channel_join",
        "ts": "1490281200.037768"
    },
    {
        "type": "message",
        "user": "U2PL7CPBR",
        "text": "Anyone have success pulling specific topic articles Knowledge Base in Portal? I added a custom topic of \"New Hire\" that is shared across KBs, I attached KB articles to this topic and I cannot find this topic on the widget or re-use a kb_view page and send parameter \"kb_topic = New Hire\" from the menu",
        "ts": "1490285653.385443"
    },
    {
        "type": "message",
        "user": "U34SPJ5LG",
        "text": "Related KB is broken; I had to update it to remove the \"if this thing exists\" part and run on it \"if count &gt; 0\"",
        "ts": "1490286453.780665"
    },
    {
        "type": "message",
        "user": "U34SPJ5LG",
        "text": "Oh",
        "ts": "1490286493.800092"
    },
    {
        "type": "message",
        "user": "U34SPJ5LG",
        "text": "I re-read. Are you on helsinki or instabul? <@U2PL7CPBR>",
        "ts": "1490286513.810484"
    },
    {
        "type": "message",
        "user": "U2PL7CPBR",
        "text": "Helsinki <@U34SPJ5LG>",
        "ts": "1490286535.820904"
    },
    {
        "type": "message",
        "user": "U34SPJ5LG",
        "text": "Helsinki only supports one knowledge base for browse. You can add a knowledge base to search,.",
        "ts": "1490286556.831253"
    },
    {
        "type": "message",
        "user": "U34SPJ5LG",
        "text": "But if you want to browse outside of the specified kb (from the portal module page), you gotta program a new KB with a KB sysID being the URL parameter",
        "ts": "1490286609.858628"
    },
    {
        "type": "message",
        "user": "U2PL7CPBR",
        "text": "Thanks! <@U34SPJ5LG> I found a way to search across multiple kbs in Helsinki and so I have documents that are shared across KBs that I would like to have a seperate page for. It looks like Topic is the only field shared across KBs. Are you saying the portal on Istanbul lets you select multiple Out of the box?",
        "ts": "1490286740.924205"
    },
    {
        "type": "message",
        "user": "U34SPJ5LG",
        "text": "Yeah, Istanbul has search groups much like how CMS did, only its search tables, lemme SS -- one sec",
        "ts": "1490286796.950831"
    },
    {
        "type": "message",
        "user": "U34SPJ5LG",
        "text": "Nope, its not visible. Maybe they removed it, or maybe it was just the dev version.",
        "ts": "1490287082.091508"
    },
    {
        "type": "message",
        "user": "U34SPJ5LG",
        "text": "I lied, sorry. LOL",
        "ts": "1490287089.094609"
    },
    {
        "type": "message",
        "user": "U34SPJ5LG",
        "text": "The kb_view2 widget pulls the $sp.getValue('knowledge_base') (from the portal module page), so if you update that to default to that value is a kb URL param isn't passed",
        "ts": "1490287161.129971"
    },
    {
        "type": "message",
        "user": "U34SPJ5LG",
        "text": "You can easily display a browse page",
        "ts": "1490287172.135040"
    },
    {
        "type": "message",
        "user": "U34SPJ5LG",
        "text": "super fast tweak",
        "ts": "1490287176.137111"
    },
    {
        "type": "message",
        "user": "U2PL7CPBR",
        "text": "Thanks <@U34SPJ5LG> ! I am not sure I follow, are you saying to remove the getValue from the widget to pass kb_topic parameter?",
        "ts": "1490287605.344847"
    },
    {
        "type": "message",
        "user": "U34SPJ5LG",
        "text": "<@U2PL7CPBR> The kb_view, kb_category, and kb_article pages all use that $sp.getValue('kb_knowledge_base') to define what knowledge base to query in the server script.",
        "ts": "1490288392.730451"
    },
    {
        "type": "message",
        "user": "U34SPJ5LG",
        "text": "var kb = $sp.getValue(\"kb_knowledge_base\");  \/\/ portal catalog\ndata.kb = kb;",
        "ts": "1490288485.780253"
    },
    {
        "type": "message",
        "user": "U34SPJ5LG",
        "text": "So basically",
        "ts": "1490288489.782331"
    },
    {
        "type": "message",
        "user": "U34SPJ5LG",
        "text": "set a URL parameter to pass in a knowledge base sys_id, check to make sure the kb id is valid, and update that data.kb value if it is",
        "ts": "1490288537.806499"
    },
    {
        "type": "message",
        "user": "U34SPJ5LG",
        "text": "Then run your queries.",
        "ts": "1490288541.808412"
    },
    {
        "type": "message",
        "user": "U34SPJ5LG",
        "text": "As long as the user has access to the knowledge base it should work",
        "ts": "1490288572.823381"
    },
    {
        "type": "message",
        "user": "U34SPJ5LG",
        "text": "If you're trying to browse a category\/topic which is within the same KB you have already defined, you'll need to make sure the user has access to the kb",
        "ts": "1490288606.840645"
    },
    {
        "type": "message",
        "user": "U34SPJ5LG",
        "text": "snc_external\/snc_internal are some of the default \"end user\" roles used in a lot of widgets.",
        "ts": "1490288627.851200"
    },
    {
        "type": "message",
        "user": "U2PL7CPBR",
        "text": "Thank you <@U34SPJ5LG>!",
        "ts": "1490289228.139645"
    },
    {
        "type": "message",
        "user": "U34SPJ5LG",
        "text": "You're welcome. :slightly_smiling_face:",
        "ts": "1490289479.263003"
    },
    {
        "type": "message",
        "user": "U34SPJ5LG",
        "text": "<@U47NL4M4P> did that solution work for you?",
        "ts": "1490289495.269938"
    },
    {
        "type": "message",
        "user": "U47NL4M4P",
        "text": "Plan on giving it a try later today. Haven't had a chance to test it out",
        "ts": "1490289515.279797"
    },
    {
        "type": "message",
        "user": "U34SPJ5LG",
        "text": "lemme know. :slightly_smiling_face: If it doesn't work, ping me with a code snippet if you can and I can help more then. (easier if I can see)",
        "ts": "1490289837.431354"
    },
    {
        "type": "message",
        "user": "U2PL7CPBR",
        "text": "I've been asking this for a few weeks here but has anyone been able to figure out how to get subcategories to show in the categories widget, there doesn't appear to be an out of box way and someone posted on share a custom collapsible widget for Catalog categories <https:\/\/share.servicenow.com\/app.do#\/detailV2\/68302cdadbf8760010c37ecfbf961971>",
        "ts": "1490289924.472046"
    },
    {
        "user": "U245BGT5W",
        "text": "<@U245BGT5W|humansky> has joined the channel",
        "type": "message",
        "subtype": "channel_join",
        "ts": "1490300134.952559"
    },
    {
        "user": "U4P276Y5T",
        "text": "<@U4P276Y5T|redrps13> has joined the channel",
        "type": "message",
        "subtype": "channel_join",
        "ts": "1490305465.964796"
    },
    {
        "type": "message",
        "user": "U34SPJ5LG",
        "text": "I have a \"drilldown\" for knowledge categories; that's about it.",
        "ts": "1490306448.269256"
    }
]