[
    {
        "user": "U0FJY9RGF",
        "text": "<@U0FJY9RGF|iain.davidson> has joined the channel",
        "type": "message",
        "subtype": "channel_join",
        "ts": "1485248403.000840"
    },
    {
        "type": "message",
        "user": "U1R3SELAE",
        "text": "How can I change datatable widget list link?",
        "ts": "1485273265.000841"
    },
    {
        "type": "message",
        "user": "U1R3SELAE",
        "text": "currently it is going to form widget but I want to send it to Ticket widget",
        "ts": "1485273290.000842"
    },
    {
        "type": "message",
        "user": "U0V9PD50R",
        "text": "clone it and edit it?",
        "ts": "1485280788.000843"
    },
    {
        "user": "U3VPJSA91",
        "text": "<@U3VPJSA91|james.barker> has joined the channel",
        "type": "message",
        "subtype": "channel_join",
        "ts": "1485282666.000844"
    },
    {
        "user": "U3VTT4WKU",
        "text": "<@U3VTT4WKU|melaniebreal> has joined the channel",
        "type": "message",
        "subtype": "channel_join",
        "ts": "1485290137.000845"
    }
]