[
    {
        "user": "U3RBURZPE",
        "text": "<@U3RBURZPE|cthomasiu> has joined the channel",
        "type": "message",
        "subtype": "channel_join",
        "ts": "1484325973.000753"
    },
    {
        "user": "U3R97MY91",
        "text": "<@U3R97MY91|durga> has joined the channel",
        "type": "message",
        "subtype": "channel_join",
        "ts": "1484331800.000754"
    },
    {
        "user": "U3QQJ22HE",
        "text": "<@U3QQJ22HE|aderuwe> has joined the channel",
        "type": "message",
        "subtype": "channel_join",
        "ts": "1484353848.000755"
    }
]