[
    {
        "user": "U3M2YLWNS",
        "text": "<@U3M2YLWNS|tony.cosentino> has joined the channel",
        "type": "message",
        "subtype": "channel_join",
        "ts": "1483350234.000681"
    },
    {
        "user": "U3KM0VDSL",
        "text": "<@U3KM0VDSL|pascal-ik> has joined the channel",
        "type": "message",
        "subtype": "channel_join",
        "ts": "1483350316.000682"
    },
    {
        "user": "U3LF01YN9",
        "text": "<@U3LF01YN9|charles.gosset> has joined the channel",
        "type": "message",
        "subtype": "channel_join",
        "ts": "1483350719.000683"
    },
    {
        "user": "U3KMW7EV7",
        "text": "<@U3KMW7EV7|brice> has joined the channel",
        "type": "message",
        "subtype": "channel_join",
        "ts": "1483350823.000684"
    },
    {
        "user": "U3LDN6UR1",
        "text": "<@U3LDN6UR1|wes.nichols> has joined the channel",
        "type": "message",
        "subtype": "channel_join",
        "ts": "1483382031.000685"
    },
    {
        "user": "U3KQA8KA4",
        "text": "<@U3KQA8KA4|thebull> has joined the channel",
        "type": "message",
        "subtype": "channel_join",
        "ts": "1483382227.000686"
    },
    {
        "user": "U2QF5UC9M",
        "text": "<@U2QF5UC9M|darla> has joined the channel",
        "type": "message",
        "subtype": "channel_join",
        "ts": "1483382327.000687"
    },
    {
        "type": "message",
        "user": "U3KQA8KA4",
        "text": "Is there a widget that contains a condition builder that populates a list collector?",
        "ts": "1483388848.000688"
    }
]