[
    {
        "type": "message",
        "user": "U4DKJN85A",
        "text": "For this, we typically say build a second service portal",
        "thread_ts": "1491241809.555566",
        "parent_user_id": "U0E96U52M",
        "ts": "1491311508.764832"
    },
    {
        "type": "message",
        "user": "U4DKJN85A",
        "text": "the pages are reusable and you can make the portal identical (or not). This is a solution that means you don’t need to take ownership of OOB widgets.",
        "thread_ts": "1491241809.555566",
        "parent_user_id": "U0E96U52M",
        "ts": "1491311555.782422"
    },
    {
        "type": "message",
        "user": "U34SPJ5LG",
        "text": "SP only supports one KB to browse by OOB, but you can make another KB page which takes a knowledge base sys_id as a URL parameter and define the knowledge base in the URL.",
        "ts": "1491313778.705646"
    },
    {
        "type": "message",
        "user": "U0E96U52M",
        "text": "<@U4DKJN85A> but that means, i have two namespaces for the kb and you cant globally search all the kbs in a single service portal",
        "thread_ts": "1491241809.555566",
        "parent_user_id": "U0E96U52M",
        "ts": "1491315666.609892"
    },
    {
        "type": "message",
        "user": "U4DKJN85A",
        "text": "So what you’re asking for is a global search",
        "thread_ts": "1491241809.555566",
        "parent_user_id": "U0E96U52M",
        "ts": "1491315700.626046"
    },
    {
        "type": "message",
        "user": "U4DKJN85A",
        "text": "that’s going to be a set of custom widgets",
        "thread_ts": "1491241809.555566",
        "parent_user_id": "U0E96U52M",
        "ts": "1491315707.629497"
    },
    {
        "type": "message",
        "user": "U0E96U52M",
        "text": "what the people want is similiar to what cms offered",
        "thread_ts": "1491241809.555566",
        "parent_user_id": "U0E96U52M",
        "ts": "1491315718.634905"
    },
    {
        "type": "message",
        "user": "U4DKJN85A",
        "text": "Yeah that’s not how SP is designed unfortunately",
        "thread_ts": "1491241809.555566",
        "parent_user_id": "U0E96U52M",
        "ts": "1491315728.639512"
    },
    {
        "type": "message",
        "user": "U4DKJN85A",
        "text": "in its current state*",
        "thread_ts": "1491241809.555566",
        "parent_user_id": "U0E96U52M",
        "ts": "1491315740.645978"
    },
    {
        "type": "message",
        "user": "U0E96U52M",
        "text": "a single page to laod all knowledge bases available to the logged in user, where they can search and browse as needed",
        "thread_ts": "1491241809.555566",
        "parent_user_id": "U0E96U52M",
        "ts": "1491315749.650414"
    },
    {
        "type": "message",
        "user": "U4DKJN85A",
        "text": "yeah this isn’t possible without customization until Jakarta",
        "thread_ts": "1491241809.555566",
        "parent_user_id": "U0E96U52M",
        "ts": "1491315780.665486"
    },
    {
        "type": "message",
        "user": "U0E96U52M",
        "text": "<@U4DKJN85A> have you seen anyone do this or just telling me it isnt possible till Jakarta",
        "thread_ts": "1491241809.555566",
        "parent_user_id": "U0E96U52M",
        "ts": "1491315894.721008"
    },
    {
        "type": "message",
        "user": "U4DKJN85A",
        "text": "I’ve done it but we do stress against it just from an expandability standpoint",
        "thread_ts": "1491241809.555566",
        "parent_user_id": "U0E96U52M",
        "ts": "1491315922.734492"
    },
    {
        "type": "message",
        "user": "U4DKJN85A",
        "text": "We’ve created the custom page and custom search to handle it",
        "thread_ts": "1491241809.555566",
        "parent_user_id": "U0E96U52M",
        "ts": "1491315942.743956"
    },
    {
        "type": "message",
        "user": "U4DKJN85A",
        "text": "But again, it’s custom. The client needs to take ownership of those widgets and understand that when Jakarta rolls around, they’ll need to switch over",
        "thread_ts": "1491241809.555566",
        "parent_user_id": "U0E96U52M",
        "ts": "1491315968.756603"
    },
    {
        "type": "message",
        "user": "U0E96U52M",
        "text": "they already existed pre-sp, couldn't they just be retofitted for service portal?",
        "thread_ts": "1491241809.555566",
        "parent_user_id": "U0E96U52M",
        "ts": "1491315978.761486"
    },
    {
        "type": "message",
        "user": "U4DKJN85A",
        "text": "Again, this is SP, not CMS",
        "thread_ts": "1491241809.555566",
        "parent_user_id": "U0E96U52M",
        "ts": "1491315988.766899"
    },
    {
        "type": "message",
        "user": "U0E96U52M",
        "text": "hence \"*retrofitted*\"",
        "thread_ts": "1491241809.555566",
        "parent_user_id": "U0E96U52M",
        "ts": "1491316010.777510"
    },
    {
        "type": "message",
        "user": "U4DKJN85A",
        "text": "Right but to say something existed before SP doesn’t mean much (sorry not trying to be rude)",
        "thread_ts": "1491241809.555566",
        "parent_user_id": "U0E96U52M",
        "ts": "1491316025.784787"
    },
    {
        "type": "message",
        "user": "U0E96U52M",
        "text": "reworked, wrote \/etc",
        "thread_ts": "1491241809.555566",
        "parent_user_id": "U0E96U52M",
        "ts": "1491316028.785809"
    },
    {
        "type": "message",
        "user": "U4DKJN85A",
        "text": "You’re converting jelly to angular",
        "thread_ts": "1491241809.555566",
        "parent_user_id": "U0E96U52M",
        "ts": "1491316034.788756"
    },
    {
        "type": "message",
        "user": "U4DKJN85A",
        "text": "so as i said, you will be creating custom widgets based on the OOB ones to make this happen",
        "thread_ts": "1491241809.555566",
        "parent_user_id": "U0E96U52M",
        "ts": "1491316052.798483"
    },
    {
        "type": "message",
        "user": "U4DKJN85A",
        "text": "forcing the client to “take ownership” of this customization and have to rework them when they upgrade to jakarta",
        "thread_ts": "1491241809.555566",
        "parent_user_id": "U0E96U52M",
        "ts": "1491316078.811131"
    },
    {
        "type": "message",
        "user": "U4DKJN85A",
        "text": "Here’s how we pitch this to clients: \n1. You have multiple KBs. Most likely there is a solid division between them. IT, HR, Finance, etc. \n2. Instead of cramming all of these into the same SP, we suggest creating multiple SPs to handle the division\n3. This gives you better control over presentation of different services and what they may want users to see\/not see \n4. You can create a global SP that links to these multiple SPs (informs them of where they should go to find what)",
        "thread_ts": "1491241809.555566",
        "parent_user_id": "U0E96U52M",
        "ts": "1491316255.901375"
    },
    {
        "type": "message",
        "user": "U4S3UQXP0",
        "text": "Good morning everyone. I have a question on a thing, a client is interested in integrating the Dell Portal into their portal, and are wondering if it is possible. I know we can set up rest calls and API's to communicate after the fact with Dell, but is there a means of integrating Dell's portal?",
        "thread_ts": "1491316469.007690",
        "reply_count": 1,
        "replies": [
            {
                "user": "U34SPJ5LG",
                "ts": "1491486891.871779"
            }
        ],
        "unread_count": 1,
        "ts": "1491316469.007690"
    },
    {
        "type": "message",
        "user": "U0E96U52M",
        "text": "so we 11 knowledge bases, and so that would me 11 service portals, your suggestion, not trying to be rude either, doesnt let you search all of them, it would have to be custom to do that search similar to how the previous kb search worked",
        "thread_ts": "1491241809.555566",
        "parent_user_id": "U0E96U52M",
        "ts": "1491316615.080013"
    },
    {
        "type": "message",
        "user": "U0E96U52M",
        "text": "and then it would be pointless when jakarta came out",
        "thread_ts": "1491241809.555566",
        "parent_user_id": "U0E96U52M",
        "ts": "1491316631.087262"
    },
    {
        "type": "message",
        "user": "U0E96U52M",
        "text": "well its 8 w\/articles, but still seems really excessive to make 8x the serviceportals to allow users visibility to what they had before",
        "thread_ts": "1491241809.555566",
        "parent_user_id": "U0E96U52M",
        "ts": "1491316702.122897"
    },
    {
        "type": "message",
        "user": "U4DKJN85A",
        "text": "why do they have 11?",
        "thread_ts": "1491241809.555566",
        "parent_user_id": "U0E96U52M",
        "ts": "1491316743.142825"
    },
    {
        "type": "message",
        "user": "U4DKJN85A",
        "text": "i’d say that’s the bigger question to tackle first",
        "thread_ts": "1491241809.555566",
        "parent_user_id": "U0E96U52M",
        "ts": "1491316752.147107"
    },
    {
        "type": "message",
        "user": "U4DKJN85A",
        "text": "what are the 8 or 11?",
        "thread_ts": "1491241809.555566",
        "parent_user_id": "U0E96U52M",
        "ts": "1491316791.166157"
    },
    {
        "type": "message",
        "user": "U0E96U52M",
        "text": "thats a business problem and as much as i'd love to get into it, it wont be solved in this chat.  the 8 w\/articles are ```\nexternal self service\ninternal self service\nservice desk\nproduct support external\nproduct support internal\nglobal technology services\nsaas\nservicenow\n```",
        "edited": {
            "user": "U0E96U52M",
            "ts": "1491316879.000000"
        },
        "thread_ts": "1491241809.555566",
        "parent_user_id": "U0E96U52M",
        "ts": "1491316824.182408"
    },
    {
        "type": "message",
        "user": "U4DKJN85A",
        "text": "sure i’m just asking to better understand",
        "thread_ts": "1491241809.555566",
        "parent_user_id": "U0E96U52M",
        "ts": "1491316848.194040"
    },
    {
        "type": "message",
        "user": "U0E96U52M",
        "text": "so some are public facing, some are not",
        "thread_ts": "1491241809.555566",
        "parent_user_id": "U0E96U52M",
        "ts": "1491316897.217846"
    },
    {
        "type": "message",
        "user": "U4DKJN85A",
        "text": "Sounds like it’s all under the heading of IT and you can use roles to handle who can see what",
        "thread_ts": "1491241809.555566",
        "parent_user_id": "U0E96U52M",
        "ts": "1491316907.222531"
    },
    {
        "type": "message",
        "user": "U4DKJN85A",
        "text": "so 1 IT KB, with better categorization",
        "thread_ts": "1491241809.555566",
        "parent_user_id": "U0E96U52M",
        "ts": "1491316924.230431"
    },
    {
        "type": "message",
        "user": "U4DKJN85A",
        "text": "but that’s just my high level input",
        "thread_ts": "1491241809.555566",
        "parent_user_id": "U0E96U52M",
        "ts": "1491316930.233279"
    },
    {
        "type": "message",
        "user": "U0E96U52M",
        "text": "yea that not getting sovled before we roll out serivce portal",
        "thread_ts": "1491241809.555566",
        "parent_user_id": "U0E96U52M",
        "ts": "1491316946.241339"
    },
    {
        "type": "message",
        "user": "U4DKJN85A",
        "text": "then you’re looking at custom widgets",
        "thread_ts": "1491241809.555566",
        "parent_user_id": "U0E96U52M",
        "ts": "1491316959.247680"
    },
    {
        "type": "message",
        "user": "U4DKJN85A",
        "text": "typeahead search, search results, etc",
        "thread_ts": "1491241809.555566",
        "parent_user_id": "U0E96U52M",
        "ts": "1491316969.252386"
    },
    {
        "type": "message",
        "user": "U0E96U52M",
        "text": "its why i asked ¯\\_(ツ)_\/¯",
        "thread_ts": "1491241809.555566",
        "parent_user_id": "U0E96U52M",
        "ts": "1491316996.265775"
    },
    {
        "type": "message",
        "user": "U0E96U52M",
        "text": "cause i know its a pita",
        "thread_ts": "1491241809.555566",
        "parent_user_id": "U0E96U52M",
        "ts": "1491317008.271490"
    },
    {
        "type": "message",
        "user": "U4DKJN85A",
        "text": "i know :smile:",
        "thread_ts": "1491241809.555566",
        "parent_user_id": "U0E96U52M",
        "ts": "1491317013.274266"
    },
    {
        "type": "message",
        "user": "U0E96U52M",
        "text": "<@U4S3UQXP0> I'd ask Dell since you'll probably want some service accoutn",
        "ts": "1491327193.148796"
    },
    {
        "user": "U1R5SC6GZ",
        "text": "<@U1R5SC6GZ|l2larry> has left the channel",
        "type": "message",
        "subtype": "channel_leave",
        "ts": "1491337159.759255"
    },
    {
        "user": "U4UKHL50V",
        "text": "<@U4UKHL50V|dave0918> has joined the channel",
        "type": "message",
        "subtype": "channel_join",
        "ts": "1491347128.014232"
    }
]