[
    {
        "user": "U4A196RJ9",
        "text": "<@U4A196RJ9|nickhynes> has joined the channel",
        "type": "message",
        "subtype": "channel_join",
        "ts": "1487929979.593749"
    },
    {
        "type": "message",
        "user": "U1R3SELAE",
        "text": "has anyone noticed issue with glyph icons in header menu",
        "ts": "1487940612.784560"
    },
    {
        "type": "message",
        "user": "U1R3SELAE",
        "text": "they are not showing",
        "edited": {
            "user": "U1R3SELAE",
            "ts": "1487940621.000000"
        },
        "ts": "1487940617.784657"
    },
    {
        "type": "message",
        "user": "U0KA6CNR0",
        "text": "beyond the cart widget?",
        "ts": "1487943612.841678"
    },
    {
        "type": "message",
        "user": "U0KA6CNR0",
        "text": "it looks like the ng-template that the menu uses doesn't include any code to account for the icon",
        "ts": "1487944146.853796"
    },
    {
        "type": "message",
        "user": "U0KA6CNR0",
        "text": "its weird, it looks like the glyph value is being saved as its name value, rather than its code value",
        "ts": "1487944945.872449"
    },
    {
        "type": "message",
        "user": "U0KA6CNR0",
        "text": "on the items array",
        "ts": "1487944965.872994"
    },
    {
        "type": "message",
        "user": "U1R3SELAE",
        "text": "even i have looked into tempate they do't have icon classes there",
        "ts": "1487947133.935441"
    },
    {
        "type": "message",
        "user": "U1R3SELAE",
        "text": "sad",
        "ts": "1487947135.935525"
    },
    {
        "user": "U49BC91U0",
        "text": "<@U49BC91U0|ryan.harrington> has joined the channel",
        "type": "message",
        "subtype": "channel_join",
        "ts": "1487950693.063258"
    },
    {
        "user": "U49FWE26M",
        "text": "<@U49FWE26M|drew-mclaughlin> has joined the channel",
        "type": "message",
        "subtype": "channel_join",
        "ts": "1487963031.554882"
    },
    {
        "user": "U4AB80R1T",
        "text": "<@U4AB80R1T|suzieb> has joined the channel",
        "type": "message",
        "subtype": "channel_join",
        "ts": "1487971315.854964"
    }
]