[
    {
        "user": "U3WNU202U",
        "text": "<@U3WNU202U|dinea13> has joined the channel",
        "type": "message",
        "subtype": "channel_join",
        "ts": "1485532299.000856"
    },
    {
        "type": "message",
        "user": "U0KA6CNR0",
        "text": "quick daily poll, how many folks have found that rather than deconstruct existing widgets, its easier to just create from scratch?",
        "ts": "1485532596.000857"
    },
    {
        "type": "message",
        "user": "U0ED7DUBD",
        "text": "Depends.  Sometimes pull things out of existing ones, extend them or start from scratch.",
        "ts": "1485533222.000858"
    },
    {
        "type": "message",
        "user": "U0KA6CNR0",
        "text": "very rarely have i found myself not extending a widget, or creating from scratch",
        "ts": "1485533269.000859"
    },
    {
        "type": "message",
        "user": "U0KA6CNR0",
        "text": "simple list really is the only one i've found that is 100% great oob",
        "ts": "1485533286.000860"
    },
    {
        "type": "message",
        "user": "U0KA6CNR0",
        "text": "data table isn't bad, but you can get more robust filtering just creating your own",
        "ts": "1485533304.000861"
    },
    {
        "type": "message",
        "user": "U1R3SELAE",
        "text": "totally depend on functionality",
        "ts": "1485533345.000862"
    },
    {
        "type": "message",
        "user": "U0KA6CNR0",
        "text": "over the next few months, we're going to start releasing some custom developed widgets for free, so keep an eye out.",
        "ts": "1485533390.000863",
        "reactions": [
            {
                "name": "+1",
                "users": [
                    "U0ED7DUBD"
                ],
                "count": 1
            }
        ]
    },
    {
        "type": "message",
        "user": "U0KA6CNR0",
        "text": "hoping to extend out the resources available for SP development,",
        "ts": "1485533506.000864"
    },
    {
        "type": "message",
        "user": "U235A44S0",
        "text": "nice",
        "ts": "1485533551.000865"
    },
    {
        "user": "U3WQ0UL80",
        "text": "<@U3WQ0UL80|drjohnchun> has joined the channel",
        "type": "message",
        "subtype": "channel_join",
        "ts": "1485536231.000866"
    },
    {
        "type": "message",
        "user": "U0V9PD50R",
        "text": "<@U0KA6CNR0> after my last project, i end up building them from scratch...lol",
        "ts": "1485549671.000867"
    },
    {
        "type": "message",
        "user": "U0V9PD50R",
        "text": "it's just habit now i think...hahaha",
        "ts": "1485549681.000868"
    },
    {
        "type": "message",
        "user": "U0KA6CNR0",
        "text": "<@U0V9PD50R>: really want to set up a github repository to share widgets, as the OOB really lack extensibility ",
        "ts": "1485549971.000869"
    },
    {
        "type": "message",
        "user": "U0KA6CNR0",
        "text": "If anyone wants to see this happen, please feel free to pm me ",
        "ts": "1485550005.000870"
    },
    {
        "type": "message",
        "user": "U0V9PD50R",
        "text": "i think we had this conversation awhile back, why no one shares them...lol",
        "ts": "1485550009.000871"
    },
    {
        "type": "message",
        "user": "U0KA6CNR0",
        "text": "Clients don't own the basic logic, if you strip the client dependent references ",
        "ts": "1485550050.000872"
    },
    {
        "type": "message",
        "user": "U0KA6CNR0",
        "text": "Snow will eventually be cloning any cool stuff devs come up with ",
        "ts": "1485550087.000873"
    },
    {
        "type": "message",
        "user": "U0V9PD50R",
        "text": "well but it's not even that - its the company i work for, we sell what we can do...so sharing the widgets we've built undercuts that",
        "ts": "1485550108.000874"
    },
    {
        "type": "message",
        "user": "U0KA6CNR0",
        "text": "Might as well source the code to jump start it ",
        "ts": "1485550114.000875"
    },
    {
        "type": "message",
        "user": "U0V9PD50R",
        "text": "oh i know...",
        "ts": "1485550115.000876"
    },
    {
        "type": "message",
        "user": "U0KA6CNR0",
        "text": "Yeah, too true, I think it's a matter of the full package we pitch, as opposed to basic structures. ",
        "ts": "1485550226.000877"
    },
    {
        "type": "message",
        "user": "U0KA6CNR0",
        "text": "C'est la vie ",
        "ts": "1485550236.000878"
    },
    {
        "type": "message",
        "user": "U0V9PD50R",
        "text": "lol",
        "ts": "1485550257.000879"
    },
    {
        "user": "U3X2BGS49",
        "text": "<@U3X2BGS49|naveenkk> has joined the channel",
        "type": "message",
        "subtype": "channel_join",
        "ts": "1485570868.000880"
    }
]