[
    {
        "user": "U4N1T1FN3",
        "text": "<@U4N1T1FN3|tsimmons> has joined the channel",
        "type": "message",
        "subtype": "channel_join",
        "ts": "1490100853.696836"
    },
    {
        "type": "message",
        "user": "U4N1T1FN3",
        "text": "service portal",
        "ts": "1490101781.007378",
        "reactions": [
            {
                "name": "thinking_face",
                "users": [
                    "U3BU8FGKV",
                    "U0E96U52M",
                    "U2PL7CPBR",
                    "U104Y4770",
                    "U3688E6MQ"
                ],
                "count": 5
            }
        ]
    },
    {
        "user": "U4N2BA7B9",
        "text": "<@U4N2BA7B9|annakatherine> has joined the channel",
        "type": "message",
        "subtype": "channel_join",
        "ts": "1490102938.428966"
    },
    {
        "type": "message",
        "user": "U0KA6CNR0",
        "text": "?",
        "ts": "1490109918.782770"
    },
    {
        "user": "U4MDAF6NP",
        "text": "<@U4MDAF6NP|miguel.h> has joined the channel",
        "type": "message",
        "subtype": "channel_join",
        "ts": "1490114147.961159"
    },
    {
        "user": "U405KBW3S",
        "text": "<@U405KBW3S|chking> has left the channel",
        "type": "message",
        "subtype": "channel_leave",
        "ts": "1490123285.237111"
    },
    {
        "user": "U4MJGD3M0",
        "text": "<@U4MJGD3M0|ngiere> has joined the channel",
        "type": "message",
        "subtype": "channel_join",
        "ts": "1490123298.242775"
    },
    {
        "user": "U4M29HYBA",
        "text": "<@U4M29HYBA|john.nolan> has joined the channel",
        "type": "message",
        "subtype": "channel_join",
        "ts": "1490142537.262831"
    }
]