[
    {
        "type": "message",
        "subtype": "file_share",
        "text": "<@U46KW8GL8|diegosantiago> uploaded a file: <https:\/\/sndevs.slack.com\/files\/diegosantiago\/F4D77MZ08\/ds.jpg|ds.jpg> and commented: Do you guys know how to change this \"loading\" spinner of Service Portal?",
        "file": {
            "id": "F4D77MZ08",
            "created": 1488753272,
            "timestamp": 1488753272,
            "name": "ds.jpg",
            "title": "ds.jpg",
            "mimetype": "image\/jpeg",
            "filetype": "jpg",
            "pretty_type": "JPEG",
            "user": "U46KW8GL8",
            "editable": false,
            "size": 5032,
            "mode": "hosted",
            "is_external": false,
            "external_type": "",
            "is_public": true,
            "public_url_shared": false,
            "display_as_bot": false,
            "username": "",
            "url_private": "https:\/\/files.slack.com\/files-pri\/T0E2AD6AY-F4D77MZ08\/ds.jpg?t=xoxe-14078448372-167243557781-166475819265-182f5ebf49",
            "url_private_download": "https:\/\/files.slack.com\/files-pri\/T0E2AD6AY-F4D77MZ08\/download\/ds.jpg?t=xoxe-14078448372-167243557781-166475819265-182f5ebf49",
            "thumb_64": "https:\/\/files.slack.com\/files-tmb\/T0E2AD6AY-F4D77MZ08-db624b4958\/ds_64.jpg?t=xoxe-14078448372-167243557781-166475819265-182f5ebf49",
            "thumb_80": "https:\/\/files.slack.com\/files-tmb\/T0E2AD6AY-F4D77MZ08-db624b4958\/ds_80.jpg?t=xoxe-14078448372-167243557781-166475819265-182f5ebf49",
            "thumb_360": "https:\/\/files.slack.com\/files-tmb\/T0E2AD6AY-F4D77MZ08-db624b4958\/ds_360.jpg?t=xoxe-14078448372-167243557781-166475819265-182f5ebf49",
            "thumb_360_w": 357,
            "thumb_360_h": 249,
            "thumb_160": "https:\/\/files.slack.com\/files-tmb\/T0E2AD6AY-F4D77MZ08-db624b4958\/ds_160.jpg?t=xoxe-14078448372-167243557781-166475819265-182f5ebf49",
            "image_exif_rotation": 1,
            "original_w": 357,
            "original_h": 249,
            "permalink": "https:\/\/sndevs.slack.com\/files\/diegosantiago\/F4D77MZ08\/ds.jpg",
            "permalink_public": "https:\/\/slack-files.com\/T0E2AD6AY-F4D77MZ08-18c49399ff",
            "channels": [
                "C36D45F60"
            ],
            "groups": [],
            "ims": [],
            "comments_count": 1,
            "initial_comment": {
                "id": "Fc4D77N0M6",
                "created": 1488753272,
                "timestamp": 1488753272,
                "user": "U46KW8GL8",
                "is_intro": true,
                "comment": "Do you guys know how to change this \"loading\" spinner of Service Portal?",
                "channel": ""
            }
        },
        "user": "U46KW8GL8",
        "upload": true,
        "display_as_bot": false,
        "username": "diegosantiago",
        "bot_id": null,
        "ts": "1488753273.808211"
    },
    {
        "type": "message",
        "user": "U4ECTBCKZ",
        "text": "I haven't done that yet but I think this article may cover what you're looking for:\n\n<https:\/\/community.servicenow.com\/community\/develop\/blog\/2016\/12\/28\/service-portal-creating-a-custom-loading-spinner>",
        "attachments": [
            {
                "title": "Developer Community: Service Portal - Creating ... | ServiceNow Community",
                "title_link": "https:\/\/community.servicenow.com\/community\/develop\/blog\/2016\/12\/28\/service-portal-creating-a-custom-loading-spinner",
                "text": "Long promised, now finally found the time to write about loading spinners in Service Portal. Probably everybody has (or has not ) seen the three small",
                "fallback": "Developer Community: Service Portal - Creating ... | ServiceNow Community",
                "from_url": "https:\/\/community.servicenow.com\/community\/develop\/blog\/2016\/12\/28\/service-portal-creating-a-custom-loading-spinner",
                "service_icon": "https:\/\/community.servicenow.com\/8.0.4.21bdc7e\/themes\/servicenow\/img\/favicon.ico",
                "service_name": "community.servicenow.com",
                "id": 1
            }
        ],
        "ts": "1488753446.811708"
    },
    {
        "type": "message",
        "user": "U46KW8GL8",
        "text": "I've already checked that article.. but this cover only the menu spinner",
        "ts": "1488753500.812485"
    },
    {
        "type": "message",
        "user": "U46KW8GL8",
        "text": ":disappointed:",
        "ts": "1488753504.812543"
    }
]