[
    {
        "user": "U0XCXA90A",
        "type": "message",
        "subtype": "channel_leave",
        "text": "<@U0XCXA90A|pheedbaq> has left the channel",
        "ts": "1465926439.000002"
    },
    {
        "user": "U0Y6QC8NL",
        "type": "message",
        "subtype": "channel_leave",
        "text": "<@U0Y6QC8NL|ksherm> has left the channel",
        "ts": "1465945771.000003"
    },
    {
        "user": "U0V949JCB",
        "type": "message",
        "subtype": "channel_join",
        "text": "<@U0V949JCB|heyambrosia> has joined the channel",
        "ts": "1465961654.000004"
    }
]