[
    {
        "type": "message",
        "user": "U0N4RBF7W",
        "text": "Android app for K16",
        "ts": "1462953273.000014"
    },
    {
        "type": "message",
        "user": "U0N4RBF7W",
        "text": "Android SN App confirmed!",
        "ts": "1462953283.000015"
    },
    {
        "type": "message",
        "user": "U0FNZLMCP",
        "text": "The app sucks; doesn’t log you in at all",
        "ts": "1462954640.000016"
    },
    {
        "type": "message",
        "user": "U0N4RBF7W",
        "text": "did for me the second time",
        "ts": "1462954793.000017"
    },
    {
        "type": "message",
        "user": "U0FNZLMCP",
        "text": "Ive been trying for two days now",
        "ts": "1462954805.000018"
    },
    {
        "type": "message",
        "user": "U0N4RBF7W",
        "text": "Sure you got a ticket? Haha",
        "ts": "1462958234.000019"
    },
    {
        "type": "message",
        "user": "U0FNZLMCP",
        "text": "Yes, I have got it working now, but I have needed to create a new community account with my company email address against it",
        "ts": "1462958266.000020"
    },
    {
        "type": "message",
        "user": "U0N4RBF7W",
        "text": "Oh, is the ticket in your company address or what?",
        "ts": "1462958285.000021"
    },
    {
        "type": "message",
        "user": "U0FNZLMCP",
        "text": "yes",
        "ts": "1462958299.000022"
    },
    {
        "type": "message",
        "user": "U0E36J5EU",
        "text": "just wait til you have 9 *single* sign on accounts with SN",
        "ts": "1462968985.000023"
    },
    {
        "type": "message",
        "user": "U0EA00QCB",
        "text": "so you are saying the app sucks because it didn't log you in with different credentials than your Knowledge registration?",
        "ts": "1462973425.000024"
    },
    {
        "type": "message",
        "user": "U0FNZLMCP",
        "text": "Im saying the app sucked because I had to create a dummy community account using my work credentials just to be able to login to it",
        "ts": "1462973459.000025"
    },
    {
        "type": "message",
        "user": "U0FNZLMCP",
        "text": "If it ran completely off the account I had for the Knowledge16 registration it would have been fine",
        "ts": "1462973481.000026"
    },
    {
        "type": "message",
        "user": "U0EA00QCB",
        "text": "I'm lost. What is the discrepancy with the work email, if you had a K16 registration without the work email?",
        "ts": "1462973525.000027"
    },
    {
        "type": "message",
        "user": "U0FNZLMCP",
        "text": "My Knowledge 16 registration was done with my work email, completely separate to my personal\/community account",
        "ts": "1462973590.000028"
    },
    {
        "type": "message",
        "user": "U0FNZLMCP",
        "text": "the app requires the account that you have registered for knowledge with also has a link to the community",
        "ts": "1462973621.000029"
    },
    {
        "type": "message",
        "user": "U0FNZLMCP",
        "text": "as in your main community account",
        "ts": "1462973633.000030"
    },
    {
        "type": "message",
        "user": "U0FNZLMCP",
        "text": "thats not the case for me as my business did the regsitration for me",
        "ts": "1462973650.000031"
    },
    {
        "type": "message",
        "user": "U0FNZLMCP",
        "text": "so now I have two accounts on the community",
        "ts": "1462973662.000032"
    },
    {
        "type": "message",
        "user": "U0EA00QCB",
        "text": "I'm not pushing back to be a dick, I'm trying to find out if I can take a use case to the app dev team for next year",
        "ts": "1462973681.000033"
    },
    {
        "type": "message",
        "user": "U0FNZLMCP",
        "text": "thats cool",
        "ts": "1462973692.000034"
    },
    {
        "type": "message",
        "user": "U0FNZLMCP",
        "text": "because you can register for knowledge without a community account, it doesn’t make sense to me to then force the app to go through the community account",
        "ts": "1462973725.000035"
    },
    {
        "type": "message",
        "user": "U0EA00QCB",
        "text": "you have an outlier in the two sets of emails. I'm guessing that a chunk of the functionality of the app is a shim to the community, but if this ramp were gentler that would be a better experience",
        "ts": "1462973766.000036"
    },
    {
        "type": "message",
        "user": "U0EA00QCB",
        "text": "like, get some of the functionality without it, all of it with it",
        "ts": "1462973774.000037"
    },
    {
        "type": "message",
        "user": "U0FNZLMCP",
        "text": "exactly; if I could get the basic functionality (to me that is schedule\/my agenda\/floor plans)",
        "ts": "1462973804.000038"
    },
    {
        "type": "message",
        "user": "U0FNZLMCP",
        "text": "that would be enough to make the app worthwhile",
        "ts": "1462973817.000039"
    },
    {
        "type": "message",
        "user": "U0EA00QCB",
        "text": "I don't actually have any more insight into the workings of the app than y'all",
        "ts": "1462973820.000040"
    },
    {
        "type": "message",
        "user": "U0FNZLMCP",
        "text": "fair enough",
        "ts": "1462973828.000041"
    },
    {
        "type": "message",
        "user": "U0EA00QCB",
        "text": "although I wouldn't mind it, I've never done any mobile stuff",
        "ts": "1462973849.000042"
    },
    {
        "type": "message",
        "user": "U0FNZLMCP",
        "text": "Its always fun to play with",
        "ts": "1462973860.000043"
    },
    {
        "type": "message",
        "user": "U0EA00QCB",
        "text": "My post K16 plans are to set up a simple mobile app that consumes some scripted REST APIs",
        "ts": "1462973870.000044"
    },
    {
        "type": "message",
        "user": "U0EA00QCB",
        "text": "to close that loop",
        "ts": "1462973876.000045"
    },
    {
        "type": "message",
        "user": "U0FNZLMCP",
        "text": "cool",
        "ts": "1462973889.000046"
    },
    {
        "type": "message",
        "user": "U0EA00QCB",
        "text": "ok, let me see if I can boil this down into something to get on the radar of that team for K17.",
        "ts": "1462973908.000047"
    },
    {
        "type": "message",
        "user": "U0EA00QCB",
        "text": "thanks",
        "ts": "1462973924.000048"
    },
    {
        "type": "message",
        "user": "U0FNZLMCP",
        "text": "thank you",
        "ts": "1462973928.000049"
    },
    {
        "type": "message",
        "user": "U0E36J5EU",
        "text": "yeah - there are lots of us with community accounts that are not tied to our work addresses because jobs change :stuck_out_tongue:\nour companies sign us up to knowledge with our work email accounts - thus creating situations where i have 9 accounts with servicenow :disappointed:",
        "ts": "1462974296.000050"
    },
    {
        "type": "message",
        "user": "U0E36J5EU",
        "text": "just remembering which one has which permissions is the suck.",
        "ts": "1462974333.000051"
    },
    {
        "type": "message",
        "user": "U0EA00QCB",
        "text": "ok, I'm willing to bet this is a situation not comprehended in any requirements. I will try to get it captured.",
        "ts": "1462974433.000052",
        "reactions": [
            {
                "name": "+1",
                "users": [
                    "U0FNZLMCP"
                ],
                "count": 1
            }
        ]
    },
    {
        "type": "message",
        "user": "U0E36J5EU",
        "text": "thanks :stuck_out_tongue:",
        "ts": "1462974476.000053"
    },
    {
        "user": "U0Y6QC8NL",
        "type": "message",
        "subtype": "channel_join",
        "text": "<@U0Y6QC8NL|ksherm> has joined the channel",
        "ts": "1462978567.000054",
        "reactions": [
            {
                "name": "+1",
                "users": [
                    "U0E2H2X5G"
                ],
                "count": 1
            }
        ]
    },
    {
        "user": "U0G8RNLF4",
        "type": "message",
        "subtype": "channel_join",
        "text": "<@U0G8RNLF4|stealthgyro> has joined the channel",
        "ts": "1462978568.000055"
    },
    {
        "user": "U0Y8SC29K",
        "type": "message",
        "subtype": "channel_join",
        "text": "<@U0Y8SC29K|jholman> has joined the channel",
        "ts": "1462978590.000056"
    },
    {
        "type": "message",
        "user": "U0Y6QC8NL",
        "text": "I wish i had a cool enough idea to build a presentation around",
        "ts": "1462978596.000057"
    },
    {
        "type": "message",
        "user": "U0Y6QC8NL",
        "text": "anyone here presenting?",
        "ts": "1462978618.000058"
    },
    {
        "user": "U0PK83SC8",
        "type": "message",
        "subtype": "channel_join",
        "text": "<@U0PK83SC8|andrew_p> has joined the channel",
        "ts": "1462978640.000059"
    },
    {
        "user": "U0H7HTAMT",
        "type": "message",
        "subtype": "channel_join",
        "text": "<@U0H7HTAMT|dlsprowls> has joined the channel",
        "ts": "1462978666.000060"
    },
    {
        "type": "message",
        "user": "U0E36J5EU",
        "text": "Several folks are presenting <@U0Y6QC8NL>",
        "ts": "1462978667.000061"
    },
    {
        "user": "U0NSAA8MU",
        "type": "message",
        "subtype": "channel_join",
        "text": "<@U0NSAA8MU|johnwarren> has joined the channel",
        "ts": "1462978700.000062"
    },
    {
        "user": "U0F4B2B4H",
        "type": "message",
        "subtype": "channel_join",
        "text": "<@U0F4B2B4H|j.childers> has joined the channel",
        "ts": "1462978906.000063"
    },
    {
        "type": "message",
        "user": "U0F4B2B4H",
        "text": "Ahoy hoy",
        "ts": "1462978912.000064"
    },
    {
        "user": "U0EPK6QHM",
        "type": "message",
        "subtype": "channel_join",
        "text": "<@U0EPK6QHM|jennifer> has joined the channel",
        "ts": "1462979075.000065"
    },
    {
        "user": "U0EKK4BTP",
        "type": "message",
        "subtype": "channel_join",
        "text": "<@U0EKK4BTP|josh> has joined the channel",
        "ts": "1462979338.000066"
    },
    {
        "type": "message",
        "user": "U0E2H2X5G",
        "text": "I'm going to get some business cards to promote this community at Knowledge. Anyone want a batch as well?",
        "ts": "1462979488.000067"
    },
    {
        "type": "message",
        "user": "U0E36J5EU",
        "text": "yeah, I will hand out a batch!",
        "ts": "1462979516.000068"
    },
    {
        "type": "message",
        "user": "U0E36J5EU",
        "text": "miss my old higher ed community - handed out cards for it last year",
        "ts": "1462979534.000069"
    },
    {
        "type": "message",
        "user": "U0E2H2X5G",
        "text": "Awesome! We can meet up and I'll give you a bunch.",
        "ts": "1462979601.000070"
    },
    {
        "user": "U0J9S1GHX",
        "type": "message",
        "subtype": "channel_join",
        "text": "<@U0J9S1GHX|nhord> has joined the channel",
        "ts": "1462979743.000071"
    },
    {
        "user": "U0SQ260SF",
        "type": "message",
        "subtype": "channel_join",
        "text": "<@U0SQ260SF|jason.johnson> has joined the channel",
        "ts": "1462979792.000072"
    },
    {
        "user": "U0YTUTTGX",
        "type": "message",
        "subtype": "channel_join",
        "text": "<@U0YTUTTGX|jason.mckee> has joined the channel",
        "ts": "1462980536.000073"
    },
    {
        "type": "message",
        "user": "U0FA8H53L",
        "text": "Anyone know what time registration will open on Sunday?",
        "ts": "1462981579.000074"
    },
    {
        "type": "message",
        "user": "U0FNZLMCP",
        "text": "7am",
        "ts": "1462981585.000075"
    },
    {
        "type": "message",
        "user": "U0FNZLMCP",
        "text": "vegas time",
        "ts": "1462981589.000076"
    },
    {
        "type": "message",
        "user": "U0FA8H53L",
        "text": "Was suppose to fly in Fri, but due to change of plans I’ll need to go in Saturday night",
        "ts": "1462981595.000077"
    },
    {
        "type": "message",
        "user": "U0FA8H53L",
        "text": "Okay great, thanks flexsite",
        "ts": "1462981600.000078"
    },
    {
        "type": "message",
        "user": "U0N4RBF7W",
        "text": "can you register all day?",
        "ts": "1462981613.000079"
    },
    {
        "type": "message",
        "user": "U0N4RBF7W",
        "text": "Be good to register after I land in the evening and get it out the way",
        "ts": "1462981623.000080"
    },
    {
        "type": "message",
        "user": "U15LF2CTD",
        "text": "I think it depends on the day…",
        "ts": "1462981635.000081"
    },
    {
        "type": "message",
        "user": "U0FA8H53L",
        "text": "Saturday looks like it ends at 2:30 from what I can see",
        "ts": "1462981649.000082"
    },
    {
        "type": "message",
        "user": "U15LF2CTD",
        "text": "If I remember correctly, last year you couldn’t register the day before pre-conference training until the afternoon.",
        "ts": "1462981658.000083"
    },
    {
        "type": "message",
        "user": "U0E36J5EU",
        "text": "there is a schedule for registration ...",
        "ts": "1462981750.000084"
    },
    {
        "type": "message",
        "user": "U0FA8H53L",
        "text": "the schedule stinks.  I hate it so much.",
        "ts": "1462981776.000085"
    },
    {
        "type": "message",
        "user": "U0FA8H53L",
        "text": "or scheduler I should say.",
        "ts": "1462981789.000086"
    },
    {
        "type": "message",
        "user": "U0E36J5EU",
        "text": "<http:\/\/knowledge.servicenow.com\/agenda.html> - ends at 7pm sat starts again at 7am sunday",
        "attachments": [
            {
                "title": "Knowledge16 Agenda | ServiceNow",
                "title_link": "http:\/\/knowledge.servicenow.com\/agenda.html",
                "text": "Official agenda of the Knowledge16 Conference in Las Vegas (May 16-20, 2016) at Mandalay Bay. Content, programs, and other networking events.",
                "fallback": "Knowledge16 Agenda | ServiceNow",
                "from_url": "http:\/\/knowledge.servicenow.com\/agenda.html",
                "id": 1
            }
        ],
        "ts": "1462981935.000087"
    },
    {
        "type": "message",
        "user": "U15LF2CTD",
        "text": "I wish the scheduler would let you look at sessions based on the date\/time",
        "ts": "1462982033.000089"
    },
    {
        "type": "message",
        "user": "U0E36J5EU",
        "text": "yeah, you and everyone else",
        "ts": "1462982190.000090"
    },
    {
        "type": "message",
        "user": "U0E36J5EU",
        "text": "I almost built one last year, haha",
        "ts": "1462982196.000091"
    },
    {
        "type": "message",
        "user": "U15LF2CTD",
        "text": "Lol",
        "ts": "1462982278.000092"
    },
    {
        "type": "message",
        "user": "U0N4RBF7W",
        "text": "Seriously, I wanted to see what was available to me 15:00 on a Tuesday",
        "ts": "1462982409.000093"
    },
    {
        "type": "message",
        "user": "U0N4RBF7W",
        "text": "I gave up! I've decided that I'll go browsing around the booths or something",
        "ts": "1462982432.000094"
    },
    {
        "type": "message",
        "user": "U0E36J5EU",
        "text": "k14 had nice sorting based off time - k15 made me cry.",
        "ts": "1462982480.000095"
    },
    {
        "type": "message",
        "user": "U0N4RBF7W",
        "text": "Is that more or less crying than the changes you did the other week to notifications?",
        "ts": "1462982514.000096"
    },
    {
        "type": "message",
        "user": "U0E36J5EU",
        "text": "hmm, notifications with that company make me cry 1 tear everytime. k15 scheduler made me cry bunches for a couple days. So, prob notifications wins.",
        "ts": "1462982574.000097"
    },
    {
        "type": "message",
        "user": "U0J9S1GHX",
        "text": "<@U0FA8H53L>: <@U15LF2CTD>: <@U0N4RBF7W> I agreed until i found the exact method you mentioned…\nnavigate to <https:\/\/knowledge16.servicenowevents.com\/connect\/mySchedule.ww>",
        "edited": {
            "user": "U0J9S1GHX",
            "ts": "1462982663.000000"
        },
        "ts": "1462982623.000098"
    },
    {
        "type": "message",
        "user": "U0E36J5EU",
        "text": "someone killed <@U0J9S1GHX> before they could reveal the secret.",
        "ts": "1462982649.000099"
    },
    {
        "type": "message",
        "user": "U15LF2CTD",
        "text": "Hahaha.",
        "ts": "1462982663.000101"
    },
    {
        "type": "message",
        "user": "U0N4RBF7W",
        "text": "\/giphy SUSPENSE",
        "attachments": [
            {
                "fallback": "giphy: <http:\/\/giphy.com\/gifs\/suspense-willy-wonka-anticipation-76dXlFZZEqNH2>",
                "image_url": "http:\/\/media4.giphy.com\/media\/76dXlFZZEqNH2\/giphy.gif",
                "image_width": 500,
                "image_height": 291,
                "image_bytes": 507412,
                "is_animated": true,
                "title": "SUSPENSE",
                "id": 1,
                "title_link": "http:\/\/giphy.com\/gifs\/suspense-willy-wonka-anticipation-76dXlFZZEqNH2"
            }
        ],
        "ts": "1462982665.000102"
    },
    {
        "type": "message",
        "user": "U15LF2CTD",
        "text": "That bit is nice, but it doesn’t help me fill the random slot that emptied after someone moved a session I was scheduled for… :neutral_face:",
        "ts": "1462982697.000103"
    },
    {
        "type": "message",
        "user": "U0J9S1GHX",
        "text": "Click on any white (non scheduled) space on the calendar, and you can choose between all available sessions for the time slots on that day",
        "ts": "1462982699.000104"
    },
    {
        "type": "message",
        "user": "U0N4RBF7W",
        "text": "whaaaaaat",
        "ts": "1462982705.000105"
    },
    {
        "type": "message",
        "user": "U0E36J5EU",
        "text": "omg if you click it",
        "ts": "1462982717.000106"
    },
    {
        "type": "message",
        "user": "U0J9S1GHX",
        "text": "i know",
        "ts": "1462982717.000107"
    },
    {
        "type": "message",
        "user": "U0E36J5EU",
        "text": "its magical!",
        "ts": "1462982720.000108"
    },
    {
        "type": "message",
        "user": "U0J9S1GHX",
        "text": "missed that initially!",
        "ts": "1462982726.000109"
    },
    {
        "type": "message",
        "user": "U0N4RBF7W",
        "text": "&gt;.&gt;",
        "ts": "1462982787.000110"
    },
    {
        "type": "message",
        "user": "U0E36J5EU",
        "text": "I was like, I have been to that page - nothing awesome there. But he says there is something good about it, what could it be. Perhaps if you click a time… and that was the magic.",
        "ts": "1462982788.000111"
    },
    {
        "type": "message",
        "user": "U0N4RBF7W",
        "text": "definitely feel like <@U0E36J5EU> is mocking me",
        "ts": "1462982810.000112"
    },
    {
        "type": "message",
        "user": "U0N4RBF7W",
        "text": ":disappointed:",
        "ts": "1462982814.000113"
    },
    {
        "type": "message",
        "user": "U0E36J5EU",
        "text": "? I am not.",
        "ts": "1462982828.000114"
    },
    {
        "type": "message",
        "user": "U0N4RBF7W",
        "text": "Haha",
        "ts": "1462982840.000115"
    },
    {
        "type": "message",
        "user": "U0N4RBF7W",
        "text": "Oh man this is a game-changer, goodbye booth visits!",
        "ts": "1462982854.000116"
    },
    {
        "type": "message",
        "user": "U0E36J5EU",
        "text": "I mean, I will absolutely mock you - but I was just saying my mental process on that page just now",
        "ts": "1462982871.000117"
    },
    {
        "type": "message",
        "user": "U0XCXA90A",
        "text": "But booths are where the swag is.",
        "ts": "1462982995.000118"
    },
    {
        "type": "message",
        "user": "U0FA8H53L",
        "text": "<@U0J9S1GHX>: WHAT",
        "ts": "1462983013.000119"
    },
    {
        "type": "message",
        "user": "U0FA8H53L",
        "text": "I SPENT  HOURS DOING IT THE WRONG WAY",
        "ts": "1462983019.000120"
    },
    {
        "type": "message",
        "user": "U0XCXA90A",
        "text": "Where else am I going to get 16MB flash drives in the shape of a corporate logo?",
        "ts": "1462983022.000121"
    },
    {
        "type": "message",
        "user": "U0J9S1GHX",
        "text": "me too...",
        "ts": "1462983024.000122"
    },
    {
        "type": "message",
        "user": "U0N4RBF7W",
        "text": "<@U0XCXA90A>: 16MB? Fancy",
        "ts": "1462983090.000123"
    },
    {
        "type": "message",
        "user": "U0Y6QC8NL",
        "text": "<@U0XCXA90A> the sun glasses ive been wearing for the last year were some expo swag",
        "ts": "1462983090.000124"
    },
    {
        "type": "message",
        "user": "U0E36J5EU",
        "text": "I am always on the lookout for the multi charger things, those are awesome.",
        "ts": "1462983091.000125"
    },
    {
        "type": "message",
        "user": "U0Y6QC8NL",
        "text": "except they broke a couple weeks ago. hoping the same company brings them back :smile:",
        "ts": "1462983107.000126"
    },
    {
        "type": "message",
        "user": "U0E36J5EU",
        "text": "my company is giving some away, *snags some*",
        "ts": "1462983109.000127"
    },
    {
        "type": "message",
        "user": "U0N4RBF7W",
        "text": "So we need a new channel, #k16swag",
        "ts": "1462983115.000128",
        "reactions": [
            {
                "name": "+1",
                "users": [
                    "U0Y6QC8NL"
                ],
                "count": 1
            }
        ]
    },
    {
        "type": "message",
        "user": "U0N4RBF7W",
        "text": "For tips on the best swag",
        "ts": "1462983121.000129"
    },
    {
        "type": "message",
        "user": "U0Y6QC8NL",
        "text": "exactly",
        "ts": "1462983126.000130"
    },
    {
        "type": "message",
        "user": "U0E36J5EU",
        "text": "can go right here, haha, all things k16 here",
        "ts": "1462983137.000131"
    },
    {
        "type": "message",
        "user": "U0J9S1GHX",
        "text": "agreed",
        "ts": "1462983156.000132"
    },
    {
        "type": "message",
        "user": "U0E36J5EU",
        "text": "this place wants to document all the changes from eureka -&gt; geneva - i hate them.",
        "ts": "1462983202.000133"
    },
    {
        "type": "message",
        "user": "U0N4RBF7W",
        "text": "Can you even do that?!",
        "ts": "1462983230.000134"
    },
    {
        "type": "message",
        "user": "U15LF2CTD",
        "text": "<http:\/\/docs.service-now.com|docs.service-now.com> … :smile:",
        "ts": "1462983230.000135",
        "reactions": [
            {
                "name": "+1",
                "users": [
                    "U0N4RBF7W"
                ],
                "count": 1
            }
        ]
    },
    {
        "type": "message",
        "user": "U0E36J5EU",
        "text": "bah, wrong channel!",
        "ts": "1462983230.000136"
    },
    {
        "type": "message",
        "user": "U0E36J5EU",
        "text": "you can roughly approximate it - at least the end user experience.",
        "ts": "1462983253.000137"
    },
    {
        "type": "message",
        "user": "U0N4RBF7W",
        "text": "No this is the right channel, we understand why you want to escape to K16!",
        "ts": "1462983253.000138"
    },
    {
        "type": "message",
        "user": "U0E36J5EU",
        "text": "mostly they just want something to put together for front line support questions - sure wish <http:\/\/docs.servicenow.com|docs.servicenow.com> didn’t suck so bad",
        "ts": "1462983295.000139"
    },
    {
        "type": "message",
        "user": "U0N4RBF7W",
        "text": "The new one is worse than the wiki",
        "ts": "1462983317.000140"
    },
    {
        "type": "message",
        "user": "U15LF2CTD",
        "text": "It is :disappointed:",
        "ts": "1462983323.000141"
    },
    {
        "type": "message",
        "user": "U0N4RBF7W",
        "text": "Wait, wrong channel1",
        "ts": "1462983325.000142"
    },
    {
        "type": "message",
        "user": "U0E36J5EU",
        "text": "it has a couple of improvements, but more steps back than forward.",
        "ts": "1462983333.000143",
        "reactions": [
            {
                "name": "-1",
                "users": [
                    "U15LF2CTD"
                ],
                "count": 1
            }
        ]
    },
    {
        "type": "message",
        "user": "U0Y6QC8NL",
        "text": "yeah, not sure what they thought was wrong with the wiki that they needed an entirely new implementation...",
        "ts": "1462983343.000144"
    },
    {
        "type": "message",
        "user": "U15LF2CTD",
        "text": "It’s got a nicer looking wrapper, but I find it’s often far more difficult to find what I’m looking for.",
        "ts": "1462983369.000145"
    },
    {
        "type": "message",
        "user": "U0Y6QC8NL",
        "text": "<@U0J9S1GHX> you're a hero man",
        "ts": "1462983483.000146"
    },
    {
        "type": "message",
        "user": "U0N4RBF7W",
        "text": "For sure he is! I can actually make it to a session on SSO! So easy to find that way!",
        "ts": "1462983624.000147"
    },
    {
        "type": "message",
        "user": "U0E36J5EU",
        "text": "<@U0J9S1GHX>: gets a prize if you ever find me at K16.",
        "ts": "1462983701.000148"
    },
    {
        "type": "message",
        "user": "U0N4RBF7W",
        "text": "Seriously we need to arrange a time to meet up",
        "ts": "1462983728.000149"
    },
    {
        "type": "message",
        "user": "U0N4RBF7W",
        "text": "Shall we just make it at one of the evening events?",
        "ts": "1462983746.000150"
    },
    {
        "type": "message",
        "user": "U0Y6QC8NL",
        "text": "we should have an expo booth advertising this community",
        "ts": "1462983804.000151"
    },
    {
        "type": "message",
        "user": "U0N4RBF7W",
        "text": "Best bet is the #k16swag event Tuesday evening",
        "ts": "1462983805.000152"
    },
    {
        "type": "message",
        "user": "U0Y6QC8NL",
        "text": "give away the best swag",
        "ts": "1462983808.000153"
    },
    {
        "type": "message",
        "user": "U0J9S1GHX",
        "text": "Down for a meet up as well <@U0N4RBF7W>",
        "ts": "1462984088.000154"
    },
    {
        "user": "U104Y4770",
        "type": "message",
        "subtype": "channel_join",
        "text": "<@U104Y4770|robm> has joined the channel",
        "ts": "1462984256.000155"
    },
    {
        "user": "U0E33U6BX",
        "type": "message",
        "subtype": "channel_join",
        "text": "<@U0E33U6BX|tomalday> has joined the channel",
        "ts": "1462984375.000156"
    },
    {
        "user": "U0J8LAG2V",
        "type": "message",
        "subtype": "channel_join",
        "text": "<@U0J8LAG2V|tdeniston> has joined the channel",
        "ts": "1462987401.000157"
    },
    {
        "type": "message",
        "user": "U0EA00QCB",
        "text": "FYI - if you download the mobile app, take a minute to work with your profile. \"Enable networking\" which is terrible wording - makes it sound like you are turning on the data plan. In fact, it makes your profile available for others to search.",
        "ts": "1462997091.000158"
    },
    {
        "type": "message",
        "user": "U0EA00QCB",
        "text": "Add your photo, fill things out with geography, etc",
        "ts": "1462997109.000159"
    },
    {
        "type": "message",
        "user": "U0EA00QCB",
        "text": "I added all the names I recognized as contacts, feel free to add me. I think it is two way, if either of you adds the other, you show up as a \"favorite\"",
        "ts": "1462997145.000160"
    },
    {
        "type": "message",
        "user": "U0EA00QCB",
        "text": "at least, I added <@U0EKK4BTP> and was in his list and he hadn't added anybody",
        "ts": "1462997161.000161"
    },
    {
        "user": "U0ZEE49MH",
        "type": "message",
        "subtype": "channel_join",
        "text": "<@U0ZEE49MH|ra1n> has joined the channel",
        "ts": "1462997346.000162"
    },
    {
        "type": "message",
        "user": "U15LF2CTD",
        "text": "Thanks!  I did find the “Enable Networking” bit…but it is a bit misleading...",
        "ts": "1462997355.000163"
    },
    {
        "user": "U0SUGB95E",
        "type": "message",
        "subtype": "channel_join",
        "text": "<@U0SUGB95E|joeyday> has joined the channel",
        "ts": "1462999802.000164"
    },
    {
        "user": "U0V949JCB",
        "type": "message",
        "subtype": "channel_join",
        "text": "<@U0V949JCB|heyambrosia> has joined the channel",
        "ts": "1462999871.000165"
    }
]