[
    {
        "type": "message",
        "user": "U0F4B2B4H",
        "text": "I enjoy the hell out of it. They also give you a tens unit and a back\/shoulder\/head massage",
        "ts": "1463815014.003394"
    },
    {
        "type": "message",
        "user": "U0N4RBF7W",
        "text": "What a beautiful day to leave on",
        "ts": "1463837858.003395"
    },
    {
        "type": "message",
        "user": "U19MYKF2N",
        "text": "yeah. I think I'm going home to mid 50s (sorry 12C) and rain",
        "ts": "1463840785.003396"
    },
    {
        "type": "message",
        "user": "U0EA00QCB",
        "text": "I did kind of bad job of meeting the whole channel, but I got to meet some of you!",
        "ts": "1463843968.003397"
    },
    {
        "type": "message",
        "user": "U0N4RBF7W",
        "text": "It's cool bro",
        "ts": "1463844072.003398"
    },
    {
        "type": "message",
        "user": "U0N4RBF7W",
        "text": "At Luxor Starbucks for the next hour if you're around!",
        "ts": "1463844074.003399"
    },
    {
        "type": "message",
        "user": "U0N4RBF7W",
        "text": "<!here> Just an FYI there's a paper slip in the water bottle from Knowledge 16",
        "ts": "1463844454.003400"
    },
    {
        "type": "message",
        "user": "U0E36J5EU",
        "text": "haha, yes there is <@U0N4RBF7W>",
        "ts": "1463845344.003401"
    },
    {
        "type": "message",
        "user": "U0EA00QCB",
        "text": "<@U0N4RBF7W>: is this the voice of experience?",
        "ts": "1463845475.003402"
    },
    {
        "type": "message",
        "user": "U0N4RBF7W",
        "text": "Does this have to be a confession? :(",
        "ts": "1463845499.003403"
    },
    {
        "type": "message",
        "user": "U0EA00QCB",
        "text": "it can feel better to unburden yourself",
        "ts": "1463845533.003404"
    },
    {
        "type": "message",
        "user": "U0EA00QCB",
        "text": "I lost the backpack containing my CreatorCon staff shirt and an extra polo",
        "ts": "1463845565.003405"
    },
    {
        "type": "message",
        "user": "U0N4RBF7W",
        "text": "That sucks",
        "ts": "1463845588.003406"
    },
    {
        "type": "message",
        "user": "U0EA00QCB",
        "text": "and my MacBook charger, although I got one from \/lost+found",
        "ts": "1463845606.003407"
    },
    {
        "type": "message",
        "user": "U0N4RBF7W",
        "text": "Shirts are pretty good tbh",
        "ts": "1463845619.003408"
    },
    {
        "type": "message",
        "user": "U0N4RBF7W",
        "text": "I'm currently waiting to get into my room to hopefully find my £200 earphones",
        "ts": "1463845644.003409"
    },
    {
        "type": "message",
        "user": "U0N4RBF7W",
        "text": ":\/",
        "ts": "1463845646.003410"
    },
    {
        "type": "message",
        "user": "U0EA00QCB",
        "text": "<@U0N4RBF7W>: I am home, BTW. Thank you for the invite although you have to specify which one for people. The directions for getting to the fitness center from the front desk is \"turn left at the Starbucks, then right at the Starbucks ...\"",
        "ts": "1463845735.003411"
    },
    {
        "type": "message",
        "user": "U0N4RBF7W",
        "text": "Haha very true!",
        "ts": "1463845766.003412"
    },
    {
        "type": "message",
        "user": "U0E36J5EU",
        "text": "feels good to be home doesn’t it <@U0EA00QCB>",
        "ts": "1463845886.003413"
    },
    {
        "type": "message",
        "user": "U0EA00QCB",
        "text": "I'm about to tweet a thing, I'll post it here first.",
        "ts": "1463845935.003414"
    },
    {
        "type": "message",
        "user": "U0EA00QCB",
        "text": "Since I saw John Anderson and Brian Hollandsworth posting sweet post K kid stuff",
        "ts": "1463846013.003415"
    },
    {
        "type": "message",
        "subtype": "file_share",
        "text": "<@U0EA00QCB|daveslusher> uploaded a file: <https:\/\/sndevs.slack.com\/files\/daveslusher\/F1ANY9YF6\/2016-05-21_11.31.07.jpg|Letter from Punkin> and commented: This was waiting for me at Luxor checkout",
        "file": {
            "id": "F1ANY9YF6",
            "created": 1463846023,
            "timestamp": 1463846023,
            "name": "2016-05-21 11.31.07.jpg",
            "title": "Letter from Punkin",
            "mimetype": "image\/jpeg",
            "filetype": "jpg",
            "pretty_type": "JPEG",
            "user": "U0EA00QCB",
            "editable": false,
            "size": 5963506,
            "mode": "hosted",
            "is_external": false,
            "external_type": "",
            "is_public": true,
            "public_url_shared": false,
            "display_as_bot": false,
            "username": "",
            "url_private": "https:\/\/files.slack.com\/files-pri\/T0E2AD6AY-F1ANY9YF6\/2016-05-21_11.31.07.jpg?t=xoxe-14078448372-167243557781-166475819265-182f5ebf49",
            "url_private_download": "https:\/\/files.slack.com\/files-pri\/T0E2AD6AY-F1ANY9YF6\/download\/2016-05-21_11.31.07.jpg?t=xoxe-14078448372-167243557781-166475819265-182f5ebf49",
            "thumb_64": "https:\/\/files.slack.com\/files-tmb\/T0E2AD6AY-F1ANY9YF6-ce2e17eccc\/2016-05-21_11.31.07_64.jpg?t=xoxe-14078448372-167243557781-166475819265-182f5ebf49",
            "thumb_80": "https:\/\/files.slack.com\/files-tmb\/T0E2AD6AY-F1ANY9YF6-ce2e17eccc\/2016-05-21_11.31.07_80.jpg?t=xoxe-14078448372-167243557781-166475819265-182f5ebf49",
            "thumb_360": "https:\/\/files.slack.com\/files-tmb\/T0E2AD6AY-F1ANY9YF6-ce2e17eccc\/2016-05-21_11.31.07_360.jpg?t=xoxe-14078448372-167243557781-166475819265-182f5ebf49",
            "thumb_360_w": 203,
            "thumb_360_h": 360,
            "thumb_480": "https:\/\/files.slack.com\/files-tmb\/T0E2AD6AY-F1ANY9YF6-ce2e17eccc\/2016-05-21_11.31.07_480.jpg?t=xoxe-14078448372-167243557781-166475819265-182f5ebf49",
            "thumb_480_w": 270,
            "thumb_480_h": 480,
            "thumb_160": "https:\/\/files.slack.com\/files-tmb\/T0E2AD6AY-F1ANY9YF6-ce2e17eccc\/2016-05-21_11.31.07_160.jpg?t=xoxe-14078448372-167243557781-166475819265-182f5ebf49",
            "thumb_720": "https:\/\/files.slack.com\/files-tmb\/T0E2AD6AY-F1ANY9YF6-ce2e17eccc\/2016-05-21_11.31.07_720.jpg?t=xoxe-14078448372-167243557781-166475819265-182f5ebf49",
            "thumb_720_w": 405,
            "thumb_720_h": 720,
            "thumb_960": "https:\/\/files.slack.com\/files-tmb\/T0E2AD6AY-F1ANY9YF6-ce2e17eccc\/2016-05-21_11.31.07_960.jpg?t=xoxe-14078448372-167243557781-166475819265-182f5ebf49",
            "thumb_960_w": 540,
            "thumb_960_h": 960,
            "thumb_1024": "https:\/\/files.slack.com\/files-tmb\/T0E2AD6AY-F1ANY9YF6-ce2e17eccc\/2016-05-21_11.31.07_1024.jpg?t=xoxe-14078448372-167243557781-166475819265-182f5ebf49",
            "thumb_1024_w": 576,
            "thumb_1024_h": 1024,
            "image_exif_rotation": 1,
            "original_w": 5312,
            "original_h": 2988,
            "permalink": "https:\/\/sndevs.slack.com\/files\/daveslusher\/F1ANY9YF6\/2016-05-21_11.31.07.jpg",
            "permalink_public": "https:\/\/slack-files.com\/T0E2AD6AY-F1ANY9YF6-f3519d8681",
            "channels": [
                "C15M6KC3A"
            ],
            "groups": [],
            "ims": [],
            "comments_count": 1,
            "initial_comment": {
                "id": "Fc1APE2XUZ",
                "created": 1463846023,
                "timestamp": 1463846023,
                "user": "U0EA00QCB",
                "is_intro": true,
                "comment": "This was waiting for me at Luxor checkout",
                "channel": ""
            }
        },
        "user": "U0EA00QCB",
        "upload": true,
        "display_as_bot": false,
        "username": "daveslusher",
        "bot_id": null,
        "ts": "1463846035.003416"
    },
    {
        "type": "message",
        "user": "U0EA00QCB",
        "text": "<@U0E36J5EU> how did your house stuff go?",
        "ts": "1463846112.003417"
    },
    {
        "type": "message",
        "user": "U0E36J5EU",
        "text": "good house is painted, can really start to live there now :stuck_out_tongue:",
        "ts": "1463846162.003418"
    },
    {
        "type": "message",
        "user": "U0E36J5EU",
        "text": "I initially thought your pic was going to be a hostage message for your bag you lost.",
        "ts": "1463846213.003419"
    },
    {
        "type": "message",
        "user": "U0E36J5EU",
        "text": "something is wrong with me",
        "ts": "1463846224.003420"
    },
    {
        "type": "message",
        "user": "U0EA00QCB",
        "text": "the hostage part was trying to get it from the Luxor business center",
        "ts": "1463846235.003421"
    },
    {
        "type": "message",
        "user": "U0EA00QCB",
        "text": "possibly the hardest I have ever laughed at a podcast is Sal Vulcano's \"pants hostage\" story: <http:\/\/www.whatsayyoupodcast.com\/episode-19-i-have-your-pants\/>",
        "ts": "1463846313.003422"
    },
    {
        "type": "message",
        "user": "U0E36J5EU",
        "text": "that is super cute though :stuck_out_tongue:",
        "ts": "1463846315.003423"
    },
    {
        "type": "message",
        "user": "U0EA00QCB",
        "text": "I write her a letter for every day I am gone when I travel, so she sent me one back",
        "ts": "1463846387.003424",
        "reactions": [
            {
                "name": "joy",
                "users": [
                    "U0E36J5EU"
                ],
                "count": 1
            }
        ]
    },
    {
        "type": "message",
        "user": "U0EA00QCB",
        "text": "<@U0E33U6BX>: &lt;-- made me laugh with the \"i put a widget in your widget\" tweet",
        "ts": "1463846540.003425",
        "reactions": [
            {
                "name": "joy",
                "users": [
                    "U0N4RBF7W"
                ],
                "count": 1
            }
        ]
    },
    {
        "type": "message",
        "user": "U0N4RBF7W",
        "text": "Link? I wanna get back into Twitter, apparently it's the place for ServiceNow",
        "ts": "1463846771.003426"
    },
    {
        "type": "message",
        "user": "U0EA00QCB",
        "text": "<https:\/\/twitter.com\/TomAsAService\/status\/733690930977378304>",
        "ts": "1463847031.003427"
    },
    {
        "type": "message",
        "user": "U0EA00QCB",
        "text": "I never noticed from the tiny light font what his username was",
        "ts": "1463847085.003428"
    },
    {
        "type": "message",
        "user": "U0N4RBF7W",
        "text": "Love the twitter name",
        "ts": "1463847121.003429"
    },
    {
        "type": "message",
        "user": "U0EA00QCB",
        "text": "Is there a conference equivalent of post-partum?",
        "ts": "1463847170.003430"
    },
    {
        "type": "message",
        "user": "U0E36J5EU",
        "text": "yeah, but its ok, there will be another one next year :stuck_out_tongue:",
        "ts": "1463847608.003431"
    },
    {
        "type": "message",
        "user": "U0E36J5EU",
        "text": "tom as a service is pretty funny too",
        "ts": "1463847639.003432"
    },
    {
        "type": "message",
        "user": "U0EA00QCB",
        "text": "Since I've been home, I've watched the Curious George Halloween special, the spring special and now A Very Monkey Christmas.",
        "ts": "1463847684.003433"
    },
    {
        "type": "message",
        "user": "U0E36J5EU",
        "text": "I don’t have a great letter from any kids - but my cat told me all about how horrid I was to leave him alone.",
        "ts": "1463847858.003434"
    },
    {
        "type": "message",
        "user": "U0N4RBF7W",
        "text": "Man the queue to security at the airport",
        "ts": "1463849641.003435"
    },
    {
        "type": "message",
        "user": "U0N4RBF7W",
        "text": "\/giphy traffic jam",
        "attachments": [
            {
                "fallback": "giphy: <http:\/\/giphy.com\/gifs\/night-usa-14sVdgga75toU8>",
                "image_url": "http:\/\/media4.giphy.com\/media\/14sVdgga75toU8\/giphy.gif",
                "image_width": 480,
                "image_height": 320,
                "image_bytes": 860798,
                "is_animated": true,
                "title": "traffic jam",
                "id": 1,
                "title_link": "http:\/\/giphy.com\/gifs\/night-usa-14sVdgga75toU8"
            }
        ],
        "ts": "1463849649.003436"
    },
    {
        "type": "message",
        "user": "U0V949JCB",
        "text": "I wanna go back. Haha",
        "ts": "1463850628.003437"
    },
    {
        "type": "message",
        "user": "U0N4RBF7W",
        "text": "To the conference and folk? Yes",
        "ts": "1463850695.003438",
        "reactions": [
            {
                "name": "+1",
                "users": [
                    "U0Y6QC8NL",
                    "U0V949JCB"
                ],
                "count": 2
            }
        ]
    },
    {
        "type": "message",
        "user": "U0N4RBF7W",
        "text": "Vegas? Pass!",
        "ts": "1463850698.003439"
    },
    {
        "type": "message",
        "user": "U19MYKF2N",
        "text": "Global Entry is the way to go",
        "ts": "1463851222.003440"
    },
    {
        "type": "message",
        "user": "U19MYKF2N",
        "text": "I cleared security in under 10 minutes",
        "ts": "1463851253.003441"
    },
    {
        "type": "message",
        "user": "U19MYKF2N",
        "text": "Looks like UK citizens are eligible to enroll",
        "ts": "1463851272.003442"
    },
    {
        "type": "message",
        "user": "U0N4RBF7W",
        "text": "Oh really?",
        "ts": "1463851368.003443"
    },
    {
        "type": "message",
        "user": "U0N4RBF7W",
        "text": "I find out now :p",
        "ts": "1463851379.003444"
    },
    {
        "type": "message",
        "user": "U0N4RBF7W",
        "text": "Be worth looking into I'm going to New York later this year",
        "ts": "1463851391.003445"
    },
    {
        "type": "message",
        "user": "U19MYKF2N",
        "text": "<https:\/\/www.cbp.gov\/newsroom\/national-media-release\/2015-11-03-000000\/cbp-announces-expansion-global-entry-uk-citizens>",
        "ts": "1463851777.003446"
    },
    {
        "type": "message",
        "user": "U19MYKF2N",
        "text": "once you get your 'trusted traveler number', you'll want to make sure the airline gets it on your reservation",
        "ts": "1463851813.003447"
    },
    {
        "type": "message",
        "user": "U19MYKF2N",
        "text": "the US process also involves an in person visit",
        "ts": "1463851839.003448"
    },
    {
        "type": "message",
        "user": "U0N4RBF7W",
        "text": "You star <@U19MYKF2N>",
        "ts": "1463852433.003449"
    },
    {
        "type": "message",
        "user": "U0N4RBF7W",
        "text": "Economy Plus for the long distance flight",
        "ts": "1463854634.003450"
    },
    {
        "type": "message",
        "user": "U0N4RBF7W",
        "text": "Because there's no way I am going to be in the middle of a row by the toilets on a 9 hour flight!",
        "ts": "1463854710.003451"
    },
    {
        "type": "message",
        "user": "U0PK83SC8",
        "text": "Guys, do you know when K16 content (labs &amp; ppt’s) will be available online?",
        "ts": "1463859372.003452"
    },
    {
        "type": "message",
        "user": "U0E36J5EU",
        "text": "it is normally a couple weeks after it is over. (if my memory serves)",
        "ts": "1463859989.003453"
    },
    {
        "type": "message",
        "user": "U19MYKF2N",
        "text": "If you were a K16 attendee, you can get all the content at <https:\/\/community.servicenow.com\/community\/on-demand-library\/knowledge16-exclusive-content\/content>",
        "ts": "1463863730.003454"
    },
    {
        "type": "message",
        "user": "U0Y6D2Z8U",
        "text": "Thx <@U19MYKF2N> ",
        "ts": "1463874188.003455"
    }
]