[
    {
        "type": "message",
        "user": "U0FA8H53L",
        "text": "<@U104Y4770>: I’m taking the Service Portal training",
        "ts": "1463276985.000278"
    },
    {
        "type": "message",
        "user": "U104Y4770",
        "text": "Nice. I just landed in Vegas",
        "ts": "1463277324.000279"
    },
    {
        "type": "message",
        "user": "U0FA8H53L",
        "text": "In flight now! I was on the wait list for SP until Wednesday due to a mixup in purchasing.",
        "ts": "1463277728.000280"
    },
    {
        "type": "message",
        "user": "U0FA8H53L",
        "text": "Glad I was able to get put into the class.",
        "ts": "1463277735.000281"
    },
    {
        "type": "message",
        "user": "U0FNZLMCP",
        "text": "I'm checked in, waiting for tomorrow to register and start precon training",
        "ts": "1463290275.000282"
    },
    {
        "type": "message",
        "user": "U0FNZLMCP",
        "text": "I'm staying at the Excalibur if anyone fancies a drink?",
        "ts": "1463290304.000283"
    }
]