[
    {
        "type": "message",
        "user": "U0FNZLMCP",
        "text": "Im getting in late on the Saturday Night, Attending preconference training on Sunday then I have monday free - Twitter <@U0FNZLMCP>",
        "ts": "1462347074.000014"
    },
    {
        "type": "message",
        "user": "U0FNZLMCP",
        "text": "How does everyone’s Monday schedule look? or perhaps we should try and find each other at one of the Party’s or ExpoNow?",
        "ts": "1462371407.000015"
    },
    {
        "type": "message",
        "user": "U0N4RBF7W",
        "text": "I land Monday night",
        "ts": "1462371739.000016"
    },
    {
        "type": "message",
        "user": "U0N4RBF7W",
        "text": "19:45 Vegas time",
        "ts": "1462371769.000017"
    },
    {
        "type": "message",
        "user": "U0FNZLMCP",
        "text": "ouch, no preconference training for you then",
        "ts": "1462371788.000018"
    },
    {
        "type": "message",
        "user": "U0N4RBF7W",
        "text": "Nah unfortunately not",
        "ts": "1462371794.000019"
    },
    {
        "type": "message",
        "user": "U0N4RBF7W",
        "text": "Wouldn't mind some pre-conference training on asset management :stuck_out_tongue:",
        "ts": "1462371818.000020"
    },
    {
        "type": "message",
        "user": "U0FNZLMCP",
        "text": "I tried to sign up for it myself; its been fully booked for weeks now",
        "ts": "1462371838.000021"
    },
    {
        "type": "message",
        "user": "U0N4RBF7W",
        "text": "Few people on the Slack channel are doing it I believe",
        "ts": "1462371866.000022"
    },
    {
        "type": "message",
        "user": "U0FNZLMCP",
        "text": "bah",
        "ts": "1462371877.000023"
    },
    {
        "type": "message",
        "user": "U0N4RBF7W",
        "text": "Or were talking about it at the very least",
        "ts": "1462371878.000024"
    },
    {
        "type": "message",
        "user": "U0N4RBF7W",
        "text": "So yeah my availability is late Monday &gt; Friday night (fly back Saturday midday)",
        "ts": "1462372708.000025"
    },
    {
        "type": "message",
        "user": "U0FA8H53L",
        "text": "I’m getting in Friday night.  I somehow convinced my Boss to let me spend a week out there.  Friday - Friday.",
        "ts": "1462377925.000026"
    },
    {
        "type": "message",
        "user": "U0XCXA90A",
        "text": "I'm getting in Monday afternoon and leaving sometime on Friday. Going to drive.",
        "ts": "1462383265.000027"
    },
    {
        "user": "U0E2H2X5G",
        "type": "message",
        "subtype": "channel_join",
        "text": "<@U0E2H2X5G|abey> has joined the channel",
        "ts": "1462408751.000028"
    }
]