[
    {
        "type": "message",
        "user": "U0E2H2X5G",
        "text": "Got here and hour ago staying at the Luxor",
        "ts": "1463295759.000284"
    },
    {
        "type": "message",
        "user": "U0FA8H53L",
        "text": "I’m on east coast time here.. its waaay past my bed time",
        "ts": "1463296935.000285"
    },
    {
        "type": "message",
        "user": "U0N4RBF7W",
        "text": "Guys and gals",
        "ts": "1463305066.000286"
    },
    {
        "type": "message",
        "user": "U0N4RBF7W",
        "text": "Does the US use PIN codes for debit cards?",
        "ts": "1463305082.000287"
    },
    {
        "type": "message",
        "user": "U0N4RBF7W",
        "text": "My main debit card just got cancelled due to fraud",
        "ts": "1463305102.000288"
    },
    {
        "type": "message",
        "user": "U0E36J5EU",
        "text": "hey <@U0N4RBF7W> they do use pin codes",
        "ts": "1463317527.000289"
    },
    {
        "type": "message",
        "user": "U0E36J5EU",
        "text": "typically when traveling abroad you alert your bank ahead of time :disappointed:",
        "ts": "1463317541.000290"
    },
    {
        "type": "message",
        "user": "U0N4RBF7W",
        "text": "I'm still in the UK and I already have",
        "ts": "1463318928.000291"
    },
    {
        "type": "message",
        "user": "U0N4RBF7W",
        "text": "But thanks :p",
        "ts": "1463318949.000292"
    },
    {
        "type": "message",
        "user": "U0N4RBF7W",
        "text": "someone said you guys didn't use pin but I thought that sounded off!",
        "ts": "1463319729.000293"
    },
    {
        "type": "message",
        "user": "U0E33U6BX",
        "text": "We are slowly transitioning to a chip in cards. Slowly",
        "ts": "1463320487.000294"
    },
    {
        "type": "message",
        "user": "U104Y4770",
        "text": "Well hopefully this trip starts getting better. I left my phone in the cab, then when I got to the hotel, I found out something went awry and I didn’t actually have a room booked",
        "ts": "1463320802.000295"
    },
    {
        "type": "message",
        "user": "U0E36J5EU",
        "text": "I hope it gets better for you as well!  I won't be there til later tonight ",
        "ts": "1463320996.000296"
    },
    {
        "type": "message",
        "user": "U0FNZLMCP",
        "text": "Just getting my preconference breakfast before training starts. Anyone else doing the Single Page Application precon training??",
        "ts": "1463323461.000297"
    },
    {
        "type": "message",
        "user": "U0FA8H53L",
        "text": "Morning everyone! Happy <#C15M6KC3A> to all.",
        "ts": "1463324333.000298",
        "reactions": [
            {
                "name": "+1",
                "users": [
                    "U0FNZLMCP",
                    "U104Y4770",
                    "U0E2H2X5G"
                ],
                "count": 3
            }
        ]
    },
    {
        "type": "message",
        "user": "U0E2H2X5G",
        "text": "NEone else in \"a practical approach to configuration management\"",
        "ts": "1463327628.000299"
    },
    {
        "user": "U0E33U6BX",
        "topic": "much learn. so networking. wow",
        "type": "message",
        "subtype": "channel_topic",
        "text": "<@U0E33U6BX|tomalday> set the channel topic: much learn. so networking. wow",
        "ts": "1463332067.000300",
        "reactions": [
            {
                "name": "raised_hands",
                "users": [
                    "U0FA8H53L",
                    "U0N4RBF7W"
                ],
                "count": 2
            },
            {
                "name": "+1",
                "users": [
                    "U0V949JCB"
                ],
                "count": 1
            }
        ]
    },
    {
        "type": "message",
        "user": "U0FA8H53L",
        "text": "Anyone else in Service Portal Seas J?",
        "ts": "1463333240.000301"
    },
    {
        "type": "message",
        "user": "U0E33U6BX",
        "text": "I wish :disappointed: In PA Admin",
        "ts": "1463333276.000302"
    },
    {
        "type": "message",
        "user": "U104Y4770",
        "text": "I’m In Orchestration",
        "ts": "1463333381.000303"
    },
    {
        "type": "message",
        "user": "U0FA8H53L",
        "text": "I’m fully willing to make copies of my booklet if others want to do the same and share",
        "ts": "1463333542.000304",
        "reactions": [
            {
                "name": "+1",
                "users": [
                    "U0E33U6BX"
                ],
                "count": 1
            }
        ]
    },
    {
        "type": "message",
        "user": "U0FA8H53L",
        "text": "Guys I love Helsinki's service portal. ",
        "ts": "1463337685.000305",
        "reactions": [
            {
                "name": "metal",
                "users": [
                    "U0ED7DUBD"
                ],
                "count": 1
            }
        ]
    },
    {
        "type": "message",
        "user": "U0FNZLMCP",
        "text": "Its awesome I know",
        "ts": "1463337693.000306"
    },
    {
        "type": "message",
        "user": "U0N4RBF7W",
        "text": "Flying tomorrow morning, so I'll be there Tuesday night!",
        "ts": "1463347181.000307"
    },
    {
        "type": "message",
        "user": "U0FNZLMCP",
        "text": "cool",
        "ts": "1463347189.000308"
    },
    {
        "type": "message",
        "user": "U0E33U6BX",
        "text": "So you're going to miss the entire first day?",
        "ts": "1463347467.000309"
    },
    {
        "type": "message",
        "user": "U0E36J5EU",
        "text": "Monday morning should get in Monday night",
        "ts": "1463351215.000310"
    },
    {
        "type": "message",
        "user": "U0E36J5EU",
        "text": "Even from across the water ",
        "ts": "1463351230.000311"
    },
    {
        "type": "message",
        "user": "U0FNZLMCP",
        "text": "agree <@U0E36J5EU> Vegas is 8 hours behind London, so <@U0N4RBF7W> should be here for some time on Monday",
        "ts": "1463351749.000312"
    },
    {
        "type": "message",
        "user": "U0E36J5EU",
        "text": "Getting in my second flight soon here in Charlotte NC ",
        "ts": "1463352413.000313"
    },
    {
        "type": "message",
        "user": "U0FNZLMCP",
        "text": "<@U0E36J5EU>: did you get held up by TSA issues at the airport???",
        "ts": "1463352447.000314"
    },
    {
        "type": "message",
        "user": "U0E36J5EU",
        "text": "No sir, was at small airport first ",
        "ts": "1463352486.000315"
    },
    {
        "type": "message",
        "user": "U0FNZLMCP",
        "text": "ah, luck you",
        "ts": "1463352494.000316"
    },
    {
        "type": "message",
        "user": "U0E36J5EU",
        "text": "Walked right through ",
        "ts": "1463352504.000317"
    },
    {
        "type": "message",
        "user": "U0E36J5EU",
        "text": "Where you at? <@U0FNZLMCP>",
        "edited": {
            "user": "U0E36J5EU",
            "ts": "1463352640.000000"
        },
        "ts": "1463352515.000318"
    },
    {
        "type": "message",
        "user": "U0FNZLMCP",
        "text": "Im in the SPA preconference training; We had a 3 hour layover at Chicago yesterday, took 2 hours to get through TSA Checks",
        "ts": "1463352665.000320"
    },
    {
        "type": "message",
        "user": "U0E36J5EU",
        "text": "Ouch I saw some pictures of Chicago tsa lines ",
        "ts": "1463352697.000321"
    },
    {
        "type": "message",
        "user": "U0FA8H53L",
        "text": "2 hours? Ouch.  I breezed right through in Boston.",
        "ts": "1463352701.000322"
    },
    {
        "type": "message",
        "user": "U0FA8H53L",
        "text": "I was a little worried since I saw this image on \/r\/boston a day before my flight",
        "ts": "1463352738.000323"
    },
    {
        "type": "message",
        "subtype": "file_share",
        "text": "<@U0FA8H53L|techfocus> uploaded a file: <https:\/\/sndevs.slack.com\/files\/techfocus\/F191PMB5Z\/pasted_image_at_2016_05_15_03_52_pm.png|Pasted image at 2016-05-15, 3:52 PM>",
        "file": {
            "id": "F191PMB5Z",
            "created": 1463352754,
            "timestamp": 1463352754,
            "name": "Pasted image at 2016_05_15 03_52 PM.png",
            "title": "Pasted image at 2016-05-15, 3:52 PM",
            "mimetype": "image\/png",
            "filetype": "png",
            "pretty_type": "PNG",
            "user": "U0FA8H53L",
            "editable": false,
            "size": 13029613,
            "mode": "hosted",
            "is_external": false,
            "external_type": "",
            "is_public": true,
            "public_url_shared": false,
            "display_as_bot": false,
            "username": "",
            "url_private": "https:\/\/files.slack.com\/files-pri\/T0E2AD6AY-F191PMB5Z\/pasted_image_at_2016_05_15_03_52_pm.png?t=xoxe-14078448372-167243557781-166475819265-182f5ebf49",
            "url_private_download": "https:\/\/files.slack.com\/files-pri\/T0E2AD6AY-F191PMB5Z\/download\/pasted_image_at_2016_05_15_03_52_pm.png?t=xoxe-14078448372-167243557781-166475819265-182f5ebf49",
            "thumb_64": "https:\/\/files.slack.com\/files-tmb\/T0E2AD6AY-F191PMB5Z-1ddf392f3f\/pasted_image_at_2016_05_15_03_52_pm_64.png?t=xoxe-14078448372-167243557781-166475819265-182f5ebf49",
            "thumb_80": "https:\/\/files.slack.com\/files-tmb\/T0E2AD6AY-F191PMB5Z-1ddf392f3f\/pasted_image_at_2016_05_15_03_52_pm_80.png?t=xoxe-14078448372-167243557781-166475819265-182f5ebf49",
            "thumb_360": "https:\/\/files.slack.com\/files-tmb\/T0E2AD6AY-F191PMB5Z-1ddf392f3f\/pasted_image_at_2016_05_15_03_52_pm_360.png?t=xoxe-14078448372-167243557781-166475819265-182f5ebf49",
            "thumb_360_w": 360,
            "thumb_360_h": 269,
            "thumb_480": "https:\/\/files.slack.com\/files-tmb\/T0E2AD6AY-F191PMB5Z-1ddf392f3f\/pasted_image_at_2016_05_15_03_52_pm_480.png?t=xoxe-14078448372-167243557781-166475819265-182f5ebf49",
            "thumb_480_w": 480,
            "thumb_480_h": 359,
            "thumb_160": "https:\/\/files.slack.com\/files-tmb\/T0E2AD6AY-F191PMB5Z-1ddf392f3f\/pasted_image_at_2016_05_15_03_52_pm_160.png?t=xoxe-14078448372-167243557781-166475819265-182f5ebf49",
            "thumb_720": "https:\/\/files.slack.com\/files-tmb\/T0E2AD6AY-F191PMB5Z-1ddf392f3f\/pasted_image_at_2016_05_15_03_52_pm_720.png?t=xoxe-14078448372-167243557781-166475819265-182f5ebf49",
            "thumb_720_w": 720,
            "thumb_720_h": 539,
            "thumb_960": "https:\/\/files.slack.com\/files-tmb\/T0E2AD6AY-F191PMB5Z-1ddf392f3f\/pasted_image_at_2016_05_15_03_52_pm_960.png?t=xoxe-14078448372-167243557781-166475819265-182f5ebf49",
            "thumb_960_w": 960,
            "thumb_960_h": 718,
            "thumb_1024": "https:\/\/files.slack.com\/files-tmb\/T0E2AD6AY-F191PMB5Z-1ddf392f3f\/pasted_image_at_2016_05_15_03_52_pm_1024.png?t=xoxe-14078448372-167243557781-166475819265-182f5ebf49",
            "thumb_1024_w": 1024,
            "thumb_1024_h": 766,
            "image_exif_rotation": 1,
            "original_w": 3600,
            "original_h": 2693,
            "permalink": "https:\/\/sndevs.slack.com\/files\/techfocus\/F191PMB5Z\/pasted_image_at_2016_05_15_03_52_pm.png",
            "permalink_public": "https:\/\/slack-files.com\/T0E2AD6AY-F191PMB5Z-5b7a1a61e2",
            "channels": [
                "C15M6KC3A"
            ],
            "groups": [],
            "ims": [],
            "comments_count": 0
        },
        "user": "U0FA8H53L",
        "upload": true,
        "display_as_bot": false,
        "username": "techfocus",
        "bot_id": null,
        "ts": "1463352765.000324"
    },
    {
        "type": "message",
        "user": "U0FA8H53L",
        "text": "But I think since I flew out later (8pm) it wasnt bad",
        "ts": "1463352793.000325"
    },
    {
        "type": "message",
        "user": "U104Y4770",
        "text": "Yikes. I flew out yesterday at 4:00pm. I’ve never seen the airport as empty as it was in my whole life",
        "ts": "1463352810.000326"
    },
    {
        "type": "message",
        "user": "U104Y4770",
        "text": "it was great",
        "ts": "1463352812.000327"
    },
    {
        "type": "message",
        "user": "U0E36J5EU",
        "text": "Taking off shortly see you folks on the flip side ",
        "ts": "1463356166.000328",
        "reactions": [
            {
                "name": "+1",
                "users": [
                    "U0FA8H53L"
                ],
                "count": 1
            }
        ]
    },
    {
        "user": "U0EDZ1736",
        "type": "message",
        "subtype": "channel_join",
        "text": "<@U0EDZ1736|benson> has joined the channel",
        "ts": "1463361784.000329"
    }
]