[
    {
        "type": "message",
        "user": "U0N4RBF7W",
        "text": "Added myself to the labs which relate to my upcoming years projects",
        "ts": "1462467331.000029"
    },
    {
        "type": "message",
        "user": "U0N4RBF7W",
        "text": ":+1:",
        "edited": {
            "user": "U0N4RBF7W",
            "ts": "1462467345.000000"
        },
        "ts": "1462467332.000030"
    },
    {
        "type": "message",
        "user": "U0EA00QCB",
        "text": "I will be in Sunday on my own time\/dime until Monday afternoon, staying until late Friday evening.",
        "ts": "1462469126.000032"
    },
    {
        "type": "message",
        "user": "U0EA00QCB",
        "text": "I'm on duty a lot of the time, if there is a Slack meetup I'll do my best to attend but I am stretched thin",
        "ts": "1462469151.000033"
    },
    {
        "type": "message",
        "user": "U0N4RBF7W",
        "text": "What stand you on?",
        "ts": "1462482278.000034"
    },
    {
        "type": "message",
        "user": "U0N4RBF7W",
        "text": "And is there any dress code? Someone asked me and now I feel like I should ask :p",
        "ts": "1462482305.000035"
    },
    {
        "type": "message",
        "user": "U0E36J5EU",
        "text": "nope - people seem to wear whatever suits them.",
        "ts": "1462482518.000036"
    },
    {
        "type": "message",
        "user": "U0E36J5EU",
        "text": "shorts and t-shirts all the way up to fancy suits.",
        "ts": "1462482532.000037"
    },
    {
        "type": "message",
        "user": "U0EA00QCB",
        "text": "not for you, there is a dress code for me",
        "ts": "1462482538.000038"
    },
    {
        "type": "message",
        "user": "U0EA00QCB",
        "text": "business casual is seldom wrong, but you can do whatever makes you happy",
        "ts": "1462482567.000039"
    },
    {
        "type": "message",
        "user": "U0EA00QCB",
        "text": "even when I'm off duty, I wear a black suit because ... VEGAS!",
        "ts": "1462482581.000040"
    },
    {
        "type": "message",
        "user": "U0E36J5EU",
        "text": "good developers wear whatever the hell they want.",
        "ts": "1462482588.000041"
    },
    {
        "type": "message",
        "user": "U15LF2CTD",
        "text": "I’ve *noticed* that people tend to be a little less fancy during precon and creatorcon, but that there is a lot more business causal during the actual conference.  That being said, unless you are in cut offs and a t-shirt with holes, no one will likely really notice!",
        "ts": "1462483103.000042"
    },
    {
        "type": "message",
        "user": "U0E36J5EU",
        "text": "yeah during actual conference there are thousands of business and sales peeps, they don’t know how to dress down.",
        "ts": "1462483214.000043"
    },
    {
        "type": "message",
        "user": "U0E36J5EU",
        "text": "I never felt uncomfortable in my black jeans and red nc state polo at any conference  - guess I might wear something else this year.",
        "ts": "1462483264.000044"
    },
    {
        "type": "message",
        "user": "U0EA00QCB",
        "text": "I will be in the K16 pavillion, I think the ExpoNow portion. I will be not working the booth much as I am so booked with sessions",
        "ts": "1462483812.000045"
    },
    {
        "type": "message",
        "user": "U0N4RBF7W",
        "text": "Okay I'll go with <@U0E36J5EU> with whatever I want",
        "ts": "1462485367.000046"
    },
    {
        "type": "message",
        "user": "U0N4RBF7W",
        "text": "It'll give the facade that I'm good",
        "ts": "1462485380.000047"
    },
    {
        "type": "message",
        "user": "U0E36J5EU",
        "text": "Haha! ",
        "ts": "1462489418.000048"
    }
]