[
    {
        "type": "message",
        "user": "U0N4RBF7W",
        "text": "Correct <@U0E36J5EU> <@U0FNZLMCP> I'll be there landing 7pm Vegas time",
        "ts": "1463387747.000330"
    },
    {
        "type": "message",
        "user": "U0N4RBF7W",
        "text": "Pretty excited! Despite card fraud and a cancellation on our hotel room we're currently fixing!",
        "ts": "1463387785.000331"
    },
    {
        "type": "message",
        "user": "U0ED7DUBD",
        "text": "I think the pre-check line at the airport here is longer than the plebeian one.",
        "ts": "1463388730.000332"
    },
    {
        "type": "message",
        "user": "U0E36J5EU",
        "text": "Enjoyed breakfast ",
        "ts": "1463414114.000333"
    },
    {
        "type": "message",
        "user": "U0FNZLMCP",
        "text": "It was good this morning.",
        "ts": "1463414157.000334"
    },
    {
        "type": "message",
        "user": "U104Y4770",
        "text": "really? eggs with no bacon?",
        "ts": "1463414175.000335"
    },
    {
        "type": "message",
        "user": "U104Y4770",
        "text": "or some sort of breakfast meat",
        "ts": "1463414180.000336"
    },
    {
        "type": "message",
        "user": "U0E33U6BX",
        "text": "It was a bad hotel continental breakfast",
        "ts": "1463414202.000337",
        "reactions": [
            {
                "name": "+1",
                "users": [
                    "U0E2H2X5G"
                ],
                "count": 1
            }
        ]
    },
    {
        "type": "message",
        "user": "U104Y4770",
        "text": "If anyone doesn’t want their free backpack, I’ll take it off your hands. One of the shoulder straps on mine broke already",
        "ts": "1463414214.000338"
    },
    {
        "type": "message",
        "user": "U0E33U6BX",
        "text": "no bacon or sausage is criminal",
        "ts": "1463414217.000339",
        "reactions": [
            {
                "name": "scream",
                "users": [
                    "U0FA8H53L",
                    "U0N4RBF7W"
                ],
                "count": 2
            }
        ]
    },
    {
        "type": "message",
        "user": "U104Y4770",
        "text": "yesterday had breakfast croissants",
        "ts": "1463414231.000340"
    },
    {
        "type": "message",
        "user": "U0E33U6BX",
        "text": "yesterday was top notch.",
        "ts": "1463414253.000341"
    },
    {
        "type": "message",
        "user": "U0FA8H53L",
        "text": "<@U104Y4770>: Did you bring it back to the reg desk?",
        "edited": {
            "user": "U0FA8H53L",
            "ts": "1463414972.000000"
        },
        "ts": "1463414961.000342"
    },
    {
        "type": "message",
        "user": "U104Y4770",
        "text": "Yeah, I’ll try that tomorrow. I was running late this morning",
        "ts": "1463415089.000344"
    },
    {
        "type": "message",
        "user": "U0V949JCB",
        "text": "at the airport headed over right now!",
        "ts": "1463415169.000345"
    },
    {
        "type": "message",
        "user": "U0E33U6BX",
        "text": "It's starting to get busy, lots more people milling around today compared to yesterday",
        "ts": "1463415213.000346"
    },
    {
        "type": "message",
        "user": "U0FA8H53L",
        "text": "Yeah - its only going to get worse when the Brits ( <@U0N4RBF7W> )invade.",
        "ts": "1463415266.000347"
    },
    {
        "type": "message",
        "user": "U104Y4770",
        "text": "Yeah, yesterday was nice",
        "ts": "1463415282.000348"
    },
    {
        "type": "message",
        "user": "U0FNZLMCP",
        "text": "<@U0FA8H53L>: the Brits are already here....",
        "ts": "1463415316.000349"
    },
    {
        "type": "message",
        "user": "U0FA8H53L",
        "text": "And its only going to get worse!",
        "ts": "1463415338.000350"
    },
    {
        "type": "message",
        "user": "U0E36J5EU",
        "text": "I had breakfast croissants today, was yummy ",
        "ts": "1463415694.000351"
    },
    {
        "type": "message",
        "user": "U0E36J5EU",
        "text": "Anyone else doing the partner crap today ",
        "ts": "1463415727.000352"
    },
    {
        "type": "message",
        "user": "U0E33U6BX",
        "text": "you make it sound so fun",
        "ts": "1463415749.000353"
    },
    {
        "type": "message",
        "user": "U0E36J5EU",
        "text": "haha, well networking is fun :stuck_out_tongue:",
        "ts": "1463416379.000354"
    },
    {
        "user": "U198DC33R",
        "type": "message",
        "subtype": "channel_join",
        "text": "<@U198DC33R|bizzlenetwork> has joined the channel",
        "ts": "1463416515.000355"
    },
    {
        "type": "message",
        "user": "U0V949JCB",
        "text": "welcome <@U198DC33R> :slightly_smiling_face:",
        "ts": "1463416573.000356"
    },
    {
        "type": "message",
        "user": "U198DC33R",
        "text": "<@U0V949JCB>: Hello!",
        "ts": "1463416590.000357"
    },
    {
        "type": "message",
        "user": "U0E36J5EU",
        "text": "welcome! - hey <@U0E2H2X5G> you got my cards yet?",
        "ts": "1463416746.000358"
    },
    {
        "type": "message",
        "user": "U0E36J5EU",
        "text": "give me a ring if you want to meetup and drop me some - <tel:919-413-7128|919-413-7128>",
        "ts": "1463416887.000359"
    },
    {
        "type": "message",
        "user": "U15LF2CTD",
        "text": "I have a whole Monday of doing nothing at all….",
        "ts": "1463417109.000360"
    },
    {
        "type": "message",
        "user": "U0FNZLMCP",
        "text": "Lucky you <@U15LF2CTD> ",
        "ts": "1463417228.000361"
    },
    {
        "type": "message",
        "user": "U15LF2CTD",
        "text": "Well, I’d much rather be doing some kind of pre-con training, but working for the state has it’s draw backs… (like having to beg and plead just to get here in the first place!)",
        "ts": "1463417346.000362"
    },
    {
        "type": "message",
        "user": "U0FNZLMCP",
        "text": "Ouch",
        "ts": "1463417402.000363"
    },
    {
        "type": "message",
        "user": "U15LF2CTD",
        "text": "Yeeeeea, look up “Oklahoma State Education” any time you really wanna feel bad for me :wink:",
        "ts": "1463417429.000364"
    },
    {
        "type": "message",
        "user": "U0E33U6BX",
        "text": "I work for a state college too but never have to beg to come :slightly_smiling_face:",
        "ts": "1463417578.000365"
    },
    {
        "type": "message",
        "user": "U15LF2CTD",
        "text": "Never did in the past… Oklahoma is in the midst of major budget cuts.  The state is in the hole.  Thankfully, we only get partial funding from state funds….still hurts though.",
        "edited": {
            "user": "U15LF2CTD",
            "ts": "1463417650.000000"
        },
        "ts": "1463417624.000366"
    },
    {
        "type": "message",
        "user": "U0E33U6BX",
        "text": "Thats the nice thing about GA, our colleges are funded very well, especially IT departments and initiatives",
        "ts": "1463417761.000370"
    },
    {
        "type": "message",
        "user": "U15LF2CTD",
        "text": "They just keep cutting education funding here.  It’s really sad.  Our k-12 schools are looking pretty bad these days.  This year they are starting to cut out everything like music, arts, gifted programs, etc.  They’ve cut a lot of teachers and staff.  I don’t think teachers here have had raises in yeeeeears.",
        "ts": "1463417867.000371"
    },
    {
        "type": "message",
        "user": "U0E33U6BX",
        "text": "Wow that sucks, I'd be looking for some other job, that sounds soul crushing",
        "ts": "1463417984.000372"
    },
    {
        "type": "message",
        "user": "U15LF2CTD",
        "text": "I work for a University, (a medical university at that) so it’s not as bad for us...",
        "ts": "1463418018.000373"
    },
    {
        "type": "message",
        "user": "U15LF2CTD",
        "text": "But any future children we have…",
        "ts": "1463418025.000374"
    },
    {
        "type": "message",
        "user": "U0E36J5EU",
        "text": "yeah, I certainly know the budget crunch in Univ - did it for 20 years. Managing the budget there is a pain, year to year",
        "ts": "1463418191.000375"
    },
    {
        "type": "message",
        "user": "U15LF2CTD",
        "text": "Yeeeesss :disappointed:",
        "ts": "1463418232.000376"
    },
    {
        "type": "message",
        "user": "U15LF2CTD",
        "text": "So I sold my first born to come to Knowledge…",
        "ts": "1463418264.000377"
    },
    {
        "type": "message",
        "user": "U0FNZLMCP",
        "text": "Only your 1st born??",
        "ts": "1463418285.000378"
    },
    {
        "type": "message",
        "user": "U0FNZLMCP",
        "text": "Ive leased my grandchildren",
        "ts": "1463418298.000379",
        "reactions": [
            {
                "name": "smile",
                "users": [
                    "U0FA8H53L"
                ],
                "count": 1
            }
        ]
    },
    {
        "type": "message",
        "user": "U15LF2CTD",
        "text": "Lol",
        "ts": "1463418302.000380"
    },
    {
        "type": "message",
        "user": "U15LF2CTD",
        "text": "Well, joke is on them anyway… knowing the kids parents, it’s going to turn out to be pretty rotten.",
        "ts": "1463418324.000381"
    },
    {
        "type": "message",
        "user": "U0E93BL9F",
        "text": "Cha-ching$$$ I just arrived ",
        "ts": "1463419552.000382",
        "reactions": [
            {
                "name": "slot_machine",
                "users": [
                    "U0EKK4BTP",
                    "U0ED7DUBD"
                ],
                "count": 2
            },
            {
                "name": "+1",
                "users": [
                    "U0FNZLMCP"
                ],
                "count": 1
            }
        ]
    },
    {
        "type": "message",
        "user": "U0E36J5EU",
        "text": "awesome, welcome <@U0E93BL9F> you just land, or just get to mandalay",
        "ts": "1463419577.000383"
    },
    {
        "type": "message",
        "user": "U0E93BL9F",
        "text": "Landed. I will check in at Luxor then get registered at Mandalay then go to Hoover dam",
        "ts": "1463419639.000384",
        "reactions": [
            {
                "name": "+1",
                "users": [
                    "U0E2H2X5G"
                ],
                "count": 1
            }
        ]
    },
    {
        "type": "message",
        "user": "U0E36J5EU",
        "text": "well that will make it difficult to visit with you, rofl",
        "ts": "1463419659.000385"
    },
    {
        "type": "message",
        "user": "U0E36J5EU",
        "text": "enjoy the dam, its a great engineering marvel",
        "ts": "1463419690.000386"
    },
    {
        "type": "message",
        "user": "U0E93BL9F",
        "text": "I'm hoping to find u guys tonight.",
        "ts": "1463419692.000387"
    },
    {
        "type": "message",
        "user": "U0E93BL9F",
        "text": "Looking fwd to it",
        "ts": "1463419719.000388"
    },
    {
        "type": "message",
        "user": "U0Y6QC8NL",
        "text": "anyone know how many people are expected to attend in total?",
        "ts": "1463422055.000389"
    },
    {
        "type": "message",
        "user": "U0FNZLMCP",
        "text": "Apparently more than 11k",
        "ts": "1463422080.000390"
    },
    {
        "type": "message",
        "user": "U0FA8H53L",
        "text": "k15 was around 9k",
        "ts": "1463422108.000391"
    },
    {
        "type": "message",
        "user": "U0Y6QC8NL",
        "text": "crazy",
        "ts": "1463422156.000392"
    },
    {
        "type": "message",
        "user": "U0Y6QC8NL",
        "text": "time to board! hope to see some of you there.",
        "ts": "1463422213.000393"
    },
    {
        "type": "message",
        "user": "U104Y4770",
        "text": "^It’s going to be crazy. Today already feels twice as full as yesterday. Can’t imagine what it’s going to be like when everyone else gets here",
        "ts": "1463422316.000394"
    },
    {
        "type": "message",
        "user": "U0E36J5EU",
        "text": "yeah, and not a lot today for most folks, other than partners and pre-conf training",
        "ts": "1463423557.000395"
    },
    {
        "type": "message",
        "user": "U0E36J5EU",
        "text": "tomorrow will be hoards",
        "ts": "1463423561.000396"
    },
    {
        "type": "message",
        "user": "U0E33U6BX",
        "text": "The expo party tonight is going to be utterly insane",
        "ts": "1463423629.000397"
    },
    {
        "type": "message",
        "user": "U0E36J5EU",
        "text": "they are saying new orchestration workflows is new, but i know I have done that before - guess it being offered in the store is new*ish",
        "ts": "1463423682.000398"
    },
    {
        "type": "message",
        "user": "U0E2H2X5G",
        "text": "So hype",
        "ts": "1463423684.000399"
    },
    {
        "type": "message",
        "user": "U0E36J5EU",
        "text": "you are in a training right <@U0E2H2X5G> ?",
        "ts": "1463423731.000400"
    },
    {
        "type": "message",
        "user": "U0E2H2X5G",
        "text": "Yeah",
        "ts": "1463423740.000401"
    },
    {
        "type": "message",
        "user": "U0E36J5EU",
        "text": "ability to just insert content in apps in store as a selling point (like pre-done KB packages)",
        "ts": "1463424137.000402"
    },
    {
        "type": "message",
        "user": "U0E36J5EU",
        "text": "event manager connectors - middleware makes event managemnet connector definitions - on mid servers will use groovy code (geneva) - or javascript (helsinki)",
        "ts": "1463424278.000403"
    },
    {
        "type": "message",
        "user": "U104Y4770",
        "text": "steak for lunch today",
        "ts": "1463424350.000404"
    },
    {
        "type": "message",
        "user": "U0E36J5EU",
        "text": "those are for polling event managment - should use push via rest if you have that ability",
        "ts": "1463424360.000405"
    },
    {
        "type": "message",
        "user": "U0E36J5EU",
        "text": "oh - awesome - they are allowing for a CTI window popup",
        "ts": "1463424413.000406"
    },
    {
        "type": "message",
        "user": "U0E36J5EU",
        "text": "(telephony systems) for call centers",
        "ts": "1463424424.000407"
    },
    {
        "type": "message",
        "user": "U0E36J5EU",
        "text": "called open frame CTI - looks awesome",
        "ts": "1463424470.000408"
    },
    {
        "user": "U13UCKNKY",
        "type": "message",
        "subtype": "channel_join",
        "text": "<@U13UCKNKY|mark4carter> has joined the channel",
        "ts": "1463425051.000409"
    },
    {
        "type": "message",
        "user": "U0FA8H53L",
        "text": "Anyone know what to expect from the reception tonight?",
        "ts": "1463425600.000410"
    },
    {
        "user": "U0EDHLAV8",
        "type": "message",
        "subtype": "channel_join",
        "text": "<@U0EDHLAV8|huntj06> has joined the channel",
        "ts": "1463427801.000411"
    },
    {
        "type": "message",
        "user": "U0ED7DUBD",
        "text": "<@U0FA8H53L>: Food, beer and milling around?",
        "ts": "1463428278.000412",
        "reactions": [
            {
                "name": "+1",
                "users": [
                    "U0FNZLMCP",
                    "U0Y8SC29K"
                ],
                "count": 2
            }
        ]
    },
    {
        "type": "message",
        "user": "U0N4RBF7W",
        "text": "Edmonton, Canada",
        "ts": "1463428647.000413"
    },
    {
        "type": "message",
        "user": "U0N4RBF7W",
        "text": "5 hour wait then on to Vegas! ",
        "ts": "1463428663.000414"
    },
    {
        "type": "message",
        "user": "U0N4RBF7W",
        "text": "Active noise cancelling earphones have changed my flight experience. Great investment",
        "ts": "1463428700.000415"
    },
    {
        "type": "message",
        "user": "U0E36J5EU",
        "text": "oh noes! 5 hour wait.",
        "ts": "1463428912.000416"
    },
    {
        "type": "message",
        "user": "U0E36J5EU",
        "text": "That is terrible",
        "ts": "1463428916.000417"
    },
    {
        "type": "message",
        "user": "U0E36J5EU",
        "text": "so the latest update - lunch was yummy.",
        "ts": "1463428926.000418"
    },
    {
        "type": "message",
        "user": "U0N4RBF7W",
        "text": "Well I get to have a meal...or 2",
        "ts": "1463428964.000419"
    },
    {
        "type": "message",
        "user": "U104Y4770",
        "text": "<@U0E36J5EU>: What you have? I didn’t try the chicken or the fish",
        "ts": "1463428978.000420"
    },
    {
        "type": "message",
        "user": "U0FA8H53L",
        "text": "and drinks",
        "ts": "1463428980.000421"
    },
    {
        "type": "message",
        "user": "U0FA8H53L",
        "text": "lots of drinks.",
        "ts": "1463428983.000422"
    },
    {
        "type": "message",
        "user": "U0N4RBF7W",
        "text": "And find a Levi store, since their jeans are like 50% cheaper than UK",
        "ts": "1463428993.000423"
    },
    {
        "type": "message",
        "user": "U0E36J5EU",
        "text": "fish and steak",
        "ts": "1463428996.000424"
    },
    {
        "type": "message",
        "user": "U0N4RBF7W",
        "text": "I don't drink!",
        "ts": "1463429000.000425"
    },
    {
        "type": "message",
        "user": "U0E36J5EU",
        "text": "and a cute little cupcake was very yummy",
        "ts": "1463429008.000426"
    },
    {
        "type": "message",
        "user": "U0N4RBF7W",
        "text": "Sounds good, where?",
        "ts": "1463429036.000427"
    },
    {
        "type": "message",
        "user": "U0E36J5EU",
        "text": "<@U0N4RBF7W>: I am already having a drink on your half.",
        "ts": "1463429036.000428"
    },
    {
        "type": "message",
        "user": "U0N4RBF7W",
        "text": "Good lad",
        "ts": "1463429044.000429"
    },
    {
        "type": "message",
        "user": "U0N4RBF7W",
        "text": "But that coffee is mine!",
        "ts": "1463429051.000430"
    },
    {
        "type": "message",
        "user": "U0N4RBF7W",
        "text": "Hands off!",
        "ts": "1463429067.000431"
    },
    {
        "type": "message",
        "user": "U0FNZLMCP",
        "text": "<@U0E36J5EU>: where are you drinking ? Im at the HangNow area watching the Foosball",
        "ts": "1463429091.000432"
    },
    {
        "type": "message",
        "user": "U0E36J5EU",
        "text": "Just tea for me good sir <@U0N4RBF7W>",
        "ts": "1463429514.000433"
    },
    {
        "type": "message",
        "user": "U0E36J5EU",
        "text": "lets meet up after this session i am in <@U0FNZLMCP> and grab a new drink!",
        "ts": "1463429557.000434"
    },
    {
        "type": "message",
        "user": "U0E36J5EU",
        "text": "there are bars! (so not free yet)",
        "ts": "1463429566.000435"
    },
    {
        "type": "message",
        "user": "U0E2H2X5G",
        "text": "I'm down to meet at exponow",
        "ts": "1463429623.000436"
    },
    {
        "type": "message",
        "user": "U0E36J5EU",
        "text": "we are gonna meet at exponow for sure - 6:30 was the plan. but that doesn’t mean we can’t meet before then",
        "ts": "1463429656.000437"
    },
    {
        "type": "message",
        "user": "U0E36J5EU",
        "text": "watching jnguy right now - yay Jack!",
        "ts": "1463429752.000438"
    },
    {
        "type": "message",
        "user": "U0E2H2X5G",
        "text": "Let's meet after the session?",
        "ts": "1463429757.000439"
    },
    {
        "type": "message",
        "user": "U0E2H2X5G",
        "text": "Pregame for exponow",
        "ts": "1463429776.000440"
    },
    {
        "type": "message",
        "user": "U0E36J5EU",
        "text": "they also mentioned <@U0EA00QCB> in their session",
        "ts": "1463429789.000441"
    },
    {
        "type": "message",
        "user": "U0N4RBF7W",
        "text": "Bloody hell US border control\/customs are scary",
        "ts": "1463434102.000442"
    },
    {
        "type": "message",
        "user": "U0N4RBF7W",
        "text": "Failed the biometric scan and I get some pretty foul attitude from them",
        "ts": "1463434144.000443"
    },
    {
        "type": "message",
        "user": "U0FA8H53L",
        "text": "Welcome to America!",
        "ts": "1463434260.000444"
    },
    {
        "type": "message",
        "user": "U0N4RBF7W",
        "text": "Serious!",
        "ts": "1463434271.000445"
    },
    {
        "type": "message",
        "user": "U0FA8H53L",
        "text": "\/giphy USAUSAUSA",
        "attachments": [
            {
                "fallback": "giphy: <http:\/\/giphy.com\/gifs\/usmnt-gold-cup-usausausa-11LKpWjIqUcOMU>",
                "image_url": "http:\/\/media4.giphy.com\/media\/11LKpWjIqUcOMU\/giphy.gif",
                "image_width": 232,
                "image_height": 140,
                "image_bytes": 462986,
                "is_animated": true,
                "title": "USAUSAUSA",
                "id": 1,
                "title_link": "http:\/\/giphy.com\/gifs\/usmnt-gold-cup-usausausa-11LKpWjIqUcOMU"
            }
        ],
        "ts": "1463434274.000446"
    },
    {
        "type": "message",
        "user": "U0FA8H53L",
        "text": "well thats lame",
        "ts": "1463434282.000447"
    },
    {
        "type": "message",
        "user": "U0N4RBF7W",
        "text": "You got football",
        "ts": "1463434291.000448"
    },
    {
        "type": "message",
        "user": "U0N4RBF7W",
        "text": "How?",
        "ts": "1463434295.000449"
    },
    {
        "type": "message",
        "user": "U0FA8H53L",
        "text": "I dont know",
        "ts": "1463434312.000450"
    },
    {
        "type": "message",
        "user": "U0FA8H53L",
        "text": "useless",
        "ts": "1463434313.000451"
    },
    {
        "type": "message",
        "user": "U0E36J5EU",
        "text": "You still around the Foosball <@U0FA8H53L>  I am here now, bright red Polo black pants ",
        "ts": "1463434556.000452"
    },
    {
        "type": "message",
        "user": "U0N4RBF7W",
        "text": "SN colours <@U0E36J5EU> ?",
        "ts": "1463434581.000453"
    },
    {
        "type": "message",
        "user": "U0N4RBF7W",
        "text": "From the looks of the photos on their pages",
        "ts": "1463434594.000454"
    },
    {
        "type": "message",
        "user": "U0FA8H53L",
        "text": "I’m still on class - we’re breaking atm but not enough time to go downstairs",
        "ts": "1463434599.000455"
    },
    {
        "type": "message",
        "user": "U0FA8H53L",
        "text": "They put us all the way on the top floor in the waaay back.",
        "ts": "1463434612.000456"
    },
    {
        "type": "message",
        "user": "U0E36J5EU",
        "text": "Sorry it was <@U0FNZLMCP> tgat was down here ",
        "ts": "1463434633.000457"
    },
    {
        "type": "message",
        "user": "U15LF2CTD",
        "text": "<@U0N4RBF7W> … We got pulled coming back from London because we had 6lbs of Gummy Bears :stuck_out_tongue:",
        "ts": "1463434639.000458"
    },
    {
        "type": "message",
        "user": "U0N4RBF7W",
        "text": "Holy shit",
        "ts": "1463434648.000459"
    },
    {
        "type": "message",
        "user": "U15LF2CTD",
        "text": "They were really good gummy bears...",
        "ts": "1463434661.000460"
    },
    {
        "type": "message",
        "user": "U0N4RBF7W",
        "text": "What's 6lbs? :p",
        "ts": "1463434662.000461"
    },
    {
        "type": "message",
        "user": "U0E36J5EU",
        "text": "One large one, or many small",
        "ts": "1463434665.000462"
    },
    {
        "type": "message",
        "user": "U15LF2CTD",
        "text": "6 1lb bags.",
        "ts": "1463434673.000463"
    },
    {
        "type": "message",
        "user": "U0N4RBF7W",
        "text": "I'm joking, metric system and all that",
        "ts": "1463434684.000464"
    },
    {
        "type": "message",
        "user": "U0N4RBF7W",
        "text": "But that's a lot",
        "ts": "1463434691.000465"
    },
    {
        "type": "message",
        "user": "U15LF2CTD",
        "text": "They were so much tastier than the American Version!",
        "ts": "1463434695.000466"
    },
    {
        "type": "message",
        "user": "U15LF2CTD",
        "text": "Lol I know, I wasn’t quick enough to come up with a conversion (aka…google it)",
        "ts": "1463434710.000467"
    },
    {
        "type": "message",
        "user": "U104Y4770",
        "text": "Better than Haribo gummy bears?",
        "ts": "1463434711.000468",
        "reactions": [
            {
                "name": "+1::skin-tone-3",
                "users": [
                    "U0E96U52M"
                ],
                "count": 1
            }
        ]
    },
    {
        "type": "message",
        "user": "U15LF2CTD",
        "text": "They WERE Haribo...",
        "ts": "1463434717.000469"
    },
    {
        "type": "message",
        "user": "U15LF2CTD",
        "text": "But they were better.",
        "ts": "1463434721.000470"
    },
    {
        "type": "message",
        "user": "U104Y4770",
        "text": "oh, well that explains it",
        "ts": "1463434723.000471"
    },
    {
        "type": "message",
        "user": "U0N4RBF7W",
        "text": "Really? Would have assumed the opposite... haribo?",
        "ts": "1463434725.000472"
    },
    {
        "type": "message",
        "user": "U104Y4770",
        "text": "better than the Haribo we have here?",
        "ts": "1463434732.000473"
    },
    {
        "user": "U0E96U52M",
        "type": "message",
        "subtype": "channel_join",
        "text": "<@U0E96U52M|jace> has joined the channel",
        "ts": "1463434734.000474"
    },
    {
        "type": "message",
        "user": "U15LF2CTD",
        "text": "Yes!",
        "ts": "1463434738.000475"
    },
    {
        "type": "message",
        "user": "U104Y4770",
        "text": "I can’t even imagine",
        "ts": "1463434745.000476"
    },
    {
        "type": "message",
        "user": "U0N4RBF7W",
        "text": "Haribo is pretty good",
        "ts": "1463434759.000477"
    },
    {
        "type": "message",
        "user": "U0E96U52M",
        "text": "ei wish i was ther",
        "ts": "1463434791.000478"
    },
    {
        "type": "message",
        "user": "U15LF2CTD",
        "text": "Haribo from London is different than Haribo from US.",
        "ts": "1463434792.000479"
    },
    {
        "type": "message",
        "user": "U15LF2CTD",
        "text": "So yea, we brought back 6lbs… and got stopped for it",
        "ts": "1463434809.000480"
    },
    {
        "type": "message",
        "user": "U0N4RBF7W",
        "text": "Out of interest, am I going to be sent back home for not printing out my ESTA?",
        "ts": "1463434854.000481"
    },
    {
        "type": "message",
        "user": "U0N4RBF7W",
        "text": "\/giphy deported",
        "attachments": [
            {
                "fallback": "giphy: <http:\/\/giphy.com\/gifs\/deportes-ftbol-12z4l7SBfRsEeI>",
                "image_url": "http:\/\/media.giphy.com\/media\/12z4l7SBfRsEeI\/giphy-tumblr.gif",
                "image_width": 250,
                "image_height": 157,
                "image_bytes": 1146052,
                "is_animated": true,
                "title": "deported",
                "id": 1,
                "title_link": "http:\/\/giphy.com\/gifs\/deportes-ftbol-12z4l7SBfRsEeI"
            }
        ],
        "ts": "1463434877.000482"
    },
    {
        "type": "message",
        "user": "U0E96U52M",
        "text": "esta?",
        "ts": "1463434886.000483"
    },
    {
        "type": "message",
        "user": "U0N4RBF7W",
        "text": "Football again? &gt;.&gt;",
        "ts": "1463434886.000484"
    },
    {
        "type": "message",
        "user": "U0N4RBF7W",
        "text": "Right, US residents won't really know what that is... UK brethren?",
        "ts": "1463434912.000485"
    },
    {
        "type": "message",
        "user": "U15LF2CTD",
        "text": "I don’t recall seeing anyone handing them over last time I came back to the US, but I was also really sleepy.",
        "ts": "1463434977.000486"
    },
    {
        "type": "message",
        "user": "U15LF2CTD",
        "text": "You have to pay for that?!  You have to pay to enter the US?",
        "ts": "1463435026.000487"
    },
    {
        "type": "message",
        "user": "U0N4RBF7W",
        "text": "Have you never done a VISA? Most of them cost",
        "ts": "1463435055.000488"
    },
    {
        "type": "message",
        "user": "U0N4RBF7W",
        "text": "Well out here at least",
        "ts": "1463435063.000489"
    },
    {
        "type": "message",
        "user": "U15LF2CTD",
        "text": "I’ve left the US before, but just for fun...",
        "ts": "1463435075.000490"
    },
    {
        "type": "message",
        "user": "U15LF2CTD",
        "text": "Soooo I just get my little stamp crossing the border after they make sure I am who I say I am.",
        "ts": "1463435115.000491"
    },
    {
        "type": "message",
        "user": "U0N4RBF7W",
        "text": "Man Canada and UK were much nicer, actually scared of getting out Vegas side",
        "ts": "1463435150.000492"
    },
    {
        "type": "message",
        "user": "U0N4RBF7W",
        "text": "But anyway, I land at around 9pm... Anyone near or around Luxor hotel at that time?",
        "ts": "1463435283.000493"
    },
    {
        "user": "U19AR1W0H",
        "type": "message",
        "subtype": "channel_join",
        "text": "<@U19AR1W0H|oslova> has joined the channel",
        "ts": "1463436923.000494"
    },
    {
        "type": "message",
        "user": "U0E36J5EU",
        "text": "I am getting hungry!",
        "ts": "1463440927.000495"
    },
    {
        "type": "message",
        "user": "U0E36J5EU",
        "text": "who is ready for the kickoff?",
        "ts": "1463440942.000496",
        "reactions": [
            {
                "name": "hamburger",
                "users": [
                    "U0ED7DUBD",
                    "U0E96U52M"
                ],
                "count": 2
            }
        ]
    },
    {
        "type": "message",
        "user": "U0E36J5EU",
        "text": "anyone wants to say hi, I am under the engange sign in the hangnow area - bright red polo - black pants",
        "ts": "1463441223.000497"
    },
    {
        "user": "U129UT9M2",
        "type": "message",
        "subtype": "channel_join",
        "text": "<@U129UT9M2|psmerga> has joined the channel",
        "ts": "1463443427.000498"
    },
    {
        "type": "message",
        "user": "U15LF2CTD",
        "text": "I had to eat an early dinner, my whole food schedule is off by about two hours!",
        "ts": "1463443548.000499"
    },
    {
        "type": "message",
        "user": "U129UT9M2",
        "text": "Haha I just ate a bunch of snack bars and what have you.",
        "ts": "1463443590.000500"
    },
    {
        "type": "message",
        "user": "U0E36J5EU",
        "text": "Time for the drinking",
        "ts": "1463445049.000501"
    },
    {
        "type": "message",
        "user": "U0E36J5EU",
        "text": "Let's do our meetup at the engage sign near the Foosball at 630",
        "ts": "1463446190.000502"
    },
    {
        "type": "message",
        "user": "U129UT9M2",
        "text": "I just grabbed a seat on a couch over there. The rest of my team is not here yet. They grabbed a later flight. ",
        "ts": "1463447428.000503"
    },
    {
        "type": "message",
        "user": "U0E36J5EU",
        "text": "OK, I am headed that way ",
        "ts": "1463448184.000504"
    },
    {
        "type": "message",
        "user": "U0E36J5EU",
        "text": "We are here, bold red polo",
        "ts": "1463448578.000505"
    },
    {
        "type": "message",
        "user": "U0E93BL9F",
        "text": "Just got here. At hang now where is everyone ",
        "ts": "1463450448.000506"
    },
    {
        "type": "message",
        "user": "U0FA8H53L",
        "text": "Got caught up doing some stuff at my hotel - about to make the walk from luxor - anyone still out there?",
        "ts": "1463450495.000507"
    },
    {
        "type": "message",
        "user": "U0E93BL9F",
        "text": "I just got here",
        "ts": "1463450563.000508"
    },
    {
        "type": "message",
        "user": "U0FA8H53L",
        "text": "im heading there now - how is it?",
        "ts": "1463450881.000509"
    },
    {
        "type": "message",
        "user": "U0E93BL9F",
        "text": "Good. A lot still going on",
        "ts": "1463451051.000510"
    },
    {
        "type": "message",
        "user": "U0N4RBF7W",
        "text": "Vegas baby!",
        "ts": "1463452823.000511"
    },
    {
        "type": "message",
        "user": "U0N4RBF7W",
        "text": "2 things on my agenda right now: eat and sleep!",
        "ts": "1463453470.000512"
    },
    {
        "type": "message",
        "user": "U0N4RBF7W",
        "text": "What's happening over there?",
        "ts": "1463453484.000513"
    },
    {
        "type": "message",
        "user": "U0FA8H53L",
        "text": "Seems I missed everyone. Got caught up chatting with some folks. ",
        "ts": "1463454953.000514"
    },
    {
        "type": "message",
        "user": "U0F4B2B4H",
        "text": "The walk from the con area to the Luxor is a death march I've decided.",
        "ts": "1463455126.000515",
        "reactions": [
            {
                "name": "+1::skin-tone-3",
                "users": [
                    "U0E96U52M"
                ],
                "count": 1
            }
        ]
    },
    {
        "type": "message",
        "user": "U0FA8H53L",
        "text": "Yes it's no good. ",
        "ts": "1463455313.000516"
    },
    {
        "type": "message",
        "user": "U0FNZLMCP",
        "text": "<@U0N4RBF7W>: the party at Expo Now is winding down",
        "ts": "1463456383.000517"
    },
    {
        "type": "message",
        "user": "U0N4RBF7W",
        "text": "Fair, going to stick to the east and sleep plan then",
        "ts": "1463456467.000520"
    },
    {
        "type": "message",
        "user": "U0FA8H53L",
        "text": "Welp time for my own death march back ",
        "ts": "1463457109.000521"
    },
    {
        "type": "message",
        "user": "U0E36J5EU",
        "text": "Haha night folks ",
        "ts": "1463459946.000522"
    },
    {
        "type": "message",
        "user": "U0N4RBF7W",
        "text": "What time are people getting there tomorrow?",
        "ts": "1463464074.000523"
    }
]