[
    {
        "type": "message",
        "user": "U0EA00QCB",
        "text": "I was supposed to meet up with Chris Maloy for the beach party, and I completely screwed it up",
        "ts": "1464009454.003534"
    },
    {
        "type": "message",
        "user": "U0EA00QCB",
        "text": "and <@U0XCXA90A> there is no shame in that. All of them happened, they were great, take a victory lap!",
        "ts": "1464009513.003535"
    },
    {
        "type": "message",
        "user": "U0EA00QCB",
        "text": "The reaction to my Automated Testing workshop was gratifying. Nearly full session at 3:50 on Thursday, people excited and into it. Still well over 200 people there at 5:50, probably 30 at 6:15 and 8 or so at 6:30 when I thought \"We really have to get out of this room\"",
        "ts": "1464009603.003536",
        "reactions": [
            {
                "name": "clap",
                "users": [
                    "U0ED7DUBD"
                ],
                "count": 1
            }
        ]
    },
    {
        "type": "message",
        "user": "U0EA00QCB",
        "text": "I think the Fred Luddy high five is pretty amazing. As is every time a customer is excited.",
        "ts": "1464009649.003537"
    },
    {
        "type": "message",
        "user": "U0EA00QCB",
        "text": "I had several people stop me and tell me how much they like the TechNow shows I've done with Chuck Tomasi and Kreg Steppe",
        "ts": "1464009670.003538"
    },
    {
        "type": "message",
        "user": "U0FNZLMCP",
        "text": "<@U0EA00QCB>: The TechNow shows are amazing; a rich catalog of knowledge",
        "ts": "1464009697.003539"
    },
    {
        "type": "message",
        "user": "U0EA00QCB",
        "text": "I have to get cracking, I think it is my turn for June. I need a topic stat!",
        "ts": "1464009722.003540"
    },
    {
        "type": "message",
        "user": "U0EA00QCB",
        "text": "and thank you <@U0FNZLMCP>!",
        "ts": "1464009744.003541"
    },
    {
        "type": "message",
        "user": "U0EA00QCB",
        "text": "Although I had no labs from previous years, my Scripted REST API session came in part from the demo I did for TechNow a few months ago",
        "ts": "1464009797.003542"
    },
    {
        "type": "message",
        "user": "U0EA00QCB",
        "text": "I was really jealous of the people who were just updating the info from previous year's sessions. Every single thing I was primary on was ground up",
        "ts": "1464009837.003543"
    },
    {
        "type": "message",
        "user": "U0E36J5EU",
        "text": "yeah, but your stuff is new and cool. :heart:",
        "ts": "1464009941.003544"
    },
    {
        "type": "message",
        "user": "U0E36J5EU",
        "text": "yeah, automated testing is really starting to be recognized as needed even from folks that have never done it.",
        "ts": "1464009972.003545"
    },
    {
        "type": "message",
        "user": "U0EA00QCB",
        "text": "I was hopped up and sent a bunch of emails to coworkers over the weekend. Gotten almost no responses. I know my partner is taking at least today off, maybe tomorrow too",
        "ts": "1464010753.003546"
    },
    {
        "type": "message",
        "user": "U0XCXA90A",
        "text": "dstur: Building Applications from Scratch 201 and 301",
        "ts": "1464011746.003547"
    },
    {
        "type": "message",
        "user": "U0EA00QCB",
        "text": "<@U0XCXA90A> when I get a chance, I really want to take a spin through the materials from the other courses. I never had a chance to look at one second of any session I was not directly involved in",
        "ts": "1464011868.003548"
    },
    {
        "type": "message",
        "user": "U0EA00QCB",
        "text": "yours is at the top of the list",
        "ts": "1464011880.003549"
    },
    {
        "type": "message",
        "user": "U15LF2CTD",
        "text": "<@U0XCXA90A>: Is the documentation for your sessions out on the on demand library?  I seem to be having a hard time finding it...",
        "ts": "1464012260.003550"
    },
    {
        "type": "message",
        "user": "U0XCXA90A",
        "text": "Yes, but some people in my labs had trouble finding it as well, so I put it up on google drive: <https:\/\/drive.google.com\/open?id=0B-XdfajHU09dNy03M040V1YzRXM>",
        "ts": "1464012383.003551",
        "reactions": [
            {
                "name": "+1",
                "users": [
                    "U15LF2CTD",
                    "U0Y8SC29K"
                ],
                "count": 2
            }
        ]
    },
    {
        "type": "message",
        "user": "U15LF2CTD",
        "text": "Thank you!",
        "ts": "1464012407.003552"
    },
    {
        "type": "message",
        "user": "U0XCXA90A",
        "text": "I also included Chris Maloy and Chuck Tomasi's Source Control lab, because you'll want to clone my repo for at least the second half.",
        "ts": "1464012418.003553"
    },
    {
        "type": "message",
        "user": "U15LF2CTD",
        "text": "Great!",
        "ts": "1464012472.003554"
    },
    {
        "type": "message",
        "user": "U15LF2CTD",
        "text": "I thought I could just go to the site and selection K16, but that was JUST the general sessions…and trying to find it by name wasn’t panning out.  :disappointed:",
        "ts": "1464012516.003555"
    },
    {
        "type": "message",
        "user": "U0XCXA90A",
        "text": "I think people liked the jokes more than the actual content of the lab. Chris and I were having a lot of fun crackin' wise with each other.",
        "ts": "1464012614.003556"
    },
    {
        "type": "message",
        "user": "U0XCXA90A",
        "text": "One guy on the K16 livestream in the Knowledge app described us as \"funny, like Bill &amp; Ted\". Since I happen to love those movies, I took it as a compliment.",
        "ts": "1464012665.003557"
    },
    {
        "type": "message",
        "user": "U0EA00QCB",
        "text": "I was so tired for Automated Testing that I was talking a lot of nonsense and telling jokes. People keep telling me things I said that I have no recollection of",
        "ts": "1464012705.003558"
    },
    {
        "type": "message",
        "user": "U0EA00QCB",
        "text": "\"Every option sucks, we are searching for an acceptable level of suck.\"",
        "ts": "1464012724.003559"
    },
    {
        "type": "message",
        "user": "U0XCXA90A",
        "text": "I feel like that's most of what programming is.",
        "ts": "1464012912.003560"
    },
    {
        "type": "message",
        "user": "U0E2H2X5G",
        "text": "<@U0EA00QCB> You were passionate, and hilarious. All the kudos to you for having an awesome session!!!",
        "ts": "1464012924.003561"
    },
    {
        "type": "message",
        "user": "U0EA00QCB",
        "text": "thanks <@U0E2H2X5G> , glad we had a little time to hang out",
        "ts": "1464012980.003562"
    },
    {
        "type": "message",
        "user": "U0E2H2X5G",
        "text": "And I didn't get a chance to thank you for the shout out at the beginning",
        "ts": "1464012988.003563"
    },
    {
        "type": "message",
        "user": "U0E2H2X5G",
        "text": "The night before we were at the roullette table till like 1, did you stay up much later?",
        "ts": "1464013008.003564"
    },
    {
        "type": "message",
        "user": "U0EA00QCB",
        "text": "the biggest thing is exposing all these pools of people interested in testing, building testing solutions to each other",
        "ts": "1464013038.003565"
    },
    {
        "type": "message",
        "user": "U0EA00QCB",
        "text": "not much after that",
        "ts": "1464013041.003566"
    },
    {
        "type": "message",
        "user": "U0EA00QCB",
        "text": "it's like small town punks in 1979. everyone thinks they are all alone but we all have the same needs and are doing the same things. No reason for everyone to be starting from zero, we can build off each other",
        "ts": "1464013131.003567"
    },
    {
        "type": "message",
        "user": "U0EA00QCB",
        "text": "considering there were at least two people in the room trying to build these solutions",
        "ts": "1464013150.003568"
    },
    {
        "type": "message",
        "user": "U0EA00QCB",
        "text": "and if you were looking for market research on demand ... you're welcome",
        "ts": "1464013179.003569"
    },
    {
        "type": "message",
        "user": "U0E2H2X5G",
        "text": "For real. I went to table topic on validating and testing upgrades, all we talked about was automated testing",
        "ts": "1464013237.003570"
    },
    {
        "type": "message",
        "user": "U0EA00QCB",
        "text": "pre servicenow, i was driven crazy by the way we tested, when we HAD automated testing packages available",
        "ts": "1464013261.003571"
    },
    {
        "type": "message",
        "user": "U0EA00QCB",
        "text": "even so, QA focused a lot on pushing buttons. I'd tell people \"why don't you spend your time writing durable test cases that provide value tomorrow instead of clicking buttons with results that are irrelevant in 20 minutes?\"",
        "ts": "1464013337.003572"
    },
    {
        "type": "message",
        "user": "U15LF2CTD",
        "text": "Weird…anyone know why the on demand library switches back to “Feature Content” when trying to perform a search?  Rather than staying on “all content\"",
        "ts": "1464013805.003573"
    },
    {
        "type": "message",
        "user": "U0EA00QCB",
        "text": "I scrolled back up to see if I posted in here during the Thursday keynote",
        "ts": "1464013975.003574"
    },
    {
        "type": "message",
        "user": "U0EA00QCB",
        "text": "I got really choked up and emotional when Sparks and Jerry were onstage",
        "ts": "1464014004.003575"
    },
    {
        "type": "message",
        "user": "U0EA00QCB",
        "text": "They did SO GOOD and I was so proud of them",
        "ts": "1464014018.003576"
    },
    {
        "type": "message",
        "user": "U0EA00QCB",
        "text": "JSparks hired me into the company, and was the one who recommended I would be good for the dev evangelist job",
        "ts": "1464014053.003577"
    },
    {
        "type": "message",
        "user": "U0EA00QCB",
        "text": "They were funny, their demo kicked ass, it didn't sound canned like it was from a script",
        "ts": "1464014110.003578"
    },
    {
        "type": "message",
        "user": "U0E36J5EU",
        "text": "which part was theirs ?",
        "ts": "1464014134.003579"
    },
    {
        "type": "message",
        "user": "U0E36J5EU",
        "text": "think there was 2 duo's on thursday",
        "ts": "1464014143.003580"
    },
    {
        "type": "message",
        "user": "U0EA00QCB",
        "text": "The guys who did the twitter voting app",
        "ts": "1464014158.003581"
    },
    {
        "type": "message",
        "user": "U0E36J5EU",
        "text": "oh yeah, they were very good.",
        "ts": "1464014170.003582"
    },
    {
        "type": "message",
        "user": "U0EA00QCB",
        "text": "I tear up every time I think about it. I'm doing it now",
        "ts": "1464014187.003583"
    },
    {
        "type": "message",
        "user": "U0E36J5EU",
        "text": "I enjoyed that while unpacking boxes yesterday",
        "ts": "1464014191.003584"
    },
    {
        "type": "message",
        "user": "U0EA00QCB",
        "text": "Should I tell the inside baseball story I heard?",
        "ts": "1464014255.003585"
    },
    {
        "type": "message",
        "user": "U0E36J5EU",
        "text": "skipped around quite a bit on that one, but watched all of theirs.",
        "ts": "1464014261.003586"
    },
    {
        "type": "message",
        "user": "U0EA00QCB",
        "text": "There was a function that would have generated random data for the results ready to be deployed at a button push if something went wrong. They were on stage not sure which way it went, only found out later it was the live data all the time.",
        "ts": "1464014299.003587"
    },
    {
        "type": "message",
        "user": "U0E36J5EU",
        "text": "awesome. Yeah, should always have demo data for that sort",
        "ts": "1464014354.003588"
    },
    {
        "type": "message",
        "user": "U0E36J5EU",
        "text": "&lt;--- doesn't care if its live, esp at bad networking, I want to see how it *should* work.",
        "ts": "1464014382.003589"
    },
    {
        "user": "U1AFWFQGK",
        "type": "message",
        "subtype": "channel_join",
        "text": "<@U1AFWFQGK|jlamberta> has joined the channel",
        "ts": "1464014392.003590"
    },
    {
        "type": "message",
        "user": "U0EA00QCB",
        "text": "also, I realized that when I get my Automated Testing community rolling, I should reach out to everyone that tweeted #k16testing",
        "ts": "1464014587.003591"
    },
    {
        "type": "message",
        "user": "U0EA00QCB",
        "text": "So before we drift away to other things, I want to sincerely thank all of you all for attending and for bringing your A games. It is the job of SN people to set up the framework and have things available, but the energy and the power of the whole event comes from you. If you weren't so sharp and engaged and happy, the whole thing would feel like a drag. Thank you!",
        "ts": "1464031125.003592",
        "reactions": [
            {
                "name": "white_check_mark",
                "users": [
                    "U0E36J5EU",
                    "U0Y8SC29K",
                    "U15LF2CTD",
                    "U104Y4770",
                    "U0FA8H53L",
                    "U0E2H2X5G",
                    "U0SQ260SF",
                    "U0V949JCB",
                    "U198DC33R",
                    "U0ED7DUBD",
                    "U0E33U6BX",
                    "U0N4RBF7W",
                    "U0FNZLMCP"
                ],
                "count": 13
            },
            {
                "name": "+1",
                "users": [
                    "U0FNZLMCP",
                    "U0J8LAG2V"
                ],
                "count": 2
            }
        ]
    },
    {
        "type": "message",
        "user": "U0N4RBF7W",
        "text": "Got to be said it was great meeting everyone here at Knowledge, can get quite isolated as the only admin for our instance so it was cool to meet so many people doing it as well",
        "ts": "1464070098.003595",
        "reactions": [
            {
                "name": "+1",
                "users": [
                    "U0FA8H53L",
                    "U0FNZLMCP",
                    "U0Y6QC8NL"
                ],
                "count": 3
            }
        ]
    }
]