[
    {
        "type": "message",
        "user": "U0N4RBF7W",
        "text": "Feels good to be back in the UK",
        "ts": "1463910760.003456"
    },
    {
        "type": "message",
        "user": "U0EA00QCB",
        "text": "Feels good to be back in the SC",
        "ts": "1463927987.003457"
    },
    {
        "type": "message",
        "user": "U0EA00QCB",
        "text": "back where there is some humidity in the air, and an ocean right there",
        "ts": "1463928012.003458"
    },
    {
        "type": "message",
        "user": "U0EA00QCB",
        "text": "I tried very hard to stay hydrated, which means outracing both the desert air and the diuretic effects of alcohol. Even so, my lips are cracked. I needed some of that sweet SN chapstick",
        "ts": "1463928085.003459"
    },
    {
        "type": "message",
        "user": "U0EA00QCB",
        "text": "Special thanks to <@U0E93BL9F> for taking some action shots of me in action at my very first primary presenter session. Many bullets were sweated in lead up to this",
        "ts": "1463928158.003460"
    },
    {
        "type": "message",
        "user": "U0EA00QCB",
        "text": "I need to get a good photo of my neighbor. There is a guy around the corner that other than being shorter and less muscular, is a dead ringer for Ty. Would easily believe he was your brother if you stood together.",
        "ts": "1463928250.003461"
    },
    {
        "text": "passes Dave a water",
        "type": "message",
        "subtype": "me_message",
        "user": "U0E36J5EU",
        "ts": "1463931024.003462"
    },
    {
        "type": "message",
        "user": "U0EA00QCB",
        "text": "<@U0E36J5EU> no longer a problem now that I'm back in Hydroville. It was only the problem in Aridzona",
        "ts": "1463931187.003463"
    },
    {
        "type": "message",
        "user": "U0E36J5EU",
        "text": "the humidity is like a snuggly blanket you don't miss until it is gone",
        "ts": "1463931229.003464"
    },
    {
        "type": "message",
        "user": "U0EA00QCB",
        "text": "Did you meet Pat, my outgoing boss? Although the paper transition was before, this was effectively the torch pass from previous boss to current boss of the developer program.",
        "ts": "1463931245.003465"
    },
    {
        "type": "message",
        "user": "U0E36J5EU",
        "text": "sure did, couple times",
        "ts": "1463931260.003466"
    },
    {
        "type": "message",
        "user": "U0E36J5EU",
        "text": "didn't meet your new one though.",
        "ts": "1463931276.003467"
    },
    {
        "type": "message",
        "user": "U0EA00QCB",
        "text": "He suggested I not do pre-con training, even though I love it. He was exactly right, I ran out of gas and voice Thursday night",
        "ts": "1463931290.003468"
    },
    {
        "type": "message",
        "user": "U0EA00QCB",
        "text": "My new boss is in fact on this very channel, although not at this second",
        "ts": "1463931323.003469"
    },
    {
        "type": "message",
        "user": "U0EA00QCB",
        "text": "So unless things are very different in Orlando and other places, I guess I'm off pre-con forever.",
        "ts": "1463931359.003470"
    },
    {
        "type": "message",
        "user": "U0EA00QCB",
        "text": "I'm sure the aridity and smokey environments don't help, but you saw me in action. I start talking at the airport and I don't stop until I get back to the airport",
        "ts": "1463931403.003471"
    },
    {
        "type": "message",
        "user": "U0E36J5EU",
        "text": "yeah, that is pretty much how the conference goes for me too.",
        "ts": "1463931424.003472"
    },
    {
        "type": "message",
        "user": "U0E36J5EU",
        "text": "except i typically find someone on the plane going as well, haha",
        "ts": "1463931435.003473"
    },
    {
        "type": "message",
        "user": "U0E36J5EU",
        "text": "got a job offer at 1:30am on my flight back to north carolina",
        "ts": "1463931469.003474"
    },
    {
        "type": "message",
        "user": "U0EA00QCB",
        "text": "because my flight was late, <@U0EKK4BTP> and I decided to get off the boat. We hung out at the Linq and Caesars, just so we could go off duty. Last year, I was talking to customers and partners through the airport, in line at boarding and down to about row 30 on the plane",
        "ts": "1463931496.003475"
    },
    {
        "type": "message",
        "user": "U0EA00QCB",
        "text": "wow, that is cool",
        "ts": "1463931522.003476"
    },
    {
        "type": "message",
        "user": "U0EA00QCB",
        "text": "whether or not it is taken, it is always flattery",
        "ts": "1463931533.003477"
    },
    {
        "type": "message",
        "user": "U0E93BL9F",
        "text": "<@U0EA00QCB>: my pleasure to take the pictures.  I really enjoyed your class..learned a lot.  Great meeting a bunch of u out there too.  Looking forward to k17",
        "ts": "1463931542.003478"
    },
    {
        "type": "message",
        "user": "U0E36J5EU",
        "text": "yeah, I am not moving to NYC",
        "ts": "1463931565.003479"
    },
    {
        "type": "message",
        "user": "U0EA00QCB",
        "text": "great meeting you <@U0E93BL9F> ! I'll have to get over the Orlando thing. I just love the trip to Vegas so much, but I understand why it isn't permanently there. At least it will be much closer for me.",
        "ts": "1463931635.003480"
    },
    {
        "type": "message",
        "user": "U0E36J5EU",
        "text": "I think I will take the train for Orlando",
        "ts": "1463931661.003481"
    },
    {
        "type": "message",
        "user": "U0EA00QCB",
        "text": "I have to look at the times, I'd consider driving if it is &lt; 10 hours",
        "ts": "1463931681.003482"
    },
    {
        "type": "message",
        "user": "U0EA00QCB",
        "text": "make a 2 day trip getting out there, take my time and try to do a few fun things along the way",
        "ts": "1463931720.003483"
    },
    {
        "type": "message",
        "user": "U0E36J5EU",
        "text": "it should be for you , no problem. Its 8.5 from here.",
        "ts": "1463931724.003484"
    },
    {
        "type": "message",
        "user": "U0EA00QCB",
        "text": "Jason McKee drove from Seattle to Vegas",
        "ts": "1463931738.003485"
    },
    {
        "type": "message",
        "user": "U0EA00QCB",
        "text": "Chris Maloy flew from SLC to Vegas",
        "ts": "1463931749.003486"
    },
    {
        "type": "message",
        "user": "U0E36J5EU",
        "text": "but I prefer train if I can get away with it. I am not wild about driving",
        "ts": "1463931760.003487"
    },
    {
        "type": "message",
        "user": "U0EA00QCB",
        "text": "lots of different strategies.",
        "ts": "1463931766.003488"
    },
    {
        "type": "message",
        "user": "U0E36J5EU",
        "text": "hell, I might sail it!",
        "ts": "1463931784.003489"
    },
    {
        "type": "message",
        "user": "U0EA00QCB",
        "text": "I'm OK with driving. That's cuz of your car! If you had a sweet dad ride like my Outback, just throw all your crap in there and land boat it!",
        "ts": "1463931804.003490"
    },
    {
        "type": "message",
        "user": "U0E36J5EU",
        "text": "psh, my car is the only reason I would consider driving it. My desire to drive is up 300% since I bought my miata",
        "ts": "1463931851.003491"
    },
    {
        "type": "message",
        "user": "U0EA00QCB",
        "text": "People are supposed to be ashamed of their dad cars. I picked it PRECISELY because of its dadness",
        "ts": "1463931864.003492"
    },
    {
        "type": "message",
        "user": "U0EA00QCB",
        "text": "I drove a Miata from Albany GA to T or C, NM once. It wasn't that great of an experience",
        "ts": "1463931884.003493"
    },
    {
        "type": "message",
        "user": "U0EA00QCB",
        "text": "of course, it was a 1991 Miata, no idea what they are like now",
        "ts": "1463931902.003494"
    },
    {
        "type": "message",
        "user": "U0EA00QCB",
        "text": "long distances with stuff were tough",
        "ts": "1463931924.003495"
    },
    {
        "type": "message",
        "user": "U0EA00QCB",
        "text": "around town it was great",
        "ts": "1463931936.003496"
    },
    {
        "type": "message",
        "user": "U0E36J5EU",
        "text": "well I don't have stuff. I can typically do the conference with a backpack - so the small trunk is no issue for me.",
        "ts": "1463931966.003497"
    },
    {
        "type": "message",
        "user": "U0E36J5EU",
        "text": "but the ride in mine, is quite a bit better than a 91 for longer periods",
        "ts": "1463931984.003498"
    },
    {
        "type": "message",
        "user": "U0E36J5EU",
        "text": "you can give it a try next time you are up this way",
        "ts": "1463931994.003499"
    },
    {
        "type": "message",
        "user": "U0EA00QCB",
        "text": "will do, chauffeur me around!",
        "ts": "1463932009.003500"
    },
    {
        "type": "message",
        "user": "U0E36J5EU",
        "text": "I meant you can drive it.",
        "ts": "1463932039.003501"
    },
    {
        "type": "message",
        "user": "U0EA00QCB",
        "text": "we can do that too. Gboro is confusing to drive in places, might stress me out doing it in your car",
        "ts": "1463932069.003502"
    },
    {
        "type": "message",
        "user": "U0EA00QCB",
        "text": "are you still going to SNUGs now? Are you going to Charlotte, RDU or picking and choosing on speakers?",
        "ts": "1463932149.003503"
    },
    {
        "type": "message",
        "user": "U0EA00QCB",
        "text": "bummer that you move to Gboro just as the SNUGS move away",
        "ts": "1463932169.003504"
    },
    {
        "type": "message",
        "user": "U0E93BL9F",
        "text": "Ok, here goes my K16 memories:\n\nBest Class: Scripted Rest APIs (301) with our own <@U0EA00QCB> - not just saying that cause he's here, it was really well done. Bravo Dave!  Close second, the Service Portal one on Friday morning. Really good too.\n\nWorst Moment: walking to Mandalay Bay from Luxor and realizing I left my badge back in my room...at least I got my steps in.\n\nMissed Opportunity:  we all should have planned to go out in front of the \"Welcome to Las Vegas\" sign for a group picture....SN Slack Dev - takes over Vegas.  Lets do that in Orlando\n\nMemory Lane: playing Donkey Kong in the Dev lounge.  I think I'm better now than  when I was a kid.\n\nBest Time: Wednesday night party meeting a bunch of you from this thread.  You're all great and it was a pleasure meeting you all.  Wish we could get together more frequently.  I don't think I've ever posted\/texted as much as I did that night, trying to find you all. It was worth it!",
        "ts": "1463932176.003505"
    },
    {
        "type": "message",
        "user": "U0EA00QCB",
        "text": "I LOVE IT!",
        "ts": "1463932205.003506"
    },
    {
        "type": "message",
        "user": "U0EA00QCB",
        "text": "really glad you got value from the class, even without my Angular frontend example",
        "ts": "1463932225.003507"
    },
    {
        "type": "message",
        "user": "U0E93BL9F",
        "text": "I'm gonna take what I learned in you class and make a few APIs this week.",
        "ts": "1463932250.003508"
    },
    {
        "type": "message",
        "user": "U0EA00QCB",
        "text": "Can not believe no one busted me on that in either class. The lab guide had references to it but I never got it implemented. Was sure I'd have to fess up to that",
        "ts": "1463932264.003509"
    },
    {
        "type": "message",
        "user": "U0EA00QCB",
        "text": "As late as Thursday I thought I could sneak it in",
        "ts": "1463932285.003510"
    },
    {
        "type": "message",
        "user": "U0EA00QCB",
        "text": "very cool, let me know if you have any troubles",
        "ts": "1463932292.003511"
    },
    {
        "type": "message",
        "user": "U0E93BL9F",
        "text": "will do...and thanks!",
        "ts": "1463932301.003512"
    },
    {
        "type": "message",
        "user": "U0EA00QCB",
        "text": "the only non-straightforward part I've ever had is the data marshalling",
        "ts": "1463932311.003513"
    },
    {
        "type": "message",
        "user": "U0E93BL9F",
        "text": "gotta go to the gym and work off the nightly effects of drinking!",
        "ts": "1463932330.003514"
    },
    {
        "type": "message",
        "user": "U0E93BL9F",
        "text": "see you all in a  bit",
        "ts": "1463932338.003515"
    },
    {
        "type": "message",
        "user": "U0EA00QCB",
        "text": "I really think it would make a lot more sense to have GlideRecord objects automatically marshal to JSON if you return them form SRAPI",
        "ts": "1463932339.003516"
    },
    {
        "type": "message",
        "user": "U0EA00QCB",
        "text": "you seem like a guy who makes that decision a lot",
        "ts": "1463932351.003517"
    },
    {
        "type": "message",
        "user": "U0EA00QCB",
        "text": "says Dr. Doughy",
        "ts": "1463932355.003518"
    },
    {
        "type": "message",
        "user": "U0E93BL9F",
        "text": "haha...I try",
        "ts": "1463932385.003519"
    },
    {
        "type": "message",
        "user": "U0E36J5EU",
        "text": "yeah, really sad, but I helped make the choice to move them, I will go to the RDU one, unless someone wants me to talk in charlotte",
        "ts": "1463932902.003520"
    },
    {
        "type": "message",
        "user": "U0EA00QCB",
        "text": "coin toss to me, both about the same distance",
        "ts": "1463933054.003521"
    },
    {
        "type": "message",
        "user": "U0EA00QCB",
        "text": "there is this weird radius from Myrtle. Savannah, Augusta, Charlotte, RDU, Goldsboro all about 3 hours",
        "ts": "1463933087.003522"
    },
    {
        "type": "message",
        "user": "U0E36J5EU",
        "text": "I might entertain going to charlotte - by train (see a trend yet) - but RDU will be for our developer sessions after the normal meetup",
        "ts": "1463933097.003523"
    },
    {
        "type": "message",
        "user": "U0EA00QCB",
        "text": "I don't want to oversaturate the market, but I'm up for one of those",
        "ts": "1463933117.003524"
    },
    {
        "type": "message",
        "user": "U0EA00QCB",
        "text": "The Helsinki roadshow season is upon us",
        "ts": "1463933139.003525"
    },
    {
        "type": "message",
        "user": "U0EA00QCB",
        "text": "I was just barely in the role for Geneva, hence my guerilla thing in Gboro last December",
        "ts": "1463933160.003526"
    },
    {
        "type": "message",
        "user": "U0EA00QCB",
        "text": "I need to work up a presentation that encapsulates the dev tools updates of both Geneva and Helsinki. Make it modular so for any crows I can skip what they don't need",
        "ts": "1463933213.003527"
    },
    {
        "type": "message",
        "user": "U0EA00QCB",
        "text": "crowd, although I suppose they could be crows",
        "ts": "1463933234.003528"
    },
    {
        "type": "message",
        "user": "U0EA00QCB",
        "text": "very technical crows, not the business people",
        "ts": "1463933246.003529"
    },
    {
        "type": "message",
        "user": "U0E36J5EU",
        "text": "the pidgeons are the ones in suits, I think the crows are the workers",
        "ts": "1463933309.003530"
    },
    {
        "type": "message",
        "user": "U0EA00QCB",
        "text": "I'll buy that",
        "ts": "1463933570.003531"
    },
    {
        "type": "message",
        "user": "U0XCXA90A",
        "text": "My favorite moments are completely self-centered:\n3. When a customer who took my first Lab on Tuesday morning was remarking on the severe technical problems with WiFi and getting instances, and followed up with \"But you guys handled it marvelously\" referring to me and Chris Maloy.\n2. When Fred Luddy stopped me on the way to dinner Thursday outside Stripsteak and told me he heard people talking about my labs and gave me a high-five.\n1. When a customer wanted to take a picture with _me_ during the CreatorCon party Thursday night, because he enjoyed my labs and I was \"the man, bro, seriously\".",
        "ts": "1463942023.003532"
    },
    {
        "type": "message",
        "user": "U0N4RBF7W",
        "text": "Which labs did you run <@U0XCXA90A> ?",
        "ts": "1463985916.003533"
    }
]