[
    {
        "user": "U0E93BL9F",
        "type": "message",
        "subtype": "channel_join",
        "text": "<@U0E93BL9F|ty.roach> has joined the channel",
        "ts": "1463150379.000236"
    },
    {
        "type": "message",
        "user": "U0E36J5EU",
        "text": "proposing 6:30pm meetup in the exponow hall monday night - will pick a spot once i see the hall layout this year",
        "ts": "1463150392.000237"
    },
    {
        "type": "message",
        "user": "U0E93BL9F",
        "text": "cool...new room",
        "ts": "1463150401.000238"
    },
    {
        "type": "message",
        "user": "U0E36J5EU",
        "text": "might do a 2nd one 6:30pm on tuesday as well",
        "ts": "1463150409.000239"
    },
    {
        "type": "message",
        "user": "U0E93BL9F",
        "text": "sounds good.",
        "ts": "1463150436.000240"
    },
    {
        "type": "message",
        "user": "U0FNZLMCP",
        "text": "awesome",
        "ts": "1463150451.000241"
    },
    {
        "type": "message",
        "user": "U0E93BL9F",
        "text": "I may be a little late monday (coming from Hoover Dam)",
        "ts": "1463150472.000242"
    },
    {
        "type": "message",
        "user": "U0EA00QCB",
        "text": "monday needs to be a light evening for me, I do Integration 301 twice on Tuesday",
        "ts": "1463150492.000243"
    },
    {
        "type": "message",
        "user": "U0EA00QCB",
        "text": "but I can hang for a bit",
        "ts": "1463150523.000244"
    },
    {
        "type": "message",
        "user": "U0EA00QCB",
        "text": "I'm looking at the map in the app, I don't see specifially called out the lounge type area like was near the DJ last year",
        "ts": "1463150547.000245"
    },
    {
        "type": "message",
        "user": "U0EA00QCB",
        "text": "I'm guessing there is some aspect of that in the SN pavillion in the center",
        "ts": "1463150563.000246"
    },
    {
        "type": "message",
        "user": "U0E36J5EU",
        "text": "prob can use the triangle to the right of the entrace, depending on how they have the space shut off.",
        "ts": "1463150651.000247"
    },
    {
        "type": "message",
        "user": "U0EA00QCB",
        "text": "or the \"HangNow\" area",
        "ts": "1463150666.000248"
    },
    {
        "type": "message",
        "user": "U0EA00QCB",
        "text": "inside the Pavillion",
        "ts": "1463150695.000249"
    },
    {
        "type": "message",
        "user": "U0E36J5EU",
        "text": "don’t think my map has that, haha",
        "ts": "1463150746.000250"
    },
    {
        "type": "message",
        "user": "U0EA00QCB",
        "text": "yeah, it doesn't have the drill down of it but I've got in some of my stuff",
        "ts": "1463151023.000251"
    },
    {
        "type": "message",
        "user": "U0EA00QCB",
        "text": "I've added everyone whose name I recognized as contacts in the K16 android app",
        "ts": "1463151201.000252"
    },
    {
        "type": "message",
        "user": "U0EA00QCB",
        "text": "I'm not sure what does for me or anyone, but I did it",
        "ts": "1463151211.000253"
    },
    {
        "type": "message",
        "user": "U0EA00QCB",
        "text": "How about this, whatever we decide I will make sure the people in the App Dev pod inside the Pavilion have the info, so if you aren't sure go there and ask where the Developer SlackUp is.",
        "ts": "1463151364.000254"
    },
    {
        "type": "message",
        "user": "U0FNZLMCP",
        "text": "awesome idea",
        "ts": "1463151386.000255"
    },
    {
        "type": "message",
        "user": "U0EA00QCB",
        "text": "if it has to move on short notice, that can be the synchronization point",
        "ts": "1463151392.000256"
    },
    {
        "type": "message",
        "user": "U0E93BL9F",
        "text": "sounds great. Thanks Dave",
        "ts": "1463151417.000257"
    },
    {
        "type": "message",
        "user": "U0E36J5EU",
        "text": "sounds good. I will make sure to scout it out on sunday - and put it in the channel title though",
        "ts": "1463151418.000258"
    },
    {
        "type": "message",
        "user": "U0EA00QCB",
        "text": "I'm old enough I remember when you used to have to have plans like this solid before you left",
        "ts": "1463151441.000259"
    },
    {
        "type": "message",
        "user": "U0E93BL9F",
        "text": "excellent. thanks <@U0E36J5EU>",
        "ts": "1463151450.000260"
    },
    {
        "type": "message",
        "user": "U0EA00QCB",
        "text": "since the phone was at your house",
        "ts": "1463151451.000261"
    },
    {
        "type": "message",
        "user": "U0EA00QCB",
        "text": "I'll pick up my badge on Sunday early afternoon and walk the space as well",
        "ts": "1463151516.000262"
    },
    {
        "type": "message",
        "user": "U0E36J5EU",
        "text": "ill loan you my walker dave - we can yell at folks on our lawn together",
        "ts": "1463151606.000263"
    },
    {
        "type": "message",
        "user": "U0EA00QCB",
        "text": "sounds like a plan",
        "ts": "1463151636.000264"
    },
    {
        "user": "U18NQ4PEJ",
        "type": "message",
        "subtype": "channel_join",
        "text": "<@U18NQ4PEJ|laurens.brand> has joined the channel",
        "ts": "1463154322.000265"
    },
    {
        "type": "message",
        "user": "U104Y4770",
        "text": "Anyone doing pre-conference training?",
        "ts": "1463156651.000266"
    },
    {
        "type": "message",
        "user": "U0FNZLMCP",
        "text": "Yes,",
        "ts": "1463156677.000267"
    },
    {
        "type": "message",
        "user": "U104Y4770",
        "text": "What are you doing? I’m taking the Orchestration course",
        "ts": "1463156717.000268"
    },
    {
        "type": "message",
        "user": "U0FNZLMCP",
        "text": "SPA",
        "ts": "1463157171.000269"
    },
    {
        "type": "message",
        "user": "U104Y4770",
        "text": "Nice, I was considering that one until they opened a third class for orchestration",
        "ts": "1463157216.000270"
    },
    {
        "type": "message",
        "user": "U0XDHEL8Y",
        "text": "i’ll be working the pavilion area Monday night at the App Dev pod, feel free to stop by and let’s talk APIs",
        "ts": "1463159935.000271"
    },
    {
        "type": "message",
        "user": "U0XCXA90A",
        "text": "I wont be able to make the Monday meetup, but if we do one Tues I can be there.",
        "ts": "1463161761.000272"
    },
    {
        "text": "loves talking API's!",
        "type": "message",
        "subtype": "me_message",
        "user": "U0E36J5EU",
        "ts": "1463161844.000273",
        "reactions": [
            {
                "name": "+1",
                "users": [
                    "U0XDHEL8Y"
                ],
                "count": 1
            }
        ]
    },
    {
        "type": "message",
        "user": "U0EA00QCB",
        "text": "it got very quiet on Slack. Friday + K has stunned everyone",
        "ts": "1463170040.000274"
    },
    {
        "type": "message",
        "user": "U0E36J5EU",
        "text": "yes sir. I started really early today , so my work day ended early.",
        "ts": "1463170357.000275"
    },
    {
        "type": "message",
        "user": "U104Y4770",
        "text": "Trying to get stuff done before K16 so I don’t have to work too much while I’m there",
        "ts": "1463170674.000276"
    },
    {
        "user": "U18NQ4PEJ",
        "type": "message",
        "subtype": "channel_leave",
        "text": "<@U18NQ4PEJ|laurens.brand> has left the channel",
        "ts": "1463197778.000277"
    }
]