[
    {
        "type": "message",
        "user": "U0XCXA90A",
        "text": "Any particular labs or sessions that people are going to this year?",
        "ts": "1462806571.000002"
    },
    {
        "type": "message",
        "user": "U0FNZLMCP",
        "text": "Im spending Tuesday doing all the labs\/talks around Express",
        "ts": "1462806595.000003"
    },
    {
        "type": "message",
        "user": "U0XCXA90A",
        "text": "Cool. Do you use Express?",
        "ts": "1462806821.000004"
    },
    {
        "type": "message",
        "user": "U0FNZLMCP",
        "text": "I have about 8 clients who use it",
        "ts": "1462806838.000005"
    },
    {
        "type": "message",
        "user": "U0FNZLMCP",
        "text": "At least two of them are waiting on the next release",
        "ts": "1462806888.000006"
    },
    {
        "type": "message",
        "user": "U0XCXA90A",
        "text": "Are upgrades easier with Express? Seems like there is less custom code to break.",
        "ts": "1462807018.000007"
    },
    {
        "type": "message",
        "user": "U0FNZLMCP",
        "text": "They are a lot easier; and you can’t really code in Express unless you are using REST Messaging",
        "ts": "1462807051.000008"
    },
    {
        "type": "message",
        "user": "U0FNZLMCP",
        "text": "Also the upgrade process is a lot simpler as ServiceNow do it for you",
        "ts": "1462807081.000009"
    },
    {
        "type": "message",
        "user": "U0FNZLMCP",
        "text": "you dont organise it, or schedule it",
        "ts": "1462807094.000010"
    },
    {
        "type": "message",
        "user": "U0E36J5EU",
        "text": "express is ok - but god, express-&gt;enterprise upgrades, gah!",
        "ts": "1462808710.000011"
    }
]