[
    {
        "user": "U0E36J5EU",
        "type": "message",
        "subtype": "channel_join",
        "text": "<@U0E36J5EU|ajb> has joined the channel",
        "ts": "1462277525.000002"
    },
    {
        "user": "U0E36J5EU",
        "purpose": "Chat about k16 - arrange meetups, etc",
        "type": "message",
        "subtype": "channel_purpose",
        "text": "<@U0E36J5EU|ajb> set the channel purpose: Chat about k16 - arrange meetups, etc",
        "ts": "1462277525.000003"
    },
    {
        "user": "U15LF2CTD",
        "type": "message",
        "subtype": "channel_join",
        "text": "<@U15LF2CTD|pduff> has joined the channel",
        "ts": "1462282619.000004"
    },
    {
        "user": "U0N4RBF7W",
        "type": "message",
        "subtype": "channel_join",
        "text": "<@U0N4RBF7W|dstur> has joined the channel",
        "ts": "1462297429.000005"
    },
    {
        "type": "message",
        "user": "U0N4RBF7W",
        "text": "Aha",
        "ts": "1462297434.000006"
    },
    {
        "user": "U0L08PDRB",
        "type": "message",
        "subtype": "channel_join",
        "text": "<@U0L08PDRB|nick.martinez> has joined the channel",
        "ts": "1462297651.000007"
    },
    {
        "user": "U0ED7DUBD",
        "type": "message",
        "subtype": "channel_join",
        "text": "<@U0ED7DUBD|dfranko> has joined the channel",
        "ts": "1462297758.000008"
    },
    {
        "user": "U0FNZLMCP",
        "type": "message",
        "subtype": "channel_join",
        "text": "<@U0FNZLMCP|flexsite> has joined the channel",
        "ts": "1462297764.000009"
    },
    {
        "user": "U0XCXA90A",
        "type": "message",
        "subtype": "channel_join",
        "text": "<@U0XCXA90A|pheedbaq> has joined the channel",
        "ts": "1462298103.000010"
    },
    {
        "user": "U0EA00QCB",
        "type": "message",
        "subtype": "channel_join",
        "text": "<@U0EA00QCB|daveslusher> has joined the channel",
        "ts": "1462299349.000011"
    },
    {
        "user": "U0FA8H53L",
        "inviter": "U0E36J5EU",
        "type": "message",
        "subtype": "channel_join",
        "text": "<@U0FA8H53L|techfocus> has joined the channel",
        "ts": "1462300159.000012"
    },
    {
        "type": "message",
        "user": "U0E36J5EU",
        "text": "I am getting in late (8pm)  sunday night - attending the vendor summit stuff monday - twitter: andrewjbarnes - number: <tel:(919)413-7128|(919)413-7128>",
        "ts": "1462312513.000013"
    }
]