[
    {
        "type": "message",
        "user": "U0N4RBF7W",
        "text": "My Knowledge app was downloading something",
        "ts": "1463049419.000166"
    },
    {
        "type": "message",
        "user": "U0N4RBF7W",
        "text": "But I couldn't see what... suspiciouscontent",
        "edited": {
            "user": "U0N4RBF7W",
            "ts": "1463050812.000000"
        },
        "ts": "1463049429.000167"
    },
    {
        "type": "message",
        "user": "U0E33U6BX",
        "text": "Mine does that too on my S7. I'm not sure what it's downloading since the whole thing is just a web wrapper for <http:\/\/customers.genie-connect.com\/servicenowknowledge16\/>",
        "ts": "1463058759.000169"
    },
    {
        "type": "message",
        "user": "U0EKK4BTP",
        "text": "Just speculating, but it’s probably downloading\/caching things like venue maps, session descriptions, etc.",
        "ts": "1463062632.000170"
    },
    {
        "type": "message",
        "user": "U0N4RBF7W",
        "text": "Probably <@U0EKK4BTP> it looked like it was trying to tell me in the notification but the text on it was sooooo loooong!",
        "ts": "1463066730.000171"
    },
    {
        "type": "message",
        "user": "U0N4RBF7W",
        "text": "Finally time I looked at what GitHub is all about, apparently I need one for CreatorCon",
        "ts": "1463067059.000172"
    },
    {
        "type": "message",
        "user": "U0Y6QC8NL",
        "text": "github is pretty great",
        "ts": "1463067073.000173",
        "reactions": [
            {
                "name": "+1",
                "users": [
                    "U0XCXA90A"
                ],
                "count": 1
            }
        ]
    },
    {
        "type": "message",
        "user": "U0Y6QC8NL",
        "text": "especially now that private repos are free",
        "ts": "1463067087.000174"
    },
    {
        "type": "message",
        "user": "U0XCXA90A",
        "text": "You'll probably need one for several labs as well",
        "ts": "1463067098.000175"
    },
    {
        "type": "message",
        "user": "U0E33U6BX",
        "text": "lol I got that email too and just got done retrieving my password from an account I made and never used years ago",
        "ts": "1463067128.000176"
    },
    {
        "type": "message",
        "user": "U0N4RBF7W",
        "text": "Well I'm signed up now!",
        "ts": "1463067130.000177"
    },
    {
        "type": "message",
        "user": "U0XCXA90A",
        "text": "the good thing: when you go home, your github account will have all that code you worked on (assuming the labs use the new source control stuff)",
        "ts": "1463067132.000178"
    },
    {
        "type": "message",
        "user": "U0N4RBF7W",
        "text": "Never got the notification to sign up to the Application exam though, did you <@U0E33U6BX> ?",
        "ts": "1463067192.000179"
    },
    {
        "type": "message",
        "user": "U0E33U6BX",
        "text": "I did",
        "ts": "1463067211.000180"
    },
    {
        "type": "message",
        "user": "U0N4RBF7W",
        "text": "Not that I'm qualified to take it!",
        "ts": "1463067214.000181"
    },
    {
        "type": "message",
        "user": "U0EKK4BTP",
        "text": "<@U0Y6QC8NL>: private repos are now free? thought they just increased private repos to unlimited for paying users.",
        "ts": "1463067286.000182"
    },
    {
        "type": "message",
        "user": "U0EKK4BTP",
        "text": "you’ll definitely need GitHub for my OAuth CreatorCon session :slightly_smiling_face: We have a Source Control and Node.js app to clone.",
        "ts": "1463067306.000183"
    },
    {
        "type": "message",
        "user": "U0Y6QC8NL",
        "text": "ohhh. that would make more sense. Maybe I should have actually read the article instead of just the title :slightly_smiling_face:",
        "ts": "1463067309.000184"
    },
    {
        "type": "message",
        "user": "U0EKK4BTP",
        "text": "(hint hint, if you wanna learn about OAuth in ServiceNow and play with Node.js, come join my session) :wink: &lt;\/advertisement&gt;",
        "ts": "1463067354.000185"
    },
    {
        "type": "message",
        "user": "U0N4RBF7W",
        "text": "I think I'm doing that <@U0EKK4BTP>! _Checks app_",
        "ts": "1463067370.000186"
    },
    {
        "type": "message",
        "user": "U0Y6QC8NL",
        "text": "i do josh. what session is it?",
        "ts": "1463067370.000187"
    },
    {
        "type": "message",
        "user": "U15LF2CTD",
        "text": "Is the App Developer exam free again this year?",
        "ts": "1463067409.000188"
    },
    {
        "type": "message",
        "user": "U0Y6QC8NL",
        "text": "<@U15LF2CTD> yep",
        "ts": "1463067424.000189"
    },
    {
        "type": "message",
        "user": "U0EKK4BTP",
        "text": "<https:\/\/knowledge16.servicenowevents.com\/connect\/sessionDetail.ww?SESSION_ID=2182>",
        "ts": "1463067427.000190"
    },
    {
        "type": "message",
        "user": "U15LF2CTD",
        "text": "Ohhhhh then you should do it if you can, if for no other reason than to see what it’s like!",
        "ts": "1463067443.000191"
    },
    {
        "type": "message",
        "user": "U0Y6QC8NL",
        "text": "already has a gold start <@U0EKK4BTP> :slightly_smiling_face:",
        "ts": "1463067448.000192"
    },
    {
        "type": "message",
        "user": "U0Y6QC8NL",
        "text": "star*",
        "ts": "1463067450.000193"
    },
    {
        "type": "message",
        "user": "U0EKK4BTP",
        "text": "woot",
        "ts": "1463067457.000194"
    },
    {
        "type": "message",
        "user": "U0Y6QC8NL",
        "text": "conflicts with \"Building a KillerUX v2 \" though...",
        "ts": "1463067474.000195"
    },
    {
        "type": "message",
        "user": "U0N4RBF7W",
        "text": "Oh I don't have a web service app so I might not get much out of that :disappointed:",
        "ts": "1463067476.000196"
    },
    {
        "type": "message",
        "user": "U0N4RBF7W",
        "text": "Sorry bro!",
        "edited": {
            "user": "U0N4RBF7W",
            "ts": "1463067494.000000"
        },
        "ts": "1463067492.000197"
    },
    {
        "type": "message",
        "user": "U0EKK4BTP",
        "text": "<@U0N4RBF7W>: we cover both inbound and outbound, and we’ll talk about things like getting ServiceNow to talk to external APIs like Slack, Google, etc. using OAuth.",
        "ts": "1463067535.000199"
    },
    {
        "type": "message",
        "user": "U0EKK4BTP",
        "text": "That’s a bummer about the KillerUX conflict. That’s some stiff competition.",
        "ts": "1463067583.000200",
        "reactions": [
            {
                "name": "disappointed",
                "users": [
                    "U15LF2CTD",
                    "U0Y6QC8NL"
                ],
                "count": 2
            }
        ]
    },
    {
        "type": "message",
        "user": "U0Y6QC8NL",
        "text": "ive run into so, so many disappointing conflicts",
        "ts": "1463067679.000201"
    },
    {
        "type": "message",
        "user": "U0ED7DUBD",
        "text": "Anyone doing the Hackathon that wants to start a team, or maybe there’s one I can join?",
        "ts": "1463067681.000202"
    },
    {
        "type": "message",
        "user": "U0Y6QC8NL",
        "text": "especially around creatorcon",
        "ts": "1463067684.000203"
    },
    {
        "type": "message",
        "user": "U0Y6QC8NL",
        "text": "<@U0ED7DUBD> I've been racking my brain trying to come up with an idea. if you've got a good one I'd be glad to join :slightly_smiling_face:",
        "ts": "1463067703.000204"
    },
    {
        "type": "message",
        "user": "U0ED7DUBD",
        "text": "<@U0Y6QC8NL>: Let me brainstorm that would be good for this.  I have some ideas kicking around.",
        "ts": "1463067765.000205"
    },
    {
        "type": "message",
        "user": "U0ED7DUBD",
        "text": "<@U0EKK4BTP>: Probably the wrong forum for this, but are there plans for JWT support?  I managed to get it to work for Google server to server, but I’d be curious if there are plans for this.",
        "ts": "1463067845.000206"
    },
    {
        "type": "message",
        "user": "U0EKK4BTP",
        "text": "<@U0ED7DUBD>: not sure about JWT, but I can definitely ask around.",
        "ts": "1463068258.000207",
        "reactions": [
            {
                "name": "+1",
                "users": [
                    "U0ED7DUBD"
                ],
                "count": 1
            }
        ]
    },
    {
        "user": "U0XDHEL8Y",
        "type": "message",
        "subtype": "channel_join",
        "text": "<@U0XDHEL8Y|bryan> has joined the channel",
        "ts": "1463069303.000208"
    },
    {
        "type": "message",
        "user": "U0XDHEL8Y",
        "text": "<@U0ED7DUBD>: will you be at CreatorCon?",
        "ts": "1463069368.000209"
    },
    {
        "type": "message",
        "user": "U0ED7DUBD",
        "text": "Yup.",
        "ts": "1463069387.000210"
    },
    {
        "type": "message",
        "user": "U0XDHEL8Y",
        "text": "if so let’s talk about JWT support and how you are using them",
        "ts": "1463069411.000211"
    },
    {
        "type": "message",
        "user": "U0ED7DUBD",
        "text": "Sure, sounds good.",
        "ts": "1463069543.000212"
    },
    {
        "type": "message",
        "user": "U0E36J5EU",
        "text": "got around to adding the app to my phone, so now you can connect with me",
        "ts": "1463074190.000213"
    },
    {
        "type": "message",
        "user": "U0N4RBF7W",
        "text": "There are two Barnes, you must kill the other and gain his strength!",
        "ts": "1463074424.000214"
    },
    {
        "type": "message",
        "user": "U0E36J5EU",
        "text": "psh, I consumed so many other barnes, I have to let a few back out into the wild.",
        "ts": "1463074486.000215"
    },
    {
        "type": "message",
        "user": "U0E36J5EU",
        "text": "all your barnes are belong to me.",
        "ts": "1463074505.000216"
    },
    {
        "type": "message",
        "user": "U0ED7DUBD",
        "text": "So <@U0Y6QC8NL> and I have a couple of ideas for a team if anyone wants to join.  DM me and I’ll loop you into what we’re thinking.",
        "ts": "1463075252.000217"
    },
    {
        "type": "message",
        "user": "U0Y6QC8NL",
        "text": "<@U0ED7DUBD> should take all the credit for the ideas, though :slightly_smiling_face:",
        "ts": "1463075273.000218"
    },
    {
        "type": "message",
        "subtype": "file_share",
        "text": "<@U0ED7DUBD|dfranko> uploaded a file: <https:\/\/sndevs.slack.com\/files\/dfranko\/F18EDEN0M\/pasted_image_at_2016_05_12_01_56_pm.png|?> and commented: Anyone know how to reset your password on the hackathon site?  There’s no link that I can see.  Apparently I registered before, but I have no idea what my password is.",
        "file": {
            "id": "F18EDEN0M",
            "created": 1463075888,
            "timestamp": 1463075888,
            "name": "Pasted image at 2016_05_12 01_56 PM.png",
            "title": "?",
            "mimetype": "image\/png",
            "filetype": "png",
            "pretty_type": "PNG",
            "user": "U0ED7DUBD",
            "editable": false,
            "size": 79788,
            "mode": "hosted",
            "is_external": false,
            "external_type": "",
            "is_public": true,
            "public_url_shared": false,
            "display_as_bot": false,
            "username": "",
            "url_private": "https:\/\/files.slack.com\/files-pri\/T0E2AD6AY-F18EDEN0M\/pasted_image_at_2016_05_12_01_56_pm.png?t=xoxe-14078448372-167243557781-166475819265-182f5ebf49",
            "url_private_download": "https:\/\/files.slack.com\/files-pri\/T0E2AD6AY-F18EDEN0M\/download\/pasted_image_at_2016_05_12_01_56_pm.png?t=xoxe-14078448372-167243557781-166475819265-182f5ebf49",
            "thumb_64": "https:\/\/files.slack.com\/files-tmb\/T0E2AD6AY-F18EDEN0M-5a4bc01f36\/pasted_image_at_2016_05_12_01_56_pm_64.png?t=xoxe-14078448372-167243557781-166475819265-182f5ebf49",
            "thumb_80": "https:\/\/files.slack.com\/files-tmb\/T0E2AD6AY-F18EDEN0M-5a4bc01f36\/pasted_image_at_2016_05_12_01_56_pm_80.png?t=xoxe-14078448372-167243557781-166475819265-182f5ebf49",
            "thumb_360": "https:\/\/files.slack.com\/files-tmb\/T0E2AD6AY-F18EDEN0M-5a4bc01f36\/pasted_image_at_2016_05_12_01_56_pm_360.png?t=xoxe-14078448372-167243557781-166475819265-182f5ebf49",
            "thumb_360_w": 360,
            "thumb_360_h": 298,
            "thumb_480": "https:\/\/files.slack.com\/files-tmb\/T0E2AD6AY-F18EDEN0M-5a4bc01f36\/pasted_image_at_2016_05_12_01_56_pm_480.png?t=xoxe-14078448372-167243557781-166475819265-182f5ebf49",
            "thumb_480_w": 480,
            "thumb_480_h": 398,
            "thumb_160": "https:\/\/files.slack.com\/files-tmb\/T0E2AD6AY-F18EDEN0M-5a4bc01f36\/pasted_image_at_2016_05_12_01_56_pm_160.png?t=xoxe-14078448372-167243557781-166475819265-182f5ebf49",
            "thumb_720": "https:\/\/files.slack.com\/files-tmb\/T0E2AD6AY-F18EDEN0M-5a4bc01f36\/pasted_image_at_2016_05_12_01_56_pm_720.png?t=xoxe-14078448372-167243557781-166475819265-182f5ebf49",
            "thumb_720_w": 720,
            "thumb_720_h": 597,
            "thumb_960": "https:\/\/files.slack.com\/files-tmb\/T0E2AD6AY-F18EDEN0M-5a4bc01f36\/pasted_image_at_2016_05_12_01_56_pm_960.png?t=xoxe-14078448372-167243557781-166475819265-182f5ebf49",
            "thumb_960_w": 960,
            "thumb_960_h": 795,
            "thumb_1024": "https:\/\/files.slack.com\/files-tmb\/T0E2AD6AY-F18EDEN0M-5a4bc01f36\/pasted_image_at_2016_05_12_01_56_pm_1024.png?t=xoxe-14078448372-167243557781-166475819265-182f5ebf49",
            "thumb_1024_w": 1024,
            "thumb_1024_h": 848,
            "image_exif_rotation": 1,
            "original_w": 1236,
            "original_h": 1024,
            "permalink": "https:\/\/sndevs.slack.com\/files\/dfranko\/F18EDEN0M\/pasted_image_at_2016_05_12_01_56_pm.png",
            "permalink_public": "https:\/\/slack-files.com\/T0E2AD6AY-F18EDEN0M-9b88be9898",
            "channels": [
                "C15M6KC3A"
            ],
            "groups": [],
            "ims": [],
            "comments_count": 1,
            "initial_comment": {
                "id": "Fc18EDBDJT",
                "created": 1463075888,
                "timestamp": 1463075888,
                "user": "U0ED7DUBD",
                "is_intro": true,
                "comment": "Anyone know how to reset your password on the hackathon site?  There’s no link that I can see.  Apparently I registered before, but I have no idea what my password is.",
                "channel": "C15M6KC3A"
            }
        },
        "user": "U0ED7DUBD",
        "upload": true,
        "display_as_bot": false,
        "username": "dfranko",
        "bot_id": null,
        "ts": "1463075896.000219"
    },
    {
        "type": "message",
        "user": "U0J9S1GHX",
        "text": "when you register, they email a temp password (i overlooked this).. you reset once logged in for the first time",
        "ts": "1463076164.000220"
    },
    {
        "type": "message",
        "user": "U0ED7DUBD",
        "text": "Oh, thanks!  I see the email now.",
        "ts": "1463076478.000221"
    },
    {
        "user": "U18EQL0DV",
        "type": "message",
        "subtype": "channel_join",
        "text": "<@U18EQL0DV|joebauer> has joined the channel",
        "ts": "1463077823.000222"
    },
    {
        "type": "message",
        "user": "U0XDHEL8Y",
        "text": "<!channel>: for anyone attending CreatorCon wanted to let you know I’m planning on hosting an unconference discussion on rate limiting requests to ServiceNow REST APIs. I’d like to talk about how people are doing this, if they have a need to do this, how I’ve done it in the past etc….",
        "ts": "1463078744.000223"
    },
    {
        "type": "message",
        "user": "U0XDHEL8Y",
        "text": "I’ll post here once I have a time for this talk scheduled and also check the Unconference board near the Developer Hub at CreatorCon",
        "ts": "1463078781.000224"
    },
    {
        "type": "message",
        "user": "U0XDHEL8Y",
        "text": "you’ll see signage",
        "ts": "1463078785.000225"
    },
    {
        "type": "message",
        "user": "U0XDHEL8Y",
        "text": "I’ll also post to this channel and use the twitter tags #know16 #uncon to announce",
        "ts": "1463078810.000226"
    },
    {
        "type": "message",
        "user": "U0XDHEL8Y",
        "text": "for anyone else who wants info check out <https:\/\/community.servicenow.com\/community\/develop\/blog\/2016\/03\/31\/unconference-zone-at-creatorcon>",
        "attachments": [
            {
                "title": "Developer Community: Unconference Zone at Creat... | ServiceNow Community",
                "title_link": "https:\/\/community.servicenow.com\/community\/develop\/blog\/2016\/03\/31\/unconference-zone-at-creatorcon",
                "text": "&amp;#160; Hopefully you heard at our recent webinar (if not check back as we&amp;#8217;ll have the recording posted soon) at CreatorCon this year we will be",
                "fallback": "Developer Community: Unconference Zone at Creat... | ServiceNow Community",
                "from_url": "https:\/\/community.servicenow.com\/community\/develop\/blog\/2016\/03\/31\/unconference-zone-at-creatorcon",
                "id": 1
            }
        ],
        "ts": "1463078850.000227"
    },
    {
        "type": "message",
        "user": "U0XDHEL8Y",
        "text": "or feel free to ask me",
        "ts": "1463078854.000229"
    },
    {
        "type": "message",
        "user": "U0E36J5EU",
        "text": "wish I was attending, but I had to get back home quickly - doing a red eye early morning thursday.",
        "ts": "1463078876.000230"
    },
    {
        "type": "message",
        "user": "U0XDHEL8Y",
        "text": "anyone can submit a discussion topic, no approval necessary, when you get to CreatorCon find the Unconference board, grab a giant post it and pick a time slot",
        "ts": "1463078903.000231"
    },
    {
        "type": "message",
        "user": "U15LF2CTD",
        "text": "That’s rather nifty.",
        "ts": "1463079168.000232"
    },
    {
        "type": "message",
        "user": "U0XDHEL8Y",
        "text": ":slightly_smiling_face:",
        "ts": "1463079302.000233"
    },
    {
        "user": "U18F3UCS3",
        "type": "message",
        "subtype": "channel_join",
        "text": "<@U18F3UCS3|jnguy> has joined the channel",
        "ts": "1463079797.000234"
    },
    {
        "user": "U174V8FFW",
        "type": "message",
        "subtype": "channel_join",
        "text": "<@U174V8FFW|bryceg> has joined the channel",
        "ts": "1463117688.000235"
    }
]