[
    {
        "type": "message",
        "user": "U0L08PDRB",
        "text": "<@U15LF2CTD>: f It's actually funny to how the majority of people dress down more and more as the conference progresses. Thursday morning (after the closing event) you'll see a lot more people in jeans and t-shirts. :stuck_out_tongue:",
        "edited": {
            "user": "U0L08PDRB",
            "ts": "1462540315.000000"
        },
        "ts": "1462540294.000049"
    },
    {
        "type": "message",
        "user": "U15LF2CTD",
        "text": "Haaaa that is true.  After the big party people are barely rolling in at all...",
        "ts": "1462541247.000051"
    },
    {
        "type": "message",
        "user": "U15LF2CTD",
        "text": "Little to much…enjoyment… the night before :simple_smile:",
        "ts": "1462541270.000052"
    },
    {
        "user": "U0NMWJJ93",
        "type": "message",
        "subtype": "channel_join",
        "text": "<@U0NMWJJ93|wlisac> has joined the channel",
        "ts": "1462544385.000053"
    },
    {
        "type": "message",
        "user": "U0XCXA90A",
        "text": "I prefer the snarky t-shirt and shorts. But I'll likely be business casual (yuck) because professionalism.",
        "ts": "1462545619.000054"
    },
    {
        "type": "message",
        "user": "U0N4RBF7W",
        "text": "How many booths and that are typically there? Is it worth carving out some good time to go around them or what?",
        "ts": "1462547416.000055"
    },
    {
        "type": "message",
        "user": "U0N4RBF7W",
        "text": "And these breakfast\/lunch things - Bother?",
        "ts": "1462547454.000056"
    },
    {
        "type": "message",
        "user": "U15LF2CTD",
        "text": "Lots of booths… lots and lots and lots of booths, with lots of great information (and freebies!)",
        "ts": "1462547943.000057"
    },
    {
        "type": "message",
        "user": "U0EA00QCB",
        "text": "it's a big exhibition hall. i'm guess, 50-75 different vendors",
        "ts": "1462549860.000058"
    },
    {
        "type": "message",
        "user": "U0EA00QCB",
        "text": "the evening events are designed to give you a reason to wander the booths",
        "ts": "1462549886.000059"
    },
    {
        "type": "message",
        "user": "U0EA00QCB",
        "text": "typically the food is spread out throughout the space to encourage you to cover the whole area",
        "ts": "1462549903.000060"
    },
    {
        "type": "message",
        "user": "U0N4RBF7W",
        "text": "Oh that's what those are then? Okay, sweet!",
        "ts": "1462551275.000061"
    },
    {
        "type": "message",
        "user": "U0N4RBF7W",
        "text": "I couldn't get a description up for what they were",
        "ts": "1462551284.000062"
    },
    {
        "type": "message",
        "user": "U15LF2CTD",
        "text": "Last year they served some alcohol at most of them as well…though nothing compared to the party at the end.",
        "ts": "1462551340.000063"
    },
    {
        "type": "message",
        "user": "U0N4RBF7W",
        "text": "Everyone talking about the alcohol and I don't even drink",
        "ts": "1462551497.000064"
    },
    {
        "type": "message",
        "user": "U0E36J5EU",
        "text": "Yummy food too",
        "ts": "1462551591.000065"
    },
    {
        "type": "message",
        "user": "U0E36J5EU",
        "text": "But yeah, it's a conference, drinking is what we do. ",
        "ts": "1462551640.000066"
    },
    {
        "type": "message",
        "user": "U0EA00QCB",
        "text": "it's arranged almost like a food and drink scavenger hunt",
        "ts": "1462553006.000067"
    },
    {
        "type": "message",
        "user": "U0EA00QCB",
        "text": "this type of food on one side, that kind on the other. to get everything, you have to walk by all the booths",
        "ts": "1462553026.000068"
    },
    {
        "type": "message",
        "user": "U0XCXA90A",
        "text": "Here's a pic of the proposed booth layout.",
        "ts": "1462557613.000069"
    },
    {
        "type": "message",
        "user": "U0XCXA90A",
        "text": "<http:\/\/www.nature.com\/scientificamericanmind\/journal\/v19\/n4\/images\/scientificamericanmind0808-22-I1.jpg>",
        "attachments": [
            {
                "fallback": "500x503px image",
                "image_url": "http:\/\/www.nature.com\/scientificamericanmind\/journal\/v19\/n4\/images\/scientificamericanmind0808-22-I1.jpg",
                "image_width": 500,
                "image_height": 503,
                "image_bytes": 98646,
                "from_url": "http:\/\/www.nature.com\/scientificamericanmind\/journal\/v19\/n4\/images\/scientificamericanmind0808-22-I1.jpg",
                "id": 1
            }
        ],
        "ts": "1462557614.000070",
        "reactions": [
            {
                "name": "sweat_smile",
                "users": [
                    "U15LF2CTD",
                    "U0N4RBF7W"
                ],
                "count": 2
            }
        ]
    }
]