[
    {
        "user": "U0E88P8F8",
        "type": "message",
        "subtype": "channel_leave",
        "text": "<@U0E88P8F8|bshelley> has left the channel",
        "ts": "1466082746.000006"
    },
    {
        "user": "U104Y4770",
        "type": "message",
        "subtype": "channel_leave",
        "text": "<@U104Y4770|robm> has left the channel",
        "ts": "1466101738.000007"
    },
    {
        "user": "U0L08PDRB",
        "type": "message",
        "subtype": "channel_leave",
        "text": "<@U0L08PDRB|nick.martinez> has left the channel",
        "ts": "1466102591.000008"
    }
]