[
    {
        "type": "message",
        "user": "U0F4B2B4H",
        "text": "It was awesome meeting you <@U0N4RBF7W> , was fun chatting briefly. If you'd like a bit of ego boost, I walked away cursing that you weren't considering moving across the pond because I was so ready to hire you lol",
        "ts": "1464093546.003596"
    },
    {
        "type": "message",
        "user": "U0E36J5EU",
        "text": "that is awesome to hear. I was pretty fond of <@U0N4RBF7W> too, and soon he will be teaching me things about breadcrumbs!",
        "ts": "1464093644.003597"
    },
    {
        "type": "message",
        "user": "U0F4B2B4H",
        "text": "I never even got the remote chance to try and find you <@U0E36J5EU> , sorry we didn't get to meet up",
        "ts": "1464093680.003598"
    },
    {
        "type": "message",
        "user": "U0F4B2B4H",
        "text": "In between sessions I was networking my ass off and had to blow off like a half day of labs to do some vetting of potential partners",
        "ts": "1464093703.003599"
    },
    {
        "type": "message",
        "user": "U0E36J5EU",
        "text": "np, I never get to meet all the people I plan to, but meeting new folks is fun too!",
        "ts": "1464093750.003600"
    },
    {
        "type": "message",
        "user": "U0E36J5EU",
        "text": "didn’t even get to meet up with one of my clients that was there.",
        "ts": "1464093764.003601"
    },
    {
        "type": "message",
        "user": "U0F4B2B4H",
        "text": "I think I met up with all of mine but we rented out the balcony of border grill for a night so it was easy lol",
        "ts": "1464093997.003602"
    },
    {
        "type": "message",
        "user": "U0E36J5EU",
        "text": "I only had one there, (only have 2)",
        "ts": "1464094345.003603"
    },
    {
        "type": "message",
        "user": "U0E36J5EU",
        "text": "but yeah, was sad we didn’t meet! Always next year.",
        "ts": "1464094397.003604"
    },
    {
        "type": "message",
        "user": "U0F4B2B4H",
        "text": "Theoretically! We may have to start rotating who goes because we're growing so much. Think there's 17 of us that went this year and at like at least 8 that stayed behind",
        "ts": "1464094590.003605"
    },
    {
        "type": "message",
        "user": "U0E36J5EU",
        "text": "eh, I went on my own dime. I go every year.",
        "ts": "1464094836.003606"
    },
    {
        "type": "message",
        "user": "U0F4B2B4H",
        "text": "I think I'm one of the ones who'll get to go regardless. But since it's in Florida next year I'd likely pay to go as well if needed.",
        "ts": "1464095069.003607"
    },
    {
        "type": "message",
        "user": "U0N4RBF7W",
        "text": "Good meeting you too as well <@U0F4B2B4H> and as discussed I'll help YOU find a job if things go pretty south post-election :wink:",
        "ts": "1464095072.003608"
    },
    {
        "type": "message",
        "user": "U0F4B2B4H",
        "text": "Sounds good. :wink: There'll be 10 of us or so. ;D",
        "ts": "1464095090.003609"
    },
    {
        "type": "message",
        "user": "U0FA8H53L",
        "text": "Things are only going to go UP UP UP under God Emperor Trump",
        "ts": "1464098430.003610",
        "reactions": [
            {
                "name": "100",
                "users": [
                    "U0Y6QC8NL",
                    "U0Y6D2Z8U"
                ],
                "count": 2
            }
        ]
    },
    {
        "user": "U174V8FFW",
        "type": "message",
        "subtype": "channel_leave",
        "text": "<@U174V8FFW|bryceg> has left the channel",
        "ts": "1464149644.003611"
    }
]