[
    {
        "type": "message",
        "user": "U0N4RBF7W",
        "text": "Central Intelligence I laughed the whole way through the film, was a funny watch.",
        "ts": "1487752628.113185"
    },
    {
        "type": "message",
        "user": "U235A44S0",
        "text": "That was a funny movie",
        "ts": "1487770379.347417"
    },
    {
        "type": "message",
        "user": "U0EKK4BTP",
        "text": "<@U0N4RBF7W> what WHAT",
        "ts": "1487776656.472601"
    },
    {
        "type": "message",
        "user": "U0N4RBF7W",
        "text": "What WHAT?",
        "ts": "1487776704.473498"
    },
    {
        "type": "message",
        "user": "U0N4RBF7W",
        "text": "I'm a big fan of Dwayne THE ROCK Johnson",
        "ts": "1487776732.474016",
        "reactions": [
            {
                "name": "+1::skin-tone-2",
                "users": [
                    "U3857M3T9"
                ],
                "count": 1
            }
        ]
    }
]