[
    {
        "type": "message",
        "user": "U0XCXA90A",
        "text": "Dang, our conversation praising The Rock is all gone.",
        "ts": "1487356682.832736"
    },
    {
        "type": "message",
        "user": "U104Y4770",
        "text": "should have pinned every comment",
        "ts": "1487356749.861644"
    },
    {
        "type": "message",
        "user": "U0XCXA90A",
        "text": "Well, now newbies are going to wonder if we’re praising the movie “The Rock” or Dwayne “The Rock” Johnson.",
        "ts": "1487356796.882662"
    },
    {
        "type": "message",
        "user": "U0XCXA90A",
        "text": "And the answer is: both, obviously",
        "ts": "1487356803.885482",
        "reactions": [
            {
                "name": "100",
                "users": [
                    "U104Y4770",
                    "U235A44S0",
                    "U0V949JCB",
                    "U0EKK4BTP"
                ],
                "count": 4
            }
        ]
    },
    {
        "type": "message",
        "user": "U0V9PD50R",
        "text": "only when the Rock is a gay cowboy...hahahaha",
        "ts": "1487360835.239038",
        "reactions": [
            {
                "name": "thinking_face",
                "users": [
                    "U235A44S0"
                ],
                "count": 1
            }
        ]
    }
]