[
    {
        "type": "message",
        "user": "U0N4RBF7W",
        "text": "So I watched Inside Out last night, I thought it was excellent",
        "ts": "1487584124.743664"
    },
    {
        "type": "message",
        "user": "U0N4RBF7W",
        "text": "Great concept, plenty of real relate-able imagination put into emotions and the brain and some real feels in it :disappointed:",
        "ts": "1487584360.813427"
    },
    {
        "type": "message",
        "user": "U0XCXA90A",
        "text": "I haven’t seen it yet, but I’d like to.",
        "ts": "1487586992.860085"
    },
    {
        "type": "message",
        "user": "U0V9PD50R",
        "text": "we watched the new jack reacher",
        "ts": "1487615885.636908"
    },
    {
        "type": "message",
        "user": "U0V9PD50R",
        "text": "1st jack reacher &gt; 2nd jack reacher",
        "ts": "1487615904.641666"
    },
    {
        "type": "message",
        "user": "U15LF2CTD",
        "text": "We watched The Arrival",
        "ts": "1487615963.662275"
    },
    {
        "type": "message",
        "user": "U104Y4770",
        "text": "Not a movie, but been watching The People vs OJ Simpson on Netflix",
        "ts": "1487616045.682757"
    },
    {
        "type": "message",
        "user": "U104Y4770",
        "text": "would definitely recommend it",
        "ts": "1487616089.701603"
    },
    {
        "type": "message",
        "user": "U235A44S0",
        "text": "<@U0V9PD50R> I knew the 2nd Jack Reacher would never live up to the 1st Jack Reacher",
        "ts": "1487617540.127018"
    },
    {
        "type": "message",
        "user": "U235A44S0",
        "text": "Haven't seen it yet though",
        "ts": "1487617555.130527"
    },
    {
        "type": "message",
        "user": "U235A44S0",
        "text": "The 2nd one that is",
        "ts": "1487617563.132392"
    },
    {
        "type": "message",
        "user": "U0V9PD50R",
        "text": "Yeah it's too bad too <@U235A44S0> ",
        "ts": "1487617720.175464"
    },
    {
        "type": "message",
        "user": "U235A44S0",
        "text": "aww, I liked the 1st one",
        "ts": "1487617737.180117"
    },
    {
        "type": "message",
        "user": "U235A44S0",
        "text": "So sad",
        "ts": "1487617742.181443"
    },
    {
        "type": "message",
        "user": "U0V9PD50R",
        "text": "I also watched hacksaw ridge, good story but execution wasn't as good as SPR",
        "ts": "1487617744.182103"
    },
    {
        "type": "message",
        "user": "U235A44S0",
        "text": "I liked Hacksaw Ridge",
        "ts": "1487617759.185700"
    },
    {
        "type": "message",
        "user": "U235A44S0",
        "text": "Wife and I went to see that as a Sneak Preview",
        "ts": "1487617766.187643"
    },
    {
        "type": "message",
        "user": "U235A44S0",
        "text": "It was extremely bloody. but, that is how war actually is",
        "ts": "1487617791.208912"
    },
    {
        "type": "message",
        "user": "U0V9PD50R",
        "text": "I just felt like the acting wasn't up to par and the cgi gore kind of cheapened the movie",
        "ts": "1487617797.211024"
    },
    {
        "type": "message",
        "user": "U235A44S0",
        "text": "I can understand that",
        "ts": "1487617839.224628"
    },
    {
        "type": "message",
        "user": "U0V949JCB",
        "text": "Saw Resident Evil over the weekend. Apparently a double feature with Passengers. The latter was awful. The former was exactly as I expected it to be. All in all entertaining, if you’ve managed to stick through 15 years of Resident Evil movies.",
        "ts": "1487653079.488200"
    },
    {
        "type": "message",
        "user": "U0XCXA90A",
        "text": "Passengers should have been The Shining in space.",
        "ts": "1487658582.707043"
    }
]