[
    {
        "type": "message",
        "user": "U0N4RBF7W",
        "text": "Okay so comedy is a tough topic, it's so subjective",
        "ts": "1484921378.000143"
    },
    {
        "type": "message",
        "user": "U0N4RBF7W",
        "text": "But I've watched Popstar recently, The Lonely Islands  film and it's hilarious Lonely Islands fun",
        "edited": {
            "user": "U0N4RBF7W",
            "ts": "1484921421.000000"
        },
        "ts": "1484921415.000144"
    },
    {
        "type": "message",
        "user": "U0N4RBF7W",
        "text": "Opening the film with a song called \"I'm so humble\", bragging about how humble he is they really tackle funny obscurities of people in a witty fashion",
        "ts": "1484921468.000146"
    },
    {
        "type": "message",
        "user": "U0V949JCB",
        "text": "I’ve been meaning to watch Popstar, just haven’t gotten around to it yet",
        "ts": "1484925541.000147"
    },
    {
        "type": "message",
        "user": "U0V949JCB",
        "text": "This movie is great already.",
        "ts": "1484933291.000148"
    },
    {
        "type": "message",
        "user": "U0V949JCB",
        "text": "The Rock.",
        "ts": "1484933299.000149"
    },
    {
        "type": "message",
        "user": "U0N4RBF7W",
        "text": "Oh man, I have Inside Out waiting for me this weekend",
        "ts": "1484933318.000150"
    },
    {
        "type": "message",
        "user": "U0N4RBF7W",
        "text": "Always had The Rock on the list, never committed",
        "ts": "1484933332.000151"
    },
    {
        "type": "message",
        "user": "U104Y4770",
        "text": "<@U0N4RBF7W> What is wrong with you?",
        "ts": "1484933493.000152"
    },
    {
        "type": "message",
        "user": "U104Y4770",
        "text": "You’ve never seen The Rock?",
        "ts": "1484933509.000153"
    },
    {
        "type": "message",
        "user": "U104Y4770",
        "text": "And instead of fixing that problem, you’re going to watch Inside Out?",
        "ts": "1484933528.000154"
    },
    {
        "type": "message",
        "user": "U0V949JCB",
        "text": "Stanley Goodspeed",
        "ts": "1484933670.000155"
    },
    {
        "type": "message",
        "user": "U0V949JCB",
        "text": "what a great character name",
        "ts": "1484933675.000156"
    },
    {
        "type": "message",
        "user": "U0N4RBF7W",
        "text": "<@U104Y4770> I know I know but I've heard good things about inside out too",
        "ts": "1484934628.000157"
    },
    {
        "type": "message",
        "user": "U104Y4770",
        "text": "it is good but it’s not The Rock",
        "ts": "1484934656.000158"
    },
    {
        "type": "message",
        "user": "U1ALM3K24",
        "text": "I expect 2-5 page reports from everyone on Monday from our viewing assignment! :stuck_out_tongue:",
        "ts": "1484935489.000159"
    },
    {
        "type": "message",
        "user": "U104Y4770",
        "text": "Mine will just be “Best. Movie. Ever” in a very large font",
        "ts": "1484936664.000160"
    },
    {
        "type": "message",
        "user": "U0V949JCB",
        "text": "haha so far it’s pretty good",
        "ts": "1484937057.000161"
    },
    {
        "type": "message",
        "user": "U235A44S0",
        "text": "I love Inside Out. My Son watched it when it first came out. Now that he is 4 years old, we watched it again and he loved it. He loved when I explained the parts that were confusing to him and why things were happening",
        "ts": "1484937453.000162"
    },
    {
        "type": "message",
        "user": "U24FJ9P5W",
        "text": "did we poll?",
        "ts": "1484937813.000163"
    },
    {
        "type": "message",
        "user": "U24FJ9P5W",
        "text": "what's the weekend movie?",
        "ts": "1484937822.000164"
    },
    {
        "type": "message",
        "user": "U0V949JCB",
        "text": "didn’t we pretty much decide it was The Rock?",
        "ts": "1484939052.000165"
    },
    {
        "type": "message",
        "user": "U0V949JCB",
        "text": "cause i’m watching it right now. haha",
        "ts": "1484939058.000166"
    },
    {
        "type": "message",
        "user": "U0V949JCB",
        "text": "if not, well that’s okay, cause I’m very much enjoying this movie",
        "ts": "1484939068.000167"
    },
    {
        "type": "message",
        "user": "U235A44S0",
        "text": "We are going to see XXX: Return of Xander Cage movie this weekend",
        "ts": "1484939349.000168"
    },
    {
        "type": "message",
        "user": "U24FJ9P5W",
        "text": "now you just look crazy kevin... :stuck_out_tongue:",
        "ts": "1484940181.000182"
    }
]