[
    {
        "type": "message",
        "user": "U0XCXA90A",
        "text": "We haven't talked here in so long, our previous conversation has been deleted.",
        "ts": "1490721109.866678"
    },
    {
        "type": "message",
        "user": "U235A44S0",
        "text": "echo",
        "ts": "1490721156.879479"
    },
    {
        "type": "message",
        "user": "U235A44S0",
        "text": "wow",
        "ts": "1490721162.880998"
    },
    {
        "type": "message",
        "user": "U0XCXA90A",
        "text": "I forgot Tom Cruise was in Tropic Thunder.",
        "ts": "1490721178.885344"
    },
    {
        "type": "message",
        "user": "U0XCXA90A",
        "text": "He was excellent in that.",
        "ts": "1490721183.886692"
    },
    {
        "user": "U0E96U52M",
        "inviter": "U0XCXA90A",
        "text": "<@U0E96U52M|jace> has joined the channel",
        "type": "message",
        "subtype": "channel_join",
        "ts": "1490721216.895355"
    },
    {
        "type": "message",
        "user": "U235A44S0",
        "text": "lol, he was amazing in Tropic Thunder",
        "ts": "1490721228.898763"
    },
    {
        "type": "message",
        "user": "U0XCXA90A",
        "text": "Crank movies are so great.",
        "ts": "1490721230.899110"
    },
    {
        "type": "message",
        "user": "U0XCXA90A",
        "text": "<@U0E96U52M> I love how Crank 2 takes everything that was great about Crank 1 and cranks it up a notch.",
        "ts": "1490721256.905901"
    },
    {
        "type": "message",
        "user": "U0E96U52M",
        "text": "Right ",
        "ts": "1490721275.910695"
    },
    {
        "type": "message",
        "user": "U0XCXA90A",
        "text": "The godzilla fight in the electric substation is magnificent",
        "ts": "1490721278.911642"
    },
    {
        "type": "message",
        "user": "U0E96U52M",
        "text": "I mean how do make a crank 2 when in crank 1 you kill the main character ",
        "ts": "1490721296.916655"
    },
    {
        "type": "message",
        "user": "U0E96U52M",
        "text": "I'm going to have to rewatch them",
        "ts": "1490721316.921921"
    },
    {
        "type": "message",
        "user": "U0E96U52M",
        "text": "It's been years",
        "ts": "1490721321.923417"
    },
    {
        "type": "message",
        "user": "U0XCXA90A",
        "text": "You need to get those on plex, stat",
        "ts": "1490721359.933764"
    },
    {
        "type": "message",
        "user": "U235A44S0",
        "text": "Speaking of Tropic Thunder, _You're Australian! Be Australian! Excuse me, Kangaroo Jack!_",
        "ts": "1490721397.943943"
    },
    {
        "type": "message",
        "user": "U104Y4770",
        "text": "um… did you guys really just spend that much time discussing Tom Cruise movies and not mention vanilla sky?",
        "ts": "1490721738.037953"
    },
    {
        "type": "message",
        "user": "U235A44S0",
        "text": "Oh, god. That was a horrible, horrible movie",
        "ts": "1490721771.047057"
    },
    {
        "type": "message",
        "user": "U104Y4770",
        "text": "wrong",
        "ts": "1490721775.048202"
    },
    {
        "type": "message",
        "user": "U235A44S0",
        "text": "opinions, schmopinions",
        "edited": {
            "user": "U235A44S0",
            "ts": "1490721825.000000"
        },
        "ts": "1490721818.059659"
    },
    {
        "type": "message",
        "user": "U104Y4770",
        "text": "you’re certainly entitled to your wrong opinion",
        "ts": "1490721851.068244",
        "reactions": [
            {
                "name": "+1::skin-tone-3",
                "users": [
                    "U0E96U52M"
                ],
                "count": 1
            }
        ]
    },
    {
        "text": "bans <@U235A44S0|kmeldridge> from <#C3TVA5JRK|movie-club>",
        "type": "message",
        "subtype": "me_message",
        "user": "U0EKK4BTP",
        "ts": "1490721944.094071"
    },
    {
        "type": "message",
        "user": "U0XCXA90A",
        "text": "I never saw it",
        "ts": "1490721984.104886"
    },
    {
        "type": "message",
        "user": "U235A44S0",
        "text": ":cry:",
        "ts": "1490721987.105626"
    },
    {
        "type": "message",
        "user": "U104Y4770",
        "text": "It’s Cameron Crowe, you can’t go wrong",
        "ts": "1490722086.132552"
    },
    {
        "type": "message",
        "user": "U104Y4770",
        "text": "although, it’s not a typical Cameron Crowe movie",
        "ts": "1490722104.137232"
    },
    {
        "type": "message",
        "user": "U0V949JCB",
        "text": "i liked Vanilla Sky!",
        "ts": "1490722171.156227"
    }
]