[
    {
        "type": "message",
        "user": "U0XCXA90A",
        "text": "I watched the most 80's movie last night. It was way more 80's than I was prepared for.",
        "ts": "1491230788.636155"
    },
    {
        "type": "message",
        "user": "U0XCXA90A",
        "text": "It had Charlie Sheen and Randy Quaid.",
        "ts": "1491231237.767557"
    },
    {
        "type": "message",
        "user": "U0XCXA90A",
        "text": "Charlie Sheen played the reincarnation of himself, a kid who was brutally murdered by a street-racing gang who also maybe sexually assaulted his girlfriend.",
        "ts": "1491231290.783018"
    },
    {
        "type": "message",
        "user": "U0XCXA90A",
        "text": "He had a super-powered car from the future that he used to systematically run down and explode the gang members, mostly during a series of races along empty Arizona highways.",
        "ts": "1491231366.806041"
    },
    {
        "type": "message",
        "user": "U0XCXA90A",
        "text": "In between the car-murdering, he seduced his girlfriend, who should have been _way_ more distraught at his original death.",
        "ts": "1491231410.819518"
    },
    {
        "type": "message",
        "user": "U0XCXA90A",
        "text": "He also befriended his own brother, but didn't tell said brother who he was or that he was back from the dead.",
        "ts": "1491231435.826746"
    },
    {
        "type": "message",
        "user": "U0XCXA90A",
        "text": "Randy Quaid was a sheriff trying to track down the car-murderer, until he decides that it's an unstoppable ghost-machine that will just stop of it's own accord once the gang members are wiped out. And he's OK with that.",
        "ts": "1491231495.845580"
    },
    {
        "type": "message",
        "user": "U0XCXA90A",
        "text": "One of the gang member's names was \"Skank\" and another was \"Gutterhead\".",
        "ts": "1491231542.859933"
    },
    {
        "type": "message",
        "user": "U0XCXA90A",
        "text": "It was amazing.",
        "ts": "1491231580.871773"
    },
    {
        "type": "message",
        "user": "U0XCXA90A",
        "text": "There was neon, and walls made entirely of those glass cubes, and ridiculous hair, and bad clothing choices and Charlie Sheen as a ghost-car murderer.",
        "ts": "1491231634.890624"
    },
    {
        "type": "message",
        "user": "U235A44S0",
        "text": "I remember and love that movie",
        "ts": "1491231719.918213"
    },
    {
        "type": "message",
        "user": "U0XCXA90A",
        "text": "It's called \"The Wraith\" and it's available for streaming (in HD no less!) from Amazon",
        "ts": "1491231753.928987"
    },
    {
        "type": "message",
        "user": "U0XCXA90A",
        "text": "As a child of the 80's, I have no idea how I missed this.",
        "ts": "1491231770.934127"
    },
    {
        "type": "message",
        "user": "U235A44S0",
        "text": "The Wraith! I LOVED this movie",
        "ts": "1491231793.940790"
    },
    {
        "type": "message",
        "user": "U235A44S0",
        "text": "That is one of my all time favorite movies",
        "ts": "1491231817.948290"
    },
    {
        "type": "message",
        "user": "U104Y4770",
        "text": "Watched Captain Fantastic. Recommend",
        "ts": "1491231828.951508"
    },
    {
        "type": "message",
        "user": "U0XCXA90A",
        "text": "Does it have ghost-cars?",
        "ts": "1491232019.008283"
    },
    {
        "type": "message",
        "user": "U235A44S0",
        "text": "No Ghost Cars != good movies to <@U0XCXA90A>",
        "ts": "1491232047.016486"
    },
    {
        "type": "message",
        "user": "U0XCXA90A",
        "text": "I'm not saying it's _required_ for a movie to be good, but it sure helps.",
        "ts": "1491232080.026262"
    },
    {
        "type": "message",
        "user": "U235A44S0",
        "text": "Agreed!",
        "ts": "1491232103.033308"
    },
    {
        "type": "message",
        "user": "U15LF2CTD",
        "text": "We watched some Netflix movie... about Death.  It was interesting...",
        "ts": "1491232161.050835"
    },
    {
        "type": "message",
        "user": "U15LF2CTD",
        "text": "Ooo and we finished up Legion for the season",
        "ts": "1491232174.054662"
    },
    {
        "type": "message",
        "user": "U235A44S0",
        "text": "I know this is not a movie, but started watching Iron Fist",
        "ts": "1491232198.061778"
    },
    {
        "type": "message",
        "user": "U235A44S0",
        "text": "I have the graphic novels and like Iron Fist a lot",
        "ts": "1491232212.065966"
    },
    {
        "type": "message",
        "user": "U0V949JCB",
        "text": "gah",
        "ts": "1491232217.067229"
    },
    {
        "type": "message",
        "user": "U0V949JCB",
        "text": "iron fist…",
        "ts": "1491232220.068301"
    },
    {
        "type": "message",
        "user": "U0V949JCB",
        "text": "so bad. :confused:",
        "ts": "1491232222.069222"
    },
    {
        "type": "message",
        "user": "U235A44S0",
        "text": "You think?",
        "ts": "1491232229.071149"
    },
    {
        "type": "message",
        "user": "U0V949JCB",
        "text": "mmhmm",
        "ts": "1491232232.071878"
    },
    {
        "type": "message",
        "user": "U0V949JCB",
        "text": "how far in are you?",
        "ts": "1491232241.074723"
    },
    {
        "type": "message",
        "user": "U235A44S0",
        "text": "I saw the reviews of it and I have to say, I actually like it",
        "ts": "1491232244.075561"
    },
    {
        "type": "message",
        "user": "U15LF2CTD",
        "text": "We have it on our watchlist",
        "ts": "1491232246.076457"
    },
    {
        "type": "message",
        "user": "U235A44S0",
        "text": "episode 7",
        "ts": "1491232249.077145"
    },
    {
        "type": "message",
        "user": "U0V949JCB",
        "text": "well you’ve made it pretty far i guess",
        "ts": "1491232258.079886"
    },
    {
        "type": "message",
        "user": "U235A44S0",
        "text": "It definitely started off slowly",
        "ts": "1491232272.083914"
    },
    {
        "type": "message",
        "user": "U0V949JCB",
        "text": "i just can’t do it. that guy does not know anything about martial arts, and it shows. and the dialogue is killing me",
        "ts": "1491232276.084938"
    },
    {
        "type": "message",
        "user": "U235A44S0",
        "text": "You think? I thought it was just his own unique fighting style",
        "ts": "1491232324.099661"
    },
    {
        "type": "message",
        "user": "U0V949JCB",
        "text": "nah, it’s pretty obvious he was trained with the same like ten moves.",
        "ts": "1491232342.104949"
    },
    {
        "type": "message",
        "user": "U0XCXA90A",
        "text": "I haven't watched it yet. It's on my list, but the reviews have put me off.",
        "ts": "1491232404.123433"
    },
    {
        "type": "message",
        "user": "U0V949JCB",
        "text": "i *was* really excited for it, but yeah i think the reviewers are pretty spot on for once",
        "ts": "1491232432.131751"
    },
    {
        "type": "message",
        "user": "U0V949JCB",
        "text": "but to each their own! maybe you would like it <@U0XCXA90A>",
        "ts": "1491232462.140707"
    },
    {
        "type": "message",
        "user": "U0V949JCB",
        "text": "i liked jessica jones more than most",
        "ts": "1491232480.146211",
        "reactions": [
            {
                "name": "+1",
                "users": [
                    "U15LF2CTD"
                ],
                "count": 1
            }
        ]
    },
    {
        "type": "message",
        "user": "U15LF2CTD",
        "text": "Yea, I really liked Jessica Jones.",
        "ts": "1491232504.153464",
        "reactions": [
            {
                "name": "+1::skin-tone-4",
                "users": [
                    "U0V949JCB"
                ],
                "count": 1
            }
        ]
    },
    {
        "type": "message",
        "user": "U235A44S0",
        "text": "I couldn't get into Jessica Jones so much. I do not watch a lot of tv any more",
        "ts": "1491232556.169123"
    },
    {
        "type": "message",
        "user": "U15LF2CTD",
        "text": "We watch less and less, though we still try.",
        "ts": "1491232617.187156"
    },
    {
        "type": "message",
        "user": "U15LF2CTD",
        "text": "I have one, maybe two hours in the evening where it's quiet enough to actually watch and listen to a show.",
        "ts": "1491232656.198604"
    },
    {
        "type": "message",
        "user": "U235A44S0",
        "text": "I don't have time in the evening. There is so much going on by the time I get home. We are usually outside enjoying the weather and walking, running, doing something with our Son",
        "ts": "1491232698.211079"
    },
    {
        "type": "message",
        "user": "U15LF2CTD",
        "text": "Yea, until the kiddo gets a little better at bed time, we will continue to have no time in the evenings.",
        "ts": "1491233559.468350"
    },
    {
        "type": "message",
        "user": "U235A44S0",
        "text": "This is true. Start now. If you don't, it only gets worse. I know this first hand",
        "edited": {
            "user": "U235A44S0",
            "ts": "1491234319.000000"
        },
        "ts": "1491234302.687277"
    },
    {
        "type": "message",
        "user": "U0EKK4BTP",
        "text": "*loved* Jessica Jones. David Tennant really stole the show.",
        "ts": "1491234412.719708"
    },
    {
        "type": "message",
        "user": "U0XCXA90A",
        "text": "He is good in everything",
        "ts": "1491234446.729492"
    },
    {
        "type": "message",
        "user": "U0XCXA90A",
        "text": "He was the best Doctor too.",
        "ts": "1491234459.733318"
    },
    {
        "type": "message",
        "user": "U0EKK4BTP",
        "text": "I’ve been ploughing through Iron Fist - it doesn’t deserve as much negative press as it’s gotten, but it’s definitely not great. Middle of the road for me.",
        "ts": "1491234472.737034"
    },
    {
        "type": "message",
        "user": "U0EKK4BTP",
        "text": "Completely agree, Tennant Doctor is Best Doctor.",
        "ts": "1491234484.740654",
        "reactions": [
            {
                "name": "+1::skin-tone-3",
                "users": [
                    "U0E96U52M"
                ],
                "count": 1
            }
        ]
    },
    {
        "type": "message",
        "user": "U0XCXA90A",
        "text": "I would have loved to see more John Hurt as the War Doctor though.",
        "ts": "1491234521.751660",
        "reactions": [
            {
                "name": "+1",
                "users": [
                    "U0EKK4BTP",
                    "U15LF2CTD"
                ],
                "count": 2
            }
        ]
    },
    {
        "type": "message",
        "user": "U0EKK4BTP",
        "text": "I enjoyed some of the Matt Smith episodes, but things have really gone of the rails in the last two seasons.",
        "ts": "1491234579.769022"
    },
    {
        "type": "message",
        "user": "U0XCXA90A",
        "text": "Yeah, he dead. :cry:",
        "edited": {
            "user": "U0XCXA90A",
            "ts": "1491234721.000000"
        },
        "ts": "1491234700.804372"
    },
    {
        "type": "message",
        "user": "U15LF2CTD",
        "text": "Rather...wish that were possible.",
        "ts": "1491234702.804724"
    },
    {
        "type": "message",
        "user": "U15LF2CTD",
        "text": "I do miss the David Tennant years, though.  I really loved Donna, though apparently she is not as popular with others as she was with me... But I thought they were so funny together.",
        "ts": "1491234770.824333"
    },
    {
        "type": "message",
        "user": "U0XCXA90A",
        "text": "It was nice to have a lady companion who was _not_ interested in boning the doctor. It was a good dynamic.",
        "ts": "1491234871.854590"
    },
    {
        "type": "message",
        "user": "U0XCXA90A",
        "text": "But I also found her to be kind of obnoxious sometimes.",
        "ts": "1491234891.860571"
    },
    {
        "type": "message",
        "user": "U15LF2CTD",
        "text": "I agree!",
        "ts": "1491234891.860692"
    },
    {
        "type": "message",
        "user": "U0XCXA90A",
        "text": "But yeah, she was funny. Plus, her dad was _the best_ companion ever.",
        "ts": "1491234917.868097"
    },
    {
        "type": "message",
        "user": "U15LF2CTD",
        "text": "Ohhh yesssss",
        "ts": "1491234926.871194"
    },
    {
        "type": "message",
        "user": "U0EKK4BTP",
        "text": "Pretty sure Hayley Atwell said she’d like to play the Doctor at some point. Might be the thing the series needs.",
        "ts": "1491235048.907462"
    },
    {
        "type": "message",
        "user": "U15LF2CTD",
        "text": "She did!",
        "ts": "1491235066.912639"
    },
    {
        "type": "message",
        "user": "U15LF2CTD",
        "text": "I'd love that",
        "ts": "1491235069.913385"
    },
    {
        "type": "message",
        "user": "U0XCXA90A",
        "text": "Yeah, that would be great! I was irritated Agent Carter got cancelled. She's wonderful.",
        "ts": "1491235385.010582"
    },
    {
        "type": "message",
        "user": "U15LF2CTD",
        "text": "I was too.  I liked the show.  I'm sad it did not do better.",
        "ts": "1491235524.050859"
    },
    {
        "type": "message",
        "user": "U235A44S0",
        "text": "<@U0XCXA90A> Really got me thinking about the movie _The Wraith_ today. I forgot how much I love that movie!",
        "ts": "1491263182.267168"
    },
    {
        "type": "message",
        "user": "U235A44S0",
        "text": "Need to watch that one again",
        "ts": "1491263188.267736"
    },
    {
        "type": "message",
        "user": "U104Y4770",
        "text": "<@U0EKK4BTP> ++ for <https:\/\/community.servicenow.com\/thread\/162837>",
        "attachments": [
            {
                "title": "XMLHelper with Namespaces | ServiceNow Community",
                "title_link": "https:\/\/community.servicenow.com\/thread\/162837",
                "text": "ServiceNow Level: Beginner Trying to parse a SOAP response and I have found all suggestions point to XMLDocument and XMLHelper but I see very little",
                "fallback": "XMLHelper with Namespaces | ServiceNow Community",
                "from_url": "https:\/\/community.servicenow.com\/thread\/162837",
                "service_icon": "https:\/\/community.servicenow.com\/8.0.4.21bdc7e\/themes\/servicenow\/img\/favicon.ico",
                "service_name": "community.servicenow.com",
                "id": 1
            }
        ],
        "ts": "1491263500.304305",
        "reactions": [
            {
                "name": "+1",
                "users": [
                    "U0EKK4BTP"
                ],
                "count": 1
            }
        ]
    },
    {
        "type": "message",
        "user": "U235A44S0",
        "text": "That is a helpful response",
        "ts": "1491263750.333049"
    },
    {
        "type": "message",
        "user": "U235A44S0",
        "text": "The Wraith is on Netflix. Know what I will be watching tonight",
        "ts": "1491263914.351833"
    }
]