[
    {
        "type": "message",
        "user": "U0V949JCB",
        "text": "Did we decide on a movie for the weekend?",
        "ts": "1485450504.000372"
    },
    {
        "type": "message",
        "user": "U0N4RBF7W",
        "text": "Trainspotting 2?",
        "ts": "1485450813.000373"
    },
    {
        "type": "message",
        "user": "U0V949JCB",
        "text": "Do we want to poll this time?",
        "ts": "1485451173.000374"
    },
    {
        "text": "*Do we want to poll?*\n\n:one: Yes\n:two: No\n",
        "username": "Simple Poll",
        "icons": {
            "image_48": "https:\/\/s3-us-west-2.amazonaws.com\/slack-files2\/bot_icons\/2016-02-22\/22554049730_48.png"
        },
        "bot_id": "B0VD5CXC5",
        "type": "message",
        "subtype": "bot_message",
        "ts": "1485451264.000375",
        "reactions": [
            {
                "name": "one",
                "users": [
                    "U0E88P8F8",
                    "U0N4RBF7W",
                    "U0XCXA90A",
                    "U15LF2CTD",
                    "U0V949JCB",
                    "U24FJ9P5W"
                ],
                "count": 6
            },
            {
                "name": "two",
                "users": [
                    "U0E88P8F8"
                ],
                "count": 1
            },
            {
                "name": "partyparrot",
                "users": [
                    "U0N4RBF7W",
                    "U0EKK4BTP",
                    "U15LF2CTD",
                    "U0V949JCB"
                ],
                "count": 4
            }
        ]
    },
    {
        "type": "message",
        "user": "U0V949JCB",
        "text": "may be headed to Alcatraz Island the first week of June. How many scenes from The Rock should I try and recreate? How many explosives can I rig up in that time?? :stuck_out_tongue:",
        "ts": "1485476956.000377"
    }
]