[
    {
        "type": "message",
        "user": "U0XCXA90A",
        "text": "All of them!",
        "ts": "1485527200.000378"
    },
    {
        "type": "message",
        "user": "U0XCXA90A",
        "text": "Steal a Lamborghini and drive it wildly across the city.",
        "ts": "1485527227.000379",
        "reactions": [
            {
                "name": "car",
                "users": [
                    "U235A44S0",
                    "U0V949JCB"
                ],
                "count": 2
            },
            {
                "name": "racing_car",
                "users": [
                    "U235A44S0"
                ],
                "count": 1
            },
            {
                "name": "police_car",
                "users": [
                    "U235A44S0"
                ],
                "count": 1
            },
            {
                "name": "oncoming_police_car",
                "users": [
                    "U235A44S0"
                ],
                "count": 1
            }
        ]
    },
    {
        "type": "message",
        "user": "U0V949JCB",
        "text": "yesssss",
        "ts": "1485529831.000380"
    },
    {
        "type": "message",
        "user": "U235A44S0",
        "text": "I think you can rent high end sports cars from certain rental car companies",
        "ts": "1485529910.000381"
    },
    {
        "type": "message",
        "user": "U235A44S0",
        "text": "Not sure how many of them have Lamborghini's available for rental though",
        "ts": "1485529927.000382"
    },
    {
        "type": "message",
        "user": "U0V949JCB",
        "text": "for rental and destroying....?",
        "ts": "1485531075.000383",
        "reactions": [
            {
                "name": "money_with_wings",
                "users": [
                    "U235A44S0"
                ],
                "count": 1
            },
            {
                "name": "fire",
                "users": [
                    "U235A44S0"
                ],
                "count": 1
            },
            {
                "name": "fire_engine",
                "users": [
                    "U235A44S0"
                ],
                "count": 1
            }
        ]
    },
    {
        "type": "message",
        "user": "U0V949JCB",
        "text": ":innocent:",
        "ts": "1485531083.000384"
    },
    {
        "type": "message",
        "user": "U235A44S0",
        "text": "That might come with a bit of a higher cost",
        "ts": "1485531089.000385"
    },
    {
        "type": "message",
        "user": "U1ALM3K24",
        "text": "When my Dad and I visited Vegas you could rent them there for $250\/hour",
        "ts": "1485531700.000386"
    },
    {
        "type": "message",
        "user": "U1ALM3K24",
        "text": "that included insurance",
        "ts": "1485531708.000387"
    },
    {
        "type": "message",
        "user": "U1ALM3K24",
        "text": "that was for a Ferrari 360 Modena",
        "ts": "1485531723.000388"
    },
    {
        "type": "message",
        "user": "U235A44S0",
        "text": "Oh, nice",
        "ts": "1485531835.000389"
    },
    {
        "type": "message",
        "user": "U235A44S0",
        "text": "If you are driving on the strip, you are basically, sitting in a very expensive car, going no where",
        "ts": "1485531859.000390"
    },
    {
        "type": "message",
        "user": "U1ALM3K24",
        "text": "true... unless you take it out in the :desert:",
        "ts": "1485531875.000391"
    },
    {
        "type": "message",
        "user": "U235A44S0",
        "text": "of course",
        "ts": "1485531882.000392"
    },
    {
        "type": "message",
        "user": "U1ALM3K24",
        "text": "or up in the mountains",
        "ts": "1485531883.000393"
    },
    {
        "type": "message",
        "user": "U1ALM3K24",
        "text": "so... go to the blackjack tables, win 1K, then toy around in your Ferrari",
        "ts": "1485531910.000394"
    },
    {
        "type": "message",
        "user": "U1ALM3K24",
        "text": "without dying!!!! &lt;-- *VERY IMPORTANT!*",
        "edited": {
            "user": "U1ALM3K24",
            "ts": "1485531949.000000"
        },
        "ts": "1485531929.000395"
    },
    {
        "type": "message",
        "user": "U235A44S0",
        "text": "agreed",
        "ts": "1485532099.000397"
    },
    {
        "type": "message",
        "user": "U0EKK4BTP",
        "text": "<https:\/\/www.reddit.com\/r\/Unexpected\/comments\/5qg2n0\/nice_prison_escape\/>",
        "attachments": [
            {
                "service_name": "reddit",
                "title": "Nice Prison Escape • \/r\/Unexpected",
                "title_link": "https:\/\/www.reddit.com\/r\/Unexpected\/comments\/5qg2n0\/nice_prison_escape\/",
                "text": "4697 points and 119 comments so far on reddit",
                "fallback": "reddit: Nice Prison Escape • \/r\/Unexpected",
                "thumb_url": "https:\/\/thumbs.gfycat.com\/HelpfulPlainBluejay-size_restricted.gif",
                "from_url": "https:\/\/www.reddit.com\/r\/Unexpected\/comments\/5qg2n0\/nice_prison_escape\/",
                "thumb_width": 500,
                "thumb_height": 290,
                "service_icon": "https:\/\/www.reddit.com\/favicon.ico",
                "id": 1
            }
        ],
        "ts": "1485535230.000398"
    },
    {
        "type": "message",
        "user": "U0EKK4BTP",
        "text": "Inspired by this Reddit post, “Top Secret!” is now high on my watch list.",
        "ts": "1485535231.000399",
        "reactions": [
            {
                "name": "+1",
                "users": [
                    "U0XCXA90A"
                ],
                "count": 1
            }
        ]
    }
]