[
    {
        "type": "message",
        "user": "U0N4RBF7W",
        "text": "John Wick 2 is less witty but still everything you want it to be, watched it last night.",
        "ts": "1487673150.561769"
    },
    {
        "type": "message",
        "user": "U0EKK4BTP",
        "text": "Glad to hear RE was as expected. I’m in the “have stuck through 15 years” category, so I’ll definitely watch.",
        "ts": "1487694919.470947"
    },
    {
        "type": "message",
        "user": "U0EKK4BTP",
        "text": "Very much looking forward to John Wick 2.",
        "ts": "1487694925.474259"
    },
    {
        "type": "message",
        "user": "U104Y4770",
        "text": "So there were so many people who told me John Wick was an awesome movie. When I got around to watching it, I was totally underwhelmed. I mean, it’s a good action movie but… I was expecting something amazing. I think I probably would have enjoyed it a lot more if people hadn’t built up my expectations so much",
        "ts": "1487695035.531751"
    },
    {
        "type": "message",
        "user": "U104Y4770",
        "text": "I probably should re-watch my my lowered expectations",
        "ts": "1487695051.542420"
    },
    {
        "type": "message",
        "user": "U0EKK4BTP",
        "text": "I loved John Wick, but agree that the hype was at ridiculous levels.",
        "ts": "1487695078.558479"
    },
    {
        "type": "message",
        "user": "U235A44S0",
        "text": "Yeah, I could see that",
        "ts": "1487695089.563534"
    },
    {
        "type": "message",
        "user": "U104Y4770",
        "text": "I think the only movie that ever let me down more based on hyped expectations was Napoleon Dynamite",
        "ts": "1487695182.610308"
    },
    {
        "type": "message",
        "user": "U235A44S0",
        "text": "I liked Napoleon Dynamite and loved it. Think I saw a sneak preview of it though",
        "ts": "1487695216.628940"
    },
    {
        "type": "message",
        "user": "U235A44S0",
        "text": "basically, I might have added to the hype about the movie",
        "ts": "1487695234.641479"
    },
    {
        "type": "message",
        "user": "U0V949JCB",
        "text": "I loved John Wick as well. i went into it with zero knowledge though, so that’s probably why i liked it so much. :slightly_smiling_face:",
        "ts": "1487695871.971580"
    },
    {
        "type": "message",
        "user": "U0EKK4BTP",
        "text": "Napolean Dynamite is such a weird movie. But I enjoyed it because I spent some time in Idaho (where this was filmed) when my brother was stationed at Mountain Home AFB.",
        "ts": "1487695940.006518"
    },
    {
        "type": "message",
        "user": "U0EKK4BTP",
        "text": "And not a bad characterization of life in Idaho :stuck_out_tongue:",
        "ts": "1487695974.026341"
    },
    {
        "type": "message",
        "user": "U0XCXA90A",
        "text": "I really dislike Napoleon Dynamite when I first watched it. But after I thought about it for a day I decided I actually liked it a lot.",
        "ts": "1487696118.109094"
    },
    {
        "type": "message",
        "user": "U104Y4770",
        "text": "Yeah, I don’t dislike it as a whole, I was just really let down based on expectations",
        "ts": "1487696135.120640"
    },
    {
        "type": "message",
        "user": "U0N4RBF7W",
        "text": "<@U104Y4770> it is just that, a good action movie. A very well choreographed one",
        "ts": "1487698117.287951"
    },
    {
        "type": "message",
        "user": "U0N4RBF7W",
        "text": "It's not the next James Bond series or anything",
        "ts": "1487698130.293761"
    },
    {
        "type": "message",
        "user": "U104Y4770",
        "text": "But even as far as an action series… I’d take the Fast and Furious franchise over John Wick",
        "ts": "1487698190.326238"
    },
    {
        "type": "message",
        "user": "U104Y4770",
        "text": "_ducks_",
        "ts": "1487698192.327007"
    },
    {
        "type": "message",
        "user": "U0EKK4BTP",
        "text": "apples and oranges",
        "ts": "1487698235.349451"
    },
    {
        "type": "message",
        "user": "U0N4RBF7W",
        "text": "Depends on what action movies you are into, this is very gun-fu meets Jiujitsu, very different style of action compared to F&amp;F series",
        "ts": "1487698250.356921"
    },
    {
        "type": "message",
        "user": "U0EKK4BTP",
        "text": "and I’m an F&amp;F fan (ignoring the few really bad ones)",
        "thread_ts": "1487698263.363217",
        "reply_count": 1,
        "replies": [
            {
                "user": "U0XCXA90A",
                "ts": "1487745250.040835"
            }
        ],
        "unread_count": 1,
        "ts": "1487698263.363217"
    },
    {
        "type": "message",
        "user": "U0N4RBF7W",
        "text": "Haha, mate I watched Tokyo Drift the other day, finally",
        "ts": "1487698276.369794"
    },
    {
        "type": "message",
        "user": "U0N4RBF7W",
        "text": "That film is SWEEEET",
        "ts": "1487698282.372769"
    },
    {
        "type": "message",
        "user": "U104Y4770",
        "text": "I’ve never watched Tokyo Drift and I refuse to",
        "ts": "1487698287.375879",
        "reactions": [
            {
                "name": "+1",
                "users": [
                    "U0EKK4BTP",
                    "U235A44S0"
                ],
                "count": 2
            }
        ]
    },
    {
        "type": "message",
        "user": "U0EKK4BTP",
        "text": "<@U0N4RBF7W> \/s ?",
        "ts": "1487698307.386666"
    },
    {
        "type": "message",
        "user": "U0N4RBF7W",
        "text": ":wink:",
        "ts": "1487698338.401958"
    },
    {
        "type": "message",
        "user": "U104Y4770",
        "text": "In high school physics I did a F&amp;F themed rube goldberg project… It was pretty much the high point of my life",
        "ts": "1487698363.415581"
    },
    {
        "type": "message",
        "user": "U0N4RBF7W",
        "text": "I fell asleep watching it, I got 30-40 minutes in I think",
        "ts": "1487698366.416919"
    },
    {
        "type": "message",
        "user": "U104Y4770",
        "text": "the last bit even had this",
        "ts": "1487698634.550692"
    },
    {
        "type": "message",
        "user": "U104Y4770",
        "text": "<http:\/\/www.etonline.com\/movies\/2015\/04\/24142434\/GIF_the_fast_and_furious_charger_flip.gif>",
        "attachments": [
            {
                "fallback": "640x250px image",
                "image_url": "http:\/\/www.etonline.com\/movies\/2015\/04\/24142434\/GIF_the_fast_and_furious_charger_flip.gif",
                "image_width": 640,
                "image_height": 250,
                "image_bytes": 3201496,
                "is_animated": true,
                "from_url": "http:\/\/www.etonline.com\/movies\/2015\/04\/24142434\/GIF_the_fast_and_furious_charger_flip.gif",
                "id": 1
            }
        ],
        "ts": "1487698634.550899"
    },
    {
        "type": "message",
        "user": "U0EKK4BTP",
        "text": "hah, that’s awesome",
        "ts": "1487698709.593361"
    },
    {
        "type": "message",
        "user": "U0EKK4BTP",
        "text": "Only tangentially related, I saw Central Intelligence (was on HBO) this weekend, and it was surprisingly watchable.",
        "ts": "1487698836.657068"
    },
    {
        "type": "message",
        "user": "U0V9PD50R",
        "text": "is that the one with the Rock <@U0EKK4BTP>?",
        "ts": "1487701502.987755"
    },
    {
        "type": "message",
        "user": "U0EKK4BTP",
        "text": "Yep",
        "ts": "1487701512.992335"
    },
    {
        "type": "message",
        "user": "U0V9PD50R",
        "text": "i watched that...it was ok (yeah lowercase ok as apposed to an uppercase OK, which is better...lol)",
        "ts": "1487701555.014305"
    },
    {
        "type": "message",
        "user": "U0EKK4BTP",
        "text": "I was expecting something terrible, so I was pleasantly surprised. Certainly won’t win any awards, though.",
        "ts": "1487702480.505822"
    },
    {
        "type": "message",
        "user": "U0XCXA90A",
        "text": "<@U0EKK4BTP> No such thing. Each one is a masterpiece unto itself. Even Fast and 4ious.",
        "thread_ts": "1487698263.363217",
        "parent_user_id": "U0EKK4BTP",
        "ts": "1487745250.040835"
    }
]