[
    {
        "type": "message",
        "user": "U1ALM3K24",
        "text": "Let's see, we have a list of movies. Step 1, done.",
        "ts": "1485180794.000190"
    },
    {
        "type": "message",
        "user": "U1ALM3K24",
        "text": "Oh and I did watch The Rock this weekend - I forgot how much I enjoyed this movie.",
        "ts": "1485180814.000191"
    },
    {
        "type": "message",
        "user": "U0XCXA90A",
        "text": "I want to hear <@U0V949JCB>’s take, since she had never seen it. It’s like interviewing a visitor to the Louvre who was previously unaware of the existence of the Mona Lisa.",
        "ts": "1485182351.000192",
        "reactions": [
            {
                "name": "100",
                "users": [
                    "U104Y4770"
                ],
                "count": 1
            }
        ]
    },
    {
        "type": "message",
        "user": "U0V949JCB",
        "text": "I like when Nic cage said he would do his best, and Sean Connery said ‘losers always whine about their best. Winners go home and f*ck the prom queen’.  Nic says: Carla WAS the prom queen.",
        "edited": {
            "user": "U0V949JCB",
            "ts": "1485185561.000000"
        },
        "ts": "1485185493.000193"
    },
    {
        "type": "message",
        "user": "U0V949JCB",
        "text": "My heart did a little dance for all of the nerds out there.",
        "ts": "1485185503.000194"
    },
    {
        "type": "message",
        "user": "U0V949JCB",
        "text": "my quick write up for a first time viewer is i loved it haha. what a great movie.",
        "ts": "1485185536.000195"
    },
    {
        "type": "message",
        "user": "U0XCXA90A",
        "text": "It _was_ a great movie!",
        "ts": "1485185966.000197"
    },
    {
        "type": "message",
        "user": "U0V9PD50R",
        "text": "i watched Storks instead...and that was actually pretty funny...",
        "ts": "1485187076.000198"
    },
    {
        "type": "message",
        "user": "U235A44S0",
        "text": "Storks was a good movie",
        "ts": "1485187103.000199"
    },
    {
        "type": "message",
        "user": "U0N4RBF7W",
        "text": "Storks was hilarious, more-so than I ever expected",
        "ts": "1485187523.000200"
    },
    {
        "type": "message",
        "user": "U0N4RBF7W",
        "text": "I thought it might be a \"all jokes in the trailer\" film but that expectation was blown out the water",
        "ts": "1485187558.000201"
    },
    {
        "type": "message",
        "user": "U0V9PD50R",
        "text": "^^^THIS",
        "ts": "1485187578.000202"
    },
    {
        "type": "message",
        "user": "U0V9PD50R",
        "text": "wolf pack - form of....broken heart....",
        "ts": "1485187596.000203"
    },
    {
        "type": "message",
        "user": "U0N4RBF7W",
        "text": "In fact! The jokes in the trailer were funnier in the context",
        "ts": "1485187598.000204"
    },
    {
        "type": "message",
        "user": "U104Y4770",
        "text": "Didn’t end up watching The Rock this weekend. Did take my son to see Moana",
        "ts": "1485193143.000205"
    },
    {
        "type": "message",
        "user": "U0XCXA90A",
        "text": "It couldn’t have been nearly as good.",
        "ts": "1485193312.000206"
    },
    {
        "type": "message",
        "user": "U235A44S0",
        "text": "Didn't watch The Rock this weekend either. Went to see XXX: The Return of Xander Cage. I thought it was good. My Wife and I realized we should have gone to see Hidden Figures instead",
        "ts": "1485193529.000207"
    },
    {
        "type": "message",
        "user": "U0XCXA90A",
        "text": "Ha! That sums up pretty much all of Western civilization right now.",
        "ts": "1485193619.000208"
    },
    {
        "type": "message",
        "user": "U235A44S0",
        "text": "heh",
        "ts": "1485193627.000209"
    },
    {
        "type": "message",
        "user": "U235A44S0",
        "text": "woulda shoulda coulda. Life is full of disappointments. Either take it as a learning experience or you will never grow.",
        "ts": "1485193665.000210"
    },
    {
        "type": "message",
        "user": "U0XCXA90A",
        "text": "Dude, never feel bad about watching a Vin Diesel movie. That’s my motto.",
        "ts": "1485193731.000211",
        "reactions": [
            {
                "name": "100",
                "users": [
                    "U104Y4770"
                ],
                "count": 1
            }
        ]
    },
    {
        "type": "message",
        "user": "U235A44S0",
        "text": "That is the way my Wife feels. I love Vin Diesel",
        "ts": "1485193747.000212"
    },
    {
        "type": "message",
        "user": "U235A44S0",
        "text": "Pitch Black is my favorite of his movies",
        "ts": "1485193761.000213"
    },
    {
        "type": "message",
        "user": "U0XCXA90A",
        "text": "Pitch Black is a great movie. Tightly plotted, no wasted scenes, a compelling story, classic anti-hero redemption arc.",
        "ts": "1485193823.000214"
    },
    {
        "type": "message",
        "user": "U235A44S0",
        "text": "Agreed",
        "ts": "1485193935.000215"
    },
    {
        "type": "message",
        "user": "U0V949JCB",
        "text": "am i the only one that watched The Rock this weekend? haha",
        "ts": "1485195214.000216"
    },
    {
        "type": "message",
        "user": "U0XCXA90A",
        "text": "I watch The Rock every day… in my heart",
        "ts": "1485195360.000217"
    },
    {
        "type": "message",
        "user": "U104Y4770",
        "text": "You were the only one that hadn’t seen it",
        "ts": "1485195403.000218"
    },
    {
        "type": "message",
        "user": "U0XCXA90A",
        "text": "But now we can talk about it!",
        "ts": "1485195471.000219"
    },
    {
        "type": "message",
        "user": "U0XCXA90A",
        "text": "I’d take pleasure in guttin’ you, boy!",
        "ts": "1485195485.000220"
    },
    {
        "type": "message",
        "user": "U0XCXA90A",
        "text": "Why was there a tunnel with gouts of flame? _Why was that a thing?!?_",
        "ts": "1485195539.000221"
    },
    {
        "type": "message",
        "user": "U0XCXA90A",
        "text": "Vaporized? Body kill? _Vaporized?!?_",
        "ts": "1485195625.000222"
    },
    {
        "type": "message",
        "user": "U0XCXA90A",
        "text": "Is body-kill some technical term, or did they make it up for that one scene?",
        "ts": "1485195629.000223"
    },
    {
        "type": "message",
        "user": "U0XCXA90A",
        "text": "Why didn’t the army just agree that they were being total dicks to their vets and say “Yeah, we’ll give them benefits?”. It would have cost less than a crazy seal-team raid. And do you know how much napalm bombs cost? I don’t either, but I bet it’s freaking expensive.",
        "ts": "1485195701.000224"
    },
    {
        "type": "message",
        "user": "U0XCXA90A",
        "text": "I love this movies, but I have _so many questions_. I want to be best friends with Michael bay so I can get him to tell me the secrets.",
        "ts": "1485195727.000225"
    },
    {
        "type": "message",
        "user": "U0V949JCB",
        "text": "It’s Sundance time here in Utah, maybe he’s here, maybe I can get up there and get him to spill some secrets for you haha.",
        "ts": "1485197470.000226"
    },
    {
        "type": "message",
        "user": "U0V949JCB",
        "text": "Was I really the only one who had been missing out this whole time?? sheesh.",
        "ts": "1485197549.000227"
    },
    {
        "type": "message",
        "user": "U0N4RBF7W",
        "text": "<@U104Y4770> what did you think of Moana?",
        "edited": {
            "user": "U0N4RBF7W",
            "ts": "1485198091.000000"
        },
        "ts": "1485198082.000228"
    },
    {
        "type": "message",
        "user": "U0N4RBF7W",
        "text": "And where do you stand with Disney film?",
        "ts": "1485198106.000230"
    },
    {
        "type": "message",
        "user": "U104Y4770",
        "text": "Well, it was Disney\/Pixar, so… it was good",
        "ts": "1485198114.000231"
    },
    {
        "type": "message",
        "user": "U0N4RBF7W",
        "text": ":D",
        "ts": "1485198147.000232"
    },
    {
        "type": "message",
        "user": "U104Y4770",
        "text": "but not the best as far as Disney\/Pixar goes",
        "ts": "1485198205.000233"
    },
    {
        "type": "message",
        "user": "U104Y4770",
        "text": "My son got really excited when the showed the preview for Cars 3",
        "ts": "1485198235.000234"
    },
    {
        "type": "message",
        "user": "U0XCXA90A",
        "text": "That honor goes to Toy Story 3",
        "ts": "1485198241.000235"
    },
    {
        "type": "message",
        "user": "U0N4RBF7W",
        "text": "For best Pixar?",
        "ts": "1485198253.000236"
    },
    {
        "type": "message",
        "user": "U0N4RBF7W",
        "text": "Little too human for a Toy Story film, haha",
        "ts": "1485198265.000237"
    },
    {
        "type": "message",
        "user": "U0XCXA90A",
        "text": "It has this one perfect, dark moment that totally makes the film.",
        "ts": "1485198298.000238"
    },
    {
        "type": "message",
        "user": "U104Y4770",
        "text": "how is it possible that Toy Story is over 21 years old?",
        "ts": "1485198321.000239"
    },
    {
        "type": "message",
        "user": "U104Y4770",
        "text": "everyone’s favorite Pixar film? aaaand GO",
        "ts": "1485198390.000240"
    },
    {
        "type": "message",
        "user": "U0XCXA90A",
        "text": "When the toys are being fed to the incinerator, and they are struggling to climb the trash heap. They keep getting knocked back. And one by one they realize the struggle is hopeless. They link arms and just accept the inevitability of death, and decide to stop struggling and just face it together. It’s the sort fo thing you don’t see in children’s movies anymore.",
        "edited": {
            "user": "U0XCXA90A",
            "ts": "1485198432.000000"
        },
        "ts": "1485198414.000241"
    },
    {
        "type": "message",
        "user": "U235A44S0",
        "text": "WALL-E was a very good one. My Son started watching that when he was around 1 and we had it on his tablet for a looooong time. He just turned 4 and we watched Inside Out again. For him, He was vaguely interested in Inside Out and seemed to like it the first time. Subsequent times he said it was too scary. We watched it just recently, he and I together for a Dad and Son movie night. I would stop and explain things to him about emotions and why he does some of the things he does and why Mom and Dad act they way that we do. He got a lot out of that night and was a very good bonding moment.",
        "ts": "1485198862.000243"
    },
    {
        "type": "message",
        "user": "U0XCXA90A",
        "text": "I actually haven’t seen Inside Out yet",
        "ts": "1485198913.000244"
    },
    {
        "type": "message",
        "user": "U104Y4770",
        "text": "Inside Out is great",
        "ts": "1485198925.000245"
    },
    {
        "type": "message",
        "user": "U104Y4770",
        "text": "Disney makes short audio books of all the movies. My son always wants to listen to them in the car. I’ve probably heard inside out like 50 times already",
        "edited": {
            "user": "U104Y4770",
            "ts": "1485198964.000000"
        },
        "ts": "1485198961.000246"
    },
    {
        "type": "message",
        "user": "U235A44S0",
        "text": "We have the Blu-Ray and the special features are amazing. They talk about how they originally were going to have A LOT of emotions, but, just went 5.",
        "ts": "1485198970.000248"
    },
    {
        "type": "message",
        "user": "U235A44S0",
        "text": "I did not know that",
        "ts": "1485198980.000249"
    },
    {
        "type": "message",
        "user": "U235A44S0",
        "text": "Joy, Sadness, Fear, Anger, and Disgust",
        "ts": "1485199038.000250"
    },
    {
        "type": "message",
        "user": "U0V949JCB",
        "text": "I haven’t seen Inside Out.",
        "ts": "1485199098.000251"
    },
    {
        "type": "message",
        "user": "U0V949JCB",
        "text": "I love Wall E and Toy Story. Man oh man I cried in the theater when I watched Toy Story 3",
        "ts": "1485199126.000252"
    },
    {
        "type": "message",
        "user": "U104Y4770",
        "text": "do you even watch movies?",
        "ts": "1485199127.000253"
    },
    {
        "type": "message",
        "user": "U0V949JCB",
        "text": "haha sometimes…",
        "ts": "1485199144.000254"
    },
    {
        "type": "message",
        "user": "U104Y4770",
        "text": "I think Ratatouille might be my favorite",
        "ts": "1485199164.000255"
    },
    {
        "type": "message",
        "user": "U0V949JCB",
        "text": "that IS a good one",
        "ts": "1485199180.000256"
    },
    {
        "type": "message",
        "user": "U235A44S0",
        "text": "My Son and I just watched Up",
        "ts": "1485199198.000257"
    },
    {
        "type": "message",
        "user": "U0V949JCB",
        "text": "I liked The Incredibles. and A Bug’s Life. Those may be tied for first place for me.",
        "ts": "1485199237.000258"
    },
    {
        "type": "message",
        "user": "U235A44S0",
        "text": "The Incredibles is a good one",
        "ts": "1485199262.000259"
    },
    {
        "type": "message",
        "user": "U0XCXA90A",
        "text": "The Incredibles is probably my favorite, actually. All around great, feel-good movie.",
        "ts": "1485199375.000260"
    },
    {
        "type": "message",
        "user": "U0XCXA90A",
        "text": "In Ratatouille, the health inspector is made out to be some sort of bad guy because he shuts down a rat-filled kitchen. Seems to me he’s the hero.",
        "ts": "1485199452.000261"
    },
    {
        "type": "message",
        "user": "U104Y4770",
        "text": "but they’re cute, loveable rats",
        "ts": "1485199605.000262"
    },
    {
        "type": "message",
        "user": "U0XCXA90A",
        "text": "You see that rat in the sewers repeatedly, and in the shower 0 times, if I recall correctly.",
        "ts": "1485199656.000263"
    },
    {
        "type": "message",
        "user": "U0XCXA90A",
        "text": "I might be wrong.",
        "ts": "1485199666.000264"
    },
    {
        "type": "message",
        "user": "U104Y4770",
        "text": "Speaking of great feel-good movies and movies about food… Chef is a must see",
        "ts": "1485199669.000265"
    },
    {
        "type": "message",
        "user": "U0XCXA90A",
        "text": "Another one in a similar vein is Burnt, but it is a bit more drama\/grown-up.",
        "ts": "1485199713.000266"
    },
    {
        "type": "message",
        "user": "U104Y4770",
        "text": "I have not seen",
        "ts": "1485199731.000267"
    },
    {
        "type": "message",
        "user": "U104Y4770",
        "text": "and I like Bradley Cooper",
        "ts": "1485199736.000268"
    },
    {
        "type": "message",
        "user": "U1ALM3K24",
        "text": "What are everyone's thoughts on Crash?",
        "ts": "1485200156.000269"
    },
    {
        "type": "message",
        "user": "U104Y4770",
        "text": "Good movie. Hard to watch",
        "ts": "1485200166.000270"
    },
    {
        "type": "message",
        "user": "U0V949JCB",
        "text": "I love Crash.",
        "ts": "1485200176.000271"
    },
    {
        "type": "message",
        "user": "U1ALM3K24",
        "text": "I thought the way the writers intertwined those stories was genius! It's not a pixar film for sure",
        "ts": "1485200197.000272"
    },
    {
        "type": "message",
        "user": "U0V949JCB",
        "text": "It is hard to watch though for sure. That’s part of the reason why I love it. When a movie can get under your skin like that I know that the writing is well done.",
        "ts": "1485200241.000273"
    },
    {
        "type": "message",
        "user": "U0V949JCB",
        "text": "Ha yeah definitely not a pixar film..",
        "ts": "1485200249.000274"
    },
    {
        "type": "message",
        "user": "U104Y4770",
        "text": "Speaking of hard to watch… how about Requiem for a Dream",
        "ts": "1485200263.000275"
    },
    {
        "type": "message",
        "user": "U0XCXA90A",
        "text": "Haven’t seen Crash",
        "ts": "1485200282.000276"
    },
    {
        "type": "message",
        "user": "U0V949JCB",
        "text": "Requiem for a Dream is great",
        "ts": "1485200463.000277"
    },
    {
        "type": "message",
        "user": "U0V949JCB",
        "text": "good soundtrack too.",
        "ts": "1485200470.000278"
    },
    {
        "type": "message",
        "user": "U0V949JCB",
        "text": "Right up there among my top… 20. I find my top ten shuffles around a lot.",
        "ts": "1485200485.000279"
    },
    {
        "type": "message",
        "user": "U104Y4770",
        "text": "Back in the day, if someone came over to my house and hadn’t seen Requiem for a Dream, I’d make them watch it. And then every time I’d be like “why did I just do that?\"",
        "ts": "1485200685.000280"
    },
    {
        "user": "U15LF2CTD",
        "text": "<@U15LF2CTD|pduff> has joined the channel",
        "type": "message",
        "subtype": "channel_join",
        "ts": "1485201440.000281"
    },
    {
        "type": "message",
        "user": "U104Y4770",
        "text": "<@U15LF2CTD> Two important questions:\n1. How do you feel about The Rock (the movie, not Duwayne)\n2. What is your favorite Pixar movie",
        "edited": {
            "user": "U104Y4770",
            "ts": "1485201779.000000"
        },
        "ts": "1485201769.000282"
    },
    {
        "type": "message",
        "user": "U15LF2CTD",
        "text": "1. Not bad, I'm usually a fan of Sean Connery (mostly it's the accent and \"cool guy vibe\" he always had in his movies).  So if it's on I'll watch it, but I wouldn't go hunt it down.    2.  Brave...",
        "ts": "1485201870.000284"
    },
    {
        "type": "message",
        "user": "U15LF2CTD",
        "text": "Though Wall-E is a close second",
        "ts": "1485201885.000285"
    },
    {
        "type": "message",
        "user": "U104Y4770",
        "text": "Not sure how I feel about The Rock getting a rating of “not bad” but… you can stay",
        "ts": "1485202054.000286"
    },
    {
        "type": "message",
        "user": "U15LF2CTD",
        "text": "I'm usually a fan of kids movies or fantasy or sci fi movies... so, it's just not really my type of movie.",
        "ts": "1485202092.000287"
    },
    {
        "type": "message",
        "user": "U104Y4770",
        "text": "How do you feel about Mr. Magorium’s Wonder Emporium?",
        "ts": "1485202122.000288"
    },
    {
        "type": "message",
        "user": "U15LF2CTD",
        "text": "You know, I didn't actually watch that one!",
        "ts": "1485202189.000289"
    },
    {
        "type": "message",
        "user": "U104Y4770",
        "text": "that’s a shame",
        "ts": "1485202198.000290"
    },
    {
        "type": "message",
        "user": "U15LF2CTD",
        "text": "Trying to think back to that period in my life, I'm sure there's a reason why.",
        "ts": "1485202207.000291"
    },
    {
        "type": "message",
        "user": "U0XCXA90A",
        "text": "It wasn’t bad. Natalie Portman and Dustin Hoffman make a surprisingly good team.",
        "ts": "1485205120.000292"
    },
    {
        "type": "message",
        "user": "U235A44S0",
        "text": "I liked Mr. Magorium’s Wonder Emporium",
        "ts": "1485205235.000293"
    },
    {
        "type": "message",
        "user": "U0XCXA90A",
        "text": "It’s like they took that 2-minute part of Home Alone 2 that was any good, and turned it into it’s own movie.",
        "ts": "1485205286.000294"
    },
    {
        "type": "message",
        "user": "U104Y4770",
        "text": "That would be a good description if it weren’t for the fact that _all_ of Home Alone 2 was good",
        "ts": "1485205405.000295"
    },
    {
        "type": "message",
        "user": "U235A44S0",
        "text": "I liked the first one better",
        "ts": "1485205436.000296"
    },
    {
        "type": "message",
        "user": "U235A44S0",
        "text": "2 was, ok, not as good as #1",
        "ts": "1485205446.000297"
    },
    {
        "type": "message",
        "user": "U235A44S0",
        "text": "varying opinions",
        "ts": "1485205461.000298"
    },
    {
        "type": "message",
        "user": "U235A44S0",
        "text": "I forgot that Donald Trump was in Home Alone 2 as the owner of the Plaza Hotel",
        "ts": "1485205502.000299"
    },
    {
        "type": "message",
        "user": "U0XCXA90A",
        "text": "I think he was just a guest.",
        "ts": "1485205575.000300"
    },
    {
        "type": "message",
        "user": "U235A44S0",
        "text": "perhaps. I cannot remember. Haven't seen that movie in a long time",
        "ts": "1485205644.000301"
    },
    {
        "type": "message",
        "user": "U0N4RBF7W",
        "text": "<@U104Y4770> late to the party but Big Hero 6",
        "ts": "1485213629.000302"
    },
    {
        "type": "message",
        "user": "U0N4RBF7W",
        "text": "hands down",
        "ts": "1485213632.000303"
    },
    {
        "type": "message",
        "user": "U0N4RBF7W",
        "text": "Oh, apparently that's Disney",
        "ts": "1485213674.000304"
    },
    {
        "type": "message",
        "user": "U0N4RBF7W",
        "text": "Toy Story then",
        "ts": "1485213745.000305"
    },
    {
        "type": "message",
        "user": "U104Y4770",
        "text": "I still haven’t seen big hero 6",
        "ts": "1485213822.000306"
    },
    {
        "type": "message",
        "user": "U0N4RBF7W",
        "text": "Very good, in my opinion",
        "ts": "1485213845.000307"
    },
    {
        "type": "message",
        "user": "U0N4RBF7W",
        "text": "Bit of an unsung hero in the UK",
        "ts": "1485213857.000308"
    },
    {
        "type": "message",
        "user": "U104Y4770",
        "text": "no pun intended of course",
        "ts": "1485214215.000309"
    },
    {
        "type": "message",
        "user": "U0N4RBF7W",
        "text": "Haha, totally unintentional",
        "ts": "1485214385.000310"
    },
    {
        "user": "U0EKK4BTP",
        "text": "<@U0EKK4BTP|josh> has joined the channel",
        "type": "message",
        "subtype": "channel_join",
        "ts": "1485216240.000311"
    },
    {
        "type": "message",
        "user": "U104Y4770",
        "text": "<@U0EKK4BTP> \n1. How do you feel about The Rock (the movie, not Duwayne)\n2. What’s your favorite Pixar movie?",
        "ts": "1485216782.000312"
    },
    {
        "type": "message",
        "user": "U0EKK4BTP",
        "text": "1: I feel love",
        "ts": "1485217175.000313",
        "reactions": [
            {
                "name": "star",
                "users": [
                    "U104Y4770"
                ],
                "count": 1
            }
        ]
    },
    {
        "type": "message",
        "user": "U0EKK4BTP",
        "text": "2: Has to be a tie between Monsters, Inc. and The Incredibles",
        "ts": "1485217212.000314"
    }
]