[
    {
        "type": "message",
        "subtype": "file_share",
        "text": "<@U3857M3T9|nick025> uploaded a file: <https:\/\/sndevs.slack.com\/files\/nick025\/F4K8SVB19\/vid-20170316-wa0001.mp4|Piper> and commented: This movie, Piper, has won an Oscar for the best animated short film.. The duration of this video is only 6 minutes but the director took 3 years to picturise.",
        "file": {
            "id": "F4K8SVB19",
            "created": 1489674944,
            "timestamp": 1489674944,
            "name": "VID-20170316-WA0001.mp4",
            "title": "Piper",
            "mimetype": "video\/mp4",
            "filetype": "mp4",
            "pretty_type": "MPEG 4 Video",
            "user": "U3857M3T9",
            "editable": false,
            "size": 14871507,
            "mode": "hosted",
            "is_external": false,
            "external_type": "",
            "is_public": true,
            "public_url_shared": false,
            "display_as_bot": false,
            "username": "",
            "url_private": "https:\/\/files.slack.com\/files-pri\/T0E2AD6AY-F4K8SVB19\/vid-20170316-wa0001.mp4?t=xoxe-14078448372-167243557781-166475819265-182f5ebf49",
            "url_private_download": "https:\/\/files.slack.com\/files-pri\/T0E2AD6AY-F4K8SVB19\/download\/vid-20170316-wa0001.mp4?t=xoxe-14078448372-167243557781-166475819265-182f5ebf49",
            "permalink": "https:\/\/sndevs.slack.com\/files\/nick025\/F4K8SVB19\/vid-20170316-wa0001.mp4",
            "permalink_public": "https:\/\/slack-files.com\/T0E2AD6AY-F4K8SVB19-de1d48c6bc",
            "channels": [
                "C3TVA5JRK"
            ],
            "groups": [],
            "ims": [],
            "comments_count": 1,
            "initial_comment": {
                "id": "Fc4KDEG0SZ",
                "created": 1489674944,
                "timestamp": 1489674944,
                "user": "U3857M3T9",
                "is_intro": true,
                "comment": "This movie, Piper, has won an Oscar for the best animated short film.. The duration of this video is only 6 minutes but the director took 3 years to picturise.",
                "channel": ""
            }
        },
        "user": "U3857M3T9",
        "upload": true,
        "display_as_bot": false,
        "username": "nick025",
        "bot_id": null,
        "ts": "1489674946.327153"
    },
    {
        "type": "message",
        "user": "U235A44S0",
        "text": "That was a good short film",
        "edited": {
            "user": "U235A44S0",
            "ts": "1489675040.000000"
        },
        "ts": "1489675034.353403"
    },
    {
        "type": "message",
        "user": "U0N4RBF7W",
        "text": "saw this with some film, made me laugh",
        "ts": "1489675126.380527"
    },
    {
        "type": "message",
        "user": "U0N4RBF7W",
        "text": "I think it was before... Stalks?",
        "ts": "1489675138.383889"
    },
    {
        "type": "message",
        "user": "U235A44S0",
        "text": "Storks?",
        "ts": "1489675189.399037"
    },
    {
        "type": "message",
        "user": "U235A44S0",
        "text": "Never heard of Stalks",
        "ts": "1489675207.404553"
    },
    {
        "type": "message",
        "user": "U0N4RBF7W",
        "text": "Storks",
        "ts": "1489675227.411053"
    },
    {
        "type": "message",
        "user": "U0N4RBF7W",
        "text": "Yeah",
        "ts": "1489675231.412228"
    },
    {
        "type": "message",
        "user": "U0N4RBF7W",
        "text": "Or was it before Kubo and the Two Strings... I watched both rather close to each other",
        "ts": "1489675267.423188"
    },
    {
        "type": "message",
        "user": "U235A44S0",
        "text": "Have not seen Kubo yet. My Son wants to see that one",
        "ts": "1489675379.457401"
    },
    {
        "type": "message",
        "user": "U235A44S0",
        "text": "Well, so do I, tbh",
        "ts": "1489675386.459724"
    },
    {
        "type": "message",
        "user": "U0XCXA90A",
        "text": "it’s good",
        "ts": "1489675458.481374"
    },
    {
        "type": "message",
        "user": "U0N4RBF7W",
        "text": "Very good, it went relatively unnoticed and a damn shame too",
        "ts": "1489675458.481443"
    },
    {
        "type": "message",
        "user": "U0XCXA90A",
        "text": "bashes you over the head a bit with the emotional moments, but it’s good.",
        "ts": "1489675486.489999"
    },
    {
        "type": "message",
        "user": "U235A44S0",
        "text": "I noticed it. It was just at the same time other movies came out that I thought I wanted to see more thant that one",
        "ts": "1489675493.492172"
    },
    {
        "type": "message",
        "user": "U0XCXA90A",
        "text": "Also, the motivation of the bad guys is a bit nonsensical.",
        "ts": "1489675500.494392"
    },
    {
        "type": "message",
        "user": "U0N4RBF7W",
        "text": "For Kubo? Yeah, but I let that slide",
        "ts": "1489675512.497779"
    },
    {
        "type": "message",
        "user": "U0XCXA90A",
        "text": "Yeah. Still, I liked it a lot.",
        "ts": "1489675529.503174"
    },
    {
        "type": "message",
        "user": "U0N4RBF7W",
        "text": "Story-telling was good, animations, soundtrack, general script were good",
        "ts": "1489675565.513575"
    },
    {
        "type": "message",
        "user": "U0N4RBF7W",
        "text": "Humour was there",
        "ts": "1489675568.514401"
    }
]