[
    {
        "type": "message",
        "user": "U0XCXA90A",
        "text": "<@U15LF2CTD> you're missing out!",
        "ts": "1491403771.261042"
    },
    {
        "type": "message",
        "user": "U0XCXA90A",
        "text": "It's one of Val Kilmer's best roles.",
        "ts": "1491403781.264161"
    },
    {
        "type": "message",
        "user": "U0XCXA90A",
        "text": "(Not Willow, obviously, but Mad Mardigan)",
        "ts": "1491403798.269286"
    },
    {
        "type": "message",
        "user": "U15LF2CTD",
        "text": "Yea... I mean, it's the type of movie that's right up my alley... but I just never watched it.",
        "ts": "1491403838.281962"
    },
    {
        "type": "message",
        "user": "U0XCXA90A",
        "text": "When you eventually have some free time, I recommend giving it a look. It's probably on Netflix or Amazon. I love this movie.",
        "ts": "1491403944.315203"
    },
    {
        "type": "message",
        "user": "U15LF2CTD",
        "text": "Yea, I'll add it to my watchlist",
        "ts": "1491403980.326166"
    },
    {
        "type": "message",
        "user": "U15LF2CTD",
        "text": "I mean, we plan on making... I mean... letting... the kiddo watch all the cool movies when he gets a bit older.",
        "ts": "1491404012.335854"
    },
    {
        "type": "message",
        "user": "U0XCXA90A",
        "text": "Like that guy who made his kid play the old video games before playing new ones?",
        "ts": "1491404203.395858"
    },
    {
        "type": "message",
        "user": "U15LF2CTD",
        "text": "Ohh I haven't heard of that.",
        "ts": "1491404212.398771"
    },
    {
        "type": "message",
        "user": "U15LF2CTD",
        "text": "But it's not like they know any better as kids!",
        "ts": "1491404218.400666"
    },
    {
        "type": "message",
        "user": "U0XCXA90A",
        "text": "<https:\/\/medium.com\/message\/playing-with-my-son-e5226ff0a7c3>",
        "attachments": [
            {
                "service_name": "Medium",
                "title": "Playing With My Son – The Message – Medium",
                "title_link": "https:\/\/medium.com\/message\/playing-with-my-son-e5226ff0a7c3",
                "text": "An experiment in forced nostalgia and questionable parenting",
                "fallback": "Medium: Playing With My Son – The Message – Medium",
                "image_url": "https:\/\/cdn-images-1.medium.com\/max\/1200\/1*Z-RC-ZvY_kiqn5bNdWFoPg.jpeg",
                "fields": [
                    {
                        "title": "Reading time",
                        "value": "7 min read",
                        "short": true
                    }
                ],
                "ts": 1418148532,
                "from_url": "https:\/\/medium.com\/message\/playing-with-my-son-e5226ff0a7c3",
                "image_width": 242,
                "image_height": 250,
                "image_bytes": 206817,
                "service_icon": "https:\/\/cdn-images-1.medium.com\/fit\/c\/152\/152\/1*mqLgr-efgSs8wX3Na1PWmw.png",
                "id": 1
            }
        ],
        "ts": "1491404285.422316"
    },
    {
        "type": "message",
        "user": "U15LF2CTD",
        "text": "Lol... questionable parenting",
        "ts": "1491404405.461331"
    },
    {
        "type": "message",
        "user": "U15LF2CTD",
        "text": "That's interesting!  So they've basically raised one badass kid gamer.  How funny.",
        "ts": "1491404787.586396"
    },
    {
        "type": "message",
        "user": "U0N4RBF7W",
        "text": "watching Free Fire tonight",
        "ts": "1491406614.162543"
    },
    {
        "type": "message",
        "user": "U0N4RBF7W",
        "text": "I expect it to be average, but fun enough",
        "ts": "1491406625.165985"
    },
    {
        "type": "message",
        "user": "U0XCXA90A",
        "text": "You should go see that new Shia LaBeouf movie: <http:\/\/www.cnn.com\/2017\/04\/05\/entertainment\/shia-labeouf-man-down-ticket\/index.html>",
        "attachments": [
            {
                "service_name": "CNN",
                "title": "Shia LaBeouf film sells one ticket in UK",
                "title_link": "http:\/\/www.cnn.com\/2017\/04\/05\/entertainment\/shia-labeouf-man-down-ticket\/index.html",
                "text": "Shia LaBeouf's \"Man Down\" opened in the UK this weekend, and reportedly only one ticket was purchased.",
                "fallback": "CNN: Shia LaBeouf film sells one ticket in UK",
                "image_url": "http:\/\/i2.cdn.cnn.com\/cnnnext\/dam\/assets\/170405085410-shia-labeaouf-man-down-super-tease.jpeg",
                "image_width": 444,
                "image_height": 250,
                "from_url": "http:\/\/www.cnn.com\/2017\/04\/05\/entertainment\/shia-labeouf-man-down-ticket\/index.html",
                "image_bytes": 220410,
                "service_icon": "http:\/\/www.cnn.com\/favicon.ico",
                "id": 1
            }
        ],
        "ts": "1491412471.852492"
    },
    {
        "type": "message",
        "user": "U0N4RBF7W",
        "text": "Free Fire is HILARIOUS",
        "ts": "1491427954.950969"
    },
    {
        "type": "message",
        "user": "U0N4RBF7W",
        "text": "Honestly, I laughed the whole way through",
        "ts": "1491427973.955007"
    },
    {
        "type": "message",
        "user": "U235A44S0",
        "text": "Free Fire? Will look into it",
        "ts": "1491432059.677317"
    }
]