[
    {
        "user": "U0FJY9RGF",
        "text": "<@U0FJY9RGF|iain.davidson> has joined the channel",
        "type": "message",
        "subtype": "channel_join",
        "ts": "1485248301.000315"
    },
    {
        "type": "message",
        "user": "U1ALM3K24",
        "text": "It's not a laser! It's a little light bulb that blinks. What's wrong with him? Laser envy! ",
        "edited": {
            "user": "U1ALM3K24",
            "ts": "1485262523.000000"
        },
        "ts": "1485262510.000316",
        "reactions": [
            {
                "name": "buzz_laser",
                "users": [
                    "U235A44S0",
                    "U0V949JCB"
                ],
                "count": 2
            }
        ]
    },
    {
        "type": "message",
        "user": "U235A44S0",
        "text": "You ARe A ToooOOOYYY!!!",
        "ts": "1485264809.000320"
    },
    {
        "type": "message",
        "user": "U24FJ9P5W",
        "text": "someone mentioned Up... what kind of fuckery was that at the beginning on that movie.  Disney LOVES to just gut punch you and bring way the fuck down in the basement. Then they go, oh hey, here's Doug.  Let's cheer up a tiny bit, but not a lot, member that time the old man's wife died?",
        "edited": {
            "user": "U24FJ9P5W",
            "ts": "1485295806.000000"
        },
        "ts": "1485295752.000321"
    },
    {
        "type": "message",
        "user": "U0EKK4BTP",
        "text": "",
        "bot_id": "B0NUYRN04",
        "attachments": [
            {
                "fallback": "giphy: http:\/\/giphy.com\/gifs\/gyd3j0rIeBGP6",
                "image_url": "https:\/\/media.giphy.com\/media\/gyd3j0rIeBGP6\/giphy-tumblr.gif",
                "image_width": 250,
                "image_height": 140,
                "image_bytes": 930615,
                "is_animated": true,
                "title": "onions",
                "footer": "Posted using \/giphy",
                "id": 1,
                "title_link": "http:\/\/giphy.com\/gifs\/gyd3j0rIeBGP6"
            }
        ],
        "ts": "1485295817.000324"
    },
    {
        "type": "message",
        "subtype": "file_share",
        "text": "<@U104Y4770|robm> uploaded a file: <https:\/\/sndevs.slack.com\/files\/robm\/F3WL83YNT\/pasted_image_at_2017_01_24_02_10_pm.png|Pasted image at 2017-01-24, 2:10 PM>",
        "file": {
            "id": "F3WL83YNT",
            "created": 1485295827,
            "timestamp": 1485295827,
            "name": "Pasted image at 2017_01_24 02_10 PM.png",
            "title": "Pasted image at 2017-01-24, 2:10 PM",
            "mimetype": "image\/png",
            "filetype": "png",
            "pretty_type": "PNG",
            "user": "U104Y4770",
            "editable": false,
            "size": 421200,
            "mode": "hosted",
            "is_external": false,
            "external_type": "",
            "is_public": true,
            "public_url_shared": false,
            "display_as_bot": false,
            "username": "",
            "url_private": "https:\/\/files.slack.com\/files-pri\/T0E2AD6AY-F3WL83YNT\/pasted_image_at_2017_01_24_02_10_pm.png?t=xoxe-14078448372-167243557781-166475819265-182f5ebf49",
            "url_private_download": "https:\/\/files.slack.com\/files-pri\/T0E2AD6AY-F3WL83YNT\/download\/pasted_image_at_2017_01_24_02_10_pm.png?t=xoxe-14078448372-167243557781-166475819265-182f5ebf49",
            "thumb_64": "https:\/\/files.slack.com\/files-tmb\/T0E2AD6AY-F3WL83YNT-36c4eab757\/pasted_image_at_2017_01_24_02_10_pm_64.png?t=xoxe-14078448372-167243557781-166475819265-182f5ebf49",
            "thumb_80": "https:\/\/files.slack.com\/files-tmb\/T0E2AD6AY-F3WL83YNT-36c4eab757\/pasted_image_at_2017_01_24_02_10_pm_80.png?t=xoxe-14078448372-167243557781-166475819265-182f5ebf49",
            "thumb_360": "https:\/\/files.slack.com\/files-tmb\/T0E2AD6AY-F3WL83YNT-36c4eab757\/pasted_image_at_2017_01_24_02_10_pm_360.png?t=xoxe-14078448372-167243557781-166475819265-182f5ebf49",
            "thumb_360_w": 360,
            "thumb_360_h": 277,
            "thumb_480": "https:\/\/files.slack.com\/files-tmb\/T0E2AD6AY-F3WL83YNT-36c4eab757\/pasted_image_at_2017_01_24_02_10_pm_480.png?t=xoxe-14078448372-167243557781-166475819265-182f5ebf49",
            "thumb_480_w": 480,
            "thumb_480_h": 369,
            "thumb_160": "https:\/\/files.slack.com\/files-tmb\/T0E2AD6AY-F3WL83YNT-36c4eab757\/pasted_image_at_2017_01_24_02_10_pm_160.png?t=xoxe-14078448372-167243557781-166475819265-182f5ebf49",
            "image_exif_rotation": 1,
            "original_w": 608,
            "original_h": 468,
            "permalink": "https:\/\/sndevs.slack.com\/files\/robm\/F3WL83YNT\/pasted_image_at_2017_01_24_02_10_pm.png",
            "permalink_public": "https:\/\/slack-files.com\/T0E2AD6AY-F3WL83YNT-b3d4dae1ec",
            "channels": [
                "C3TVA5JRK"
            ],
            "groups": [],
            "ims": [],
            "comments_count": 0,
            "reactions": [
                {
                    "name": "100",
                    "users": [
                        "U24FJ9P5W",
                        "U0EKK4BTP"
                    ],
                    "count": 2
                }
            ]
        },
        "user": "U104Y4770",
        "upload": true,
        "display_as_bot": false,
        "username": "robm",
        "bot_id": null,
        "ts": "1485295829.000325"
    },
    {
        "type": "message",
        "user": "U24FJ9P5W",
        "text": "",
        "bot_id": "B0NUYRN04",
        "attachments": [
            {
                "fallback": "giphy: http:\/\/giphy.com\/gifs\/ninjas-h2cG7foooHi8w",
                "image_url": "http:\/\/media4.giphy.com\/media\/h2cG7foooHi8w\/giphy-tumblr.gif",
                "image_width": 480,
                "image_height": 288,
                "image_bytes": 15937,
                "is_animated": true,
                "title": "ninja's cutting onions",
                "footer": "Posted using \/giphy",
                "id": 1,
                "title_link": "http:\/\/giphy.com\/gifs\/ninjas-h2cG7foooHi8w"
            }
        ],
        "ts": "1485295891.000329"
    },
    {
        "type": "message",
        "user": "U15LF2CTD",
        "text": "Yea, I cannot list Up as a favorite because it just makes me all teary eyed.",
        "ts": "1485296102.000330"
    },
    {
        "type": "message",
        "user": "U0V9PD50R",
        "text": "whiney bitches....",
        "ts": "1485300739.000331"
    },
    {
        "type": "message",
        "user": "U0V9PD50R",
        "text": "hahahaha",
        "ts": "1485300742.000332"
    },
    {
        "type": "message",
        "user": "U0V9PD50R",
        "text": "i think it's more of a tear jerker when leeloo is getting shot up in the air ducts on the fifth element...that whole scene is a ninja onion cutter...",
        "ts": "1485300799.000333"
    },
    {
        "type": "message",
        "user": "U0V9PD50R",
        "text": "oh speaking of sad...it made me think of another great movie for the list - \"The Professional\" with princess amadala...(yeah i can't remember her real name...hahahaha)",
        "ts": "1485300857.000334"
    },
    {
        "type": "message",
        "user": "U0V9PD50R",
        "text": "<http:\/\/www.imdb.com\/title\/tt0110413\/?ref_=nv_sr_1>",
        "attachments": [
            {
                "service_name": "IMDb",
                "title": "Léon: The Professional (1994)",
                "title_link": "http:\/\/www.imdb.com\/title\/tt0110413\/?ref_=nv_sr_1",
                "text": "Directed by Luc Besson. With Jean Reno, Gary Oldman, Natalie Portman, Danny Aiello. Mathilda, a 12-year-old girl, is reluctantly taken in by Léon, a professional assassin, after her family is murdered. Léon and Mathilda form an unusual relationship, as she becomes his protégée and learns the assassin's trade.",
                "fallback": "IMDb: Léon: The Professional (1994)",
                "image_url": "https:\/\/images-na.ssl-images-amazon.com\/images\/M\/MV5BMjdjMGU3MGYtN2Y5ZC00MTE4LWE4YWQtMTBhMjc3MTk0ZDUwXkEyXkFqcGdeQXVyNjU0OTQ0OTY@._V1_UY1200_CR83,0,630,1200_AL_.jpg",
                "from_url": "http:\/\/www.imdb.com\/title\/tt0110413\/?ref_=nv_sr_1",
                "image_width": 131,
                "image_height": 250,
                "image_bytes": 105091,
                "service_icon": "http:\/\/www.imdb.com\/favicon.ico",
                "id": 1
            }
        ],
        "ts": "1485300879.000335"
    },
    {
        "type": "message",
        "user": "U0V9PD50R",
        "text": "found <@U0XCXA90A>",
        "ts": "1485304319.000337"
    },
    {
        "type": "message",
        "subtype": "file_share",
        "text": "<@U0V9PD50R|jmerchant> uploaded a file: <https:\/\/sndevs.slack.com\/files\/jmerchant\/F3W46868M\/screen_shot_2017-01-24_at_5.27.24_pm.png|Screen Shot 2017-01-24 at 5.27.24 PM.png>",
        "file": {
            "id": "F3W46868M",
            "created": 1485304329,
            "timestamp": 1485304329,
            "name": "Screen Shot 2017-01-24 at 5.27.24 PM.png",
            "title": "Screen Shot 2017-01-24 at 5.27.24 PM.png",
            "mimetype": "image\/png",
            "filetype": "png",
            "pretty_type": "PNG",
            "user": "U0V9PD50R",
            "editable": false,
            "size": 135067,
            "mode": "hosted",
            "is_external": false,
            "external_type": "",
            "is_public": true,
            "public_url_shared": false,
            "display_as_bot": false,
            "username": "",
            "url_private": "https:\/\/files.slack.com\/files-pri\/T0E2AD6AY-F3W46868M\/screen_shot_2017-01-24_at_5.27.24_pm.png?t=xoxe-14078448372-167243557781-166475819265-182f5ebf49",
            "url_private_download": "https:\/\/files.slack.com\/files-pri\/T0E2AD6AY-F3W46868M\/download\/screen_shot_2017-01-24_at_5.27.24_pm.png?t=xoxe-14078448372-167243557781-166475819265-182f5ebf49",
            "thumb_64": "https:\/\/files.slack.com\/files-tmb\/T0E2AD6AY-F3W46868M-0645c9132f\/screen_shot_2017-01-24_at_5.27.24_pm_64.png?t=xoxe-14078448372-167243557781-166475819265-182f5ebf49",
            "thumb_80": "https:\/\/files.slack.com\/files-tmb\/T0E2AD6AY-F3W46868M-0645c9132f\/screen_shot_2017-01-24_at_5.27.24_pm_80.png?t=xoxe-14078448372-167243557781-166475819265-182f5ebf49",
            "thumb_360": "https:\/\/files.slack.com\/files-tmb\/T0E2AD6AY-F3W46868M-0645c9132f\/screen_shot_2017-01-24_at_5.27.24_pm_360.png?t=xoxe-14078448372-167243557781-166475819265-182f5ebf49",
            "thumb_360_w": 360,
            "thumb_360_h": 145,
            "thumb_480": "https:\/\/files.slack.com\/files-tmb\/T0E2AD6AY-F3W46868M-0645c9132f\/screen_shot_2017-01-24_at_5.27.24_pm_480.png?t=xoxe-14078448372-167243557781-166475819265-182f5ebf49",
            "thumb_480_w": 480,
            "thumb_480_h": 193,
            "thumb_160": "https:\/\/files.slack.com\/files-tmb\/T0E2AD6AY-F3W46868M-0645c9132f\/screen_shot_2017-01-24_at_5.27.24_pm_160.png?t=xoxe-14078448372-167243557781-166475819265-182f5ebf49",
            "thumb_720": "https:\/\/files.slack.com\/files-tmb\/T0E2AD6AY-F3W46868M-0645c9132f\/screen_shot_2017-01-24_at_5.27.24_pm_720.png?t=xoxe-14078448372-167243557781-166475819265-182f5ebf49",
            "thumb_720_w": 720,
            "thumb_720_h": 290,
            "thumb_960": "https:\/\/files.slack.com\/files-tmb\/T0E2AD6AY-F3W46868M-0645c9132f\/screen_shot_2017-01-24_at_5.27.24_pm_960.png?t=xoxe-14078448372-167243557781-166475819265-182f5ebf49",
            "thumb_960_w": 960,
            "thumb_960_h": 387,
            "thumb_1024": "https:\/\/files.slack.com\/files-tmb\/T0E2AD6AY-F3W46868M-0645c9132f\/screen_shot_2017-01-24_at_5.27.24_pm_1024.png?t=xoxe-14078448372-167243557781-166475819265-182f5ebf49",
            "thumb_1024_w": 1024,
            "thumb_1024_h": 413,
            "image_exif_rotation": 1,
            "original_w": 1380,
            "original_h": 556,
            "permalink": "https:\/\/sndevs.slack.com\/files\/jmerchant\/F3W46868M\/screen_shot_2017-01-24_at_5.27.24_pm.png",
            "permalink_public": "https:\/\/slack-files.com\/T0E2AD6AY-F3W46868M-ce1fceb5d3",
            "channels": [
                "C3TVA5JRK"
            ],
            "groups": [],
            "ims": [],
            "comments_count": 0
        },
        "user": "U0V9PD50R",
        "upload": true,
        "display_as_bot": false,
        "username": "jmerchant",
        "bot_id": null,
        "ts": "1485304331.000338"
    },
    {
        "type": "message",
        "user": "U15LF2CTD",
        "text": "Ohh the 5th element scene is pretty sad :disappointed: I love that movie.",
        "ts": "1485310463.000339"
    }
]