[
    {
        "user": "U1ALM3K24",
        "text": "<@U1ALM3K24|wismith> has joined the channel",
        "type": "message",
        "subtype": "channel_join",
        "ts": "1484853769.000002"
    },
    {
        "user": "U1ALM3K24",
        "purpose": "Discuss all things film and provide commentary on the weekend's \"required viewing\".",
        "text": "<@U1ALM3K24|wismith> set the channel purpose: Discuss all things film and provide commentary on the weekend's \"required viewing\".",
        "type": "message",
        "subtype": "channel_purpose",
        "ts": "1484853769.000003"
    },
    {
        "user": "U235A44S0",
        "inviter": "U1ALM3K24",
        "text": "<@U235A44S0|kmeldridge> has joined the channel",
        "type": "message",
        "subtype": "channel_join",
        "ts": "1484853822.000004"
    },
    {
        "user": "U0XCXA90A",
        "inviter": "U1ALM3K24",
        "text": "<@U0XCXA90A|pheedbaq> has joined the channel",
        "type": "message",
        "subtype": "channel_join",
        "ts": "1484853822.000005"
    },
    {
        "user": "U0V9PD50R",
        "inviter": "U1ALM3K24",
        "text": "<@U0V9PD50R|jmerchant> has joined the channel",
        "type": "message",
        "subtype": "channel_join",
        "ts": "1484853822.000006"
    },
    {
        "user": "U0V949JCB",
        "inviter": "U1ALM3K24",
        "text": "<@U0V949JCB|heyambrosia> has joined the channel",
        "type": "message",
        "subtype": "channel_join",
        "ts": "1484853822.000007"
    },
    {
        "user": "U104Y4770",
        "inviter": "U1ALM3K24",
        "text": "<@U104Y4770|robm> has joined the channel",
        "type": "message",
        "subtype": "channel_join",
        "ts": "1484853823.000008"
    },
    {
        "user": "U0N4RBF7W",
        "inviter": "U1ALM3K24",
        "text": "<@U0N4RBF7W|dstur> has joined the channel",
        "type": "message",
        "subtype": "channel_join",
        "ts": "1484853823.000009"
    },
    {
        "type": "message",
        "user": "U0V9PD50R",
        "text": "oh this is fantastic",
        "ts": "1484853834.000010"
    },
    {
        "type": "message",
        "user": "U0V949JCB",
        "text": ":smile:",
        "ts": "1484853837.000011"
    },
    {
        "user": "U1ALM3K24",
        "purpose": "Discuss all things film and provide commentary on the weekend's \"required viewing\".",
        "text": "<@U1ALM3K24|wismith> set the channel purpose: Discuss all things film and provide commentary on the weekend's \"required viewing\".",
        "type": "message",
        "subtype": "channel_purpose",
        "ts": "1484853853.000012"
    },
    {
        "user": "U1ALM3K24",
        "purpose": "Discuss all things film and provide commentary on the weekend's \"required viewing\".",
        "text": "<@U1ALM3K24|wismith> set the channel purpose: Discuss all things film and provide commentary on the weekend's \"required viewing\".",
        "type": "message",
        "subtype": "channel_purpose",
        "ts": "1484853859.000013"
    },
    {
        "type": "message",
        "user": "U1ALM3K24",
        "text": "Viewing list\n1. The Rock (1996) - <http:\/\/www.imdb.com\/title\/tt0117500\/?ref_=fn_al_tt_1>\n2. Be Cool (<http:\/\/www.imdb.com\/title\/tt0377471\/>)\n3. The Big Hit (1998) - <http:\/\/www.imdb.com\/title\/tt0120609\/>",
        "edited": {
            "user": "U1ALM3K24",
            "ts": "1484854120.000000"
        },
        "ts": "1484853912.000014"
    },
    {
        "type": "message",
        "subtype": "pinned_item",
        "user": "U1ALM3K24",
        "item_type": "C",
        "attachments": [
            {
                "fallback": "[January 19th, 2017 11:25 AM] wismith: Viewing list\n1. The Rock (1996) - <http:\/\/www.imdb.com\/title\/tt0117500\/?ref_=fn_al_tt_1>\n2. Be Cool (<http:\/\/www.imdb.com\/title\/tt0377471\/>)\n3. The Big Hit (1998) - <http:\/\/www.imdb.com\/title\/tt0120609\/>",
                "ts": "1484853912.000014",
                "author_subname": "wismith",
                "channel_id": "C3TVA5JRK",
                "channel_name": "movie-club",
                "is_msg_unfurl": true,
                "text": "Viewing list\n1. The Rock (1996) - <http:\/\/www.imdb.com\/title\/tt0117500\/?ref_=fn_al_tt_1>\n2. Be Cool (<http:\/\/www.imdb.com\/title\/tt0377471\/>)\n3. The Big Hit (1998) - <http:\/\/www.imdb.com\/title\/tt0120609\/>",
                "author_name": "William Smith",
                "author_link": "https:\/\/sndevs.slack.com\/team\/wismith",
                "author_icon": "https:\/\/avatars.slack-edge.com\/2016-09-26\/84163835537_407181d17422f0ecf491_48.jpg",
                "mrkdwn_in": [
                    "text"
                ]
            }
        ],
        "text": "<@U1ALM3K24|wismith> pinned a message to this channel.",
        "ts": "1484853922.000015"
    },
    {
        "type": "message",
        "user": "U0V9PD50R",
        "text": "<http:\/\/www.imdb.com\/title\/tt0120609\/>",
        "attachments": [
            {
                "service_name": "IMDb",
                "title": "The Big Hit (1998)",
                "title_link": "http:\/\/www.imdb.com\/title\/tt0120609\/",
                "text": "Directed by Kirk Wong. With Mark Wahlberg, Lou Diamond Phillips, Christina Applegate, Avery Brooks. Hitman Melvin Surley, an expert at his lucrative job, goes on a job and falls in love with his kidnapping victim, turning his world upside down.",
                "fallback": "IMDb: The Big Hit (1998)",
                "image_url": "https:\/\/images-na.ssl-images-amazon.com\/images\/M\/MV5BZjMyMmI3ZWMtZTUyMC00OTVhLTg5YTctYjY2YjcxY2RlYzcwXkEyXkFqcGdeQXVyMTQxNzMzNDI@._V1_UY1200_CR89,0,630,1200_AL_.jpg",
                "from_url": "http:\/\/www.imdb.com\/title\/tt0120609\/",
                "image_width": 131,
                "image_height": 250,
                "image_bytes": 159236,
                "service_icon": "http:\/\/www.imdb.com\/favicon.ico",
                "id": 1
            }
        ],
        "ts": "1484853924.000016"
    },
    {
        "type": "message",
        "user": "U0V9PD50R",
        "text": "another one",
        "ts": "1484853927.000018"
    },
    {
        "type": "message",
        "user": "U0V9PD50R",
        "text": "put that on the list...lol",
        "ts": "1484853938.000019"
    },
    {
        "type": "message",
        "user": "U104Y4770",
        "text": "Pretty sure True Romance should be on the list",
        "ts": "1484853950.000020"
    },
    {
        "type": "message",
        "user": "U0V9PD50R",
        "text": "<@U0V949JCB> don't you have a list? we've been over this before...mostly...lol",
        "ts": "1484854032.000022"
    },
    {
        "type": "message",
        "user": "U1ALM3K24",
        "text": "Can others edit a pinned item, or just the pinee?",
        "ts": "1484854041.000023"
    },
    {
        "type": "message",
        "user": "U0V949JCB",
        "text": "i do have a list. haha.",
        "ts": "1484854045.000024"
    },
    {
        "type": "message",
        "user": "U0XCXA90A",
        "text": "The Big Hit?!? Love that movie. Made me take Marky Mark seriously as an actor.",
        "ts": "1484854068.000025",
        "reactions": [
            {
                "name": "+1",
                "users": [
                    "U0V9PD50R"
                ],
                "count": 1
            }
        ]
    },
    {
        "type": "message",
        "user": "U0V9PD50R",
        "text": "here's your imdb link for the rock <http:\/\/www.imdb.com\/title\/tt0117500\/?ref_=fn_al_tt_1>",
        "attachments": [
            {
                "service_name": "IMDb",
                "title": "The Rock (1996)",
                "title_link": "http:\/\/www.imdb.com\/title\/tt0117500\/?ref_=fn_al_tt_1",
                "text": "Directed by Michael Bay. With Sean Connery, Nicolas Cage, Ed Harris, John Spencer. A mild-mannered chemist and an ex-con must lead the counterstrike when a rogue group of military men, led by a renegade general, threaten a nerve gas attack from Alcatraz against San Francisco.",
                "fallback": "IMDb: The Rock (1996)",
                "image_url": "https:\/\/images-na.ssl-images-amazon.com\/images\/M\/MV5BZDJjOTE0N2EtMmRlZS00NzU0LWE0ZWQtM2Q3MWMxNjcwZjBhXkEyXkFqcGdeQXVyNDk3NzU2MTQ@._V1_UY1200_CR90,0,630,1200_AL_.jpg",
                "from_url": "http:\/\/www.imdb.com\/title\/tt0117500\/?ref_=fn_al_tt_1",
                "image_width": 131,
                "image_height": 250,
                "image_bytes": 243206,
                "service_icon": "http:\/\/www.imdb.com\/favicon.ico",
                "id": 1
            }
        ],
        "ts": "1484854076.000026"
    },
    {
        "type": "message",
        "user": "U0V949JCB",
        "text": "<@U1ALM3K24> i think you can share a file and then that makes it editable",
        "ts": "1484854088.000028"
    },
    {
        "type": "message",
        "user": "U104Y4770",
        "text": "<http:\/\/www.imdb.com\/title\/tt0099938\/>",
        "attachments": [
            {
                "service_name": "IMDb",
                "title": "Kindergarten Cop (1990)",
                "title_link": "http:\/\/www.imdb.com\/title\/tt0099938\/",
                "text": "Directed by Ivan Reitman. With Arnold Schwarzenegger, Penelope Ann Miller, Pamela Reed, Linda Hunt. A tough cop must pose as a kindergarten teacher in order to locate a dangerous criminal's ex-wife, who may hold the key to putting him behind bars.",
                "fallback": "IMDb: Kindergarten Cop (1990)",
                "image_url": "https:\/\/images-na.ssl-images-amazon.com\/images\/M\/MV5BMjMyMTIyOTc0N15BMl5BanBnXkFtZTgwODY1NTk4NjE@._V1_UY1200_CR86,0,630,1200_AL_.jpg",
                "from_url": "http:\/\/www.imdb.com\/title\/tt0099938\/",
                "image_width": 131,
                "image_height": 250,
                "image_bytes": 196578,
                "service_icon": "http:\/\/www.imdb.com\/favicon.ico",
                "id": 1
            }
        ],
        "ts": "1484854090.000029"
    },
    {
        "type": "message",
        "user": "U0V949JCB",
        "text": "<@U0V9PD50R> yeah i have quite the list, i can find it...",
        "ts": "1484854103.000031"
    },
    {
        "type": "message",
        "user": "U0V9PD50R",
        "text": "oh man...for realz <@U104Y4770> ?",
        "ts": "1484854111.000032"
    },
    {
        "type": "message",
        "user": "U0V949JCB",
        "text": "hahaha",
        "ts": "1484854116.000033"
    },
    {
        "type": "message",
        "user": "U104Y4770",
        "text": "how could you not love kindergarden cop",
        "ts": "1484854130.000035"
    },
    {
        "type": "message",
        "user": "U1ALM3K24",
        "text": "",
        "attachments": [
            {
                "fallback": "[January 19th, 2017 2:25 PM] wismith: Viewing list\n1. The Rock (1996) - <http:\/\/www.imdb.com\/title\/tt0117500\/?ref_=fn_al_tt_1>\n2. Be Cool (<http:\/\/www.imdb.com\/title\/tt0377471\/>)\n3. The Big Hit (1998) - <http:\/\/www.imdb.com\/title\/tt0120609\/>",
                "ts": "1484853912.000014",
                "author_subname": "wismith",
                "channel_id": "C3TVA5JRK",
                "channel_name": "movie-club",
                "is_msg_unfurl": true,
                "text": "Viewing list\n1. The Rock (1996) - <http:\/\/www.imdb.com\/title\/tt0117500\/?ref_=fn_al_tt_1>\n2. Be Cool (<http:\/\/www.imdb.com\/title\/tt0377471\/>)\n3. The Big Hit (1998) - <http:\/\/www.imdb.com\/title\/tt0120609\/>",
                "author_name": "William Smith",
                "author_link": "https:\/\/sndevs.slack.com\/team\/wismith",
                "author_icon": "https:\/\/avatars.slack-edge.com\/2016-09-26\/84163835537_407181d17422f0ecf491_48.jpg",
                "mrkdwn_in": [
                    "text"
                ],
                "color": "D0D0D0",
                "from_url": "https:\/\/sndevs.slack.com\/archives\/movie-club\/p1484853912000014",
                "is_share": true,
                "footer": "Posted in #movie-club"
            }
        ],
        "ts": "1484854133.000036"
    },
    {
        "type": "message",
        "user": "U0V9PD50R",
        "text": "<http:\/\/www.imdb.com\/title\/tt0094072\/?ref_=nv_sr_1>",
        "attachments": [
            {
                "service_name": "IMDb",
                "title": "Summer School (1987)",
                "title_link": "http:\/\/www.imdb.com\/title\/tt0094072\/?ref_=nv_sr_1",
                "text": "Directed by Carl Reiner. With Mark Harmon, Kirstie Alley, Robin Thomas, Patrick Labyorteaux. A high-school gym teacher has big plans for the summer, but is forced to cancel them to teach a \"bonehead\" English class for misfit goof-off students. Fortunately, his unconventional brand of teaching fun field trips begins to connect with them, and even inspires ardor in some.",
                "fallback": "IMDb: Summer School (1987)",
                "image_url": "https:\/\/images-na.ssl-images-amazon.com\/images\/M\/MV5BMTYzMTkwMzc2NV5BMl5BanBnXkFtZTcwODY0NTM0MQ@@._V1_UY1200_CR104,0,630,1200_AL_.jpg",
                "from_url": "http:\/\/www.imdb.com\/title\/tt0094072\/?ref_=nv_sr_1",
                "image_width": 131,
                "image_height": 250,
                "image_bytes": 147430,
                "service_icon": "http:\/\/www.imdb.com\/favicon.ico",
                "id": 1
            }
        ],
        "ts": "1484854138.000037"
    },
    {
        "type": "message",
        "user": "U0V9PD50R",
        "text": "if you're gonna be like that <@U104Y4770>",
        "ts": "1484854156.000039"
    },
    {
        "type": "message",
        "user": "U0V949JCB",
        "text": "lolol",
        "ts": "1484854164.000040"
    },
    {
        "type": "message",
        "user": "U0V9PD50R",
        "text": "but that doesn't really need to be added...",
        "ts": "1484854199.000041"
    },
    {
        "type": "message",
        "user": "U1ALM3K24",
        "text": "Here is a shared link for a favorite movie list: <https:\/\/airtable.com\/shrNy5g85K9H7pxna\/tblkcKw1gDqz6jrcX\/viwbjn2XioDHvMCBG>",
        "attachments": [
            {
                "service_name": "Airtable",
                "title": "Airtable: Organize anything you can imagine",
                "title_link": "https:\/\/airtable.com\/shrNy5g85K9H7pxna",
                "text": "Airtable works like a spreadsheet but gives you the power of a database to organize anything. Sign up for free.",
                "fallback": "Airtable: Airtable: Organize anything you can imagine",
                "image_url": "https:\/\/static.airtable.com\/images\/oembed\/airtable.png",
                "from_url": "https:\/\/airtable.com\/shrNy5g85K9H7pxna",
                "image_width": 476,
                "image_height": 250,
                "image_bytes": 42745,
                "service_icon": "https:\/\/airtable.com\/images\/favicon\/baymax\/apple-touch-icon.png",
                "id": 1
            }
        ],
        "edited": {
            "user": "U1ALM3K24",
            "ts": "1484855193.000000"
        },
        "ts": "1484854208.000042"
    },
    {
        "type": "message",
        "user": "U104Y4770",
        "text": "fine",
        "ts": "1484854211.000044"
    },
    {
        "type": "message",
        "user": "U1ALM3K24",
        "text": "This is a public link",
        "ts": "1484854211.000045"
    },
    {
        "type": "message",
        "user": "U104Y4770",
        "text": "<http:\/\/www.imdb.com\/title\/tt0108399\/>",
        "attachments": [
            {
                "service_name": "IMDb",
                "title": "True Romance (1993)",
                "title_link": "http:\/\/www.imdb.com\/title\/tt0108399\/",
                "text": "Directed by Tony Scott. With Christian Slater, Patricia Arquette, Dennis Hopper, Val Kilmer. In Detroit, a lonely pop culture geek marries a call girl, steals cocaine from her pimp, and tries to sell it in Hollywood. Meanwhile, the owners of the cocaine - the Mob - track them down in an attempt to reclaim it.",
                "fallback": "IMDb: True Romance (1993)",
                "image_url": "https:\/\/images-na.ssl-images-amazon.com\/images\/M\/MV5BMzE0MjI0NTUtYTJhMi00MTJkLWI2YjMtZWJlNzJmYmVlM2YwXkEyXkFqcGdeQXVyNjU0OTQ0OTY@._V1_UY1200_CR87,0,630,1200_AL_.jpg",
                "from_url": "http:\/\/www.imdb.com\/title\/tt0108399\/",
                "image_width": 131,
                "image_height": 250,
                "image_bytes": 199209,
                "service_icon": "http:\/\/www.imdb.com\/favicon.ico",
                "id": 1
            }
        ],
        "ts": "1484854212.000046"
    },
    {
        "type": "message",
        "user": "U104Y4770",
        "text": "^should definitely be on list though",
        "ts": "1484854218.000048"
    },
    {
        "type": "message",
        "user": "U0V9PD50R",
        "text": "but this one does: <http:\/\/www.imdb.com\/title\/tt0083658\/?ref_=nv_sr_2>",
        "attachments": [
            {
                "service_name": "IMDb",
                "title": "Blade Runner (1982)",
                "title_link": "http:\/\/www.imdb.com\/title\/tt0083658\/?ref_=nv_sr_2",
                "text": "Directed by Ridley Scott. With Harrison Ford, Rutger Hauer, Sean Young, Edward James Olmos. A blade runner must pursue and try to terminate four replicants who stole a ship in space and have returned to Earth to find their creator.",
                "fallback": "IMDb: Blade Runner (1982)",
                "image_url": "https:\/\/images-na.ssl-images-amazon.com\/images\/M\/MV5BZWZlYmEyYTItNGRjYy00ZmMxLWEzMWItM2Q2NjZlNTMwMjQ3XkEyXkFqcGdeQXVyNDYyMDk5MTU@._V1_UY1200_CR84,0,630,1200_AL_.jpg",
                "from_url": "http:\/\/www.imdb.com\/title\/tt0083658\/?ref_=nv_sr_2",
                "image_width": 131,
                "image_height": 250,
                "image_bytes": 194021,
                "service_icon": "http:\/\/www.imdb.com\/favicon.ico",
                "id": 1
            }
        ],
        "ts": "1484854222.000049"
    },
    {
        "type": "message",
        "subtype": "pinned_item",
        "user": "U1ALM3K24",
        "item_type": "C",
        "attachments": [
            {
                "fallback": "[January 19th, 2017 11:30 AM] wismith: Here is a shared link for a favorite movie list: <https:\/\/airtable.com\/shrNy5g85K9H7pxna\/tblkcKw1gDqz6jrcX\/viwbjn2XioDHvMCBG>",
                "ts": "1484854208.000042",
                "author_subname": "wismith",
                "channel_id": "C3TVA5JRK",
                "channel_name": "movie-club",
                "is_msg_unfurl": true,
                "text": "Here is a shared link for a favorite movie list: <https:\/\/airtable.com\/shrNy5g85K9H7pxna\/tblkcKw1gDqz6jrcX\/viwbjn2XioDHvMCBG>",
                "author_name": "William Smith",
                "author_link": "https:\/\/sndevs.slack.com\/team\/wismith",
                "author_icon": "https:\/\/avatars.slack-edge.com\/2016-09-26\/84163835537_407181d17422f0ecf491_48.jpg",
                "mrkdwn_in": [
                    "text"
                ]
            }
        ],
        "text": "<@U1ALM3K24|wismith> pinned a message to this channel.",
        "ts": "1484854225.000051"
    },
    {
        "type": "message",
        "user": "U0V9PD50R",
        "text": "i might get a lot of heat for it, but this is by far one of my favorite movies...probably #1",
        "ts": "1484854253.000052"
    },
    {
        "type": "message",
        "user": "U0V9PD50R",
        "text": "along with: <http:\/\/www.imdb.com\/title\/tt0119116\/?ref_=nv_sr_1>",
        "attachments": [
            {
                "service_name": "IMDb",
                "title": "The Fifth Element (1997)",
                "title_link": "http:\/\/www.imdb.com\/title\/tt0119116\/?ref_=nv_sr_1",
                "text": "Directed by Luc Besson. With Bruce Willis, Milla Jovovich, Gary Oldman, Ian Holm. In the colorful future, a cab driver unwittingly becomes the central figure in the search for a legendary cosmic weapon to keep Evil and Mr Zorg at bay.",
                "fallback": "IMDb: The Fifth Element (1997)",
                "image_url": "https:\/\/images-na.ssl-images-amazon.com\/images\/M\/MV5BZWFjYmZmZGQtYzg4YS00ZGE5LTgwYzAtZmQwZjQ2NDliMGVmXkEyXkFqcGdeQXVyNTUyMzE4Mzg@._V1_UY1200_CR103,0,630,1200_AL_.jpg",
                "from_url": "http:\/\/www.imdb.com\/title\/tt0119116\/?ref_=nv_sr_1",
                "image_width": 131,
                "image_height": 250,
                "image_bytes": 140980,
                "service_icon": "http:\/\/www.imdb.com\/favicon.ico",
                "id": 1
            }
        ],
        "ts": "1484854270.000053"
    },
    {
        "type": "message",
        "user": "U0V949JCB",
        "text": "don’t get him started on blade runner.",
        "ts": "1484854275.000055"
    },
    {
        "type": "message",
        "user": "U0V949JCB",
        "text": "haha i just quoted fifth element today",
        "ts": "1484854282.000056"
    },
    {
        "type": "message",
        "user": "U104Y4770",
        "text": "Fifth Element is a must",
        "ts": "1484854284.000057"
    },
    {
        "type": "message",
        "user": "U0V9PD50R",
        "text": "blade runner is truth!!!",
        "ts": "1484854285.000058"
    },
    {
        "type": "message",
        "user": "U0V949JCB",
        "text": "not five minutes ago",
        "ts": "1484854288.000060"
    },
    {
        "type": "message",
        "user": "U1ALM3K24",
        "text": "Compiling the list now...",
        "ts": "1484854308.000061"
    },
    {
        "type": "message",
        "user": "U0V9PD50R",
        "text": "lol",
        "ts": "1484854311.000062"
    },
    {
        "type": "message",
        "user": "U0V949JCB",
        "text": "<@U104Y4770> True Romance is fantastic",
        "ts": "1484854329.000063"
    },
    {
        "type": "message",
        "user": "U104Y4770",
        "text": "brad pitt’s best role ever",
        "ts": "1484854357.000064"
    },
    {
        "type": "message",
        "user": "U0V9PD50R",
        "text": "12 monkeys is a better brad",
        "ts": "1484854410.000065"
    },
    {
        "type": "message",
        "user": "U0V9PD50R",
        "text": "though i really enjoyed fury...not to mention it had shilo...and he did a great job too",
        "ts": "1484854444.000066"
    },
    {
        "type": "message",
        "user": "U0V9PD50R",
        "text": "put 12 monkeys and Fury on <@U1ALM3K24>",
        "ts": "1484854457.000067"
    },
    {
        "type": "message",
        "subtype": "file_share",
        "text": "<@U104Y4770|robm> uploaded a file: <https:\/\/sndevs.slack.com\/files\/robm\/F3TQX662X\/pasted_image_at_2017_01_19_11_34_am.png|Pasted image at 2017-01-19, 11:34 AM> and commented: This guy disagrees",
        "file": {
            "id": "F3TQX662X",
            "created": 1484854467,
            "timestamp": 1484854467,
            "name": "Pasted image at 2017_01_19 11_34 AM.png",
            "title": "Pasted image at 2017-01-19, 11:34 AM",
            "mimetype": "image\/png",
            "filetype": "png",
            "pretty_type": "PNG",
            "user": "U104Y4770",
            "editable": false,
            "size": 101955,
            "mode": "hosted",
            "is_external": false,
            "external_type": "",
            "is_public": true,
            "public_url_shared": false,
            "display_as_bot": false,
            "username": "",
            "url_private": "https:\/\/files.slack.com\/files-pri\/T0E2AD6AY-F3TQX662X\/pasted_image_at_2017_01_19_11_34_am.png?t=xoxe-14078448372-167243557781-166475819265-182f5ebf49",
            "url_private_download": "https:\/\/files.slack.com\/files-pri\/T0E2AD6AY-F3TQX662X\/download\/pasted_image_at_2017_01_19_11_34_am.png?t=xoxe-14078448372-167243557781-166475819265-182f5ebf49",
            "thumb_64": "https:\/\/files.slack.com\/files-tmb\/T0E2AD6AY-F3TQX662X-65f046e7f5\/pasted_image_at_2017_01_19_11_34_am_64.png?t=xoxe-14078448372-167243557781-166475819265-182f5ebf49",
            "thumb_80": "https:\/\/files.slack.com\/files-tmb\/T0E2AD6AY-F3TQX662X-65f046e7f5\/pasted_image_at_2017_01_19_11_34_am_80.png?t=xoxe-14078448372-167243557781-166475819265-182f5ebf49",
            "thumb_360": "https:\/\/files.slack.com\/files-tmb\/T0E2AD6AY-F3TQX662X-65f046e7f5\/pasted_image_at_2017_01_19_11_34_am_360.png?t=xoxe-14078448372-167243557781-166475819265-182f5ebf49",
            "thumb_360_w": 348,
            "thumb_360_h": 145,
            "thumb_160": "https:\/\/files.slack.com\/files-tmb\/T0E2AD6AY-F3TQX662X-65f046e7f5\/pasted_image_at_2017_01_19_11_34_am_160.png?t=xoxe-14078448372-167243557781-166475819265-182f5ebf49",
            "image_exif_rotation": 1,
            "original_w": 348,
            "original_h": 145,
            "permalink": "https:\/\/sndevs.slack.com\/files\/robm\/F3TQX662X\/pasted_image_at_2017_01_19_11_34_am.png",
            "permalink_public": "https:\/\/slack-files.com\/T0E2AD6AY-F3TQX662X-dc08786c1f",
            "channels": [
                "C3TVA5JRK"
            ],
            "groups": [],
            "ims": [],
            "comments_count": 1,
            "initial_comment": {
                "id": "Fc3U03AQSH",
                "created": 1484854467,
                "timestamp": 1484854467,
                "user": "U104Y4770",
                "is_intro": true,
                "comment": "This guy disagrees",
                "channel": ""
            }
        },
        "user": "U104Y4770",
        "upload": true,
        "display_as_bot": false,
        "username": "robm",
        "bot_id": null,
        "ts": "1484854468.000068"
    },
    {
        "type": "message",
        "subtype": "file_share",
        "text": "<@U0V9PD50R|jmerchant> uploaded a file: <https:\/\/sndevs.slack.com\/files\/jmerchant\/F3T65NBFS\/12monkeys-pitt.jpg|12monkeys-pitt.jpg>",
        "file": {
            "id": "F3T65NBFS",
            "created": 1484854558,
            "timestamp": 1484854558,
            "name": "12monkeys-pitt.jpg",
            "title": "12monkeys-pitt.jpg",
            "mimetype": "image\/jpeg",
            "filetype": "jpg",
            "pretty_type": "JPEG",
            "user": "U0V9PD50R",
            "editable": false,
            "size": 51049,
            "mode": "hosted",
            "is_external": false,
            "external_type": "",
            "is_public": true,
            "public_url_shared": false,
            "display_as_bot": false,
            "username": "",
            "url_private": "https:\/\/files.slack.com\/files-pri\/T0E2AD6AY-F3T65NBFS\/12monkeys-pitt.jpg?t=xoxe-14078448372-167243557781-166475819265-182f5ebf49",
            "url_private_download": "https:\/\/files.slack.com\/files-pri\/T0E2AD6AY-F3T65NBFS\/download\/12monkeys-pitt.jpg?t=xoxe-14078448372-167243557781-166475819265-182f5ebf49",
            "thumb_64": "https:\/\/files.slack.com\/files-tmb\/T0E2AD6AY-F3T65NBFS-08e577b6c6\/12monkeys-pitt_64.jpg?t=xoxe-14078448372-167243557781-166475819265-182f5ebf49",
            "thumb_80": "https:\/\/files.slack.com\/files-tmb\/T0E2AD6AY-F3T65NBFS-08e577b6c6\/12monkeys-pitt_80.jpg?t=xoxe-14078448372-167243557781-166475819265-182f5ebf49",
            "thumb_360": "https:\/\/files.slack.com\/files-tmb\/T0E2AD6AY-F3T65NBFS-08e577b6c6\/12monkeys-pitt_360.jpg?t=xoxe-14078448372-167243557781-166475819265-182f5ebf49",
            "thumb_360_w": 360,
            "thumb_360_h": 194,
            "thumb_480": "https:\/\/files.slack.com\/files-tmb\/T0E2AD6AY-F3T65NBFS-08e577b6c6\/12monkeys-pitt_480.jpg?t=xoxe-14078448372-167243557781-166475819265-182f5ebf49",
            "thumb_480_w": 480,
            "thumb_480_h": 258,
            "thumb_160": "https:\/\/files.slack.com\/files-tmb\/T0E2AD6AY-F3T65NBFS-08e577b6c6\/12monkeys-pitt_160.jpg?t=xoxe-14078448372-167243557781-166475819265-182f5ebf49",
            "image_exif_rotation": 1,
            "original_w": 650,
            "original_h": 350,
            "permalink": "https:\/\/sndevs.slack.com\/files\/jmerchant\/F3T65NBFS\/12monkeys-pitt.jpg",
            "permalink_public": "https:\/\/slack-files.com\/T0E2AD6AY-F3T65NBFS-82f594c491",
            "channels": [
                "C3TVA5JRK"
            ],
            "groups": [],
            "ims": [],
            "comments_count": 0
        },
        "user": "U0V9PD50R",
        "upload": true,
        "display_as_bot": false,
        "username": "jmerchant",
        "bot_id": null,
        "ts": "1484854560.000069"
    },
    {
        "type": "message",
        "user": "U0V9PD50R",
        "text": "that guy disagrees",
        "ts": "1484854566.000070"
    },
    {
        "type": "message",
        "user": "U1ALM3K24",
        "text": "Has anyone used AirTable before?",
        "ts": "1484854783.000071"
    },
    {
        "type": "message",
        "user": "U1ALM3K24",
        "text": "All done :slightly_smiling_face:",
        "ts": "1484855036.000072",
        "reactions": [
            {
                "name": "+1",
                "users": [
                    "U0V9PD50R"
                ],
                "count": 1
            }
        ]
    },
    {
        "type": "message",
        "user": "U0V9PD50R",
        "text": "awesome <@U1ALM3K24>",
        "ts": "1484855381.000074"
    },
    {
        "type": "message",
        "user": "U0V9PD50R",
        "text": "thanks",
        "ts": "1484855384.000075"
    },
    {
        "user": "U1ALM3K24",
        "topic": "Favorite movies list: <https:\/\/airtable.com\/shrNy5g85K9H7pxna\/tblkcKw1gDqz6jrcX\/viwbjn2XioDHvMCBG>",
        "text": "<@U1ALM3K24|wismith> set the channel topic: Favorite movies list: <https:\/\/airtable.com\/shrNy5g85K9H7pxna\/tblkcKw1gDqz6jrcX\/viwbjn2XioDHvMCBG>",
        "type": "message",
        "subtype": "channel_topic",
        "ts": "1484855404.000076"
    },
    {
        "user": "U24FJ9P5W",
        "text": "<@U24FJ9P5W|icenine> has joined the channel",
        "type": "message",
        "subtype": "channel_join",
        "ts": "1484855406.000077"
    },
    {
        "type": "message",
        "user": "U0V949JCB",
        "text": "yeah.... awesome. got a nice day planned out tomorrow ha",
        "ts": "1484855425.000078"
    },
    {
        "type": "message",
        "user": "U24FJ9P5W",
        "text": "So I think we need a vote every Friday for what to watch that weekend. ",
        "ts": "1484855534.000079"
    },
    {
        "type": "message",
        "user": "U24FJ9P5W",
        "text": "And maybe 1-2 movies a weekend. ",
        "ts": "1484855559.000080"
    },
    {
        "type": "message",
        "user": "U1ALM3K24",
        "text": "can we start with 1... I've got a family :slightly_smiling_face:",
        "edited": {
            "user": "U1ALM3K24",
            "ts": "1484855594.000000"
        },
        "ts": "1484855582.000081"
    },
    {
        "type": "message",
        "user": "U24FJ9P5W",
        "text": "Even better",
        "ts": "1484855597.000083"
    },
    {
        "type": "message",
        "user": "U1ALM3K24",
        "text": "Updated the table, and added a \"Seen?\" section so we can mark it when we watch it",
        "ts": "1484855673.000084"
    },
    {
        "type": "message",
        "user": "U24FJ9P5W",
        "text": "<@U0V9PD50R>: don't ever let anyone ever give you heat about the fifth element. ",
        "ts": "1484855760.000085"
    },
    {
        "type": "message",
        "user": "U0V9PD50R",
        "text": "i don't",
        "ts": "1484855772.000086"
    },
    {
        "type": "message",
        "user": "U24FJ9P5W",
        "text": "That's a damn classic right there",
        "ts": "1484855772.000087"
    },
    {
        "type": "message",
        "user": "U24FJ9P5W",
        "text": "Chikan good!",
        "ts": "1484855778.000088",
        "reactions": [
            {
                "name": "+1::skin-tone-4",
                "users": [
                    "U0V949JCB"
                ],
                "count": 1
            }
        ]
    },
    {
        "type": "message",
        "user": "U0V9PD50R",
        "text": "i get more greif over my love for blade runner",
        "ts": "1484855794.000089"
    },
    {
        "type": "message",
        "user": "U24FJ9P5W",
        "text": "What? ",
        "ts": "1484855811.000090"
    },
    {
        "type": "message",
        "user": "U24FJ9P5W",
        "text": "",
        "bot_id": "B0NUYRN04",
        "attachments": [
            {
                "fallback": "giphy: http:\/\/giphy.com\/gifs\/chris-drew-KO7SI1pHgDSx2",
                "image_url": "http:\/\/media.giphy.com\/media\/KO7SI1pHgDSx2\/giphy-tumblr.gif",
                "image_width": 250,
                "image_height": 121,
                "image_bytes": 882783,
                "is_animated": true,
                "title": "uncultured",
                "footer": "Posted using \/giphy",
                "id": 1,
                "title_link": "http:\/\/giphy.com\/gifs\/chris-drew-KO7SI1pHgDSx2"
            }
        ],
        "ts": "1484855843.000092"
    },
    {
        "type": "message",
        "user": "U0V9PD50R",
        "text": "it's because i put it so high on my list, it's a #1 for me...and most people don't even have it in their #10",
        "ts": "1484855846.000093"
    },
    {
        "type": "message",
        "user": "U1ALM3K24",
        "text": "Oh, that one has to go on the list too!",
        "ts": "1484855857.000094"
    },
    {
        "type": "message",
        "user": "U104Y4770",
        "text": "^^ add that to the list",
        "ts": "1484855858.000095"
    },
    {
        "type": "message",
        "user": "U1ALM3K24",
        "text": "<@U104Y4770> Can we be friends too! :stuck_out_tongue:",
        "ts": "1484855871.000096"
    },
    {
        "type": "message",
        "user": "U104Y4770",
        "text": "",
        "bot_id": "B0NUYRN04",
        "attachments": [
            {
                "fallback": "giphy: http:\/\/giphy.com\/gifs\/queue-himym-barney-stinson-U0nW0QagDmTwA",
                "image_url": "http:\/\/media0.giphy.com\/media\/U0nW0QagDmTwA\/giphy.gif",
                "image_width": 497,
                "image_height": 258,
                "image_bytes": 512996,
                "is_animated": true,
                "title": "I request the highest of fives",
                "footer": "Posted using \/giphy",
                "id": 1,
                "title_link": "http:\/\/giphy.com\/gifs\/queue-himym-barney-stinson-U0nW0QagDmTwA"
            }
        ],
        "ts": "1484855888.000098"
    },
    {
        "type": "message",
        "user": "U0V9PD50R",
        "text": "flash dance at the gas pump, buddy wacket, i can hear you getting fatter...such classic lines",
        "ts": "1484855889.000099"
    },
    {
        "type": "message",
        "user": "U0V949JCB",
        "text": "<@U24FJ9P5W> lol that’s the fifth element reference i just made to my team earlier haha",
        "ts": "1484855991.000100"
    },
    {
        "type": "message",
        "user": "U0V949JCB",
        "text": "",
        "bot_id": "B0NUYRN04",
        "attachments": [
            {
                "fallback": "giphy: http:\/\/giphy.com\/gifs\/chicken-the-fifth-element-leeloo-xgODu5jcgkf6M",
                "image_url": "http:\/\/media3.giphy.com\/media\/xgODu5jcgkf6M\/giphy.gif",
                "image_width": 1024,
                "image_height": 737,
                "image_bytes": 874967,
                "is_animated": true,
                "title": "chicken. good.",
                "footer": "Posted using \/giphy",
                "id": 1,
                "title_link": "http:\/\/giphy.com\/gifs\/chicken-the-fifth-element-leeloo-xgODu5jcgkf6M"
            }
        ],
        "ts": "1484856026.000102"
    },
    {
        "type": "message",
        "user": "U235A44S0",
        "text": "My Wife and I love `The Fifth Element`",
        "ts": "1484856291.000103"
    },
    {
        "type": "message",
        "user": "U235A44S0",
        "text": "Such a good movie",
        "ts": "1484856294.000104"
    },
    {
        "type": "message",
        "user": "U24FJ9P5W",
        "text": "`not \"yadayadayadayadyadyadyadyadyaayadyady oo\".  Shorter.`",
        "edited": {
            "user": "U24FJ9P5W",
            "ts": "1484856639.000000"
        },
        "ts": "1484856556.000105"
    },
    {
        "type": "message",
        "user": "U0V9PD50R",
        "text": "chickan good!",
        "ts": "1484856559.000106"
    },
    {
        "type": "message",
        "user": "U24FJ9P5W",
        "text": "how do you do the single line ala <@U235A44S0> i forget",
        "ts": "1484856602.000108"
    },
    {
        "type": "message",
        "user": "U104Y4770",
        "text": "`",
        "ts": "1484856617.000109"
    },
    {
        "type": "message",
        "user": "U235A44S0",
        "text": "single tick at beginning and end",
        "ts": "1484856623.000110"
    },
    {
        "type": "message",
        "user": "U24FJ9P5W",
        "text": "i deed!",
        "ts": "1484856630.000111"
    },
    {
        "type": "message",
        "user": "U235A44S0",
        "text": "`i deed`!",
        "ts": "1484856640.000113"
    },
    {
        "type": "message",
        "user": "U24FJ9P5W",
        "text": "weird, maybe i did a tick and an apostrophe...",
        "edited": {
            "user": "U24FJ9P5W",
            "ts": "1484856655.000000"
        },
        "ts": "1484856646.000114"
    },
    {
        "type": "message",
        "user": "U235A44S0",
        "text": "When you start typing in the text box, below where you are typing, it lists the items you can use. I have never been able to use the &gt; quote though",
        "ts": "1484856676.000116"
    },
    {
        "type": "message",
        "user": "U235A44S0",
        "text": "*boldlyImpressive* _italicsForFun_ ~StrikeForceOne~ `codey_codey_con` ```format this~```",
        "ts": "1484856760.000117"
    },
    {
        "type": "message",
        "user": "U235A44S0",
        "text": "You can copy all of that into the text box and it should copy the formatting with it",
        "ts": "1484856794.000118"
    },
    {
        "type": "message",
        "user": "U24FJ9P5W",
        "text": "indeedy it did",
        "ts": "1484856810.000119"
    },
    {
        "type": "message",
        "user": "U24FJ9P5W",
        "text": "back to movie talk, this isn't a tech channel!",
        "ts": "1484856822.000120"
    },
    {
        "type": "message",
        "user": "U24FJ9P5W",
        "text": "shoo shoo!",
        "ts": "1484856826.000121"
    },
    {
        "type": "message",
        "user": "U235A44S0",
        "text": "Fine, will take it to <#C0E2AD6BE|random>",
        "edited": {
            "user": "U235A44S0",
            "ts": "1484856847.000000"
        },
        "ts": "1484856839.000122"
    },
    {
        "type": "message",
        "user": "U24FJ9P5W",
        "text": "woot, we have poll bot installed already.  just getting ready for tomorrow.",
        "edited": {
            "user": "U24FJ9P5W",
            "ts": "1484856977.000000"
        },
        "ts": "1484856958.000124"
    },
    {
        "type": "message",
        "user": "U0XCXA90A",
        "text": "I have bought Fifth Element roughly 6 times.",
        "ts": "1484857645.000126"
    },
    {
        "type": "message",
        "user": "U0XCXA90A",
        "text": "I just keep forgetting I own it on every format, so I’ll see it on Bluray and think “Oh, I need to get this on BluRay, better buy it\"",
        "ts": "1484857722.000127"
    },
    {
        "type": "message",
        "user": "U0XCXA90A",
        "text": "then I take it home and put it next to the other 2 copies I already have for that format",
        "edited": {
            "user": "U0XCXA90A",
            "ts": "1484857822.000000"
        },
        "ts": "1484857735.000128"
    },
    {
        "type": "message",
        "user": "U0V9PD50R",
        "text": "that happened to me with weezers blue album... <@U0XCXA90A>",
        "ts": "1484859017.000130"
    },
    {
        "type": "message",
        "user": "U0V9PD50R",
        "text": "but mine kept disappearing...",
        "ts": "1484859028.000131"
    },
    {
        "type": "message",
        "user": "U0V949JCB",
        "text": "Alright. The Rock currently downloading",
        "ts": "1484862607.000132"
    },
    {
        "type": "message",
        "user": "U0XCXA90A",
        "text": "legally purchased from a legitimate digital provider, of course.",
        "ts": "1484862703.000133"
    },
    {
        "type": "message",
        "user": "U0V949JCB",
        "text": "of course!",
        "ts": "1484862725.000134"
    },
    {
        "type": "message",
        "user": "U0XCXA90A",
        "text": "I was worried that we overhyped The Rock too much",
        "ts": "1484862733.000135"
    },
    {
        "type": "message",
        "user": "U0XCXA90A",
        "text": "but then I remembered\n&gt;I’d take pleasure in guttin’ you, boy.\nAnd now I’m not worried. You can’t overhype this movie.",
        "edited": {
            "user": "U0XCXA90A",
            "ts": "1484862776.000000"
        },
        "ts": "1484862764.000136"
    },
    {
        "type": "message",
        "user": "U104Y4770",
        "text": "<https:\/\/www.youtube.com\/watch?v=qD5GtohtRYU>",
        "attachments": [
            {
                "service_name": "YouTube",
                "service_url": "https:\/\/www.youtube.com\/",
                "title": "The rock - Prom queen",
                "title_link": "https:\/\/www.youtube.com\/watch?v=qD5GtohtRYU",
                "author_name": "arage1983",
                "author_link": "https:\/\/www.youtube.com\/user\/arage1983",
                "thumb_url": "https:\/\/i.ytimg.com\/vi\/qD5GtohtRYU\/hqdefault.jpg",
                "thumb_width": 480,
                "thumb_height": 360,
                "fallback": "YouTube Video: The rock - Prom queen",
                "video_html": "<iframe width=\"400\" height=\"225\" src=\"https:\/\/www.youtube.com\/embed\/qD5GtohtRYU?feature=oembed&autoplay=1&iv_load_policy=3\" frameborder=\"0\" allowfullscreen><\/iframe>",
                "video_html_width": 400,
                "video_html_height": 225,
                "from_url": "https:\/\/www.youtube.com\/watch?v=qD5GtohtRYU",
                "service_icon": "https:\/\/a.slack-edge.com\/2089\/img\/unfurl_icons\/youtube.png",
                "id": 1
            }
        ],
        "ts": "1484863054.000138"
    },
    {
        "type": "message",
        "user": "U104Y4770",
        "text": "Can’t forget this either",
        "ts": "1484863059.000140"
    },
    {
        "type": "message",
        "user": "U1ALM3K24",
        "text": "I added Top Gun to the list. Because it's Top Gun !",
        "ts": "1484870984.000141",
        "reactions": [
            {
                "name": "airplane",
                "users": [
                    "U235A44S0"
                ],
                "count": 1
            }
        ]
    },
    {
        "type": "message",
        "user": "U104Y4770",
        "text": "Up until two years ago, my wife had never seen Top Gun. I remedied that the day she told me",
        "ts": "1484871178.000142"
    }
]