[
    {
        "type": "message",
        "user": "U235A44S0",
        "text": "I love The Professional",
        "ts": "1485349971.000340"
    },
    {
        "type": "message",
        "user": "U235A44S0",
        "text": "<@U24FJ9P5W>: I was the one that mentioned Up",
        "ts": "1485349985.000341"
    },
    {
        "type": "message",
        "user": "U235A44S0",
        "text": "It is a sad beginning for the movie. However, it is the setup for the rest of the movie",
        "ts": "1485350006.000342"
    },
    {
        "type": "message",
        "user": "U24FJ9P5W",
        "text": "You're so down, you can only go up. Cheap parlor tricks. ",
        "ts": "1485350118.000343"
    },
    {
        "type": "message",
        "user": "U24FJ9P5W",
        "text": "Still a great movie though. ",
        "ts": "1485350157.000344"
    },
    {
        "type": "message",
        "user": "U235A44S0",
        "text": "yeah, well. I showed it my Son, Levi. He loved it",
        "ts": "1485350407.000345"
    },
    {
        "type": "message",
        "user": "U235A44S0",
        "text": "Had to explain some things to him about death and all of that. He has learned about death with ants. Squishing them and what not since he was about 1 1\/2 - 2 years old.",
        "edited": {
            "user": "U235A44S0",
            "ts": "1485350456.000000"
        },
        "ts": "1485350445.000346"
    },
    {
        "type": "message",
        "user": "U235A44S0",
        "text": "Once you are squished, there is no coming back",
        "ts": "1485350463.000348"
    },
    {
        "type": "message",
        "user": "U0XCXA90A",
        "text": "<@U24FJ9P5W> It’s even worse if you think of it as the wife having died _way_ earlier- when they were trying to have a kid- and everything after is the delusion of a lonely grief-stricken man who eventually succumbs to dementia and starts seeing the kid he never had.",
        "ts": "1485354790.000349"
    },
    {
        "type": "message",
        "user": "U24FJ9P5W",
        "text": "<@U0XCXA90A> yup, you took it too far.  probably true though :wink:",
        "ts": "1485354832.000350"
    },
    {
        "type": "message",
        "user": "U1ALM3K24",
        "text": "What :movie_camera: is on the docket for this weekend?",
        "ts": "1485355707.000351"
    },
    {
        "type": "message",
        "user": "U1ALM3K24",
        "text": "Suggestions???",
        "ts": "1485355710.000352"
    },
    {
        "type": "message",
        "user": "U0V949JCB",
        "text": "we going with anything on the list?",
        "ts": "1485356517.000353"
    },
    {
        "type": "message",
        "user": "U15LF2CTD",
        "text": "There's a list?!",
        "ts": "1485356725.000354"
    },
    {
        "type": "message",
        "user": "U0V949JCB",
        "text": "",
        "attachments": [
            {
                "fallback": "[January 19th, 2017 12:30 PM] wismith: Here is a shared link for a favorite movie list: <https:\/\/airtable.com\/shrNy5g85K9H7pxna\/tblkcKw1gDqz6jrcX\/viwbjn2XioDHvMCBG>",
                "ts": "1484854208.000042",
                "author_subname": "wismith",
                "channel_id": "C3TVA5JRK",
                "channel_name": "movie-club",
                "is_msg_unfurl": true,
                "text": "Here is a shared link for a favorite movie list: <https:\/\/airtable.com\/shrNy5g85K9H7pxna\/tblkcKw1gDqz6jrcX\/viwbjn2XioDHvMCBG>",
                "author_name": "William Smith",
                "author_link": "https:\/\/sndevs.slack.com\/team\/wismith",
                "author_icon": "https:\/\/avatars.slack-edge.com\/2016-09-26\/84163835537_407181d17422f0ecf491_48.jpg",
                "mrkdwn_in": [
                    "text"
                ],
                "color": "D0D0D0",
                "from_url": "https:\/\/sndevs.slack.com\/archives\/movie-club\/p1484854208000042",
                "is_share": true,
                "footer": "Posted in #movie-club"
            }
        ],
        "ts": "1485357063.000355"
    },
    {
        "type": "message",
        "user": "U0EKK4BTP",
        "text": "I’m disappointed to see this in anything other than a ServiceNow instance :wink:",
        "ts": "1485357204.000356"
    },
    {
        "type": "message",
        "user": "U0V949JCB",
        "text": ".... we have failed. :disappointed:",
        "ts": "1485357233.000357"
    },
    {
        "type": "message",
        "user": "U1ALM3K24",
        "text": "How would I share out a table with a public link in ServiceNow? I didn't know that was possible? Maybe create a shared report?",
        "ts": "1485357622.000358"
    },
    {
        "type": "message",
        "user": "U1ALM3K24",
        "text": "I don't like failure!",
        "ts": "1485357630.000359"
    },
    {
        "type": "message",
        "user": "U0XCXA90A",
        "text": "How do you add to this?",
        "ts": "1485357873.000360"
    },
    {
        "type": "message",
        "user": "U0XCXA90A",
        "text": "I have some films to add.",
        "ts": "1485358050.000361"
    },
    {
        "type": "message",
        "user": "U1ALM3K24",
        "text": "One sec...",
        "ts": "1485358073.000362"
    },
    {
        "type": "message",
        "user": "U1ALM3K24",
        "text": "Here is an invite link that allows edit access - <https:\/\/airtable.com\/invite\/l?inviteId=invV01fUmARNZ7fa2&amp;inviteToken=61fde87cf850a85191ab7d203fb855aa>",
        "attachments": [
            {
                "service_name": "Airtable",
                "title": "Airtable: Organize anything you can imagine",
                "title_link": "https:\/\/airtable.com\/invite\/l?inviteId=invV01fUmARNZ7fa2&inviteToken=61fde87cf850a85191ab7d203fb855aa",
                "text": "Airtable works like a spreadsheet but gives you the power of a database to organize anything. Sign up for free.",
                "fallback": "Airtable: Airtable: Organize anything you can imagine",
                "image_url": "https:\/\/static.airtable.com\/images\/oembed\/airtable.png",
                "from_url": "https:\/\/airtable.com\/invite\/l?inviteId=invV01fUmARNZ7fa2&inviteToken=61fde87cf850a85191ab7d203fb855aa",
                "image_width": 476,
                "image_height": 250,
                "image_bytes": 42745,
                "service_icon": "https:\/\/airtable.com\/images\/favicon\/baymax\/apple-touch-icon.png",
                "id": 1
            }
        ],
        "ts": "1485358970.000363"
    },
    {
        "type": "message",
        "subtype": "pinned_item",
        "user": "U1ALM3K24",
        "item_type": "C",
        "attachments": [
            {
                "fallback": "[January 25th, 2017 7:42 AM] wismith: Here is an invite link that allows edit access - <https:\/\/airtable.com\/invite\/l?inviteId=invV01fUmARNZ7fa2&amp;inviteToken=61fde87cf850a85191ab7d203fb855aa>",
                "ts": "1485358970.000363",
                "author_subname": "wismith",
                "channel_id": "C3TVA5JRK",
                "channel_name": "movie-club",
                "is_msg_unfurl": true,
                "text": "Here is an invite link that allows edit access - <https:\/\/airtable.com\/invite\/l?inviteId=invV01fUmARNZ7fa2&amp;inviteToken=61fde87cf850a85191ab7d203fb855aa>",
                "author_name": "William Smith",
                "author_link": "https:\/\/sndevs.slack.com\/team\/wismith",
                "author_icon": "https:\/\/avatars.slack-edge.com\/2016-09-26\/84163835537_407181d17422f0ecf491_48.jpg",
                "mrkdwn_in": [
                    "text"
                ]
            }
        ],
        "text": "<@U1ALM3K24|wismith> pinned a message to this channel.",
        "ts": "1485358980.000365"
    },
    {
        "type": "message",
        "user": "U0XCXA90A",
        "text": "Sweet",
        "ts": "1485359458.000366"
    },
    {
        "type": "message",
        "user": "U235A44S0",
        "text": "When I see airtable, I think of air hockey",
        "ts": "1485359601.000367"
    },
    {
        "type": "message",
        "user": "U1ALM3K24",
        "text": "Anyone can use that link to sign up and add items, by the way. It's not just for <@U0XCXA90A>",
        "ts": "1485359968.000368"
    },
    {
        "type": "message",
        "user": "U0V9PD50R",
        "text": "added the professional",
        "ts": "1485362987.000369",
        "reactions": [
            {
                "name": "gun",
                "users": [
                    "U235A44S0",
                    "U0V949JCB"
                ],
                "count": 2
            }
        ]
    },
    {
        "type": "message",
        "user": "U0XCXA90A",
        "text": "Ooh, that one is pretty good.",
        "ts": "1485367991.000370"
    },
    {
        "type": "message",
        "user": "U235A44S0",
        "text": "I love his obsession with milk",
        "ts": "1485368648.000371"
    }
]