[
    {
        "type": "message",
        "user": "U0XCXA90A",
        "text": "If Top Secret is on the list, then Real Genius should be too",
        "ts": "1485791907.000401",
        "reactions": [
            {
                "name": "+1::skin-tone-3",
                "users": [
                    "U235A44S0"
                ],
                "count": 1
            }
        ]
    },
    {
        "type": "message",
        "user": "U0XCXA90A",
        "text": "It’s a moral imperative",
        "ts": "1485791926.000402"
    },
    {
        "type": "message",
        "user": "U0N4RBF7W",
        "text": "My girlfriend is obsessed with Top Secret",
        "ts": "1485791954.000403"
    },
    {
        "type": "message",
        "user": "U0N4RBF7W",
        "text": "I think it's funny but not on the level she thinks it is",
        "ts": "1485791964.000404"
    },
    {
        "type": "message",
        "user": "U0V949JCB",
        "text": "Real Genius is great",
        "ts": "1485791990.000405"
    },
    {
        "type": "message",
        "user": "U0XCXA90A",
        "text": "<@U0N4RBF7W> You’re probably more of a Spies Like Us type of guy.",
        "ts": "1485792074.000406"
    },
    {
        "type": "message",
        "user": "U0N4RBF7W",
        "text": "Talking of movies",
        "ts": "1485792225.000407"
    },
    {
        "type": "message",
        "user": "U0N4RBF7W",
        "text": "I saw Split over the weekend, anyone else?",
        "ts": "1485792231.000408"
    },
    {
        "type": "message",
        "user": "U0XCXA90A",
        "text": "Is the twist that it’s really the _girl_ who has a split personality?",
        "ts": "1485792289.000409"
    },
    {
        "type": "message",
        "user": "U0N4RBF7W",
        "text": "There's no twist",
        "ts": "1485792304.000410"
    },
    {
        "type": "message",
        "user": "U235A44S0",
        "text": "",
        "bot_id": "B0NUYRN04",
        "attachments": [
            {
                "fallback": "giphy: http:\/\/giphy.com\/gifs\/wuAy78MyYtnW0",
                "image_url": "http:\/\/media3.giphy.com\/media\/wuAy78MyYtnW0\/giphy.gif",
                "image_width": 245,
                "image_height": 160,
                "image_bytes": 1855463,
                "is_animated": true,
                "title": "twist",
                "footer": "Posted using \/giphy",
                "id": 1,
                "title_link": "http:\/\/giphy.com\/gifs\/wuAy78MyYtnW0"
            }
        ],
        "ts": "1485792352.000412"
    },
    {
        "type": "message",
        "user": "U0N4RBF7W",
        "text": "Haha",
        "ts": "1485792359.000413"
    },
    {
        "type": "message",
        "user": "U235A44S0",
        "text": "There is always a twist",
        "ts": "1485792376.000414"
    },
    {
        "type": "message",
        "user": "U0N4RBF7W",
        "text": "Honestly, it's as it appears",
        "ts": "1485792435.000415"
    },
    {
        "type": "message",
        "user": "U0N4RBF7W",
        "text": "It's very refreshing",
        "ts": "1485792439.000416"
    },
    {
        "type": "message",
        "user": "U235A44S0",
        "text": "Nice. I like M. Night ShawlmellMulan",
        "ts": "1485792473.000417"
    },
    {
        "type": "message",
        "user": "U235A44S0",
        "text": "I can never remember how to spell his last name",
        "ts": "1485792483.000418"
    },
    {
        "type": "message",
        "user": "U0N4RBF7W",
        "text": "I just type in lamalmalm until I'm tired",
        "ts": "1485792569.000419"
    },
    {
        "type": "message",
        "user": "U235A44S0",
        "text": "lol",
        "ts": "1485793023.000420"
    },
    {
        "type": "message",
        "user": "U0N4RBF7W",
        "text": "Film is a good watch though",
        "ts": "1485793513.000421"
    },
    {
        "type": "message",
        "user": "U0N4RBF7W",
        "text": "Typically good split personality role that actors, directors and critics LOVE getting all masturbatory over and start claiming oscars in January",
        "ts": "1485793571.000422"
    },
    {
        "type": "message",
        "user": "U0N4RBF7W",
        "text": "But... In the face of that comment, James McAvoy is really good in it &gt;.&lt;",
        "ts": "1485793603.000423"
    },
    {
        "type": "message",
        "user": "U0EKK4BTP",
        "text": "So much of Shyamalan’s recent stuff has been horrible. Interesting to hear that this is decent.",
        "ts": "1485793676.000424"
    },
    {
        "type": "message",
        "user": "U0N4RBF7W",
        "text": "So! There's a good critic I like on the BBC and he said the same thing and spoke well of this film",
        "ts": "1485793768.000425"
    },
    {
        "type": "message",
        "user": "U0N4RBF7W",
        "text": "I don't like his films that much, I think the praise is way higher than the quality of film. The worlds obsessions with \"OMG PLOT TWIST IS INSANE\" kinda launched it way higher than it deserves",
        "ts": "1485793842.000426"
    },
    {
        "type": "message",
        "user": "U0N4RBF7W",
        "text": "Well to say I don't like them is a lie, it's that they're rated higher than they are in my opinion",
        "ts": "1485793887.000427"
    },
    {
        "type": "message",
        "user": "U0EKK4BTP",
        "text": "And when a plot twist is fully expected, I’m no longer very interested.",
        "ts": "1485793946.000428"
    },
    {
        "type": "message",
        "user": "U0N4RBF7W",
        "text": "Yeah, I suppose",
        "ts": "1485793962.000429"
    },
    {
        "type": "message",
        "user": "U0N4RBF7W",
        "text": "Like I had a friend recommend me a series because the plot twist in the second season \"Is unreal\", said to watch 2 seasons of it for the plot twist",
        "ts": "1485793993.000430"
    },
    {
        "type": "message",
        "user": "U0EKK4BTP",
        "text": "I get so hung up looking for clues about what that twist will be, or analyzing little things: “was that a twist?”, that I can no longer enjoy the movie.",
        "ts": "1485793997.000431"
    },
    {
        "type": "message",
        "user": "U0N4RBF7W",
        "text": "OR I can watch something that doesn't manufacture annoying plot twists and instead focuses on quality content... Not relying on the social media buzz that's generated by the plot twist",
        "ts": "1485794023.000432"
    },
    {
        "type": "message",
        "user": "U0EKK4BTP",
        "text": "Which is why I usually look at the RT % score for a movie, and avoid all other social media, reviews, trailers, etc whenever possible.",
        "ts": "1485794038.000433"
    },
    {
        "type": "message",
        "user": "U0N4RBF7W",
        "text": "Haha, I did that throughout Split... Not even joking",
        "ts": "1485794048.000434"
    },
    {
        "type": "message",
        "user": "U0N4RBF7W",
        "text": "I have found films I've enjoyed a lot get slammed by Rotten Tomatoes",
        "ts": "1485794113.000435"
    },
    {
        "type": "message",
        "user": "U0N4RBF7W",
        "text": "Warcraft the movie, for example",
        "ts": "1485794121.000436"
    },
    {
        "type": "message",
        "user": "U0N4RBF7W",
        "text": "Initially that was slammed on RT but it was a fantastic piece",
        "ts": "1485794129.000437"
    },
    {
        "type": "message",
        "user": "U0EKK4BTP",
        "text": "oh yeah, very true",
        "ts": "1485794148.000438"
    },
    {
        "type": "message",
        "user": "U0EKK4BTP",
        "text": "my decision making process is usually a combination of factors:",
        "ts": "1485794158.000439"
    },
    {
        "type": "message",
        "user": "U0EKK4BTP",
        "text": "RT critic % vs. RT audience %",
        "ts": "1485794167.000440"
    },
    {
        "type": "message",
        "user": "U0N4RBF7W",
        "text": "I don't really look that much into it, haha",
        "ts": "1485794181.000441"
    },
    {
        "type": "message",
        "user": "U0EKK4BTP",
        "text": "If audience score is high, there’s a good chance I’ll still see it",
        "ts": "1485794184.000442"
    },
    {
        "type": "message",
        "user": "U0N4RBF7W",
        "text": "I pay like £16.50 a month for unlimited cinema so we're a bit more liberal",
        "ts": "1485794197.000443"
    },
    {
        "type": "message",
        "user": "U0XCXA90A",
        "text": "That’s a thing?",
        "ts": "1485794218.000444"
    },
    {
        "type": "message",
        "user": "U0EKK4BTP",
        "text": "wow, that’s crazy",
        "ts": "1485794226.000445"
    },
    {
        "type": "message",
        "user": "U0N4RBF7W",
        "text": "Yup!",
        "ts": "1485794230.000446"
    },
    {
        "type": "message",
        "user": "U0XCXA90A",
        "text": "I want that.",
        "ts": "1485794232.000447"
    },
    {
        "type": "message",
        "user": "U0EKK4BTP",
        "text": "me too.",
        "ts": "1485794234.000448"
    },
    {
        "type": "message",
        "user": "U0EKK4BTP",
        "text": "I rarely see movies in the theaters any more - at least $14-16\/ticket if I’m lucky.",
        "ts": "1485794256.000449"
    },
    {
        "type": "message",
        "user": "U0N4RBF7W",
        "text": "So we will watch most things that take our fancy",
        "edited": {
            "user": "U0N4RBF7W",
            "ts": "1485794271.000000"
        },
        "ts": "1485794261.000450"
    },
    {
        "type": "message",
        "user": "U0EKK4BTP",
        "text": "and so many theaters are doing things to justify higher prices.",
        "ts": "1485794271.000451"
    },
    {
        "type": "message",
        "user": "U0N4RBF7W",
        "text": "Oh",
        "ts": "1485794279.000453"
    },
    {
        "type": "message",
        "user": "U0EKK4BTP",
        "text": "RPX? Yeah, sounds good, but not loving the $17 ticket price.",
        "ts": "1485794289.000454"
    },
    {
        "type": "message",
        "user": "U0N4RBF7W",
        "text": "That reminds me I need to write a complaint letter to our cinema",
        "ts": "1485794289.000455"
    },
    {
        "type": "message",
        "user": "U0XCXA90A",
        "text": "The cost is so high that now I _only_ see movies in RPT’s (rich-people theaters, with reclining leather seats and in-seat dining service). Because the difference in ticket price is negligible between RPTs and PPTs.",
        "ts": "1485794321.000456",
        "reactions": [
            {
                "name": "+1",
                "users": [
                    "U15LF2CTD",
                    "U0EKK4BTP"
                ],
                "count": 2
            }
        ]
    },
    {
        "type": "message",
        "user": "U0N4RBF7W",
        "text": "4DX cinema advert thinking that LOUDER and MORE TREBLE is the same as ENCHANCED QUALITY AND IMMERSION is fucking dumb",
        "ts": "1485794322.000457"
    },
    {
        "type": "message",
        "user": "U15LF2CTD",
        "text": "I rarely see movies in theaters anymore because SOME people get offended by a screaming baby.  Psh.",
        "ts": "1485794333.000458"
    },
    {
        "type": "message",
        "user": "U0N4RBF7W",
        "text": "All it does is hurt my ears",
        "ts": "1485794334.000459"
    },
    {
        "type": "message",
        "user": "U0EKK4BTP",
        "text": "<@U0XCXA90A> hah, yep",
        "ts": "1485794335.000460"
    },
    {
        "type": "message",
        "user": "U15LF2CTD",
        "text": "But we have a nice TV and surround sound system at home…so",
        "ts": "1485794341.000461"
    },
    {
        "type": "message",
        "user": "U0EKK4BTP",
        "text": "theater near me has a craft beer &amp; popcorn deal that’s the same price as a coke and popcorn elsewhere.",
        "ts": "1485794358.000462"
    },
    {
        "type": "message",
        "user": "U15LF2CTD",
        "text": "<@U0XCXA90A> - That’s the only type we go too…when we do go!",
        "ts": "1485794370.000463"
    },
    {
        "type": "message",
        "user": "U0XCXA90A",
        "text": "<@U15LF2CTD> and a VPN and logins to the best torrent sites?",
        "ts": "1485794389.000464"
    },
    {
        "type": "message",
        "user": "U15LF2CTD",
        "text": "Lol noooo.  We keep it legal.",
        "ts": "1485794410.000465"
    },
    {
        "type": "message",
        "user": "U0EKK4BTP",
        "text": "_cough_ _cough_ - Raspberry Pi &amp; Kodi + Exodus + NordVPN - is what a *_friend_* does.",
        "ts": "1485794466.000466"
    },
    {
        "type": "message",
        "user": "U0EKK4BTP",
        "text": "I know nothing of such setups, though.",
        "ts": "1485794492.000467"
    },
    {
        "type": "message",
        "user": "U0N4RBF7W",
        "text": "Of course not, noo...",
        "ts": "1485794504.000468"
    },
    {
        "type": "message",
        "user": "U0XCXA90A",
        "text": "My…friend… uses Plex and has a seedbox...",
        "ts": "1485794506.000469"
    },
    {
        "type": "message",
        "user": "U0N4RBF7W",
        "text": "Just like a manager you're throwing words and technologies together",
        "ts": "1485794521.000470"
    },
    {
        "type": "message",
        "user": "U0N4RBF7W",
        "text": ":wink:",
        "ts": "1485794522.000471"
    },
    {
        "type": "message",
        "user": "U15LF2CTD",
        "text": "We just pay 4.99 and rent the movie lol.  We looked at plex, and then decided we were to lazy",
        "ts": "1485794583.000472"
    },
    {
        "type": "message",
        "user": "U0EKK4BTP",
        "text": "I rent\/buy quite a bit of stuff as well.",
        "ts": "1485794615.000473"
    },
    {
        "type": "message",
        "user": "U15LF2CTD",
        "text": "I’ve gotten SOOOOO lazy about things lately.  I mean, I buy pre-cut frozen bananas and pre-cut frozen chicken.",
        "ts": "1485794620.000474"
    },
    {
        "type": "message",
        "user": "U0N4RBF7W",
        "text": "I stopped my girlfriend buying pre-cut onions",
        "ts": "1485794674.000475"
    },
    {
        "type": "message",
        "user": "U0N4RBF7W",
        "text": "Less than half an onion, 3x the cost",
        "ts": "1485794698.000476"
    },
    {
        "type": "message",
        "user": "U15LF2CTD",
        "text": "OH I will totally do that.",
        "ts": "1485794701.000477"
    },
    {
        "type": "message",
        "user": "U15LF2CTD",
        "text": "I hate cutting onions",
        "ts": "1485794705.000478"
    },
    {
        "type": "message",
        "user": "U15LF2CTD",
        "text": "And who has time?  I don’t have time.",
        "ts": "1485794710.000479"
    },
    {
        "type": "message",
        "user": "U0EKK4BTP",
        "text": "And when else would someone have the opportunity to cry without shame?",
        "ts": "1485794713.000480"
    },
    {
        "type": "message",
        "user": "U0N4RBF7W",
        "text": "My step-dad taught me the solution for onions",
        "ts": "1485794716.000481"
    },
    {
        "type": "message",
        "user": "U15LF2CTD",
        "text": "Don’t buy them?",
        "ts": "1485794721.000482"
    },
    {
        "type": "message",
        "user": "U15LF2CTD",
        "text": "I don’t actually like onions at all, but husband does…so.",
        "ts": "1485794732.000483"
    },
    {
        "type": "message",
        "user": "U0N4RBF7W",
        "text": "Just use a desk fan and blow it over the chopping board, from the side, while you cut",
        "ts": "1485794734.000484"
    },
    {
        "type": "message",
        "user": "U0N4RBF7W",
        "text": "I was skeptical :confused:",
        "ts": "1485794738.000485"
    },
    {
        "type": "message",
        "user": "U0N4RBF7W",
        "text": "But it works",
        "ts": "1485794740.000486"
    },
    {
        "type": "message",
        "user": "U15LF2CTD",
        "text": "You can also plug your nose… helps a lot",
        "ts": "1485794748.000487"
    },
    {
        "type": "message",
        "user": "U0N4RBF7W",
        "text": "Does it?",
        "ts": "1485794783.000488"
    },
    {
        "type": "message",
        "user": "U0XCXA90A",
        "text": "wear goggles.",
        "ts": "1485795037.000489"
    },
    {
        "type": "message",
        "user": "U0N4RBF7W",
        "text": "But if what <@U15LF2CTD> and I are suggesting is that it's sinus-related or inhaled",
        "edited": {
            "user": "U0N4RBF7W",
            "ts": "1485795078.000000"
        },
        "ts": "1485795061.000490"
    },
    {
        "type": "message",
        "user": "U15LF2CTD",
        "text": "I used to cut a lot of onions back in high school (worked at a pizza place) and I also just stuffed some tissue into my nose lol",
        "ts": "1485795106.000492"
    },
    {
        "type": "message",
        "user": "U0XCXA90A",
        "text": "<https:\/\/www.youtube.com\/watch?v=RaZpPwmWZ7Q>",
        "attachments": [
            {
                "service_name": "YouTube",
                "service_url": "https:\/\/www.youtube.com\/",
                "title": "Why Do Onions Make You Cry?",
                "title_link": "https:\/\/www.youtube.com\/watch?v=RaZpPwmWZ7Q",
                "author_name": "Reactions",
                "author_link": "https:\/\/www.youtube.com\/user\/ACSReactions",
                "thumb_url": "https:\/\/i.ytimg.com\/vi\/RaZpPwmWZ7Q\/hqdefault.jpg",
                "thumb_width": 480,
                "thumb_height": 360,
                "fallback": "YouTube Video: Why Do Onions Make You Cry?",
                "video_html": "<iframe width=\"400\" height=\"225\" src=\"https:\/\/www.youtube.com\/embed\/RaZpPwmWZ7Q?feature=oembed&autoplay=1&iv_load_policy=3\" frameborder=\"0\" allowfullscreen><\/iframe>",
                "video_html_width": 400,
                "video_html_height": 225,
                "from_url": "https:\/\/www.youtube.com\/watch?v=RaZpPwmWZ7Q",
                "service_icon": "https:\/\/a.slack-edge.com\/2089\/img\/unfurl_icons\/youtube.png",
                "id": 1
            }
        ],
        "ts": "1485795420.000493"
    },
    {
        "type": "message",
        "user": "U0N4RBF7W",
        "text": "tl;dw?",
        "ts": "1485795443.000495"
    },
    {
        "type": "message",
        "user": "U0N4RBF7W",
        "text": "More: can't watch",
        "ts": "1485795469.000496"
    },
    {
        "type": "message",
        "user": "U0N4RBF7W",
        "text": ":disappointed:",
        "ts": "1485795471.000497"
    },
    {
        "type": "message",
        "user": "U0XCXA90A",
        "text": "the chemical vapors released by the onion meet the water in your eyes and form sulfuric acid",
        "ts": "1485795485.000498"
    },
    {
        "type": "message",
        "user": "U0N4RBF7W",
        "text": "so how did the tissue work? <@U15LF2CTD>!",
        "ts": "1485795508.000499"
    },
    {
        "type": "message",
        "user": "U0N4RBF7W",
        "text": "That's pretty cool to know though",
        "ts": "1485795518.000500"
    },
    {
        "type": "message",
        "user": "U15LF2CTD",
        "text": "I thought they worked well, but now I’m doubting myself.  This was many years ago",
        "ts": "1485795533.000501"
    },
    {
        "type": "message",
        "user": "U15LF2CTD",
        "text": "I don’t really cut onions anymore.",
        "ts": "1485795541.000502"
    },
    {
        "type": "message",
        "user": "U0N4RBF7W",
        "text": "Maybe the tissues physically blocked it reaching your eyes",
        "ts": "1485795551.000503"
    },
    {
        "type": "message",
        "user": "U15LF2CTD",
        "text": "Haha",
        "ts": "1485795556.000504"
    },
    {
        "type": "message",
        "user": "U0N4RBF7W",
        "text": "were they hanging out with like 5\" of spare tissue?",
        "ts": "1485795563.000505"
    },
    {
        "type": "message",
        "user": "U24FJ9P5W",
        "text": "speaking of shallalalalalalal movies.  I finally caught The Village",
        "ts": "1485795591.000506"
    },
    {
        "type": "message",
        "user": "U0N4RBF7W",
        "text": "Stupid film",
        "ts": "1485795603.000507"
    },
    {
        "type": "message",
        "user": "U0N4RBF7W",
        "text": "In fact, worst film",
        "ts": "1485795614.000508"
    },
    {
        "type": "message",
        "user": "U24FJ9P5W",
        "text": "so, let's make the blind girl trek through the forest to get the medicine... WTF?",
        "ts": "1485795614.000509"
    },
    {
        "type": "message",
        "user": "U0N4RBF7W",
        "text": "I've walked out of films I enjoyed more than that",
        "ts": "1485795622.000510"
    },
    {
        "type": "message",
        "user": "U24FJ9P5W",
        "text": "i can't it's annoying me,",
        "ts": "1485795636.000511"
    },
    {
        "type": "message",
        "user": "U24FJ9P5W",
        "text": "she's BLIND!",
        "ts": "1485795641.000512"
    },
    {
        "type": "message",
        "user": "U104Y4770",
        "text": "The Village was aweful",
        "ts": "1485795643.000513"
    },
    {
        "type": "message",
        "user": "U0N4RBF7W",
        "text": "Artistically I think it's pretty good, camera-work, colours used",
        "ts": "1485795668.000514"
    },
    {
        "type": "message",
        "user": "U24FJ9P5W",
        "text": "follow the path until blah blah...\nbro, i can't see!",
        "ts": "1485795672.000515"
    },
    {
        "type": "message",
        "user": "U0N4RBF7W",
        "text": "But AWFUL AWFUL AWFUL",
        "ts": "1485795673.000516"
    },
    {
        "type": "message",
        "user": "U0N4RBF7W",
        "text": "That shot where the figure is in the background while she tries to follow the directions BLIND and suddenly he's right infront of her",
        "ts": "1485795748.000517"
    },
    {
        "type": "message",
        "user": "U0N4RBF7W",
        "text": "That was cool",
        "ts": "1485795750.000518"
    },
    {
        "type": "message",
        "user": "U0XCXA90A",
        "text": "That’s the twist everyone called in the opening moments of the film. “Showing me a headstone with a date from the 1600’s on it? Must _actually_ be modern day\"",
        "ts": "1485795772.000519"
    },
    {
        "type": "message",
        "user": "U0N4RBF7W",
        "text": "They were looking for them by that point",
        "ts": "1485795796.000520"
    },
    {
        "type": "message",
        "user": "U104Y4770",
        "text": "The Village was the end of M. Night Shyamalan",
        "ts": "1485795809.000521"
    },
    {
        "type": "message",
        "user": "U24FJ9P5W",
        "text": "and the other thing,",
        "ts": "1485795885.000522"
    },
    {
        "type": "message",
        "user": "U24FJ9P5W",
        "text": "planes!",
        "ts": "1485795888.000523"
    },
    {
        "type": "message",
        "user": "U24FJ9P5W",
        "text": "PLANES!",
        "ts": "1485795890.000524"
    },
    {
        "type": "message",
        "user": "U24FJ9P5W",
        "text": "did i mention planes?",
        "ts": "1485795898.000525"
    },
    {
        "type": "message",
        "user": "U0XCXA90A",
        "text": "The one where the wind was the bad guy?",
        "ts": "1485795898.000526"
    },
    {
        "text": "",
        "bot_id": "B0NENLQRH",
        "attachments": [
            {
                "fallback": "Open Slack to cast your vote in this Simple Poll",
                "title": "Best M. Night Shamalamanam film?",
                "id": 1,
                "color": "6ecadc",
                "fields": [
                    {
                        "title": "",
                        "value": ":one: Sixth Sense    `4`\npheedbaq, icenine, heyambrosia, kevin_eldridge_itsm\n\n",
                        "short": false
                    },
                    {
                        "title": "",
                        "value": ":two: Unbreakable    `3`\nrobm, dstur, icenine\n\n",
                        "short": false
                    },
                    {
                        "title": "",
                        "value": ":three: The Villiage\n\n\n",
                        "short": false
                    },
                    {
                        "title": "",
                        "value": ":four: The Visit    `1`\npduff\n\n",
                        "short": false
                    },
                    {
                        "title": "",
                        "value": ":five: The Last Airbender(lol)\n\n\n",
                        "short": false
                    },
                    {
                        "title": "",
                        "value": ":six: Signs\n\n\n",
                        "short": false
                    },
                    {
                        "title": "",
                        "value": ":seven: Stuart Little\n\n\n",
                        "short": false
                    }
                ],
                "mrkdwn_in": [
                    "fields"
                ]
            },
            {
                "callback_id": "9fd95756-d532-47fe-a1fc-203f3c8ddba8",
                "fallback": "Open Slack to cast your vote in this Simple Poll",
                "id": 2,
                "color": "6ecadc",
                "actions": [
                    {
                        "id": "1",
                        "name": "vote",
                        "text": ":one:",
                        "type": "button",
                        "value": "1",
                        "style": ""
                    },
                    {
                        "id": "2",
                        "name": "vote",
                        "text": ":two:",
                        "type": "button",
                        "value": "2",
                        "style": ""
                    },
                    {
                        "id": "3",
                        "name": "vote",
                        "text": ":three:",
                        "type": "button",
                        "value": "3",
                        "style": ""
                    },
                    {
                        "id": "4",
                        "name": "vote",
                        "text": ":four:",
                        "type": "button",
                        "value": "4",
                        "style": ""
                    },
                    {
                        "id": "5",
                        "name": "vote",
                        "text": ":five:",
                        "type": "button",
                        "value": "5",
                        "style": ""
                    }
                ]
            },
            {
                "callback_id": "9fd95756-d532-47fe-a1fc-203f3c8ddba8",
                "fallback": "Open Slack to cast your vote in this Simple Poll",
                "id": 3,
                "color": "6ecadc",
                "actions": [
                    {
                        "id": "6",
                        "name": "vote",
                        "text": ":six:",
                        "type": "button",
                        "value": "6",
                        "style": ""
                    },
                    {
                        "id": "7",
                        "name": "vote",
                        "text": ":seven:",
                        "type": "button",
                        "value": "7",
                        "style": ""
                    }
                ]
            },
            {
                "callback_id": "9fd95756-d532-47fe-a1fc-203f3c8ddba8",
                "fallback": "Open Slack to cast your vote in this Simple Poll",
                "footer": "Simple Poll        <https:\/\/simplepoll.rocks\/dashboard\/sndevs\/settings\/|Edit Settings>",
                "id": 4,
                "footer_icon": "https:\/\/simplepoll.rocks\/static\/main\/favicon.png",
                "color": "6ecadc"
            }
        ],
        "type": "message",
        "subtype": "bot_message",
        "ts": "1485795911.000527"
    },
    {
        "type": "message",
        "user": "U0XCXA90A",
        "text": "<@U24FJ9P5W> in The Village, they explain that they purchased the airspace rights for their land, so no planes could fly over.",
        "ts": "1485795926.000530"
    },
    {
        "type": "message",
        "user": "U104Y4770",
        "text": "Lady in the Water wasn’t half bad",
        "ts": "1485795990.000535",
        "reactions": [
            {
                "name": "+1",
                "users": [
                    "U24FJ9P5W"
                ],
                "count": 1
            }
        ]
    },
    {
        "type": "message",
        "user": "U24FJ9P5W",
        "text": "<@U0XCXA90A> what about Lady in the water",
        "ts": "1485795998.000536"
    },
    {
        "type": "message",
        "user": "U0XCXA90A",
        "text": "Haven’t seen it.",
        "ts": "1485796004.000537"
    },
    {
        "type": "message",
        "user": "U0N4RBF7W",
        "text": "I've never heard of it, actually",
        "ts": "1485796009.000538"
    },
    {
        "type": "message",
        "user": "U104Y4770",
        "text": "I think it’s his best movie not named Unbreakable, Signs, or The Sixth Sense",
        "ts": "1485796037.000539"
    },
    {
        "type": "message",
        "user": "U0N4RBF7W",
        "text": "That's an interesting claim",
        "ts": "1485796052.000540"
    },
    {
        "type": "message",
        "user": "U104Y4770",
        "text": "really it’s not saying that much",
        "ts": "1485796069.000541"
    },
    {
        "type": "message",
        "user": "U0XCXA90A",
        "text": "Lady in the Water was about a drowned girl who was also alive, right? I assume it was twins though. Was it twins?",
        "edited": {
            "user": "U0XCXA90A",
            "ts": "1485796083.000000"
        },
        "ts": "1485796071.000542"
    },
    {
        "type": "message",
        "user": "U24FJ9P5W",
        "text": "wasn't The Happening shamla as well?",
        "ts": "1485796083.000543"
    },
    {
        "type": "message",
        "user": "U0N4RBF7W",
        "text": "It's never twins!",
        "ts": "1485796085.000545"
    },
    {
        "type": "message",
        "user": "U0XCXA90A",
        "text": "The Happening AKA \"The Wind Did It\"",
        "ts": "1485796101.000546"
    },
    {
        "type": "message",
        "user": "U0N4RBF7W",
        "text": "(Except in the Prestige, then it's ALMOST twins)",
        "ts": "1485796105.000547"
    },
    {
        "type": "message",
        "user": "U104Y4770",
        "text": "Prestige = :fire:",
        "ts": "1485796116.000548"
    },
    {
        "type": "message",
        "user": "U0V949JCB",
        "text": "The Happening… hahaha",
        "ts": "1485796117.000549"
    },
    {
        "type": "message",
        "user": "U0N4RBF7W",
        "text": "Yeah I didn't put The Happening on there",
        "ts": "1485796123.000550"
    },
    {
        "type": "message",
        "user": "U24FJ9P5W",
        "text": "IIRC lady in the water was about mermaids?",
        "ts": "1485796123.000551"
    },
    {
        "type": "message",
        "user": "U0XCXA90A",
        "text": "50\/50 twins\/tesla",
        "ts": "1485796124.000552"
    },
    {
        "type": "message",
        "user": "U0N4RBF7W",
        "text": "I'm sure you'll understand why",
        "ts": "1485796131.000553"
    },
    {
        "type": "message",
        "user": "U104Y4770",
        "text": "yeah, lady in the water was fairy taleish",
        "ts": "1485796141.000554"
    },
    {
        "type": "message",
        "user": "U0N4RBF7W",
        "text": "Though The Last Airbender got a special mention",
        "ts": "1485796145.000556"
    },
    {
        "type": "message",
        "user": "U0N4RBF7W",
        "text": "Burn it with fire, bad?",
        "attachments": [
            {
                "fallback": "[January 30th, 2017 5:08 PM] robm: Prestige = :fire:",
                "ts": "1485796116.000548",
                "author_subname": "robm",
                "channel_id": "C3TVA5JRK",
                "channel_name": "movie-club",
                "is_msg_unfurl": true,
                "text": "Prestige = :fire:",
                "author_name": "Robbie Medved",
                "author_link": "https:\/\/sndevs.slack.com\/team\/robm",
                "author_icon": "https:\/\/avatars.slack-edge.com\/2016-05-17\/43704228198_b2baf59e7208a766fc39_48.jpg",
                "mrkdwn_in": [
                    "text"
                ],
                "color": "D0D0D0",
                "from_url": "https:\/\/sndevs.slack.com\/archives\/movie-club\/p1485796116000548",
                "is_share": true,
                "footer": "Posted in #movie-club"
            }
        ],
        "ts": "1485796247.000557"
    },
    {
        "type": "message",
        "user": "U24FJ9P5W",
        "text": "best thing about The Prestige was David Bowie playing Tesla...",
        "ts": "1485796268.000558"
    },
    {
        "type": "message",
        "user": "U104Y4770",
        "text": "no, like the cool kids say it, like :fire: = good",
        "edited": {
            "user": "U104Y4770",
            "ts": "1485796289.000000"
        },
        "ts": "1485796279.000559"
    },
    {
        "type": "message",
        "user": "U0N4RBF7W",
        "text": "Ahh okay, cool",
        "ts": "1485796286.000560"
    },
    {
        "type": "message",
        "user": "U0N4RBF7W",
        "text": "Coooool",
        "ts": "1485796296.000562"
    },
    {
        "type": "message",
        "user": "U0N4RBF7W",
        "text": "Because I was about to do my keyboard warrior stretches",
        "ts": "1485796315.000563"
    },
    {
        "type": "message",
        "user": "U104Y4770",
        "text": "The first time I watched the prestige, I didn’t get to finish it for some reason… It was terrible not knowing the ending. When I finally got to watch the whole thing it did not disappoint",
        "edited": {
            "user": "U104Y4770",
            "ts": "1485796340.000000"
        },
        "ts": "1485796331.000564"
    },
    {
        "type": "message",
        "user": "U0N4RBF7W",
        "text": "I watched it by accident, in cinema",
        "ts": "1485796343.000566"
    },
    {
        "type": "message",
        "user": "U104Y4770",
        "text": "in cinema… is that what you brits call it?",
        "ts": "1485796366.000567"
    },
    {
        "type": "message",
        "user": "U0N4RBF7W",
        "text": "Went to watch Casino Royale when it released without pre-booking (younger me was not clever) and OBVIOUSLY it was booked out",
        "ts": "1485796370.000568"
    },
    {
        "type": "message",
        "user": "U0N4RBF7W",
        "text": "Yeah, what do you say?",
        "ts": "1485796378.000569"
    },
    {
        "type": "message",
        "user": "U104Y4770",
        "text": "at the theatre",
        "ts": "1485796386.000570"
    },
    {
        "type": "message",
        "user": "U0N4RBF7W",
        "text": "So we said \"Well what's on soon-ish then?\" and POW! Prestige",
        "ts": "1485796400.000571"
    },
    {
        "type": "message",
        "user": "U24FJ9P5W",
        "text": "omg, brit slang overkill",
        "ts": "1485796402.000572"
    },
    {
        "type": "message",
        "user": "U0N4RBF7W",
        "text": "See to Brits \"In the theatre\" means Broadway",
        "edited": {
            "user": "U0N4RBF7W",
            "ts": "1485796422.000000"
        },
        "ts": "1485796418.000573"
    },
    {
        "type": "message",
        "user": "U24FJ9P5W",
        "text": "<@U104Y4770> theatre = live action :stuck_out_tongue:",
        "ts": "1485796419.000574"
    },
    {
        "type": "message",
        "user": "U0EKK4BTP",
        "text": "*Theater",
        "ts": "1485796424.000576",
        "reactions": [
            {
                "name": "-1",
                "users": [
                    "U0N4RBF7W",
                    "U24FJ9P5W",
                    "U104Y4770"
                ],
                "count": 3
            }
        ]
    },
    {
        "text": "hides",
        "type": "message",
        "subtype": "me_message",
        "user": "U0EKK4BTP",
        "ts": "1485796469.000577"
    },
    {
        "type": "message",
        "user": "U0N4RBF7W",
        "text": "Haha",
        "ts": "1485796479.000578"
    },
    {
        "type": "message",
        "user": "U104Y4770",
        "text": "<@U24FJ9P5W> “at the movie theatre”",
        "ts": "1485796480.000579"
    },
    {
        "type": "message",
        "user": "U104Y4770",
        "text": "better?",
        "ts": "1485796483.000580"
    },
    {
        "type": "message",
        "user": "U0N4RBF7W",
        "text": "I suppose it IS a theatre, just doesn't sit right with me :smile:",
        "ts": "1485796507.000581"
    },
    {
        "type": "message",
        "user": "U0N4RBF7W",
        "text": "Funny these minor differences",
        "ts": "1485796516.000582"
    },
    {
        "type": "message",
        "user": "U0EKK4BTP",
        "text": "Not saying I love it, but that’s how it’s spelt around these parts.",
        "ts": "1485796524.000583"
    },
    {
        "type": "message",
        "user": "U24FJ9P5W",
        "text": "*spelled",
        "ts": "1485796538.000584",
        "reactions": [
            {
                "name": "+1",
                "users": [
                    "U104Y4770"
                ],
                "count": 1
            },
            {
                "name": "100",
                "users": [
                    "U104Y4770"
                ],
                "count": 1
            },
            {
                "name": "fire",
                "users": [
                    "U104Y4770",
                    "U0EKK4BTP"
                ],
                "count": 2
            }
        ]
    },
    {
        "type": "message",
        "user": "U24FJ9P5W",
        "text": ":stuck_out_tongue:",
        "ts": "1485796541.000585"
    },
    {
        "type": "message",
        "user": "U0N4RBF7W",
        "text": "spelt, surely",
        "ts": "1485796546.000586",
        "reactions": [
            {
                "name": "+1",
                "users": [
                    "U0EKK4BTP"
                ],
                "count": 1
            }
        ]
    },
    {
        "type": "message",
        "user": "U0N4RBF7W",
        "text": "lol <@U104Y4770> with the :fire:",
        "ts": "1485796574.000587"
    },
    {
        "type": "message",
        "user": "U24FJ9P5W",
        "text": "<https:\/\/en.wikipedia.org\/wiki\/Spelt>",
        "attachments": [
            {
                "image_url": "https:\/\/upload.wikimedia.org\/wikipedia\/commons\/0\/03\/2009-06-20_Silvolde_02_dinkel.jpg",
                "image_width": 2720,
                "image_height": 2041,
                "image_bytes": 1574840,
                "title": "Spelt",
                "title_link": "https:\/\/en.wikipedia.org\/wiki\/Spelt",
                "author_name": "Wikipedia",
                "author_link": "http:\/\/en.wikipedia.org\/",
                "text": "Spelt (Triticum spelta), also known as dinkel wheat, or hulled wheat, is a species of wheat cultivated since approximately 5000 BC.\nSpelt was an important staple in parts of Europe from the Bronze Age to medieval times; it now survives as a relict crop in Central Europe and northern Spain and has found a new market as a health food. Spelt is sometimes considered a subspecies of the closely related species common wheat (Triticum aestivum), in which case its botanical name is considered to be Triticum aestivum subsp. spelta. It is a hexaploid wheat, which means it has six sets of chromosomes. Over the years 2004 to 2014, spelt gained widespread popularity as a wheat substitute for making artisan breads, pasta and cereals.",
                "fallback": "wikipedia: Spelt",
                "service_icon": "https:\/\/a.slack-edge.com\/bfaba\/img\/unfurl_icons\/wikipedia.png",
                "id": 1
            }
        ],
        "ts": "1485796583.000588",
        "reactions": [
            {
                "name": "star",
                "users": [
                    "U104Y4770"
                ],
                "count": 1
            }
        ]
    },
    {
        "type": "message",
        "user": "U0EKK4BTP",
        "text": "could not resist",
        "ts": "1485796586.000590"
    },
    {
        "type": "message",
        "user": "U104Y4770",
        "text": "that was a different use of :fire:… like call the :ambulance:",
        "ts": "1485796597.000591"
    },
    {
        "type": "message",
        "subtype": "file_share",
        "text": "<@U0EKK4BTP|josh> uploaded a file: <https:\/\/sndevs.slack.com\/files\/josh\/F3Y8UKHBM\/spelt_-_google_search.png|spelt_-_Google_Search.png>",
        "file": {
            "id": "F3Y8UKHBM",
            "created": 1485796628,
            "timestamp": 1485796628,
            "name": "spelt_-_Google_Search.png",
            "title": "spelt_-_Google_Search.png",
            "mimetype": "image\/png",
            "filetype": "png",
            "pretty_type": "PNG",
            "user": "U0EKK4BTP",
            "editable": false,
            "size": 8872,
            "mode": "hosted",
            "is_external": false,
            "external_type": "",
            "is_public": true,
            "public_url_shared": false,
            "display_as_bot": false,
            "username": "",
            "url_private": "https:\/\/files.slack.com\/files-pri\/T0E2AD6AY-F3Y8UKHBM\/spelt_-_google_search.png?t=xoxe-14078448372-167243557781-166475819265-182f5ebf49",
            "url_private_download": "https:\/\/files.slack.com\/files-pri\/T0E2AD6AY-F3Y8UKHBM\/download\/spelt_-_google_search.png?t=xoxe-14078448372-167243557781-166475819265-182f5ebf49",
            "thumb_64": "https:\/\/files.slack.com\/files-tmb\/T0E2AD6AY-F3Y8UKHBM-ad89603c80\/spelt_-_google_search_64.png?t=xoxe-14078448372-167243557781-166475819265-182f5ebf49",
            "thumb_80": "https:\/\/files.slack.com\/files-tmb\/T0E2AD6AY-F3Y8UKHBM-ad89603c80\/spelt_-_google_search_80.png?t=xoxe-14078448372-167243557781-166475819265-182f5ebf49",
            "thumb_360": "https:\/\/files.slack.com\/files-tmb\/T0E2AD6AY-F3Y8UKHBM-ad89603c80\/spelt_-_google_search_360.png?t=xoxe-14078448372-167243557781-166475819265-182f5ebf49",
            "thumb_360_w": 342,
            "thumb_360_h": 156,
            "thumb_160": "https:\/\/files.slack.com\/files-tmb\/T0E2AD6AY-F3Y8UKHBM-ad89603c80\/spelt_-_google_search_160.png?t=xoxe-14078448372-167243557781-166475819265-182f5ebf49",
            "image_exif_rotation": 1,
            "original_w": 342,
            "original_h": 156,
            "permalink": "https:\/\/sndevs.slack.com\/files\/josh\/F3Y8UKHBM\/spelt_-_google_search.png",
            "permalink_public": "https:\/\/slack-files.com\/T0E2AD6AY-F3Y8UKHBM-c027bd16da",
            "channels": [
                "C3TVA5JRK"
            ],
            "groups": [],
            "ims": [],
            "comments_count": 0
        },
        "user": "U0EKK4BTP",
        "upload": true,
        "display_as_bot": false,
        "username": "josh",
        "bot_id": null,
        "ts": "1485796629.000592"
    },
    {
        "type": "message",
        "user": "U104Y4770",
        "text": "<@U0EKK4BTP> are you british?",
        "ts": "1485796648.000593"
    },
    {
        "type": "message",
        "user": "U0N4RBF7W",
        "text": "In UK English both are acceptable for past tense",
        "ts": "1485796649.000594"
    },
    {
        "type": "message",
        "user": "U0N4RBF7W",
        "text": "Though I imagine one is more right than the other",
        "ts": "1485796663.000595"
    },
    {
        "type": "message",
        "user": "U0EKK4BTP",
        "text": "only when it comes to spelling things other than Theater",
        "ts": "1485796666.000596"
    },
    {
        "type": "message",
        "user": "U104Y4770",
        "text": "haha",
        "ts": "1485796670.000597"
    },
    {
        "type": "message",
        "user": "U0N4RBF7W",
        "text": "xD",
        "ts": "1485796674.000598"
    },
    {
        "type": "message",
        "user": "U104Y4770",
        "text": "<@U0N4RBF7W> It’s just alternative facts",
        "ts": "1485796684.000599",
        "reactions": [
            {
                "name": "+1",
                "users": [
                    "U15LF2CTD"
                ],
                "count": 1
            }
        ]
    },
    {
        "type": "message",
        "user": "U0EKK4BTP",
        "text": ":partyparrot:",
        "ts": "1485796685.000600"
    },
    {
        "type": "message",
        "user": "U24FJ9P5W",
        "text": "<@U104Y4770> wins the argument!",
        "ts": "1485796727.000601"
    },
    {
        "type": "message",
        "user": "U0N4RBF7W",
        "text": "The alternate argument",
        "ts": "1485796750.000602"
    },
    {
        "type": "message",
        "user": "U15LF2CTD",
        "text": "Spin back a little… No one liked the Visit?  We found it to be pretty damned funny",
        "ts": "1485803957.000604"
    },
    {
        "type": "message",
        "user": "U104Y4770",
        "text": "I never saw it",
        "ts": "1485804048.000605"
    },
    {
        "type": "message",
        "user": "U104Y4770",
        "text": "was it funny because it was funny or funny because it was so bad?",
        "ts": "1485804107.000606"
    },
    {
        "type": "message",
        "user": "U0XCXA90A",
        "text": "What was The Visit? Never saw it.",
        "ts": "1485804377.000607"
    },
    {
        "type": "message",
        "user": "U0XCXA90A",
        "text": "Ah, I wanted to see that one",
        "ts": "1485804426.000608"
    },
    {
        "type": "message",
        "user": "U0XCXA90A",
        "text": "(now that i’ve looked it up in imdb)",
        "ts": "1485804443.000609"
    },
    {
        "type": "message",
        "user": "U104Y4770",
        "text": "OK, so I just watched the trailer for the visit… that was not ok",
        "ts": "1485804794.000611"
    },
    {
        "type": "message",
        "user": "U15LF2CTD",
        "text": "Ohh it was a twisted kind of funny",
        "ts": "1485805115.000612"
    },
    {
        "type": "message",
        "user": "U15LF2CTD",
        "text": "It wasn’t bad...",
        "ts": "1485805119.000613"
    },
    {
        "type": "message",
        "user": "U15LF2CTD",
        "text": "It was messed up...",
        "ts": "1485805124.000614"
    }
]