[
    {
        "user": "U0F4B2B4H",
        "text": "<@U0F4B2B4H|j.childers> has joined the channel",
        "type": "message",
        "subtype": "channel_join",
        "ts": "1488463780.819419"
    },
    {
        "type": "message",
        "user": "U0XCXA90A",
        "text": "<@U0N4RBF7W> we should watch <http:\/\/www.imdb.com\/title\/tt0808510\/> - the true test of Dwayne THE ROCK Johnson fandom.",
        "attachments": [
            {
                "service_name": "IMDb",
                "title": "Tooth Fairy (2010)",
                "title_link": "http:\/\/www.imdb.com\/title\/tt0808510\/",
                "text": "Directed by Michael Lembeck. With Dwayne Johnson, Ashley Judd, Julie Andrews, Stephen Merchant. A bad deed on the part of a tough minor-league hockey player results in an unusual sentence: He must serve one week as a real-life tooth fairy.",
                "fallback": "IMDb: Tooth Fairy (2010)",
                "image_url": "https:\/\/images-na.ssl-images-amazon.com\/images\/M\/MV5BMTQ4NjQzMjQxNF5BMl5BanBnXkFtZTcwNTEzMDY4Mg@@._V1_UY1200_CR90,0,630,1200_AL_.jpg",
                "from_url": "http:\/\/www.imdb.com\/title\/tt0808510\/",
                "image_width": 131,
                "image_height": 250,
                "image_bytes": 77762,
                "service_icon": "http:\/\/www.imdb.com\/favicon.ico",
                "id": 1
            }
        ],
        "ts": "1488470222.194112"
    },
    {
        "type": "message",
        "user": "U0V949JCB",
        "text": "wow, that plot...",
        "ts": "1488470527.216862"
    },
    {
        "type": "message",
        "user": "U0N4RBF7W",
        "text": "Already seen it",
        "ts": "1488470840.236922"
    },
    {
        "type": "message",
        "user": "U0N4RBF7W",
        "text": "Quite funny",
        "ts": "1488470844.237152"
    },
    {
        "type": "message",
        "user": "U0XCXA90A",
        "text": "I haven’t seen it yet.",
        "ts": "1488470865.238816"
    },
    {
        "type": "message",
        "user": "U0V9PD50R",
        "text": "meh, it's ok as a younger kids movie...",
        "ts": "1488470881.239966"
    },
    {
        "type": "message",
        "user": "U0XCXA90A",
        "text": "And I am a huge fan",
        "ts": "1488470883.240164"
    },
    {
        "type": "message",
        "user": "U0N4RBF7W",
        "text": "Got the guy from Ricky Gervais too",
        "ts": "1488470899.241481"
    },
    {
        "type": "message",
        "user": "U0XCXA90A",
        "text": "Steven merchant?",
        "ts": "1488470915.242998"
    },
    {
        "type": "message",
        "user": "U0XCXA90A",
        "text": "(the tall skinny one, his writing partner)",
        "ts": "1488470929.244051"
    },
    {
        "type": "message",
        "user": "U0N4RBF7W",
        "text": "Yes",
        "ts": "1488470945.245308"
    },
    {
        "type": "message",
        "user": "U0V9PD50R",
        "text": "hey that's my dad's name...lol",
        "ts": "1488470979.247871"
    },
    {
        "type": "message",
        "user": "U0V9PD50R",
        "text": "but not my dad",
        "ts": "1488471002.249330"
    },
    {
        "type": "message",
        "user": "U0N4RBF7W",
        "text": "Thanks for the clarification",
        "ts": "1488472297.335711"
    },
    {
        "type": "message",
        "user": "U0N4RBF7W",
        "text": "I was gonna ask",
        "ts": "1488472301.335939"
    },
    {
        "type": "message",
        "user": "U0V9PD50R",
        "text": "i'm cool, but not that cool...lol",
        "ts": "1488474320.472327"
    }
]