[
    {
        "user": "U3EHLT2KT",
        "text": "<@U3EHLT2KT|nirisha_b> has joined the channel",
        "type": "message",
        "subtype": "channel_join",
        "ts": "1481813395.000002"
    },
    {
        "user": "U3EHLT2KT",
        "purpose": "Snow",
        "text": "<@U3EHLT2KT|nirisha_b> set the channel purpose: Snow",
        "type": "message",
        "subtype": "channel_purpose",
        "ts": "1481813396.000003"
    },
    {
        "user": "U0E96U52M",
        "inviter": "U3EHLT2KT",
        "text": "<@U0E96U52M|jace> has joined the channel",
        "type": "message",
        "subtype": "channel_join",
        "ts": "1481813396.000004"
    },
    {
        "type": "message",
        "user": "U3EHLT2KT",
        "text": "Hello Jace",
        "ts": "1481813403.000005"
    },
    {
        "type": "message",
        "user": "U3EHLT2KT",
        "text": "Nice to meet you!",
        "ts": "1481813409.000006"
    },
    {
        "type": "message",
        "user": "U3EHLT2KT",
        "text": "hello Jace",
        "ts": "1481829707.000002"
    },
    {
        "type": "message",
        "user": "U0E96U52M",
        "text": "hi",
        "ts": "1481831571.000003"
    },
    {
        "type": "message",
        "user": "U0E96U52M",
        "text": "nice to meet you?",
        "ts": "1481831575.000004"
    },
    {
        "type": "message",
        "user": "U0E96U52M",
        "text": "just you and me?",
        "ts": "1481831578.000005"
    },
    {
        "type": "message",
        "user": "U3EHLT2KT",
        "text": "hey",
        "ts": "1481835990.000006"
    },
    {
        "type": "message",
        "user": "U3EHLT2KT",
        "text": "sorry for the delayed reply",
        "ts": "1481835994.000007"
    },
    {
        "type": "message",
        "user": "U3EHLT2KT",
        "text": "so far",
        "ts": "1481836006.000008"
    },
    {
        "type": "message",
        "user": "U3EHLT2KT",
        "text": "it's just youa nd me",
        "ts": "1481836010.000009"
    }
]