[
    {
        "user": "U4PBNL7SA",
        "text": "<@U4PBNL7SA|sbolton> has joined the channel",
        "type": "message",
        "subtype": "channel_join",
        "ts": "1490817960.190205"
    },
    {
        "type": "message",
        "user": "U4PBNL7SA",
        "text": "New to Slack not sure if this is the right chann but i will start here.  I have a reference field referencing my cmdb_ci_appl table.  I need to add a reference qualifier that will only show me the active applications from the mod table.  For example i have tried ```var appAray = [];  \nvar gr = new GlideRecord('u_app_mod');  \n    gr.addQuery('active', true);  \n    gr.query();   \n    while (gr.next()) {   \n  appAray.push(gr.u_application.sys_id);  \n    }  \n    return  appAray.toString;  \n}   ```\nand also \n```var appAray = [];  \n  \n  \n var gr = new GlideRecord('u_app_mod');  \n     gr.addQuery('active', true);   \n     gr.query();    \n    while (gr.next()) {    \n  appAray.push(gr.getValue('sys_id'));  \n    }  \n  \n  \n     return 'sys_idIN' + appAray.join(',');```\nand in the variable i have javascript:'sys_idIN'+uniqueValue()",
        "ts": "1490818342.348694"
    },
    {
        "type": "message",
        "user": "U4PBNL7SA",
        "text": "but i am not getting any values returned",
        "ts": "1490818352.352763"
    },
    {
        "type": "message",
        "user": "U15LF2CTD",
        "text": "Hey! <@U4PBNL7SA>  I would actually just post this in <#C0E2G2681|general>",
        "ts": "1490818369.359724"
    },
    {
        "type": "message",
        "user": "U15LF2CTD",
        "text": "You are 10 times more likely to get a response :slightly_smiling_face:",
        "ts": "1490818386.366410"
    },
    {
        "type": "message",
        "user": "U4PBNL7SA",
        "text": "oh ok cool thanks!",
        "ts": "1490818472.401627"
    },
    {
        "type": "message",
        "user": "U15LF2CTD",
        "text": "No problem :slightly_smiling_face:",
        "ts": "1490818644.472111"
    }
]