[
    {
        "type": "message",
        "user": "U25JD2H8T",
        "text": "Is there a date when Istanbul will be general release?",
        "ts": "1482180570.000005"
    },
    {
        "type": "message",
        "user": "U0EPK6QHM",
        "text": "<@U25JD2H8T> I believe it's already out for general release.  I have several clients who are eligible for upgrading and we are currently in the process of doing an upgrade.",
        "ts": "1482185320.000006"
    },
    {
        "type": "message",
        "user": "U0EPK6QHM",
        "text": "Also if you have access to the partner portal check out the Istanbul Resource Page: <https:\/\/partnerportal.service-now.com\/portalapp\/kb_view.do?sysparm_article=KB0010634&amp;elqTrackId=24EA0211BAB92348000B109F9E5DA65A&amp;elq=06cb34d9d23e41ccbf1f5d33a5b2e0a6&amp;elqaid=16997&amp;elqat=1&amp;elqCampaignId=7342>",
        "ts": "1482185464.000007"
    },
    {
        "type": "message",
        "user": "U0EPK6QHM",
        "text": "<https:\/\/docs.servicenow.com\/bundle\/istanbul-release-notes\/page\/release-notes\/istanbul-release-notes.html>",
        "attachments": [
            {
                "title": "Istanbul release notes",
                "title_link": "https:\/\/docs.servicenow.com\/bundle\/istanbul-release-notes\/page\/release-notes\/istanbul-release-notes.html",
                "text": "Therelease contains new functionality and fixes to existing functionality. Patch releases and hotfixes provide problem fixes and are released on an as-needed schedule.ServiceNow, Inc.IstanbulChild TopicsFeatures and changes by productReview the new features and changes in this release by product.Available versions",
                "fallback": "Istanbul release notes",
                "from_url": "https:\/\/docs.servicenow.com\/bundle\/istanbul-release-notes\/page\/release-notes\/istanbul-release-notes.html",
                "service_icon": "https:\/\/docs.servicenow.com\/favicon.ico",
                "service_name": "docs.servicenow.com",
                "id": 1
            }
        ],
        "ts": "1482185775.000008"
    },
    {
        "type": "message",
        "user": "U25JD2H8T",
        "text": "<@U0EPK6QHM> thank you for the info and resources! I was going to upgrade to Helsinki but I might try to get to Instanbul instead.",
        "ts": "1482189963.000010",
        "reactions": [
            {
                "name": "+1",
                "users": [
                    "U0EPK6QHM",
                    "U2SNS3FJ8"
                ],
                "count": 2
            }
        ]
    }
]