[
    {
        "user": "U0EPK6QHM",
        "text": "<@U0EPK6QHM|jennifer> has joined the channel",
        "type": "message",
        "subtype": "channel_join",
        "ts": "1481217626.000002"
    },
    {
        "user": "U0EPK6QHM",
        "purpose": "all things istanbul",
        "text": "<@U0EPK6QHM|jennifer> set the channel purpose: all things istanbul",
        "type": "message",
        "subtype": "channel_purpose",
        "ts": "1481217626.000003"
    },
    {
        "user": "U2SNS3FJ8",
        "text": "<@U2SNS3FJ8|johnroberts> has joined the channel",
        "type": "message",
        "subtype": "channel_join",
        "ts": "1481222604.000004"
    }
]