[
    {
        "type": "message",
        "user": "U2J0FBPS7",
        "text": "I figured out the issue. There is some error in the notification HTML part and that is preventing the Email to be generated.",
        "ts": "1488548255.189794",
        "reactions": [
            {
                "name": "+1",
                "users": [
                    "U15LF2CTD"
                ],
                "count": 1
            }
        ]
    },
    {
        "user": "U4D04FG2D",
        "text": "<@U4D04FG2D|bruckect> has joined the channel",
        "type": "message",
        "subtype": "channel_join",
        "ts": "1488598853.453267"
    }
]