[
    {
        "type": "message",
        "user": "U2J0FBPS7",
        "text": "Hi Everyone. We are in the process of upgrading our instances to istanbul and observed some changes on incident inherited forms.",
        "ts": "1488294676.775988"
    },
    {
        "type": "message",
        "user": "U2J0FBPS7",
        "text": "There is no worknotes available for the records under notes section. does anyone encountered this issue",
        "ts": "1488294710.778810"
    },
    {
        "type": "message",
        "user": "U235A44S0",
        "text": "Is there a check box?",
        "ts": "1488294769.783246"
    },
    {
        "type": "message",
        "user": "U235A44S0",
        "text": "What version are you coming from?",
        "ts": "1488294780.783856"
    },
    {
        "type": "message",
        "user": "U2J0FBPS7",
        "text": "helsinki",
        "ts": "1488294784.784130"
    },
    {
        "type": "message",
        "user": "U235A44S0",
        "text": "Oh, I know they combined the Notes and Work Notes boxes using a checkbox in Geneva",
        "ts": "1488294816.786284"
    },
    {
        "type": "message",
        "subtype": "file_share",
        "text": "<@U235A44S0|kmeldridge> uploaded a file: <https:\/\/sndevs.slack.com\/files\/kmeldridge\/F4AQWLB5F\/pasted_image_at_2017_02_28_10_14_am.png|Pasted image at 2017-02-28, 10:14 AM>",
        "file": {
            "id": "F4AQWLB5F",
            "created": 1488294879,
            "timestamp": 1488294879,
            "name": "Pasted image at 2017_02_28 10_14 AM.png",
            "title": "Pasted image at 2017-02-28, 10:14 AM",
            "mimetype": "image\/png",
            "filetype": "png",
            "pretty_type": "PNG",
            "user": "U235A44S0",
            "editable": false,
            "size": 17814,
            "mode": "hosted",
            "is_external": false,
            "external_type": "",
            "is_public": true,
            "public_url_shared": false,
            "display_as_bot": false,
            "username": "",
            "url_private": "https:\/\/files.slack.com\/files-pri\/T0E2AD6AY-F4AQWLB5F\/pasted_image_at_2017_02_28_10_14_am.png?t=xoxe-14078448372-167243557781-166475819265-182f5ebf49",
            "url_private_download": "https:\/\/files.slack.com\/files-pri\/T0E2AD6AY-F4AQWLB5F\/download\/pasted_image_at_2017_02_28_10_14_am.png?t=xoxe-14078448372-167243557781-166475819265-182f5ebf49",
            "thumb_64": "https:\/\/files.slack.com\/files-tmb\/T0E2AD6AY-F4AQWLB5F-92a2fd5d07\/pasted_image_at_2017_02_28_10_14_am_64.png?t=xoxe-14078448372-167243557781-166475819265-182f5ebf49",
            "thumb_80": "https:\/\/files.slack.com\/files-tmb\/T0E2AD6AY-F4AQWLB5F-92a2fd5d07\/pasted_image_at_2017_02_28_10_14_am_80.png?t=xoxe-14078448372-167243557781-166475819265-182f5ebf49",
            "thumb_360": "https:\/\/files.slack.com\/files-tmb\/T0E2AD6AY-F4AQWLB5F-92a2fd5d07\/pasted_image_at_2017_02_28_10_14_am_360.png?t=xoxe-14078448372-167243557781-166475819265-182f5ebf49",
            "thumb_360_w": 360,
            "thumb_360_h": 81,
            "thumb_480": "https:\/\/files.slack.com\/files-tmb\/T0E2AD6AY-F4AQWLB5F-92a2fd5d07\/pasted_image_at_2017_02_28_10_14_am_480.png?t=xoxe-14078448372-167243557781-166475819265-182f5ebf49",
            "thumb_480_w": 480,
            "thumb_480_h": 108,
            "thumb_160": "https:\/\/files.slack.com\/files-tmb\/T0E2AD6AY-F4AQWLB5F-92a2fd5d07\/pasted_image_at_2017_02_28_10_14_am_160.png?t=xoxe-14078448372-167243557781-166475819265-182f5ebf49",
            "thumb_720": "https:\/\/files.slack.com\/files-tmb\/T0E2AD6AY-F4AQWLB5F-92a2fd5d07\/pasted_image_at_2017_02_28_10_14_am_720.png?t=xoxe-14078448372-167243557781-166475819265-182f5ebf49",
            "thumb_720_w": 720,
            "thumb_720_h": 162,
            "image_exif_rotation": 1,
            "original_w": 826,
            "original_h": 186,
            "permalink": "https:\/\/sndevs.slack.com\/files\/kmeldridge\/F4AQWLB5F\/pasted_image_at_2017_02_28_10_14_am.png",
            "permalink_public": "https:\/\/slack-files.com\/T0E2AD6AY-F4AQWLB5F-e7086e5bfb",
            "channels": [
                "C3CES2K29"
            ],
            "groups": [],
            "ims": [],
            "comments_count": 0
        },
        "user": "U235A44S0",
        "upload": true,
        "display_as_bot": false,
        "username": "kmeldridge",
        "bot_id": null,
        "ts": "1488294881.789969"
    },
    {
        "type": "message",
        "user": "U235A44S0",
        "text": "Is this what you are seeing or is there not a `Work Notes` check box?",
        "edited": {
            "user": "U235A44S0",
            "ts": "1488294908.000000"
        },
        "ts": "1488294900.790962"
    },
    {
        "type": "message",
        "subtype": "file_share",
        "text": "<@U2J0FBPS7|sandeep> uploaded a file: <https:\/\/sndevs.slack.com\/files\/sandeep\/F4AQX0LBB\/untitled.png|Untitled.png>",
        "file": {
            "id": "F4AQX0LBB",
            "created": 1488294913,
            "timestamp": 1488294913,
            "name": "Untitled.png",
            "title": "Untitled.png",
            "mimetype": "image\/png",
            "filetype": "png",
            "pretty_type": "PNG",
            "user": "U2J0FBPS7",
            "editable": false,
            "size": 19055,
            "mode": "hosted",
            "is_external": false,
            "external_type": "",
            "is_public": true,
            "public_url_shared": false,
            "display_as_bot": false,
            "username": "",
            "url_private": "https:\/\/files.slack.com\/files-pri\/T0E2AD6AY-F4AQX0LBB\/untitled.png?t=xoxe-14078448372-167243557781-166475819265-182f5ebf49",
            "url_private_download": "https:\/\/files.slack.com\/files-pri\/T0E2AD6AY-F4AQX0LBB\/download\/untitled.png?t=xoxe-14078448372-167243557781-166475819265-182f5ebf49",
            "thumb_64": "https:\/\/files.slack.com\/files-tmb\/T0E2AD6AY-F4AQX0LBB-ca9eb1258e\/untitled_64.png?t=xoxe-14078448372-167243557781-166475819265-182f5ebf49",
            "thumb_80": "https:\/\/files.slack.com\/files-tmb\/T0E2AD6AY-F4AQX0LBB-ca9eb1258e\/untitled_80.png?t=xoxe-14078448372-167243557781-166475819265-182f5ebf49",
            "thumb_360": "https:\/\/files.slack.com\/files-tmb\/T0E2AD6AY-F4AQX0LBB-ca9eb1258e\/untitled_360.png?t=xoxe-14078448372-167243557781-166475819265-182f5ebf49",
            "thumb_360_w": 360,
            "thumb_360_h": 125,
            "thumb_480": "https:\/\/files.slack.com\/files-tmb\/T0E2AD6AY-F4AQX0LBB-ca9eb1258e\/untitled_480.png?t=xoxe-14078448372-167243557781-166475819265-182f5ebf49",
            "thumb_480_w": 480,
            "thumb_480_h": 166,
            "thumb_160": "https:\/\/files.slack.com\/files-tmb\/T0E2AD6AY-F4AQX0LBB-ca9eb1258e\/untitled_160.png?t=xoxe-14078448372-167243557781-166475819265-182f5ebf49",
            "thumb_720": "https:\/\/files.slack.com\/files-tmb\/T0E2AD6AY-F4AQX0LBB-ca9eb1258e\/untitled_720.png?t=xoxe-14078448372-167243557781-166475819265-182f5ebf49",
            "thumb_720_w": 720,
            "thumb_720_h": 249,
            "thumb_960": "https:\/\/files.slack.com\/files-tmb\/T0E2AD6AY-F4AQX0LBB-ca9eb1258e\/untitled_960.png?t=xoxe-14078448372-167243557781-166475819265-182f5ebf49",
            "thumb_960_w": 960,
            "thumb_960_h": 333,
            "thumb_1024": "https:\/\/files.slack.com\/files-tmb\/T0E2AD6AY-F4AQX0LBB-ca9eb1258e\/untitled_1024.png?t=xoxe-14078448372-167243557781-166475819265-182f5ebf49",
            "thumb_1024_w": 1024,
            "thumb_1024_h": 355,
            "image_exif_rotation": 1,
            "original_w": 1870,
            "original_h": 648,
            "permalink": "https:\/\/sndevs.slack.com\/files\/sandeep\/F4AQX0LBB\/untitled.png",
            "permalink_public": "https:\/\/slack-files.com\/T0E2AD6AY-F4AQX0LBB-532fc161a1",
            "channels": [
                "C3CES2K29"
            ],
            "groups": [],
            "ims": [],
            "comments_count": 0
        },
        "user": "U2J0FBPS7",
        "upload": true,
        "display_as_bot": false,
        "username": "sandeep",
        "bot_id": null,
        "ts": "1488294915.791823"
    },
    {
        "type": "message",
        "user": "U2J0FBPS7",
        "text": "notes is presented in this way. when we click post it is opening a new record creation form",
        "ts": "1488294951.794240"
    },
    {
        "type": "message",
        "user": "U235A44S0",
        "text": "Go to Configure &gt; Form Layout",
        "ts": "1488294993.797183"
    },
    {
        "type": "message",
        "user": "U235A44S0",
        "text": "Select Notes from the Section at the bottom",
        "ts": "1488295015.798611"
    },
    {
        "type": "message",
        "user": "U235A44S0",
        "text": "I have not heard of it. Should probably search HI though",
        "ts": "1488295034.799910"
    },
    {
        "type": "message",
        "subtype": "file_share",
        "text": "<@U235A44S0|kmeldridge> uploaded a file: <https:\/\/sndevs.slack.com\/files\/kmeldridge\/F4BHH3E9J\/pasted_image_at_2017_02_28_10_18_am.png|Incident Form Layout>",
        "file": {
            "id": "F4BHH3E9J",
            "created": 1488295098,
            "timestamp": 1488295098,
            "name": "Pasted image at 2017_02_28 10_18 AM.png",
            "title": "Incident Form Layout",
            "mimetype": "image\/png",
            "filetype": "png",
            "pretty_type": "PNG",
            "user": "U235A44S0",
            "editable": false,
            "size": 67362,
            "mode": "hosted",
            "is_external": false,
            "external_type": "",
            "is_public": true,
            "public_url_shared": false,
            "display_as_bot": false,
            "username": "",
            "url_private": "https:\/\/files.slack.com\/files-pri\/T0E2AD6AY-F4BHH3E9J\/pasted_image_at_2017_02_28_10_18_am.png?t=xoxe-14078448372-167243557781-166475819265-182f5ebf49",
            "url_private_download": "https:\/\/files.slack.com\/files-pri\/T0E2AD6AY-F4BHH3E9J\/download\/pasted_image_at_2017_02_28_10_18_am.png?t=xoxe-14078448372-167243557781-166475819265-182f5ebf49",
            "thumb_64": "https:\/\/files.slack.com\/files-tmb\/T0E2AD6AY-F4BHH3E9J-e55c2ef842\/pasted_image_at_2017_02_28_10_18_am_64.png?t=xoxe-14078448372-167243557781-166475819265-182f5ebf49",
            "thumb_80": "https:\/\/files.slack.com\/files-tmb\/T0E2AD6AY-F4BHH3E9J-e55c2ef842\/pasted_image_at_2017_02_28_10_18_am_80.png?t=xoxe-14078448372-167243557781-166475819265-182f5ebf49",
            "thumb_360": "https:\/\/files.slack.com\/files-tmb\/T0E2AD6AY-F4BHH3E9J-e55c2ef842\/pasted_image_at_2017_02_28_10_18_am_360.png?t=xoxe-14078448372-167243557781-166475819265-182f5ebf49",
            "thumb_360_w": 360,
            "thumb_360_h": 264,
            "thumb_480": "https:\/\/files.slack.com\/files-tmb\/T0E2AD6AY-F4BHH3E9J-e55c2ef842\/pasted_image_at_2017_02_28_10_18_am_480.png?t=xoxe-14078448372-167243557781-166475819265-182f5ebf49",
            "thumb_480_w": 480,
            "thumb_480_h": 351,
            "thumb_160": "https:\/\/files.slack.com\/files-tmb\/T0E2AD6AY-F4BHH3E9J-e55c2ef842\/pasted_image_at_2017_02_28_10_18_am_160.png?t=xoxe-14078448372-167243557781-166475819265-182f5ebf49",
            "thumb_720": "https:\/\/files.slack.com\/files-tmb\/T0E2AD6AY-F4BHH3E9J-e55c2ef842\/pasted_image_at_2017_02_28_10_18_am_720.png?t=xoxe-14078448372-167243557781-166475819265-182f5ebf49",
            "thumb_720_w": 720,
            "thumb_720_h": 527,
            "image_exif_rotation": 1,
            "original_w": 776,
            "original_h": 568,
            "permalink": "https:\/\/sndevs.slack.com\/files\/kmeldridge\/F4BHH3E9J\/pasted_image_at_2017_02_28_10_18_am.png",
            "permalink_public": "https:\/\/slack-files.com\/T0E2AD6AY-F4BHH3E9J-de5e54b237",
            "channels": [
                "C3CES2K29"
            ],
            "groups": [],
            "ims": [],
            "comments_count": 0
        },
        "user": "U235A44S0",
        "upload": true,
        "display_as_bot": false,
        "username": "kmeldridge",
        "bot_id": null,
        "ts": "1488295101.803812"
    },
    {
        "type": "message",
        "user": "U2J0FBPS7",
        "text": "it is exactly the same for us as well",
        "ts": "1488295118.804868"
    },
    {
        "type": "message",
        "user": "U235A44S0",
        "text": "Could it be hidden via UI Policy?",
        "ts": "1488295143.806362"
    },
    {
        "type": "message",
        "user": "U2J0FBPS7",
        "text": "i checked the UI policies as well. there is nothing from UI policy as well",
        "ts": "1488295274.815245"
    },
    {
        "type": "message",
        "user": "U235A44S0",
        "text": "Did you also check Client Scripts and Business Rules as well?",
        "ts": "1488295311.817522"
    },
    {
        "type": "message",
        "user": "U235A44S0",
        "text": "Is it possible to turn on the debugger to see what is happening?",
        "ts": "1488295321.818245"
    },
    {
        "type": "message",
        "user": "U2J0FBPS7",
        "text": "i will try those now",
        "ts": "1488295380.822404"
    },
    {
        "type": "message",
        "user": "U235A44S0",
        "text": "Search for `work_notes` and `comments`",
        "ts": "1488295739.844310"
    },
    {
        "type": "message",
        "user": "U15LF2CTD",
        "text": "Oh gosh, you know...we had something like that happen when we upgraded to Geneva (and turned on some plugin...) All the notes fields disappeared.  And I cannot recall what we did to resolve it... ;(",
        "ts": "1488297011.930081"
    },
    {
        "type": "message",
        "user": "U235A44S0",
        "text": "Where is your documentation?! :smile:",
        "ts": "1488297041.932483"
    },
    {
        "type": "message",
        "user": "U235A44S0",
        "text": "buried in the stack of other crap that happened at the same time",
        "ts": "1488297058.933840"
    },
    {
        "type": "message",
        "user": "U15LF2CTD",
        "text": "I don't document EVERYTHING I fix... :stuck_out_tongue:",
        "ts": "1488297058.933869"
    },
    {
        "type": "message",
        "user": "U235A44S0",
        "text": "lol",
        "ts": "1488297064.934238"
    },
    {
        "type": "message",
        "user": "U15LF2CTD",
        "text": "Well I'm sure there's a record for it in SN",
        "ts": "1488297071.934748"
    },
    {
        "type": "message",
        "user": "U15LF2CTD",
        "text": "But I don't make formal documentation on things like that...",
        "ts": "1488297100.936581"
    },
    {
        "type": "message",
        "user": "U235A44S0",
        "text": "Understood",
        "ts": "1488297140.939313"
    },
    {
        "user": "U1MPYF0MN",
        "text": "<@U1MPYF0MN|shannonthurston> has joined the channel",
        "type": "message",
        "subtype": "channel_join",
        "ts": "1488317770.320731"
    },
    {
        "user": "U0EDZ1736",
        "text": "<@U0EDZ1736|benson> has joined the channel",
        "type": "message",
        "subtype": "channel_join",
        "ts": "1488317922.330557"
    }
]