[
    {
        "user": "U4U6R2XNU",
        "text": "<@U4U6R2XNU|chris_t> has joined the channel",
        "type": "message",
        "subtype": "channel_join",
        "ts": "1491406008.972040"
    },
    {
        "user": "U4V0895B6",
        "text": "<@U4V0895B6|cmupythia> has joined the channel",
        "type": "message",
        "subtype": "channel_join",
        "ts": "1491409276.966703"
    },
    {
        "user": "U4UKHL50V",
        "text": "<@U4UKHL50V|dave0918> has joined the channel",
        "type": "message",
        "subtype": "channel_join",
        "ts": "1491412846.956343"
    }
]