[
    {
        "user": "U0KP0QZC1",
        "text": "<@U0KP0QZC1|danb> has joined the channel",
        "type": "message",
        "subtype": "channel_join",
        "ts": "1486646511.851197"
    },
    {
        "user": "U2KV1A7EK",
        "text": "<@U2KV1A7EK|tlamonte> has joined the channel",
        "type": "message",
        "subtype": "channel_join",
        "ts": "1486658608.408591"
    },
    {
        "user": "U1R3SELAE",
        "text": "<@U1R3SELAE|artemis> has joined the channel",
        "type": "message",
        "subtype": "channel_join",
        "ts": "1486660077.444601"
    }
]