[
    {
        "type": "message",
        "user": "U2J0FBPS7",
        "text": "Hi All. After upgrading to Istanbul anyone faced issues generating notifications for Catalog tasks",
        "ts": "1488490754.577033"
    },
    {
        "type": "message",
        "user": "U2J0FBPS7",
        "text": "i am triggering an event on the catalog task and wrote a notification to trigger an email when this event is triggered. i observed that when catalog task is generated, event is triggered but notification is not sent out",
        "ts": "1488490824.581039"
    },
    {
        "type": "message",
        "user": "U15LF2CTD",
        "text": "Is the event triggering through the Requested Items workflow?",
        "ts": "1488491410.618089"
    },
    {
        "type": "message",
        "user": "U2J0FBPS7",
        "text": "yes. I the workflow i am opening 2 tasks at the same time and in the advanced script section i am triggering events",
        "ts": "1488491587.629552"
    },
    {
        "type": "message",
        "user": "U2J0FBPS7",
        "text": "i could see the 2 events in the event log when catalog tasks are created, but the notification is not generated",
        "ts": "1488491630.633338"
    },
    {
        "type": "message",
        "user": "U15LF2CTD",
        "text": "I modified an item yesterday in our istanbul instance to trigger events (which in turn triggered notifications)... I did not see any issues.",
        "ts": "1488492020.660047"
    },
    {
        "type": "message",
        "user": "U2J0FBPS7",
        "text": "hmm. i will troubleshoot and see what is happening",
        "ts": "1488492169.669937"
    },
    {
        "type": "message",
        "user": "U15LF2CTD",
        "text": "I know I've had that issue happen in the past (prior to the upgrade) but I, sadly, cannot recall the exact cause",
        "ts": "1488492551.694866"
    }
]