[
    {
        "user": "U1DCTJ4SH",
        "text": "<@U1DCTJ4SH|lukehemken> has joined the channel",
        "type": "message",
        "subtype": "channel_join",
        "ts": "1485361735.000004"
    },
    {
        "user": "U3WDJ1VU4",
        "text": "<@U3WDJ1VU4|nlinde> has joined the channel",
        "type": "message",
        "subtype": "channel_join",
        "ts": "1485361821.000005"
    },
    {
        "user": "U3WHM78GL",
        "text": "<@U3WHM78GL|helen> has joined the channel",
        "type": "message",
        "subtype": "channel_join",
        "ts": "1485381074.000006"
    }
]